railroad,symbol,yard,kind,block,next_train,members,resolved,yard_ids,unresolved
BNSF,ALTLAC1-##A,Clovis,at,Clovis,,Glendale and Albuquerque,,1040,Glendale and Albuquerque
BNSF,ALTLAC1-##A,Clovis,at,San Bernardino IM,,,id:1102 class:im,1040,
BNSF,ALTLAC1-##A,Clovis,at,Los Angeles Hobart IM,,,id:1007 class:im,1040,
BNSF,ALTRIC1-##A,Clovis,at,Clovis,,grouped by destination,,1040,
BNSF,ALTRIC1-##A,Clovis,at,Mariposa IM,,,id:1313 class:im,1040,
BNSF,ALTRIC1-##A,Clovis,at,Oakland BNSF IM,,,id:2237 class:im,1040,
BNSF,ALTSBD1-##A,Clovis,at,San Bernardino Loaded Autoracks2,,,,1040,San Bernardino Loaded Autoracks2
BNSF,ALTSBD1-##A,Clovis,at,San Bernardino IM,,,id:1102 class:im,1040,
BNSF,ALTSBD1-##A,Clovis,at,Gallup,Z-WINPHX,Glendale,id:1685,1040,
BNSF,ALTSBD1-##A,Clovis,at,Clovis,,"Albuquerque, Mariposa, Hobart - no international",id:1032 id:1313,1040,Hobart - no international
BNSF,ATGLAC9-##A,Springfield Yard BNSF,at,Clovis,,Glendale,id:1685,2861,
BNSF,ATGLAC9-##A,Springfield Yard BNSF,at,Clovis,,Mariposa,id:1313,2861,
BNSF,ATGLAC9-##A,Springfield Yard BNSF,at,Los Angeles Hobart,,,id:1007,2861,
BNSF,CHISBD6-##L,Clovis,at,San Bernardino Domestic,,,,1040,San Bernardino Domestic
BNSF,CHISBD6-##L,Clovis,at,Clovis Domestic fill,,,,1040,Clovis Domestic fill
BNSF,LACCHI6-##A,Logistics Park Kansas City,at,Logistics Park KC IM,,,id:2454 class:im,2454,
BNSF,LACCHI6-##A,Logistics Park Kansas City,at,Chicago Corwith IM,,,id:1072 class:im,2454,
BNSF,LACLPC6-##C,Logistics Park Kansas City,at,Clovis IM,,grouped by destination,,2454,
BNSF,LACLPC6-##C,Logistics Park Kansas City,at,Logistics Park KC IM,,,id:2454 class:im,2454,
BNSF,LACLPC6-##C,Logistics Park Kansas City,at,Logistics Park Chicago IM,,,id:1505 class:im,2454,
BNSF,MEMLAC1-##A,Clovis,at,Clovis,,"Mariposa IM, Oakland BNSF IM",id:1313 class:im id:2237 class:im,1040,
BNSF,MEMLAC1-##A,Clovis,at,Barstow IM,,,id:1029 class:im,1040,
BNSF,MEMLAC1-##A,Clovis,at,Los Angeles Hobart IM,,,id:1007 class:im,1040,
BNSF,MEMRIC1-##A,Clovis,at,Oakland BNSF,,,id:2237,1040,
BNSF,MEMRIC1-##A,Clovis,at,Mariposa,,,id:1313,1040,
BNSF,MEMRIC1-##A,Clovis,at,Clovis,,"Barstow, Los Angeles Hobart",id:1029 id:1007,1040,
BNSF,SBDCHI6-##K1,San Bernardino,leaving,Clovis,,leftover domestic traffic that needs to be forwarded to BNSF terminals,,1102,
BNSF,SBDCHI6-##K1,San Bernardino,leaving,Ft. Madison,,leftover domestic traffic that needs to be forwarded to NS/CSX over Chicago,,1102,
BNSF,SBDCHI6-##K1,San Bernardino,leaving,Corwith,,,id:1072,1102,
BNSF,SBDCHI7-##K1,San Bernardino,leaving,Corwith JB Hunt,,,,1102,Corwith JB Hunt
BNSF,STLLAC1-##A,Clovis,at,Clovis,,"non-Hobart, grouped by destination",,1040,non-Hobart
BNSF,STLLAC1-##A,Clovis,at,LA Hobart,,,id:1007,1040,
BNSF,STOALT6-##A,Belen,at,Clovis,,"non-Alliance/Mexico Eagle Pass, grouped by destination",,1135,non-Alliance/Mexico Eagle Pass
BNSF,LACPEA1-##A,Clovis,at,Clovis,,non-Pearland traffic,,1040,non-Pearland traffic
BNSF,LACPEA1-##A,Clovis,at,Pearland,,,id:1358,1040,
BNSF,STOCHI6-##A,Logistics Park Kansas City,at,Clovis,,"non-LPK/Corwith, grouped by destination",,2454,non-LPK/Corwith
BNSF,STOCHI6-##A,Logistics Park Kansas City,at,Logistics Park Kansas City,,,id:2454,2454,
BNSF,STOCHI6-##A,Logistics Park Kansas City,at,Chicago Corwith,,,id:1072,2454,
BNSF,LACCXO1-##A,Fort Madison,at,Fort Madison,,NS connections,,1809,
BNSF,LACCXO1-##A,Fort Madison,at,"South Kearney, NJ",,3294,id:3294,1809,
BNSF,LACCXO1-##A,Fort Madison,at,"W. Springfield, MA",,1002,id:1002,1809,
BNSF,LACCXO1-##A,Fort Madison,at,"Syracuse DeWitt, NY",,1625,id:1625,1809,
BNSF,RICCHI6-##A,Clovis,at,Belen,,Albuquerque Autoracks,id:1032 class:auto,1040,
BNSF,RICCHI6-##A,Clovis,at,Clovis,,"Denver and Texas BNSF Autroacks, grouped by destination",,1040,Denver and Texas BNSF Autroacks
BNSF,RICCHI6-##A,Clovis,at,Clovis IM,,grouped by destination,,1040,
BNSF,RICCHI6-##A,Clovis,at,Chicago Corwith IM,,,id:1072 class:im,1040,
BNSF,ALTPTL9-##A,Spokane Yardley,at,Renton Boeing Cars,,pick uped at Pueblo,,1742,pick uped at Pueblo
BNSF,ALTPTL9-##A,Spokane Yardley,at,Denver Rennicks IM,,,id:1981 class:im,1742,
BNSF,ALTPTL9-##A,Spokane Yardley,at,Spokane Yardely IM,,,class:im,1742,Spokane Yardely
BNSF,ALTPTL9-##A,Spokane Yardley,at,South Seattle IM,,,id:1628 class:im,1742,
BNSF,ALTPTL9-##A,Spokane Yardley,at,Portland Lake IM,,,id:1868 class:im,1742,
BNSF,PEALAC1-##C,Clovis,at,Clovis Autoracks,,,id:1040 class:auto,1040,
BNSF,PEALAC1-##C,Clovis,at,Clovis IM,,,id:1040 class:im,1040,
BNSF,FTMCXO1-##A,1809,at,"South Kearney, NJ",,3294,id:3294,,
BNSF,FTMCXO1-##A,1809,at,"W. Springfield, MA",,1002,id:1002,,
BNSF,FTMCXO1-##A,1809,at,"Syracuse DeWitt, NY",,1625,id:1625,,
BNSF,ALTCHI1-##A,Kansas City Argentine Yard,at,Logistics Park Chicago,,,id:1505,1620,
BNSF,ALTCHI1-##A,Kansas City Argentine Yard,at,Chicago Corwith,,,id:1072,1620,
BNSF,CXOLAC1-##A,Kansas City Argentine Yard,at,Clovis,,non-Hobart or San Bernardino,,1620,non-Hobart or San Bernardino
BNSF,CXOLAC1-##A,Kansas City Argentine Yard,at,San Bernardino,,,id:1102,1620,
BNSF,CXOLAC1-##A,Kansas City Argentine Yard,at,Los Angeles Hobart,,,id:1007,1620,
BNSF,LACNWH6-##A,Belen,at,Fort Madison,,NS connections,,1135,
BNSF,NWHLAC6-##A,Kansas City Argentine Yard,at,Logistics Park Kansas City IM,,,id:2454 class:im,1620,
BNSF,NWHLAC6-##A,Kansas City Argentine Yard,at,Clovis,,SoCal Ports,,1620,SoCal Ports
BNSF,NWHLAC6-##A,Kansas City Argentine Yard,at,Clovis,,LA Pier 400,id:1152 id:3100,1620,
BNSF,NWHLAC6-##A,Kansas City Argentine Yard,at,Logistics Park Chicago Empty IM,,,id:1505 class:im class:empty,1620,
BNSF,NWHLAC6-##A,Kansas City Argentine Yard,at,Los Angeles Hobart,,,id:1007,1620,
BNSF,PEAALT6-##A,Temple,at,Loaded Autoracks,,grouped by destination: Big Lift and Richmond,,2330|3741,
BNSF,PEAALT6-##A,Temple,at,Alliance IM,,,id:1356 class:im,2330|3741,
BNSF,SBDALT6-##V1,San Bernardino,leaving,Alliance/Pearland Loaded Autoracks,,grouped by destination,,1102,
BNSF,SBDALT6-##V1,San Bernardino,leaving,Clovis,,leftover domestic traffic that needs to be forwarded,,1102,
BNSF,SBDALT6-##V1,San Bernardino,leaving,Alliance IM,,,id:1356 class:im,1102,
BNSF,SBDALT6-##V1,San Bernardino,leaving,Pearland IM,,,id:1358 class:im,1102,
BNSF,NWHSSE1-##A,Chicago Cicero Yard,at,South Seattle,,,id:1628,1470,
BNSF,SBDKCK6-##L1,San Bernardino,leaving,Clovis,,leftover domestic traffic that needs to be forwarded to BNSF terminals,,1102,
BNSF,SBDKCK6-##L1,San Bernardino,leaving,Logistics Park Kansas City,,,id:2454,1102,
BNSF,SBDLPC6-##K1,San Bernardino,leaving,Clovis,,leftover domestic traffic that needs to be forwarded to BNSF terminals,,1102,
BNSF,SBDLPC6-##K1,San Bernardino,leaving,Logistics Park Chicago,,,id:1505,1102,
BNSF,SBDNSA6-##C1,San Bernardino,leaving,Clovis,,leftover domestic traffic that needs to be forwarded to BNSF terminals,,1102,
BNSF,SBDNSA6-##C1,San Bernardino,leaving,NS interchange traffic for Ashland Ave.,,,,1102,NS interchange traffic for Ashland Ave
BNSF,SBDWSP6-##L1,San Bernardino,leaving,Willow Springs UPS traffic,,,,1102,Willow Springs UPS traffic
BNSF,CLOSBD6-##A,Belen,at,Belen Autos,,"Albuquerque, El Mirage",id:1032 id:1686,1135,
BNSF,CLOSBD6-##A,Belen,at,San Bernardino Loaded Autoracks,,,id:1102 class:auto class:loaded,1135,
BNSF,CLOSBD6-##A,Belen,at,San Bernardino IM,,,id:1102 class:im,1135,
BNSF,DENSBD6-##A1,Belen,at,SBD Domestic Wells,,,,1135,SBD Domestic Wells
BNSF,DENSBD6-##A1,Belen,at,SBD Baretables,,,,1135,SBD Baretables
BNSF,CHCSSE2-##V,Mandan,at,Mandan,V-MANPTS,NW Autoracks; grouped by destination,class:auto,1584,NW Autoracks; grouped by destination
BNSF,CHCSSE2-##V,Mandan,at,Spokane IM,,,id:1741 id:1742 id:1743 id:1876 id:2202 id:2212 id:3179 id:3646 class:im,1584,
BNSF,CHCSSE2-##V,Mandan,at,South Seattle IM,,,id:1628 class:im,1584,
BNSF,CHCSSE1-##A3,Pasco,at,Spokane Yardley,,,id:1742,1573,
BNSF,CHCSSE1-##A3,Pasco,at,South Seattle,,,id:1628,1573,
BNSF,CHCSSE1-##A3,Pasco,at,Minot Gavin International Wells,,,,1573,Minot Gavin International Wells
BNSF,CHCSSE1-##A2,1470,at,Spokane Yardley,,,id:1742,,
BNSF,CHCSSE1-##A2,1470,at,South Seattle,,,id:1628,,
BNSF,CHCSSE1-##A2,1470,at,Minot Gavin International Wells,,,,,Minot Gavin International Wells
BNSF,CHCDEN1-##A,Denver 38th St. Yard,at,Denver Big Lift Loaded Autoracks,V-DENDEN,,id:2407 class:auto class:loaded,1800,
BNSF,CHCDEN1-##A,Denver 38th St. Yard,at,Omaha Gibson Loaded Autoracks,,,id:2203 class:auto class:loaded,1800,
BNSF,CHCDEN1-##A,Denver 38th St. Yard,at,Omaha IM,,,id:2203 class:im,1800,
BNSF,CHCDEN1-##A,Denver 38th St. Yard,at,Denver Rennicks IM,,,id:1981 class:im,1800,
BNSF,CHCCHI6-##X,1470,at,Corwith Loads,,,id:1072 class:loaded,,
BNSF,CHCCHI6-##X,1470,at,LA Hobart Loads,,from STP trains,,,from STP trains
BNSF,NYCLAC6-##L3,Belen,at,LA Hobart,,,id:1007,1135,
BNSF,NYCLAC6-##L3,Belen,at,Logistics Park KC,,,id:2454,1135,
BNSF,SPOSTP6-##U,Minot Gavin Yard,at,St. Paul Intermodal,,,id:1176 id:1183 id:1391 id:1491 id:1540 id:1661 id:3271 id:3444 id:3445 id:3446,1582,
BNSF,SPOSTP6-##U,Minot Gavin Yard,at,Chicago Cicero,,if needed,,1582,
BNSF,SPOALT6-##F,Denver 38th St. Yard,at,Denver Rennicks,,,id:1981,1800,
BNSF,SPOALT6-##F,Denver 38th St. Yard,at,Alliance,,,id:1356,1800,
BNSF,STPCHC6-##U,1491,at,Chicago Cicero,,,id:1470,,
BNSF,STPCHC6-##U,1491,at,LA Hobart,Q-CHCCHI6,,id:1007,,
BNSF,CHCSTP1-##A,St. Paul Dayton's Bluff Yard,at,Dayton's Bluff Autoracks,,,id:1183 class:auto,1183,
BNSF,CHCSTP1-##A,St. Paul Dayton's Bluff Yard,at,St. Paul Intermodal,,,id:1176 id:1183 id:1391 id:1491 id:1540 id:1661 id:3271 id:3444 id:3445 id:3446,1183,
BNSF,CHCPTL1-##A,Minot Gavin Yard,at,Portland Lake,,,id:1868,1582,
BNSF,CHCPTL1-##M,Mandan,at,Mandan,V-MANPTL,NW Autoracks; grouped by destination,class:auto,1584,NW Autoracks; grouped by destination
BNSF,CHCPTL1-##M,Mandan,at,Portland Lake IM,,,id:1868 class:im,1584,
BNSF,CHIALT6-##V,Kansas City Argentine Yard,at,Alliance Autoracks,,,id:1356 class:auto,1620,
BNSF,CHIALT6-##V,Kansas City Argentine Yard,at,Alliance IM,,,id:1356 class:im,1620,
BNSF,CHIALT6-##V,Kansas City Argentine Yard,at,Empty Autoracks,,grouped by destination,,1620,
BNSF,CHICHC6-##A,1072,at,Chicago Cicero Loads,,,id:1470 class:loaded,,
BNSF,CHICHC6-##A,1072,at,St. Paul Loads,,mainly from CA,,,mainly from CA
BNSF,CHICHC6-##A,1072,at,Other Connection Loads,,grouped by destination; typically from other railroads,,,
BNSF,CHICHC6-##A,1072,at,Chicago Cicero Empties,,,id:1470 class:empty,,
BNSF,CHIBAR6-##L,Logistics Park Kansas City,at,Logistics Park Kansas City IM,,,id:2454 class:im,2454,
BNSF,CHIBAR6-##L,Logistics Park Kansas City,at,Barstow Containers,,,,2454,Barstow Containers
BNSF,CHIPHX6-##V1,Glendale,at,El Mirage Loaded Autoracks,,,id:1686 class:auto class:loaded,1685,
BNSF,CHIPHX6-##V1,Glendale,at,Glendale Domestic,,,,1685,Glendale Domestic
BNSF,CHIPHX6-##V1,Glendale,at,Albuquerque Loaded Autoracks,,,id:1032 class:auto class:loaded,1685,
BNSF,CHIPHX6-##V1,Glendale,at,Albuquerque Domestic,,,,1685,Albuquerque Domestic
BNSF,CHILAC6-##L,Logistics Park Kansas City,at,Logistics Park Kansas City,,,id:2454,2454,
BNSF,CHILAC6-##L,Logistics Park Kansas City,at,Clovis,,grouped by destination,,2454,
BNSF,CHILAC6-##L,Logistics Park Kansas City,at,Los Angeles Hobart,,,id:1007,2454,
BNSF,CHILAC6-##L8,Clovis,at,LA Hobart Domestic,,,,1040,LA Hobart Domestic
BNSF,CHILAC6-##L8,Clovis,at,Clovis Domestic fill,,,,1040,Clovis Domestic fill
BNSF,CHILAC7-##L8,Clovis,at,LA Hobart Domestic,,,,1040,LA Hobart Domestic
BNSF,CHILAC7-##L8,Clovis,at,LA Hobart International,,,,1040,LA Hobart International
BNSF,CHILAC7-##L8,Clovis,at,Clovis Domestic fill,,,,1040,Clovis Domestic fill
BNSF,CHISTO6-##L1,Fort Madison,at,Mariposa,,,id:1313,1809,
BNSF,CHISSE1-##A1,1072,at,Spokane Yardley,,,id:1742,,
BNSF,CHISSE1-##A1,1072,at,South Seattle,,,id:1628,,
BNSF,CHISSE1-##A1,1072,at,Minot Gavin International Wells,,,,,Minot Gavin International Wells
BNSF,BARNSA1-##A,Belen,at,Fort Madison,,"CSX destinations in order: Columbus Van Yard, Cincinnati Queensgate, Cleveland Collingwood, Detroit Livernois CSX",id:1455 id:2097,1135,CSX destinations in order: Columbus Van Yard; Cleveland Collingwood
BNSF,BARNSA1-##A,Belen,at,Chicago Ashland,,"Rutherford Yard, Jersey City Croxton",id:1385 id:1108,1135,
BNSF,BARCHI1-##A,Belen,at,Clovis,,"grouped by destination: Denver Rennicks, Logistics Park Kansas City, Memphis, Alliance, Pearland",id:2454 id:1165 id:1172 id:1435 id:1445 id:1446 id:1449 id:1450 id:1921 id:1923 id:1983 id:2076 id:2915 id:1356 id:1358,1135,
BNSF,BARCHI1-##A,Belen,at,Chicago Corwith,,,id:1072,1135,
BNSF,BELCHI6-##A,Clovis,at,Logistics Park Chicago Autoracks,,Pick Uped at Clovis,,1040,Pick Uped at Clovis
BNSF,BELCHI6-##A,Clovis,at,Logistics Park Chicago IM,,,id:1505 class:im,1040,
BNSF,BELCHI6-##A,Clovis,at,Corwith IM,,,id:1072 class:im,1040,
BNSF,BELCHI6-##A,Clovis,at,Logistics Park KC IM,,on rear for easier drop,,1040,on rear for easier drop
BNSF,SSEALT6-##A,Missoula,at,Denver Rennicks,,transfer from 38th,,1989,transfer from 38th
BNSF,SSEALT6-##A,Missoula,at,Alliance,,,id:1356,1989,
BNSF,PTLALT6-##F3,South Seattle Yard,at,Denver Rennicks Domestic,,,,1628,Denver Rennicks Domestic
BNSF,PTLALT6-##F3,South Seattle Yard,at,Denver Rennicks International,,,,1628,Denver Rennicks International
BNSF,PTLALT6-##F3,South Seattle Yard,at,Alliance Domestic,,,,1628,Alliance Domestic
BNSF,PTLALT6-##F3,South Seattle Yard,at,Alliance International,,,,1628,Alliance International
BNSF,PTLALT6-##F3,South Seattle Yard,at,Pearland,,,id:1358,1628,
BNSF,PTLALT6-##G1,South Seattle Yard,at,Denver Rennicks Domestic,,,,1628,Denver Rennicks Domestic
BNSF,PTLALT6-##G1,South Seattle Yard,at,Denver Rennicks International,,,,1628,Denver Rennicks International
BNSF,PTLALT6-##G1,South Seattle Yard,at,Alliance Domestic,,,,1628,Alliance Domestic
BNSF,PTLALT6-##G1,South Seattle Yard,at,Alliance International,,,,1628,Alliance International
BNSF,PTLALT6-##G1,South Seattle Yard,at,Pearland,,,id:1358,1628,
BNSF,LPCLAC6-##K1,Clovis,at,LA Hobart Domestic Wells,,,,1040,LA Hobart Domestic Wells
BNSF,LPCLAC6-##K1,Clovis,at,LA Hobart International Wells,,,,1040,LA Hobart International Wells
BNSF,LPCLAC6-##K1,Clovis,at,Clovis extras,,"any IM terminal west of Clovis, grouped by destination",class:im,1040,any IM terminal west of Clovis
BNSF,LPCSTO6-##L1,Clovis,at,Mariposa,,,id:1313,1040,
BNSF,CLOALT6-##A1,1040,at,Alliance Domestic Wells,,,,,Alliance Domestic Wells
BNSF,CLOALT6-##A1,1040,at,Alliance International Wells,,,,,Alliance International Wells
BNSF,CLOALT4-##P1,1040,at,Alliance Domestic Wells,,,,,Alliance Domestic Wells
BNSF,CLOALT8-##A1,1040,at,Alliance Loaded Autoracks,,,id:1356 class:auto class:loaded,,
BNSF,CLOALT8-##A1,1040,at,Alliance Domestic Wells,,,,,Alliance Domestic Wells
BNSF,CLOALT8-##A1,1040,at,Alliance International Wells,,,,,Alliance International Wells
BNSF,CLOLPC1-##A,Kansas City Argentine Yard,at,Loaded Logistics Park Chicago Autoracks,,,class:auto,1620,Loaded Logistics Park Chicago
BNSF,CLOLPC1-##A,Kansas City Argentine Yard,at,Logistics Park Chicago IM,,,id:1505 class:im,1620,
BNSF,CLOLPK1-##A,1040,at,Logisitics Park Kansas City IM,,,class:im,,Logisitics Park Kansas City
BNSF,CLOMEM1-##A,Springfield Yard,at,Memphis IM,,,id:1165 id:1172 id:1435 id:1445 id:1446 id:1449 id:1450 id:1921 id:1923 id:1983 id:2076 id:2915 class:im,2861|3621,
BNSF,CLOLAC1-##A,Barstow,at,San Bernardino Autoracks,,,id:1102 class:auto,1029,
BNSF,CLOLAC1-##A,Barstow,at,San Bernardino IM,,,id:1102 class:im,1029,
BNSF,CLOLAC1-##A,Barstow,at,Los Angeles Hobart IM,,,id:1007 class:im,1029,
BNSF,CLOLAC1-##A,Barstow,at,Barstow IM,,,id:1029 class:im,1029,
BNSF,CLOPEA1-##A,Temple,at,Pearland Autoracks,,,id:1358 class:auto,2330|3741,
BNSF,CLOPEA1-##A,Temple,at,Pearland IM,,,id:1358 class:im,2330|3741,
BNSF,CLORIC1-##A,Mariposa,at,Richmond Loaded Autoracks,,,id:3905 class:auto class:loaded,1313,
BNSF,CLORIC1-##A,Mariposa,at,Oakland IM,,,id:3767 class:im,1313,
BNSF,CLORIC1-##A,Mariposa,at,Mariposa IM,,,id:1313 class:im,1313,
BNSF,CLOSTL1-##A,Springfield Yard,at,Lindenwood IM,,,id:1736 class:im,2861|3621,
BNSF,FTMNSA1-##A,1809,at,NS Ashland Ave.,,grouped by destination,,,
BNSF,FTMSTP1-##A,St. Paul Dayton's Bluff Yard,at,Dayton's Bluff Autoracks,,,id:1183 class:auto,1183,
BNSF,FTMSTP1-##A,St. Paul Dayton's Bluff Yard,at,St. Paul Intermodal,,,id:1176 id:1183 id:1391 id:1491 id:1540 id:1661 id:3271 id:3444 id:3445 id:3446,1183,
BNSF,FTMCHC1-##A,1809,at,Chicago Cicero IM,,,id:1470 class:im,,
BNSF,FTMCHC1-##A,1809,at,St. Paul Intermodal IM,,if needed,,,
BNSF,FTMCHI1-##A,1809,at,Logistics Park Chicago IM,,,id:1505 class:im,,
BNSF,FTMCHI1-##A,1809,at,Willow Springs IM,,,id:1410 class:im,,
BNSF,FTMCHI1-##A,1809,at,Chicago Corwith IM,,,id:1072 class:im,,
BNSF,DENCHCI1-##A,Omaha Gibson Yard,at,Omaha IM,,,id:2203 class:im,2203,
BNSF,FTMNSL1-##A,1809,at,NS Landers,,grouped by destination,,,
BNSF,HOUALT1-##A,Temple,at,Alliance,,,id:1356,2330|3741,
BNSF,ALTHOU1-##A,1556,at,Houston Barbour's Cut,,,id:1812 id:2528 id:3780,,
BNSF,CHIPEA6-##B,West Quincy,at,Pearland Loaded Autoracks,,,id:1358 class:auto class:loaded,1901,
BNSF,CHIPEA6-##B,West Quincy,at,Pearland IM,,,id:1358 class:im,1901,
BNSF,PEACHI1-##A,Chicago Willow Springs Yard,at,Logistics Park Chicago Loaded Autoracks,,,id:1505 class:auto class:loaded,1410,
BNSF,PEACHI1-##A,Chicago Willow Springs Yard,at,Logistics Park Kansas City IM,,,id:2454 class:im,1410,
BNSF,PEACHI1-##A,Chicago Willow Springs Yard,at,Logistics Park Chicago IM,,,id:1505 class:im,1410,
BNSF,PEACHI1-##A,Chicago Willow Springs Yard,at,Willow Springs IM,,,id:1410 class:im,1410,
BNSF,PEACHI1-##A,Chicago Willow Springs Yard,at,Chicago Corwith IM,,,id:1072 class:im,1410,
BNSF,CHIPEA6-##A,Fort Madison,at,Pearland Loaded Autoracks,,,id:1358 class:auto class:loaded,1809,
BNSF,CHIPEA6-##A,Fort Madison,at,Pearland IM,,,id:1358 class:im,1809,
BNSF,EAPCHI6-##C,Alliance,at,Alliance IM,,,id:1356 class:im,1356|1556,
BNSF,EAPCHI6-##C,Alliance,at,Alliance Connecting IM,,,class:im,1356|1556,Alliance Connecting
BNSF,EAPCHI6-##C,Alliance,at,Chicago Corwith IM,,,id:1072 class:im,1356|1556,
BNSF,FTMLAC1-##A,Logistics Park Kansas City,at,Logistics Park Kansas City,,,id:2454,2454,
BNSF,FTMLAC1-##A,Logistics Park Kansas City,at,Clovis,,"Mariposa IM, Oakland IM",id:1313 class:im id:3767 class:im,2454,
BNSF,FTMLAC1-##A,Logistics Park Kansas City,at,Belen,,Albuquerque Abajo IM,id:1032 class:im,2454,
BNSF,FTMLAC1-##A,Logistics Park Kansas City,at,Gallup,Z-WINPHX2,Glendale IM,id:1685 class:im,2454,
BNSF,FTMLAC1-##A,Logistics Park Kansas City,at,Barstow IM,,,id:1029 class:im,2454,
BNSF,FTMLAC1-##A,Logistics Park Kansas City,at,San Bernardino IM,,no autoracks on this train,class:auto,2454,no autoracks on this train
BNSF,FTMLAC1-##A,Logistics Park Kansas City,at,Los Angeles Hobart IM,,,id:1007 class:im,2454,
BNSF,LACFTM1-##A,Logistics Park Kansas City,at,CSX,,Chicago 59th Ave Yard,,2454,Chicago 59th Ave Yard
BNSF,LACFTM1-##A,Logistics Park Kansas City,at,NSA,,Chicago Ashland Ave Yard,id:1614,2454,
BNSF,LACFTM1-##A,Logistics Park Kansas City,at,NSI,,Chicago Landers St. Yard,,2454,Chicago Landers St. Yard
BNSF,SSENWH1-##A,Minot Gavin Yard,at,"South Kearney, NJ",,3294,id:3294,1582,
BNSF,SSENWH1-##A,Minot Gavin Yard,at,"W. Springfield, MA",,1002,id:1002,1582,
BNSF,SSENWH1-##A,Minot Gavin Yard,at,"Syracuse DeWitt, NY",,1625,id:1625,1582,
BNSF,ATGMEM3-##A,1720,at,Los Angeles Hobart IM,,,id:1007 class:im,,
BNSF,ATGMEM3-##A,1720,at,Mariposa IM,,,id:1313 class:im,,
BNSF,ABQWSP9-##A,Clovis,at,Logistics Park Kansas City,,,id:2454,1040,
BNSF,ABQWSP9-##A,Clovis,at,Logistics Park Chicago,,,id:1505,1040,
BNSF,ABQWSP9-##A,Clovis,at,Willow Springs IM,,,id:1410 class:im,1040,
BNSF,ABQWSP9-##A,Clovis,at,Chicago Corwith,,Willow Springs forward to Corwith,,1040,Willow Springs forward to Corwith
BNSF,ALTSBD5-##A,Belen,at,Clovis,Glendale Z-CLOPHX,,id:1040,1135,
BNSF,ALTSBD5-##A,Belen,at,San Bernardino,,,id:1102,1135,
BNSF,LPKLAC6-##A,Clovis,at,San Bernardino,,,id:1102,1040,
BNSF,LPKLAC6-##A,Clovis,at,Los Angeles Hobart,,,id:1007,1040,
BNSF,LPKNBY6-##A,Clovis,at,Mariposa,,,id:1313,1040,
BNSF,LPKNBY6-##A,Clovis,at,North Bay,,,id:1419,1040,
BNSF,LPKWSP2-##U,Chicago Willow Springs Yard,at,Willow Springs,,,id:1410,1410,
BNSF,LACLPK6-##U,Clovis,at,Logistics Park Kansas City,,,id:2454,1040,
BNSF,LACMEM8-##A,Clovis,at,Memphis,,,id:1165 id:1172 id:1435 id:1445 id:1446 id:1449 id:1450 id:1921 id:1923 id:1983 id:2076 id:2915,1040,
BNSF,LACNYC1-##U,Clovis,at,Rutherford,,,id:1385,1040,
BNSF,LACNYC1-##U,Clovis,at,Jersey City Croxton,,,id:1108,1040,
BNSF,LACWSP1-##U,Clovis,at,Willow Springs,,,id:1410,1040,
BNSF,SBDALT4-##A,Belen,at,Alliance,,,id:1356,1135,
BNSF,SBDWSP1-##A,Belen,at,Willow Springs,,all UPS,,1135,all UPS
BNSF,ALTSTO2-##U,Belen,at,Mariposa,,,id:1313,1135,
BNSF,ALTSTO2-##U,Belen,at,North Bay,,,id:1419,1135,
BNSF,ALTWSP5-##A,Logistics Park Kansas City,at,Logistics Park Kansas City,,,id:2454,2454,
BNSF,ALTWSP5-##A,Logistics Park Kansas City,at,Willow Springs,,,id:1410,2454,
BNSF,CHISBD8-##A,Belen,at,Clovis,,grouped by destination,,1135,
BNSF,CHISBD8-##A,Belen,at,Gallup,Z-WINPHX/Glendale,,id:1252,1135,
BNSF,CHISBD8-##A,Belen,at,San Bernardino,,,id:1102,1135,
BNSF,SBDWSP4-##U,Logistics Park Kansas City,at,Logistics Park KC,,,id:2454,2454,
BNSF,SBDWSP4-##U,Logistics Park Kansas City,at,Willow Springs,,,id:1410,2454,
BNSF,LACCHI8-##A,Clovis,at,Logistics Park Kansas City,,,id:2454,1040,
BNSF,LACCHI8-##A,Clovis,at,Corwith Yard,,,id:1072,1040,
BNSF,SBDCHI7-##A,Belen,at,Corwith,,,id:1072,1135,
BNSF,ATGSBD6-##A,Belen,at,San Bernardino IM,,,id:1102 class:im,1135,
BNSF,ATGSBD6-##A,Belen,at,Los Angeles Hobart IM,,may or may not be included by CSX,,1135,may or may not be included by CSX
BNSF,SBDWSP8-##A,Belen,at,Clovis,,grouped by destination,,1135,
BNSF,SBDWSP8-##A,Belen,at,Logistics Park KC,,,id:2454,1135,
BNSF,SBDWSP8-##A,Belen,at,Willow Springs,,,id:1410,1135,
BNSF,ALTNBY9-##A,Belen,at,North Bay,,,id:1419,1135,
BNSF,LPKRIC5-##A,Clovis,at,North Bay,,,id:1419,1040,
BNSF,LPKRIC5-##A,Clovis,at,Oakland BNSF,,,id:2237,1040,
BNSF,SBDALT7-##P,Belen,at,Clovis/Pearland,Q-CLOPEA,,id:1040 id:1358,1135,
BNSF,SBDALT7-##P,Belen,at,Alliance,,,id:1356,1135,
BNSF,NBYWSP1-##A,Belen,at,Logistics Park Kansas City,,,id:2454,1135,
BNSF,NBYWSP1-##A,Belen,at,Willow Springs,,,id:1410,1135,
BNSF,NBYWSP8-##A,Belen,at,Logistics Park Kansas City,,,id:2454,1135,
BNSF,NBYWSP8-##A,Belen,at,Willow Springs,,,id:1410,1135,
BNSF,NBYALT1-##A,Belen,at,Alliance,,,id:1356,1135,
BNSF,MEMLAC8-##A,Clovis,at,Hobart,,,id:1007,1040,
BNSF,STOWSP7-##A,Belen,at,Willow Springs,,,id:1410,1135,
BNSF,STOWSP2-##A,Belen,at,Willow Springs,,,id:1410,1135,
BNSF,STOWSP3-##A,Belen,at,Logistics Park KC,,,id:2454,1135,
BNSF,STOWSP3-##A,Belen,at,Willow Springs,,,id:1410,1135,
BNSF,STOLPK8-##A,Belen,at,Logistics Park KC,,,id:2454,1135,
BNSF,STOCHC8-##A,Belen,at,Chicago Cicero,,,id:1470,1135,
BNSF,WSPPHX2-##U,Kansas City Argentine Yard,at,Belen,,Albuquerque,id:1032,1620,
BNSF,WSPPHX2-##U,Kansas City Argentine Yard,at,Glendale,,,id:1685,1620,
BNSF,WSPLPK1-##U,1410,at,Logistics Park KC,,,id:2454,,
BNSF,WSPALT8-##A,Logistics Park Kansas City,at,Alliance,,,id:1356,2454,
BNSF,WSPALT8-##A,Logistics Park Kansas City,at,Logistics Park KC,,,id:2454,2454,
BNSF,WSPALT3-##U,Kansas City Argentine Yard,at,Alliance,,,id:1356,1620,
BNSF,WSPSBD3-##U,Belen,at,San Bernardino,,,id:1102,1135,
BNSF,WSPSTO2-##A,Belen,at,Mariposa,,,id:1313,1135,
BNSF,WSPLAC7-##A,Belen,at,LA Hobart,,,id:1007,1135,
BNSF,WSPLAC7-##A,Belen,at,San Bernardino,,,id:1102,1135,
BNSF,WSPLAC2-##U,Belen,at,LA Hobart,,,id:1007,1135,
BNSF,WSPLAC8-##A,Belen,at,Logistics Park KC,,,id:2454,1135,
BNSF,WSPLAC8-##A,Belen,at,San Bernardino,,if needed,,1135,
BNSF,WSPLAC8-##A,Belen,at,LA Hobart,,,id:1007,1135,
BNSF,WSPNBY1-##U,North Bay,at,North Bay,,,id:1419,1419,
BNSF,STPCHC3-##A,1491,at,Chicago Cicero,,,id:1470,,
BNSF,CHCSSE1-##U,Minot Gavin Yard,at,South Seattle,,,id:1628,1582,
BNSF,SPOSSE8-##A,1742,at,South Seattle,,,id:1628,,
BNSF,STPCHC3-##U,1491,at,LA Hobart,Q-CHCCHI6,,id:1007,,
BNSF,STPCHC3-##U,1491,at,Chicago Cicero,,,id:1470,,
BNSF,CHCSTP1-##U,1470,at,St. Paul Intermodal,,,id:1176 id:1183 id:1391 id:1491 id:1540 id:1661 id:3271 id:3444 id:3445 id:3446,,
BNSF,CHCPTL3-##A,Minot Gavin Yard,at,Lake Yard,,,,1582,Lake Yard
BNSF,CHCPTL8-##W,Pasco,at,South Seattle,,,id:1628,1573,
BNSF,CHCPTL8-##W,Pasco,at,Portland Lake Yard,,,id:1868,1573,
BNSF,CHIALT8-##A,Kansas City Argentine Yard,at,Alliance,,,id:1356,1620,
BNSF,CHIALT8-##A,Kansas City Argentine Yard,at,Mexico Eagle Pass BNSF,,,id:2446,1620,
BNSF,CHISTO8-##A,Belen,at,Clovis,,grouped by destination,,1135,
BNSF,CHISTO8-##A,Belen,at,Gallup,Z-WINPHX/Glendale,,id:1252,1135,
BNSF,CHISTO8-##A,Belen,at,Mariposa,,,id:1313,1135,
BNSF,BELALT4-##A,1135,at,Alliance,,,id:1356,,
BNSF,SSECHC2-##A,Minot Gavin Yard,at,Chicago Cicero,,,id:1470,1582,
BNSF,SSECHC8-##A,Spokane Yardley,at,Spokane,,,id:1741 id:1742 id:1743 id:1876 id:2202 id:2212 id:3179 id:3646,1742,
BNSF,SSECHC8-##A,Spokane Yardley,at,St. Paul,,,id:1176 id:1183 id:1391 id:1491 id:1540 id:1661 id:3271 id:3444 id:3445 id:3446,1742,
BNSF,SSECHC8-##A,Spokane Yardley,at,Chicago Cicero,,,id:1470,1742,
BNSF,SSESPO1-##P,1628,at,Spokane,,,id:1741 id:1742 id:1743 id:1876 id:2202 id:2212 id:3179 id:3646,,
BNSF,SSESPO1-##P,1628,at,St. Paul,Q-SPOSTP6,,id:1176 id:1183 id:1391 id:1491 id:1540 id:1661 id:3271 id:3444 id:3445 id:3446,,
BNSF,PTLCHC8-##M,Spokane Yardley,at,Spokane,,,id:1741 id:1742 id:1743 id:1876 id:2202 id:2212 id:3179 id:3646,1742,
BNSF,PTLCHC8-##M,Spokane Yardley,at,St. Paul,,,id:1176 id:1183 id:1391 id:1491 id:1540 id:1661 id:3271 id:3444 id:3445 id:3446,1742,
BNSF,PTLCHC8-##M,Spokane Yardley,at,Chicago Cicero,,,id:1470,1742,
BNSF,PTLCHC8-##A,Spokane Yardley,at,Spokane,,,id:1741 id:1742 id:1743 id:1876 id:2202 id:2212 id:3179 id:3646,1742,
BNSF,PTLCHC8-##A,Spokane Yardley,at,St. Paul,,,id:1176 id:1183 id:1391 id:1491 id:1540 id:1661 id:3271 id:3444 id:3445 id:3446,1742,
BNSF,PTLCHC8-##A,Spokane Yardley,at,Chicago Cicero,,,id:1470,1742,
BNSF,PTLCHC4-##U,Minot Gavin Yard,at,Chicago Cicero,,,id:1470,1582,
BNSF,PTLCHC7-##A,Minot Gavin Yard,at,St. Paul,,,id:1176 id:1183 id:1391 id:1491 id:1540 id:1661 id:3271 id:3444 id:3445 id:3446,1582,
BNSF,PTLCHC7-##A,Minot Gavin Yard,at,Chicago Cicero,,,id:1470,1582,
BNSF,SPOPTL8-##A,1742,at,Portland Lake Yard,,,id:1868,,
BNSF,CLOPHX6-##A,Glendale BNSF,at,Glendale BNSF IM.,,,id:1973 class:im,1973,
BNSF,CHCDEN3-##A,1470,at,Denver Rennicks,,,id:1981,,
BNSF,DENCHC3-##A,1981,at,Chicago Cicero,,,id:1470,,
BNSF,ALTLAC8-##A,Belen,at,Clovis,Glendale Z-CLOPHX,,id:1040,1135,
BNSF,ALTLAC8-##A,Belen,at,Los Angeles Hobart Yard,,,id:1007,1135,
BNSF,ALTWSP8-##A,1556,at,Willow Springs,,,id:1410,,
BNSF,ALTEAP1-##A,Temple,at,Mexico Eagle Pass BNSF,,,id:2446,2330|3741,
BNSF,EAPALT1-##A,Temple,at,Alliance,,grouped by destination,,2330|3741,
BNSF,CLOALT9-##A,1040,at,Alliance,,,id:1356,,
BNSF,NYCLAC3-##U,Fort Madison,at,LA Hobart,,,id:1007,1809,
BNSF,LPKSTO3-##P,Clovis,at,Mariposa,,,id:1313,1040,
BNSF,LACWSP7-##A,Clovis,at,Logistics Park KC,,,id:2454,1040,
BNSF,LACWSP7-##A,Clovis,at,Willow Springs,,,id:1410,1040,
BNSF,LACNWH3-##P,Belen,at,Northwest Ohio,,,id:2047,1135,
BNSF,LACCHI7-##P,Clovis,at,Corwith Yard,,,id:1072,1040,
BNSF,LACCXB7-##P,Belen,at,Bedford Park --> CSX I002 Jersey City N. Bergen CSX.,,,,1135,Bedford Park --> CSX I002 Jersey City N. Bergen CSX
BNSF,DENCHC9-##A,Omaha Gibson Yard,at,Omaha,,,id:2203,2203,
BNSF,DENCHC9-##A,Omaha Gibson Yard,at,Chicago Cicero,,,id:1470,2203,
BNSF,CHCDEN8-##A,Lincoln Hobson Yard,at,Omaha,,,id:2203,1293,
BNSF,CHCDEN8-##A,Lincoln Hobson Yard,at,Denver,,,id:1718 id:1769 id:1770 id:1800 id:1976 id:1977 id:1978 id:1979 id:1980 id:1981 id:2407,1293,
BNSF,CHIEAP8-##A,Kansas City Argentine Yard,at,Mexico Eagle Pass BNSF,,,id:2446,1620,
BNSF,EAPCHI8-##A,Kansas City Argentine Yard,at,Logistics Park KC,,,id:2454,1620,
BNSF,CHILAC6-##A,Belen,at,Clovis,,Glendale,id:1685,1135,
BNSF,CHILAC6-##A,Belen,at,San Bernardino,,,id:1102,1135,
BNSF,CHILAC6-##A,Belen,at,LA Hobart,,,id:1007,1135,
BNSF,CHIPHX6-##A,Glendale,at,Albuquerque,,,id:1032,1685,
BNSF,CHIPHX6-##A,Glendale,at,Glendale,,,id:1685,1685,
BNSF,LPKCHI8-##A,2454,at,Chicago Corwith,,,id:1072,,
BNSF,NWHLAC3-##P,Belen,at,LA Hobart,,,id:1007,1135,
BNSF,LACCLO6-##A,1007,at,Clovis,Z-CLOPEA6,Pearland,id:1358,,
BNSF,LACCLO6-##A,1007,at,Clovis,Z-CLOALT9,Alliance,id:1356,,
BNSF,CLOPEA6-##A,1040,at,Pearland,,,id:1358,,
BNSF,ALTLBE1-##A,Clovis,at,Clovis,,Oakland BNSF IM only,id:2237 class:im,1040,
BNSF,ALTLBE1-##A,Clovis,at,Long Beach Container Terminal BNSF IM,,,id:2516 class:im,1040,
BNSF,ALTLBE1-##A,Clovis,at,Long Beach Toyota BNSF Empty Autoracks,,,id:3095 class:auto class:empty,1040,
BNSF,ALTLBT1-##A,Clovis,at,Clovis,,Oakland BNSF IM only,id:2237 class:im,1040,
BNSF,ALTLBT1-##A,Clovis,at,Long Beach Pier T IM,,,id:1149 id:3101 class:im,1040,
BNSF,ALTLHG1-##A,Clovis,at,Clovis,,Oakland BNSF IM only,id:2237 class:im,1040,
BNSF,ALTLHG1-##A,Clovis,at,LA Global South BNSF IM,,,id:1163 class:im,1040,
BNSF,ALTLHW1-##A,Clovis,at,Los Angeles West Basin BNSF IM,,,id:3102 class:im,1040,
BNSF,ALTLHW1-##A,Clovis,at,Los Angeles Nissan BNSF Empty Autoracks,,,id:3105 class:auto class:empty,1040,
BNSF,LPCLBJ1-##A,Clovis,at,Long Beach PCT BNSF,,,id:2514,1040,
BNSF,LPCLBJ1-##A,Clovis,at,Long Beach Toyota BNSF Empty Autoracks,,,id:3095 class:auto class:empty,1040,
BNSF,LBJLPC1-##A,Clovis,at,Clovis,,Denver Rennicks,id:1981,1040,
BNSF,LBJLPC1-##A,Clovis,at,Amarillo Zita,,,id:1443,1040,
BNSF,LBJLPC1-##A,Clovis,at,Logistics Park Chicago,,,id:1505,1040,
BNSF,LBELPC1-##K,Clovis,at,Clovis,,grouped by destination,,1040,
BNSF,LBELPC1-##K,Clovis,at,Amarillo Zita,,,id:1443,1040,
BNSF,LBELPC1-##K,Clovis,at,Logistics Park Chicago,,,id:1505,1040,
BNSF,LBTLPC1-##K,Clovis,at,Clovis,,grouped by destination,,1040,
BNSF,LBTLPC1-##K,Clovis,at,Amarillo Zita,,,id:1443,1040,
BNSF,LBTLPC1-##K,Clovis,at,Logistics Park Chicago,,,id:1505,1040,
BNSF,LBJCLO1-##A,Barstow,at,Clovis,,grouped by destination,,1029,
BNSF,LHAALT1-##A,Clovis,at,Clovis,,grouped by destination,,1040,
BNSF,LHGCLO1-##A,Barstow,at,Clovis,,grouped by destination,,1029,
BNSF,LHTLPK1-##A,Clovis,at,Clovis,,grouped by destination,,1040,
BNSF,LHTLPK1-##A,Clovis,at,Logistics Park Kansas City,,,id:2454,1040,
BNSF,LHTLPC1-##L,Clovis,at,Clovis,,grouped by destination,,1040,
BNSF,LHTLPC1-##L,Clovis,at,Amarillo Zita,,,id:1443,1040,
BNSF,LHTLPC1-##L,Clovis,at,Logistics Park Chicago,,,id:1505,1040,
BNSF,LHTCLO1-##A,Barstow,at,Clovis,,grouped by destination,,1029,
BNSF,LHWLPC1-##L,Clovis,at,Clovis,,grouped by destination,,1040,
BNSF,LHWLPC1-##L,Clovis,at,Amarillo Zita,,,id:1443,1040,
BNSF,LHWLPC1-##L,Clovis,at,Logistics Park Chicago,,,id:1505,1040,
BNSF,LHWCLO1-##A,Barstow,at,Clovis,,grouped by destination,,1029,
BNSF,MEMLBE1-##L,Clovis,at,Clovis,,Oakland BNSF only --> S-CLOOIG,id:2237,1040,
BNSF,MEMLBE1-##L,Clovis,at,Long Beach Container Terminal BNSF,,,id:2516,1040,
BNSF,MEMLBE1-##L,Clovis,at,Long Beach Toyota BNSF Empty Autoracks,,,id:3095 class:auto class:empty,1040,
BNSF,MEMLHG1-##A,Clovis,at,Clovis,,Oakland BNSF only --> S-CLOOIG,id:2237,1040,
BNSF,MEMLHG1-##A,Clovis,at,LA Global South BNSF,,,id:1163,1040,
BNSF,MEMLHA1-##L,Clovis,at,Clovis,,Oakland BNSF only --> S-CLOOIG,id:2237,1040,
BNSF,MEMLHA1-##L,Clovis,at,LA Pier 400 BNSF,,,id:1152,1040,
BNSF,MEMSCO1-##L,Clovis,at,LA/LB Ports International Containers,,grouped by destination,,1040,
BNSF,OIGPEA1-##A,Clovis,at,Clovis IM,,grouped by destination,,1040,
BNSF,OIGPEA1-##A,Clovis,at,Pearland IM,,,id:1358 class:im,1040,
BNSF,LPCTAC1-##A,Minot Gavin Yard,at,Tacoma,,grouped by destination,,1582,
BNSF,LBECLO1-##A,Barstow,at,Clovis,,grouped by destination,,1029,
BNSF,LHTALT1-##A,Clovis,at,Clovis,,grouped by destination,,1040,
BNSF,LBJALT1-##L,Clovis,at,Clovis,,grouped by destination,,1040,
BNSF,LBJMEM1-##A,Clovis,at,Clovis,,grouped by destination,,1040,
BNSF,LBJMEM1-##A,Clovis,at,Memphis IM,,,id:1165 id:1172 id:1435 id:1445 id:1446 id:1449 id:1450 id:1921 id:1923 id:1983 id:2076 id:2915 class:im,1040,
BNSF,LBJLPK1-##L,Clovis,at,Clovis,,grouped by destination,,1040,
BNSF,LBJLPK1-##L,Clovis,at,Logistics Park Kansas City,,,id:2454,1040,
BNSF,LBEALT1-##A,Clovis,at,Clovis,,grouped by destination,,1040,
BNSF,LBEMEM1-##A,Clovis,at,Clovis,,grouped by destination,,1040,
BNSF,LBEMEM1-##A,Clovis,at,Memphis IM,,,id:1165 id:1172 id:1435 id:1445 id:1446 id:1449 id:1450 id:1921 id:1923 id:1983 id:2076 id:2915 class:im,1040,
BNSF,LBTALT1-##A,Clovis,at,Clovis,,grouped by destination,,1040,
BNSF,LHGALT1-##A,Clovis,at,Clovis,,grouped by destination,,1040,
BNSF,LHGMEM1-##L,Clovis,at,Clovis,,grouped by destination,,1040,
BNSF,LHGMEM1-##L,Clovis,at,Memphis IM,,,id:1165 id:1172 id:1435 id:1445 id:1446 id:1449 id:1450 id:1921 id:1923 id:1983 id:2076 id:2915 class:im,1040,
BNSF,LHGDEN1-##A,LA Global South,leaving,Clovis,,destinations other than Denver,,1163|3099,destinations other than Denver
BNSF,LHGDEN1-##A,LA Global South,leaving,Denver,,,id:1718 id:1769 id:1770 id:1800 id:1976 id:1977 id:1978 id:1979 id:1980 id:1981 id:2407,1163|3099,
BNSF,SEACHC1-##A1,Seattle,leaving,Minot,,,id:1582,1481|1538|1803|2008,
BNSF,SEACHC1-##A1,Seattle,leaving,La Crosse,,"CSX and NS connections, grouped by railroad and destination",,1481|1538|1803|2008,
BNSF,SEACHC1-##A1,Seattle,leaving,Chicago Cicero,,terminating only - no connecting traffic,,1481|1538|1803|2008,
BNSF,LPCTCB1-##E,Minot Gavin Yard,at,Tacoma Washington United Terminal BNSF International Containers,,,,1582,Tacoma Washington United Terminal BNSF International Containers
BNSF,LBTLPK1-##K,Clovis,at,Clovis,,grouped by destination,,1040,
BNSF,LBTLPK1-##K,Clovis,at,Logistics Park Kansas City,,,id:2454,1040,
BNSF,LBTMEM1-##A,Clovis,at,Clovis,,grouped by destination,,1040,
BNSF,LBTMEM1-##A,Clovis,at,Memphis IM,,,id:1165 id:1172 id:1435 id:1445 id:1446 id:1449 id:1450 id:1921 id:1923 id:1983 id:2076 id:2915 class:im,1040,
BNSF,LHWALT1-##A,Clovis,at,Clovis,,grouped by destination,,1040,
BNSF,LPCLHA1-##L,Clovis,at,LA Pier 400 BNSF,,,id:1152,1040,
BNSF,MEMLBT1-##A,Clovis,at,Clovis,,Oakland BNSF only --> S-CLOOIG,id:2237,1040,
BNSF,MEMLBT1-##A,Clovis,at,Long Beach Pier T BNSF,,,id:1149,1040,
BNSF,LBTCXO1-##L,Clovis,at,Fort Madison,,NS connections,,1040,
BNSF,LBTCXO1-##L,Clovis,at,"South Kearney, NJ",,3294,id:3294,1040,
BNSF,LBTCXO1-##L,Clovis,at,"W. Springfield, MA",,1002,id:1002,1040,
BNSF,LBTCXO1-##L,Clovis,at,"Syracuse DeWitt, NY",,1625,id:1625,1040,
BNSF,LHACXO1-##L,Clovis,at,Fort Madison,,NS connections,,1040,
BNSF,LHACXO1-##L,Clovis,at,"South Kearney, NJ",,3294,id:3294,1040,
BNSF,LHACXO1-##L,Clovis,at,"W. Springfield, MA",,1002,id:1002,1040,
BNSF,LHACXO1-##L,Clovis,at,"Syracuse DeWitt, NY",,1625,id:1625,1040,
BNSF,SEFLPC1-##A,Minot Gavin Yard,at,Logistics Park Chicago,,,id:1505,1582,
BNSF,LPCSEF1-##A,Minneapolis Northtown Yard,at,West Seattle BNSF International Containers,,,,1593,West Seattle BNSF International Containers
BNSF,OIGCXO1-##C,Clovis,at,Fort Madison,,NS connections,,1040,
BNSF,OIGCXO1-##C,Clovis,at,"South Kearney, NJ",,3294,id:3294,1040,
BNSF,OIGCXO1-##C,Clovis,at,"W. Springfield, MA",,1002,id:1002,1040,
BNSF,OIGCXO1-##C,Clovis,at,"Syracuse DeWitt, NY",,1625,id:1625,1040,
BNSF,LHWCXO1-##L,Clovis,at,Fort Madison,,NS connections,,1040,
BNSF,LHWCXO1-##L,Clovis,at,"South Kearney, NJ",,3294,id:3294,1040,
BNSF,LHWCXO1-##L,Clovis,at,"W. Springfield, MA",,1002,id:1002,1040,
BNSF,LHWCXO1-##L,Clovis,at,"Syracuse DeWitt, NY",,1625,id:1625,1040,
BNSF,LHWLPK1-##L,Clovis,at,Clovis,,grouped by destination,,1040,
BNSF,LHWLPK1-##L,Clovis,at,Logistics Park Kansas City,,,id:2454,1040,
BNSF,LHWMEM1-##L,Clovis,at,Clovis,,grouped by destination,,1040,
BNSF,LHWMEM1-##L,Clovis,at,Memphis IM,,,id:1165 id:1172 id:1435 id:1445 id:1446 id:1449 id:1450 id:1921 id:1923 id:1983 id:2076 id:2915 class:im,1040,
BNSF,LHWNSA1-##L,Clovis,at,Clovis,,,id:1040,1040,
BNSF,LHWNSA1-##L,Clovis,at,Fort Madison,,CSX; grouped by destination; no GA cars,,1040,CSX; grouped by destination; no GA cars
BNSF,LHWSTL1-##A,Clovis,at,Clovis,,grouped by destination,,1040,
BNSF,LHWSTL1-##A,Clovis,at,St. Louis Lindenwood,,,id:1736,1040,
BNSF,LBJHOU1-##A,Clovis,at,Clovis IM,,grouped by destination,,1040,
BNSF,LBJHOU1-##A,Clovis,at,Pearland IM,,,id:1358 class:im,1040,
BNSF,LBJNSA1-##L,Clovis,at,Clovis,,,id:1040,1040,
BNSF,LBJNSA1-##L,Clovis,at,Fort Madison,,CSX; grouped by destination; no GA cars,,1040,CSX; grouped by destination; no GA cars
BNSF,LBJSTL1-##A,Clovis,at,Clovis,,grouped by destination,,1040,
BNSF,LBJSTL1-##A,Clovis,at,St. Louis Lindenwood,,,id:1736,1040,
BNSF,LBIALT1-##A,Clovis,at,Clovis,,grouped by destination,,1040,
BNSF,LBICLO1-##A,Barstow,at,Clovis,,grouped by destination,,1029,
BNSF,LBILPC1-##L,Clovis,at,Clovis,,grouped by destination,,1040,
BNSF,LBILPC1-##L,Clovis,at,Amarillo Zita,,,id:1443,1040,
BNSF,LBILPC1-##L,Clovis,at,Logistics Park Chicago,,,id:1505,1040,
BNSF,LBILPK1-##L,Clovis,at,Clovis,,grouped by destination,,1040,
BNSF,LBILPK1-##L,Clovis,at,Logistics Park Kansas City,,,id:2454,1040,
BNSF,LBIMEM1-##A,Clovis,at,Clovis,,grouped by destination,,1040,
BNSF,LBIMEM1-##A,Clovis,at,Memphis IM,,,id:1165 id:1172 id:1435 id:1445 id:1446 id:1449 id:1450 id:1921 id:1923 id:1983 id:2076 id:2915 class:im,1040,
BNSF,LBELPK1-##L,Clovis,at,Clovis,,grouped by destination,,1040,
BNSF,LBELPK1-##L,Clovis,at,Logistics Park Kansas City,,,id:2454,1040,
BNSF,LBENSA1-##A,Clovis,at,Clovis,,,id:1040,1040,
BNSF,LBENSA1-##A,Clovis,at,Fort Madison,,CSX; grouped by destination; no GA cars,,1040,CSX; grouped by destination; no GA cars
BNSF,LBTCLO1-##A,Barstow,at,Clovis,,grouped by destination,,1029,
BNSF,LBTSTL1-##A,Clovis,at,Clovis,,grouped by destination,,1040,
BNSF,LBTSTL1-##A,Clovis,at,St. Louis Lindenwood,,,id:1736,1040,
BNSF,LHACLO1-##A,Barstow,at,Clovis,,grouped by destination,,1029,
BNSF,LHALPK1-##A,Clovis,at,Clovis,,grouped by destination,,1040,
BNSF,LHALPK1-##A,Clovis,at,Logistics Park Kansas City,,,id:2454,1040,
BNSF,LHALPC1-##A,Clovis,at,Clovis,,grouped by destination,,1040,
BNSF,LHALPC1-##A,Clovis,at,Amarillo Zita,,,id:1443,1040,
BNSF,LHALPC1-##A,Clovis,at,Logistics Park Chicago,,,id:1505,1040,
BNSF,LHAMEM1-##A,Clovis,at,Clovis,,grouped by destination,,1040,
BNSF,LHAMEM1-##A,Clovis,at,Memphis IM,,,id:1165 id:1172 id:1435 id:1445 id:1446 id:1449 id:1450 id:1921 id:1923 id:1983 id:2076 id:2915 class:im,1040,
BNSF,LHASTL1-##A,Clovis,at,Clovis,,grouped by destination,,1040,
BNSF,LHASTL1-##A,Clovis,at,St. Louis Lindenwood,,,id:1736,1040,
BNSF,LHGCXO1-##L,Clovis,at,Fort Madison,,NS connections,,1040,
BNSF,LHGCXO1-##L,Clovis,at,"South Kearney, NJ",,3294,id:3294,1040,
BNSF,LHGCXO1-##L,Clovis,at,"W. Springfield, MA",,1002,id:1002,1040,
BNSF,LHGCXO1-##L,Clovis,at,"Syracuse DeWitt, NY",,1625,id:1625,1040,
BNSF,LHGLPC1-##K,Clovis,at,Clovis,,grouped by destination,,1040,
BNSF,LHGLPC1-##K,Clovis,at,Amarillo Zita,,,id:1443,1040,
BNSF,LHGLPC1-##K,Clovis,at,Logistics Park Chicago,,,id:1505,1040,
BNSF,LHGLPK1-##A,Clovis,at,Clovis,,grouped by destination,,1040,
BNSF,LHGLPK1-##A,Clovis,at,Logistics Park Kansas City,,,id:2454,1040,
BNSF,LHGNSA1-##L,Clovis,at,Clovis,,,id:1040,1040,
BNSF,LHGNSA1-##L,Clovis,at,Fort Madison,,CSX; grouped by destination; no GA cars,,1040,CSX; grouped by destination; no GA cars
BNSF,LHGSTL1-##A,Clovis,at,Clovis,,grouped by destination,,1040,
BNSF,LHGSTL1-##A,Clovis,at,St. Louis Lindenwood,,,id:1736,1040,
BNSF,LHTSTL1-##A,Clovis,at,Clovis,,grouped by destination,,1040,
BNSF,LHTSTL1-##A,Clovis,at,St. Louis Lindenwood,,,id:1736,1040,
BNSF,LPCCLO1-##K,Kansas City Argentine Yard,at,Clovis (grouped by destination).,,,,1620,Clovis (grouped by destination)
BNSF,LPCLAC1-##A,Clovis,at,Clovis,,"grouped by destination; all LA/LB ports, Oakland BNSF",id:2237,1040,
BNSF,LPCLAC1-##A,Clovis,at,Los Angeles Hobart,,,id:1007,1040,
BNSF,LPCLBE1-##L,Clovis,at,Long Beach Container Terminal BNSF,,,id:2516,1040,
BNSF,LPCLBE1-##L,Clovis,at,Long Beach Toyota BNSF Empty Autoracks,,,id:3095 class:auto class:empty,1040,
BNSF,LPCLBT1-##L,Clovis,at,Long Beach Pier T BNSF,,,id:1149,1040,
BNSF,LPCLHG1-##L,Clovis,at,LA Global South BNSF,,,id:1163,1040,
BNSF,LPCLHT1-##L,Clovis,at,LA TICTF BNSF,,,id:1146,1040,
BNSF,LPCLHW1-##L,Clovis,at,Los Angeles West Basin BNSF International Containers,,,,1040,Los Angeles West Basin BNSF International Containers
BNSF,LPCLHW1-##L,Clovis,at,Los Angeles Nissan BNSF Empty Autoracks,,,id:3105 class:auto class:empty,1040,
BNSF,LPCLPK1-##A,1505,at,Logistics Park Kansas City,,,id:2454,,
BNSF,LPCLPK1-##A,1505,at,Empty IM equipment,,,class:im,,Empty IM equipment
BNSF,LPCOIG1-##L,Clovis,at,Oakland BNSF International Containers,,,,1040,Oakland BNSF International Containers
BNSF,LPCSCO1-##L,Clovis,at,LA/LB Ports International Containers,,grouped by destination,,1040,
BNSF,LPCSEP1-##K,St. Paul Intermodal Facility,at,Seattle Harbor Island BNSF International Containers,,,,1491,Seattle Harbor Island BNSF International Containers
BNSF,LPCTAC1-##H,Minot Gavin Yard,at,Seattle,,Harbor Island and Stacy St. - no South Seattle,,1582,Harbor Island and Stacy St. - no South Seattle
BNSF,LPCTAC1-##H,Minot Gavin Yard,at,Tacoma,,,id:1502 id:1503 id:1554 id:1555 id:2626 id:2710 id:2711 id:2712 id:2714 id:3286 id:3287 id:3288,1582,
BNSF,LPCTCB1-##K,St. Paul Intermodal Facility,at,Tacoma Washington United Terminal BNSF International Containers,,,,1491,Tacoma Washington United Terminal BNSF International Containers
BNSF,LPCTCP1-##E,Minot Gavin Yard,at,Tacoma Pierce Co. Terminal BNSF International Containers,,,,1582,Tacoma Pierce Co. Terminal BNSF International Containers
BNSF,LPCTCP1-##K,St. Paul Intermodal Facility,at,Tacoma Pierce Co. Terminal BNSF International Containers,,,,1491,Tacoma Pierce Co. Terminal BNSF International Containers
BNSF,LPKLBE1-##L,Clovis,at,Long Beach Container Terminal BNSF,,,id:2516,1040,
BNSF,LPKLBE1-##L,Clovis,at,Long Beach Toyota BNSF Empty Autoracks,,,id:3095 class:auto class:empty,1040,
BNSF,LPKLBJ1-##L,Clovis,at,Long Beach PCT BNSF,,,id:2514,1040,
BNSF,LPKLBJ1-##L,Clovis,at,Long Beach Toyota BNSF Empty Autoracks,,,id:3095 class:auto class:empty,1040,
BNSF,LPKLBT1-##L,Clovis,at,Long Beach Pier T BNSF,,,id:1149,1040,
BNSF,LPKLHA1-##A,Clovis,at,LA Pier 400 BNSF,,,id:1152,1040,
BNSF,LPKLHG1-##L,Clovis,at,LA Global South BNSF,,,id:1163,1040,
BNSF,LPKLHW1-##A,Clovis,at,Los Angeles West Basin BNSF International Containers,,,,1040,Los Angeles West Basin BNSF International Containers
BNSF,LPKLHW1-##A,Clovis,at,Los Angeles Nissan BNSF Empty Autoracks,,,id:3105 class:auto class:empty,1040,
BNSF,LPKOIG1-##L,Clovis,at,Oakland BNSF International Containers,,,,1040,Oakland BNSF International Containers
BNSF,LPKSCO1-##L,Clovis,at,LA/LB Ports International Containers,,grouped by destination,,1040,
BNSF,MEMLBJ1-##L,Clovis,at,Clovis,,Oakland BNSF only --> S-CLOOIG,id:2237,1040,
BNSF,MEMLBJ1-##L,Clovis,at,Long Beach PCT BNSF,,,id:2514,1040,
BNSF,MEMLBJ1-##L,Clovis,at,Long Beach Toyota BNSF Empty Autoracks,,,id:3095 class:auto class:empty,1040,
BNSF,MEMLHT1-##A,Clovis,at,Clovis,,Oakland BNSF only --> S-CLOOIG,id:2237,1040,
BNSF,MEMLHT1-##A,Clovis,at,LA TICTF BNSF,,,id:1146,1040,
BNSF,MEMTAC1-##C,Alliance,at,Tacoma,,grouped by destination,,1356|1556,
BNSF,MINSEP1-##A,1582,at,Harbor Island,,,id:1538,,
BNSF,MINTAC1-##A,Pasco,at,Tacoma,,grouped by destination,,1573,
BNSF,NSAFTM3-##A,Fort Madison,at,Fort Madison,,grouped by destination,,1809,
BNSF,OIGALT1-##A,Clovis,at,Clovis,,grouped by destination,,1040,
BNSF,OIGCLO1-##B,Barstow,at,Clovis,,grouped by destination,,1029,
BNSF,OIGLPC1-##A,Clovis,at,Clovis,,grouped by destination,,1040,
BNSF,OIGLPC1-##A,Clovis,at,Amarillo Zita,,,id:1443,1040,
BNSF,OIGLPC1-##A,Clovis,at,Logistics Park Chicago,,,id:1505,1040,
BNSF,OIGLPK1-##A,Clovis,at,Clovis,,grouped by destination,,1040,
BNSF,OIGLPK1-##A,Clovis,at,Logistics Park Kansas City,,,id:2454,1040,
BNSF,OIGMEM1-##A,Clovis,at,Clovis,,grouped by destination,,1040,
BNSF,OIGMEM1-##A,Clovis,at,Memphis IM,,,id:1165 id:1172 id:1435 id:1445 id:1446 id:1449 id:1450 id:1921 id:1923 id:1983 id:2076 id:2915 class:im,1040,
BNSF,SEFCXO1-##A,Minot Gavin Yard,at,"South Kearney, NJ",,3294,id:3294,1582,
BNSF,SEFCXO1-##A,Minot Gavin Yard,at,"W. Springfield, MA",,1002,id:1002,1582,
BNSF,SEFCXO1-##A,Minot Gavin Yard,at,"Syracuse DeWitt, NY",,1625,id:1625,1582,
BNSF,ALTBCU1-##A,Temple,at,Houston Barbour's Cut BNSF,,,id:2528,2330|3741,
BNSF,BCUALT1-##A,Temple,at,Alliance Terminating IM,,,class:im,2330|3741,Alliance Terminating
BNSF,BCUALT1-##A,Temple,at,Connecting IM,,grouped by destination,,2330|3741,
BNSF,ALTLHA1-##A,Clovis,at,Clovis,,Oakland BNSF IM only,id:2237 class:im,1040,
BNSF,ALTLHA1-##A,Clovis,at,LA Pier 400 BNSF IM,,,id:1152 class:im,1040,
BNSF,ALTLHT1-##A,Clovis,at,Clovis,,Oakland BNSF IM only,id:2237 class:im,1040,
BNSF,ALTLHT1-##A,Clovis,at,LA TICTF BNSF IM,,,id:1146 class:im,1040,
BNSF,ALTLPC1-##A,Logistics Park Kansas City,at,Logistics Park Kansas City,,,id:2454,2454,
BNSF,ALTLPC1-##A,Logistics Park Kansas City,at,Logistics Park Chicago,,,id:1505,2454,
BNSF,ALTLPC1-##A,Logistics Park Kansas City,at,Chicago Corwith,Y-CHI206,,id:1072,2454,
BNSF,ALTOIG1-##L,Alliance,leaving,Clovis,,grouped by destination,,1356|1556,
BNSF,ALTOIG1-##L,Alliance,leaving,Oakland BNSF Stacks,,Int'l wells only,,1356|1556,
BNSF,ALTSCO1-##L,Alliance,leaving,Clovis,,grouped by destination,,1356|1556,
BNSF,ALTSCO1-##L,Alliance,leaving,Southern California On-docks except LA Harbor,,Int'l wells only,,1356|1556,
BNSF,SEACHC1-##B1,Seattle,leaving,La Crosse,,"CSX and NS connections, grouped by railroad and destination",,1481|1538|1803|2008,
BNSF,SEACHC1-##B1,Seattle,leaving,Chicago Cicero,,terminating only - no connecting traffic,,1481|1538|1803|2008,
BNSF,SEACHC1-##M1,Seattle,leaving,Chicago Cicero,,terminating only - no connecting traffic,,1481|1538|1803|2008,
BNSF,SEALPC1-##A,St. Paul Intermodal Facility,at,St. Paul Intermodal,,,id:1176 id:1183 id:1391 id:1491 id:1540 id:1661 id:3271 id:3444 id:3445 id:3446,1491,
BNSF,SEALPC1-##A,St. Paul Intermodal Facility,at,Logistics Park Chicago,,,id:1505,1491,
BNSF,SEALPC1-##E1,Seattle,leaving,Minot,,20 units max,,1481|1538|1803|2008,
BNSF,SEALPC1-##E1,Seattle,leaving,St. Paul,,,id:1176 id:1183 id:1391 id:1491 id:1540 id:1661 id:3271 id:3444 id:3445 id:3446,1481|1538|1803|2008,
BNSF,SEALPC1-##E1,Seattle,leaving,LPC,,terminating only - no connecting traffic,,1481|1538|1803|2008,
BNSF,SEALPC1-##B1,Seattle,leaving,St. Paul,,,id:1176 id:1183 id:1391 id:1491 id:1540 id:1661 id:3271 id:3444 id:3445 id:3446,1481|1538|1803|2008,
BNSF,SEALPC1-##B1,Seattle,leaving,LPC,,terminating only - no connecting traffic,,1481|1538|1803|2008,
BNSF,SEALPC1-##M1,Seattle,leaving,LPC,,terminating only - no connecting traffic,,1481|1538|1803|2008,
BNSF,SEAMEM1-##A1,Seattle,leaving,Memphis,,terminating only - no connecting traffic,,1481|1538|1803|2008,
BNSF,SEAOMA1-##D1,Seattle,leaving,Lincoln/Fremont,,20 units maximum,,1481|1538|1803|2008,
BNSF,SEAOMA1-##D1,Seattle,leaving,Omaha,,,id:2203,1481|1538|1803|2008,
BNSF,SEAPTS1-##A1,Seattle,leaving,Loaded Autoracks,,grouped by destination,,1481|1538|1803|2008,
BNSF,SEAPTS1-##A1,Seattle,leaving,Portland IM,,International wells only,,1481|1538|1803|2008,International wells
BNSF,SEAPTS1-##A1,Seattle,leaving,Empty Autoracks,,grouped by destination,,1481|1538|1803|2008,
BNSF,SEASTP1-##B1,Seattle,leaving,Minot,,20 units max,,1481|1538|1803|2008,
BNSF,SEASTP1-##B1,Seattle,leaving,St. Paul,,,id:1176 id:1183 id:1391 id:1491 id:1540 id:1661 id:3271 id:3444 id:3445 id:3446,1481|1538|1803|2008,
BNSF,SEASTP1-##A1,Seattle,leaving,St. Paul,,,id:1176 id:1183 id:1391 id:1491 id:1540 id:1661 id:3271 id:3444 id:3445 id:3446,1481|1538|1803|2008,
BNSF,SEPCXO1-##A,Minot Gavin Yard,at,"South Kearney, NJ",,3294,id:3294,1582,
BNSF,SEPCXO1-##A,Minot Gavin Yard,at,"W. Springfield, MA",,1002,id:1002,1582,
BNSF,SEPCXO1-##A,Minot Gavin Yard,at,"Syracuse DeWitt, NY",,1625,id:1625,1582,
BNSF,SEPCHC1-##A,Minot Gavin Yard,at,Minot Gavin,,Maximum 20 units,,1582,Maximum 20 units
BNSF,SEPCHC1-##A,Minot Gavin Yard,at,Chicago Cicero Local IM,,,class:im,1582,Chicago Cicero Local
BNSF,SEPCHC1-##A,Minot Gavin Yard,at,Chicago Cicero CSX Connections,,leftovers only - most should ride on the CXO train,,1582,
BNSF,SEPLPC1-##A,St. Paul Intermodal Facility,at,St. Paul Intermodal,,,id:1176 id:1183 id:1391 id:1491 id:1540 id:1661 id:3271 id:3444 id:3445 id:3446,1491,
BNSF,SEPLPC1-##A,St. Paul Intermodal Facility,at,Logistics Park Chicago,,no connecting traffic,,1491,
BNSF,SEPLPC1-##A,St. Paul Intermodal Facility,at,St. Paul Intermodal,,,id:1176 id:1183 id:1391 id:1491 id:1540 id:1661 id:3271 id:3444 id:3445 id:3446,1491,
BNSF,SEPLPC1-##A,St. Paul Intermodal Facility,at,Logistics Park Chicago,,,id:1505,1491,
BNSF,SEPLPC1-##A,St. Paul Intermodal Facility,at,Minot Gavin,,Maximum 20 units,,1491,Maximum 20 units
BNSF,SEPLPC1-##A,St. Paul Intermodal Facility,at,St. Paul Intermodal,,,id:1176 id:1183 id:1391 id:1491 id:1540 id:1661 id:3271 id:3444 id:3445 id:3446,1491,
BNSF,SEPLPC1-##A,St. Paul Intermodal Facility,at,Logistics Park Chicago,,terminating only - no connecting traffic,,1491,
BNSF,SEPMEM1-##A,Missoula,at,Memphis Tennessee Yard,,,id:1450,1989,
BNSF,SEPOMA1-##A,Missoula,at,Lincoln/Fremont BNSF,R-HLA425,20 units maximum,,1989,
BNSF,SEPOMA1-##A,Missoula,at,Omaha,,,id:2203,1989,
BNSF,SEPSTP1-##A,Mandan,at,St. Paul Intermodal,,,id:1176 id:1183 id:1391 id:1491 id:1540 id:1661 id:3271 id:3444 id:3445 id:3446,1584,
BNSF,STLOIG1-##A1,St. Louis,leaving,Clovis,,grouped by destination,,1004|1277|1562|1736|2045|2174,
BNSF,STLOIG1-##A1,St. Louis,leaving,Oakland BNSF Stacks,,Int'l wells only,,1004|1277|1562|1736|2045|2174,
BNSF,STLSCO1-##A2,St. Louis,leaving,Clovis,,grouped by destination,,1004|1277|1562|1736|2045|2174,
BNSF,STLSCO1-##A2,St. Louis,leaving,Southern California On-docks except LA Harbor,,Int'l wells only,,1004|1277|1562|1736|2045|2174,
BNSF,STPSEA1-##A1,St. Paul,leaving,Seattle Stacy St.,,Int'l wells only,,1176|1183|1391|1491|1540|1661,
BNSF,STPSEA1-##A1,St. Paul,leaving,Seattle Harbor Island,,Int'l wells only,,1176|1183|1391|1491|1540|1661,
BNSF,STPSEA1-##K1,St. Paul,leaving,Seattle Stacy St.,,Int'l wells only,,1176|1183|1391|1491|1540|1661,
BNSF,STPSEA1-##K1,St. Paul,leaving,Seattle Harbor Island,,Int'l wells only,,1176|1183|1391|1491|1540|1661,
BNSF,STPSEP1-##A1,St. Paul,leaving,Harbor Island,,Int'l wells only,,1176|1183|1391|1491|1540|1661,
BNSF,STPSEP1-##K1,St. Paul,leaving,Harbor Island,,Int'l wells only,,1176|1183|1391|1491|1540|1661,
BNSF,STPSEP1-##M1,LPC,leaving,Seattle Harbor Island,,Int'l wells only,,,
BNSF,STPTAC1-##A1,St. Paul,leaving,Tacoma,,grouped by destination; Int'l wells only,,1176|1183|1391|1491|1540|1661,
BNSF,STPTAC1-##K1,St. Paul,leaving,Tacoma,,grouped by destination; Int'l wells only,,1176|1183|1391|1491|1540|1661,
BNSF,STPTAC1-##A5,St. Paul,leaving,Seattle,,grouped by destination; Int'l wells only,,1176|1183|1391|1491|1540|1661,
BNSF,STPTAC1-##A5,St. Paul,leaving,Tacoma,,grouped by destination; Int'l wells only,,1176|1183|1391|1491|1540|1661,
BNSF,STPTAC1-##K2,St. Paul,leaving,Seattle,,grouped by destination; Int'l wells only,,1176|1183|1391|1491|1540|1661,
BNSF,STPTAC1-##K2,St. Paul,leaving,Tacoma,,grouped by destination; Int'l wells only,,1176|1183|1391|1491|1540|1661,
BNSF,STPTAC1-##M1,St. Paul,leaving,Tacoma,,grouped by destination; Int'l wells only,,1176|1183|1391|1491|1540|1661,
BNSF,TACCHC1-##A1,Tacoma,leaving,Minot,,,id:1582,1502|1503|1554|1555|2626|2710,
BNSF,TACCHC1-##A1,Tacoma,leaving,La Crosse,,"CSX and NS connections, grouped by railroad and destination",,1502|1503|1554|1555|2626|2710,
BNSF,TACCHC1-##A1,Tacoma,leaving,Chicago Cicero,,terminating only - no connecting traffic,,1502|1503|1554|1555|2626|2710,
BNSF,TACCHC1-##B1,Tacoma,leaving,La Crosse,,"CSX and NS connections, grouped by railroad and destination",,1502|1503|1554|1555|2626|2710,
BNSF,TACCHC1-##B1,Tacoma,leaving,Chicago Cicero,,terminating only - no connecting traffic,,1502|1503|1554|1555|2626|2710,
BNSF,TACCHC1-##M1,Tacoma,leaving,Chicago Cicero,,terminating only - no connecting traffic,,1502|1503|1554|1555|2626|2710,
BNSF,TACCXO1-##B,Minot Gavin Yard,at,"South Kearney, NJ",,3294,id:3294,1582,
BNSF,TACCXO1-##B,Minot Gavin Yard,at,"W. Springfield, MA",,1002,id:1002,1582,
BNSF,TACCXO1-##B,Minot Gavin Yard,at,"Syracuse DeWitt, NY",,1625,id:1625,1582,
BNSF,TACDEN1-##A1,Tacoma,leaving,Denver,,,id:1718 id:1769 id:1770 id:1800 id:1976 id:1977 id:1978 id:1979 id:1980 id:1981 id:2407,1502|1503|1554|1555|2626|2710,
BNSF,TACDEN1-##A2,Tacoma,leaving,Denver,,,id:1718 id:1769 id:1770 id:1800 id:1976 id:1977 id:1978 id:1979 id:1980 id:1981 id:2407,1502|1503|1554|1555|2626|2710,
BNSF,TACLPC1-##A1,Tacoma,leaving,Minot,,20 units max,,1502|1503|1554|1555|2626|2710,
BNSF,TACLPC1-##A1,Tacoma,leaving,St. Paul,,,id:1176 id:1183 id:1391 id:1491 id:1540 id:1661 id:3271 id:3444 id:3445 id:3446,1502|1503|1554|1555|2626|2710,
BNSF,TACLPC1-##A1,Tacoma,leaving,LPC,,terminating only - no connecting traffic,,1502|1503|1554|1555|2626|2710,
BNSF,TACLPC1-##E1,Tacoma,leaving,Minot,,20 units max,,1502|1503|1554|1555|2626|2710,
BNSF,TACLPC1-##E1,Tacoma,leaving,St. Paul,,,id:1176 id:1183 id:1391 id:1491 id:1540 id:1661 id:3271 id:3444 id:3445 id:3446,1502|1503|1554|1555|2626|2710,
BNSF,TACLPC1-##E1,Tacoma,leaving,LPC,,terminating only - no connecting traffic,,1502|1503|1554|1555|2626|2710,
BNSF,TACLPC1-##B1,Tacoma,leaving,St. Paul,,,id:1176 id:1183 id:1391 id:1491 id:1540 id:1661 id:3271 id:3444 id:3445 id:3446,1502|1503|1554|1555|2626|2710,
BNSF,TACLPC1-##B1,Tacoma,leaving,LPC,,terminating only - no connecting traffic,,1502|1503|1554|1555|2626|2710,
BNSF,TACLPC1-##M1,Tacoma,leaving,LPC,,terminating only - no connecting traffic,,1502|1503|1554|1555|2626|2710,
BNSF,TACOMA1-##A1,Tacoma,leaving,Lincoln/Fremont,,20 units maximum,,1502|1503|1554|1555|2626|2710,
BNSF,TACOMA1-##A1,Tacoma,leaving,Omaha,,,id:2203,1502|1503|1554|1555|2626|2710,
BNSF,TACOMA1-##B1,Harbor Island,leaving,Lincoln/Fremont,,20 units maximum,,1538,
BNSF,TACOMA1-##B1,Harbor Island,leaving,Omaha,,,id:2203,1538,
BNSF,TACPTS1-##A1,Tacoma,leaving,Loaded Autoracks,,grouped by destination,,1502|1503|1554|1555|2626|2710,
BNSF,TACPTS1-##A1,Tacoma,leaving,Portland IM,,International wells only,,1502|1503|1554|1555|2626|2710,International wells
BNSF,TACPTS1-##A1,Tacoma,leaving,Empty Autoracks,,grouped by destination,,1502|1503|1554|1555|2626|2710,
BNSF,TACSTP1-##A1,Tacoma,leaving,Minot,,20 units max,,1502|1503|1554|1555|2626|2710,
BNSF,TACSTP1-##A1,Tacoma,leaving,St. Paul,,,id:1176 id:1183 id:1391 id:1491 id:1540 id:1661 id:3271 id:3444 id:3445 id:3446,1502|1503|1554|1555|2626|2710,
BNSF,TACSTP1-##M1,Tacoma,leaving,St. Paul,,,id:1176 id:1183 id:1391 id:1491 id:1540 id:1661 id:3271 id:3444 id:3445 id:3446,1502|1503|1554|1555|2626|2710,
BNSF,TACSTP1-##B1,Tacoma,leaving,Minot,,20 units max,,1502|1503|1554|1555|2626|2710,
BNSF,TACSTP1-##B1,Tacoma,leaving,St. Paul,,,id:1176 id:1183 id:1391 id:1491 id:1540 id:1661 id:3271 id:3444 id:3445 id:3446,1502|1503|1554|1555|2626|2710,
BNSF,TACSTP1-##M2,Tacoma,leaving,St. Paul,,,id:1176 id:1183 id:1391 id:1491 id:1540 id:1661 id:3271 id:3444 id:3445 id:3446,1502|1503|1554|1555|2626|2710,
BNSF,TCBCHC1-##A1,Tacoma,leaving,Minot,,,id:1582,1502|1503|1554|1555|2626|2710,
BNSF,TCBCHC1-##A1,Tacoma,leaving,La Crosse,,"CSX and NS connections, grouped by railroad and destination",,1502|1503|1554|1555|2626|2710,
BNSF,TCBCHC1-##A1,Tacoma,leaving,Chicago Cicero,,terminating only - no connecting traffic,,1502|1503|1554|1555|2626|2710,
BNSF,TCBCHC1-##B1,Tacoma,leaving,La Crosse,,"CSX and NS connections, grouped by railroad and destination",,1502|1503|1554|1555|2626|2710,
BNSF,TCBCHC1-##B1,Tacoma,leaving,Chicago Cicero,,terminating only - no connecting traffic,,1502|1503|1554|1555|2626|2710,
BNSF,TCBCHC1-##M1,Tacoma,leaving,Chicago Cicero,,terminating only - no connecting traffic,,1502|1503|1554|1555|2626|2710,
BNSF,TCBLPC1-##A1,Tacoma,leaving,Minot,,20 units max,,1502|1503|1554|1555|2626|2710,
BNSF,TCBLPC1-##A1,Tacoma,leaving,St. Paul,,,id:1176 id:1183 id:1391 id:1491 id:1540 id:1661 id:3271 id:3444 id:3445 id:3446,1502|1503|1554|1555|2626|2710,
BNSF,TCBLPC1-##A1,Tacoma,leaving,LPC,,terminating only - no connecting traffic,,1502|1503|1554|1555|2626|2710,
BNSF,TCBLPC1-##B1,Tacoma,leaving,St. Paul,,,id:1176 id:1183 id:1391 id:1491 id:1540 id:1661 id:3271 id:3444 id:3445 id:3446,1502|1503|1554|1555|2626|2710,
BNSF,TCBLPC1-##B1,Tacoma,leaving,LPC,,terminating only - no connecting traffic,,1502|1503|1554|1555|2626|2710,
BNSF,TCBLPC1-##E1,Tacoma,leaving,Minot,,20 units max,,1502|1503|1554|1555|2626|2710,
BNSF,TCBLPC1-##E1,Tacoma,leaving,St. Paul,,,id:1176 id:1183 id:1391 id:1491 id:1540 id:1661 id:3271 id:3444 id:3445 id:3446,1502|1503|1554|1555|2626|2710,
BNSF,TCBLPC1-##E1,Tacoma,leaving,LPC,,terminating only - no connecting traffic,,1502|1503|1554|1555|2626|2710,
BNSF,TCBLPC1-##M1,Tacoma,leaving,LPC,,terminating only - no connecting traffic,,1502|1503|1554|1555|2626|2710,
BNSF,TCECHC1-##A1,Tacoma,leaving,Minot,,,id:1582,1502|1503|1554|1555|2626|2710,
BNSF,TCECHC1-##A1,Tacoma,leaving,La Crosse,,"CSX and NS connections, grouped by railroad and destination",,1502|1503|1554|1555|2626|2710,
BNSF,TCECHC1-##A1,Tacoma,leaving,Chicago Cicero,,terminating only - no connecting traffic,,1502|1503|1554|1555|2626|2710,
BNSF,TCECHC1-##B1,Tacoma,leaving,La Crosse,,"CSX and NS connections, grouped by railroad and destination",,1502|1503|1554|1555|2626|2710,
BNSF,TCECHC1-##B1,Tacoma,leaving,Chicago Cicero,,terminating only - no connecting traffic,,1502|1503|1554|1555|2626|2710,
BNSF,TCECHC1-##M1,Tacoma,leaving,Chicago Cicero,,terminating only - no connecting traffic,,1502|1503|1554|1555|2626|2710,
BNSF,TCECXO1-##B,Minot Gavin Yard,at,"South Kearney, NJ",,3294,id:3294,1582,
BNSF,TCECXO1-##B,Minot Gavin Yard,at,"W. Springfield, MA",,1002,id:1002,1582,
BNSF,TCECXO1-##B,Minot Gavin Yard,at,"Syracuse DeWitt, NY",,1625,id:1625,1582,
BNSF,TCELPC1-##A1,Tacoma,leaving,Minot,,20 units max,,1502|1503|1554|1555|2626|2710,
BNSF,TCELPC1-##A1,Tacoma,leaving,St. Paul,,,id:1176 id:1183 id:1391 id:1491 id:1540 id:1661 id:3271 id:3444 id:3445 id:3446,1502|1503|1554|1555|2626|2710,
BNSF,TCELPC1-##A1,Tacoma,leaving,LPC,,terminating only - no connecting traffic,,1502|1503|1554|1555|2626|2710,
BNSF,TCELPC1-##B1,Tacoma,leaving,St. Paul,,,id:1176 id:1183 id:1391 id:1491 id:1540 id:1661 id:3271 id:3444 id:3445 id:3446,1502|1503|1554|1555|2626|2710,
BNSF,TCELPC1-##B1,Tacoma,leaving,LPC,,terminating only - no connecting traffic,,1502|1503|1554|1555|2626|2710,
BNSF,TCELPC1-##E1,Tacoma,leaving,Minot,,20 units max,,1502|1503|1554|1555|2626|2710,
BNSF,TCELPC1-##E1,Tacoma,leaving,St. Paul,,,id:1176 id:1183 id:1391 id:1491 id:1540 id:1661 id:3271 id:3444 id:3445 id:3446,1502|1503|1554|1555|2626|2710,
BNSF,TCELPC1-##E1,Tacoma,leaving,LPC,,terminating only - no connecting traffic,,1502|1503|1554|1555|2626|2710,
BNSF,TCELPC1-##M1,Tacoma,leaving,LPC,,terminating only - no connecting traffic,,1502|1503|1554|1555|2626|2710,
BNSF,TCEMEM1-##A1,Tacoma,leaving,Memphis,,terminating only - no connecting traffic,,1502|1503|1554|1555|2626|2710,
BNSF,TCPCHC1-##A1,Tacoma,leaving,Minot,,,id:1582,1502|1503|1554|1555|2626|2710,
BNSF,TCPCHC1-##A1,Tacoma,leaving,La Crosse,,"CSX and NS connections, grouped by railroad and destination",,1502|1503|1554|1555|2626|2710,
BNSF,TCPCHC1-##A1,Tacoma,leaving,Chicago Cicero,,terminating only - no connecting traffic,,1502|1503|1554|1555|2626|2710,
BNSF,TCPCHC1-##B1,Tacoma,leaving,La Crosse,,"CSX and NS connections, grouped by railroad and destination",,1502|1503|1554|1555|2626|2710,
BNSF,TCPCHC1-##B1,Tacoma,leaving,Chicago Cicero,,terminating only - no connecting traffic,,1502|1503|1554|1555|2626|2710,
BNSF,TCPCHC1-##M1,Tacoma,leaving,Chicago Cicero,,terminating only - no connecting traffic,,1502|1503|1554|1555|2626|2710,
BNSF,TCPLPC1-##A1,Tacoma,leaving,Minot,,20 units max,,1502|1503|1554|1555|2626|2710,
BNSF,TCPLPC1-##A1,Tacoma,leaving,St. Paul,,,id:1176 id:1183 id:1391 id:1491 id:1540 id:1661 id:3271 id:3444 id:3445 id:3446,1502|1503|1554|1555|2626|2710,
BNSF,TCPLPC1-##A1,Tacoma,leaving,LPC,,terminating only - no connecting traffic,,1502|1503|1554|1555|2626|2710,
BNSF,TCPLPC1-##B1,Tacoma,leaving,St. Paul,,,id:1176 id:1183 id:1391 id:1491 id:1540 id:1661 id:3271 id:3444 id:3445 id:3446,1502|1503|1554|1555|2626|2710,
BNSF,TCPLPC1-##B1,Tacoma,leaving,LPC,,terminating only - no connecting traffic,,1502|1503|1554|1555|2626|2710,
BNSF,TCPLPC1-##M2,Tacoma,leaving,Minot,,20 units max,,1502|1503|1554|1555|2626|2710,
BNSF,TCPLPC1-##M2,Tacoma,leaving,St. Paul,,,id:1176 id:1183 id:1391 id:1491 id:1540 id:1661 id:3271 id:3444 id:3445 id:3446,1502|1503|1554|1555|2626|2710,
BNSF,TCPLPC1-##M2,Tacoma,leaving,LPC,,terminating only - no connecting traffic,,1502|1503|1554|1555|2626|2710,
BNSF,TCPLPC1-##M1,Tacoma,leaving,LPC,,terminating only - no connecting traffic,,1502|1503|1554|1555|2626|2710,
BNSF,TCPSTP1-##B1,Tacoma,leaving,Minot,,20 units max,,1502|1503|1554|1555|2626|2710,
BNSF,TCPSTP1-##B1,Tacoma,leaving,St. Paul,,,id:1176 id:1183 id:1391 id:1491 id:1540 id:1661 id:3271 id:3444 id:3445 id:3446,1502|1503|1554|1555|2626|2710,
BNSF,CHCTAC1-##A,Minot Gavin Yard,at,Tacoma IM,,grouped by destination,,1582,
BNSF,CHCTAC1-##M,Missoula,at,Tacoma,,grouped by destination,,1989,
BNSF,CHILPK1-##A,1072,at,Loaded Intermodal,,,,,Loaded
BNSF,CHILPK1-##A,1072,at,Empty Intermodal,,Baretables,,,Baretables
BNSF,CHIALT1-##A,1072,at,Alliance IM,,,id:1356 class:im,,
BNSF,CHIALT1-##A,1072,at,Houston Barbour's Cut IM,,,id:1812 id:2528 id:3780 class:im,,
BNSF,CHISCO1-##V,Clovis,at,Loaded Autoracks,,"to be dropped at Clovis; grouped by destination - Richmond, San Bernardino",id:1102,1040,to be dropped at Clovis; grouped by destination - Richmond
BNSF,CHISCO1-##V,Clovis,at,Loaded Autoracks,,"dropped at Belen; grouped by destination - Albuquerque Abajo, El Mirage",id:1686,1040,dropped at Belen; grouped by destination - Albuquerque Abajo
BNSF,CHISCO1-##V,Clovis,at,Barstow Intermodal,,,id:1029,1040,
BNSF,CHISCO1-##V,Clovis,at,Intermodal (grouped by destination - LA/LB ports only). No Los Angeles West Basin.,,,,1040,Intermodal (grouped by destination - LA/LB ports only). No Los Angeles West Basin
BNSF,CLODEN1-##A,Amarillo South Yard BNSF,at,Big Lift,,no other destinations,,1716,no other destinations
BNSF,CLODEN1-##A,Amarillo South Yard BNSF,at,Denver Rennicks IM.,,,id:1981 class:im,1716,
BNSF,CLOLPC1-##A,Kansas City Argentine Yard,at,Amarillo Zita,,,id:1443,1620,
BNSF,CLOLPC1-##A,Kansas City Argentine Yard,at,Logistics Park Chicago,,,id:1505,1620,
BNSF,CLOMEM1-##A,Springfield Yard BNSF,at,Memphis IM,,,id:1165 id:1172 id:1435 id:1445 id:1446 id:1449 id:1450 id:1921 id:1923 id:1983 id:2076 id:2915 class:im,2861,
BNSF,CLOOIG1-##B,North Bay,at,Mariposa,,if needed,,1419,
BNSF,CLOOIG1-##B,North Bay,at,Oakland BNSF,,,id:2237,1419,
BNSF,CLOSCO1-##A,Barstow,at,Barstow IM,,,id:1029 class:im,1029,
BNSF,CLOSCO1-##A,Barstow,at,Southern California On-dock,,No LA Harbor; grouped by destination,,1029,No LA Harbor; grouped by destination
BNSF,DENLAC1-##A,Clovis,at,Clovis,,grouped by destination,,1040,
BNSF,DENLAC1-##A,Clovis,at,LA Hobart,,,id:1007,1040,
BNSF,DENLAC1-##A,Clovis,at,Empty Autoracks,,pick up at Big Lift,,1040,pick up at Big Lift
BNSF,DENLHG1-##A,Clovis,at,Clovis,,grouped by destination,,1040,
BNSF,DENLHG1-##A,Clovis,at,Global South stacks,,,class:im,1040,Global South stacks
BNSF,DENTAC1-##A,Missoula,at,Seattle,R-NWE704,Harbor and Stacy St. only,,1989,Harbor and Stacy St.
BNSF,DENTAC1-##A,Missoula,at,Tacoma,,all BNSF IM terminals and TACSIM,class:im,1989,all BNSF IM terminals and TACSIM
BNSF,FRESCO1-##A,Fremont,leaving,Clovis,,grouped by destination,,3021|3572,
BNSF,FRESCO1-##A,Fremont,leaving,Southern California On-docks except LA Harbor,,Int'l wells only,,3021|3572,
BNSF,FTMCHI3-##A,Fort Madison (blocks need not be in this order),leaving,Chicago Corwith,,,id:1072,,
BNSF,FTMCHI3-##A,Fort Madison (blocks need not be in this order),leaving,CSX,,,rr:CSX,,
BNSF,FTMCHI3-##A,Fort Madison (blocks need not be in this order),leaving,NS,,,st:NS,,
BNSF,FTMLAC1-##A,Fort Madison,leaving,Clovis,,grouped by destination,,1809,
BNSF,FTMLAC1-##A,Fort Madison,leaving,Hobart Loads,,Int'l stacks only,class:im,1809,
BNSF,FTMLPC1-##A,Fort Madison,leaving,LPC,,,id:1505,1809,
BNSF,FTMNSA1-##A,Fort Madison,leaving,NS/Ashland Ave.,,,id:2568 id:1614,1809,
BNSF,FTMOIG1-##B,LPC,leaving,Clovis,,grouped by destination,,,
BNSF,FTMOIG1-##B,LPC,leaving,Oakland BNSF Stacks,,Int'l wells only,,,
BNSF,FTMSCO1-##A,LPC,leaving,Clovis,,grouped by destination,,,
BNSF,FTMSCO1-##A,LPC,leaving,Southern California On-docks except LA Harbor,,Int'l wells only,,,
BNSF,LACLPC1-##L,LA Hobart,leaving,Clovis,,"destinations other than LPK & LPC, grouped by destination",,,destinations other than LPK & LPC
BNSF,LACLPC1-##L,LA Hobart,leaving,Zita,,,,,Zita
BNSF,LACLPC1-##L,LA Hobart,leaving,LPK,,,,,LPK
BNSF,LACLPC1-##L,LA Hobart,leaving,LPC,,,id:1505,,
BNSF,OMASCO1-##A,Clovis,at,Logistics Park Kansas City,,Head end only; traffic from other trains at Omaha,,1040,Head end only; traffic from other trains at Omaha
BNSF,OMASCO1-##A,Clovis,at,LA/LB Ports International Containers,,grouped by destination,,1040,
BNSF,OMAOIG1-##A,Clovis,at,Clovis,,"SoCal Ports, grouped by destination",,1040,SoCal Ports
BNSF,OMAOIG1-##A,Clovis,at,Oakland BNSF International Containers,,,,1040,Oakland BNSF International Containers
BNSF,OMASEP1-##A,Alliance,at,Seattle Harbor Island BNSF International Containers,,,,1356|1556,Seattle Harbor Island BNSF International Containers
BNSF,OMATAC1-##A,Alliance,at,Tacoma,,grouped by destination,,1356|1556,
BNSF,PEASCO1-##A,Clovis,at,LA/LB Ports International Containers,,grouped by destination,,1040,
BNSF,PEALBE1-##A,Clovis,at,Long Beach Container Terminal BNSF,,,id:2516,1040,
BNSF,PEALBE1-##A,Clovis,at,Long Beach Toyota BNSF Empty Autoracks,,,id:3095 class:auto class:empty,1040,
BNSF,PEACLO1-##A,Temple,at,Clovis (grouped by destination).,,,,2330|3741,Clovis (grouped by destination)
BNSF,PTSSEA1-##A1,Terminal 6,leaving,Stacy St.,,,id:2008,1877|2140,
BNSF,PTSTAC1-##A1,Terminal 6,leaving,Tacoma,,,id:1502 id:1503 id:1554 id:1555 id:2626 id:2710 id:2711 id:2712 id:2714 id:3286 id:3287 id:3288,1877|2140,
BNSF,BELELP1-##A,1135,at,El Paso Loaded Autoracks,,,id:1779 id:1799 id:2099 class:auto class:loaded,,
BNSF,BELELP1-##A,1135,at,El Paso IM,,,id:1779 id:1799 id:2099 class:im,,
BNSF,BELELP1-##A,1135,at,El Paso Manifest,,,id:1779 id:1799 id:2099,,
BNSF,BELELP1-##A,1135,at,Mexico El Paso Interchange BNSF,,,id:2486,,
BNSF,BARALT4-##A,Clovis,at,Clovis,,grouped by destination,,1040,
BNSF,BARCLO1-##A,1029,at,Clovis,,grouped by destination,,,
BNSF,BARLPC4-##A,Clovis,at,Clovis,,grouped by destination,,1040,
BNSF,BARLPC4-##A,Clovis,at,Logistics Park Chicago,,,id:1505,1040,
BNSF,BARLPK4-##A,Clovis,at,Clovis,,grouped by destination,,1040,
BNSF,BARLPK4-##A,Clovis,at,Logistics Park Kansas City,,,id:2454,1040,
BNSF,BARMEM1-##A,Clovis,at,Clovis,,grouped by destination,,1040,
BNSF,BARMEM1-##A,Clovis,at,Memphis IM,,,id:1165 id:1172 id:1435 id:1445 id:1446 id:1449 id:1450 id:1921 id:1923 id:1983 id:2076 id:2915 class:im,1040,
BNSF,BARSCO1-##A,1029,at,SCO,,"any BNSF served Los Angeles/Long Beach Harbor Terminal, excluding Wesst Basin",,,any BNSF served Los Angeles/Long Beach Harbor Terminal; excluding Wesst Basin
BNSF,ALTAMS3-##A,1556,at,Zita,,,,,Zita
BNSF,AMALAC3-##A,Clovis,at,Clovis,,Los Angeles/Long Beach Ports and/or Oakland; grouped by destination,,1040,Los Angeles/Long Beach Ports and/or Oakland; grouped by destination
BNSF,AMALAC3-##A,Clovis,at,Los Angeles Hobart,,,id:1007,1040,
BNSF,AMALAC3-##A,Clovis,at,Domestic Baretables,,Los Angeles Hobart only,id:1007,1040,
BNSF,AMASCO1-##A,Clovis,at,Clovis,,"Los Angeles Hobart, Oakland BNSF; grouped by destination",id:1007,1040,Oakland BNSF; grouped by destination
BNSF,AMASCO1-##A,Clovis,at,SCO,,"any BNSF served Los Angeles/Long Beach Harbor Terminal, excluding West Basin",,1040,any BNSF served Los Angeles/Long Beach Harbor Terminal; excluding West Basin
BNSF,AMAOIG1-##A,North Bay,at,Clovis,,"Los Angeles Hobart, Los Angeles/Long Beach Ports; grouped by destination",id:1007,1419,Los Angeles/Long Beach Ports; grouped by destination
BNSF,AMAOIG1-##A,North Bay,at,Oakland BNSF,,,id:2237,1419,
BNSF,ALTLBJ1-##A,Clovis,at,Clovis,,Oakland BNSF IM only,id:2237 class:im,1040,
BNSF,ALTLBJ1-##A,Clovis,at,Long Beach PCT BNSF IM,,,id:2514 class:im,1040,
BNSF,ALTLBJ1-##A,Clovis,at,Long Beach Toyota Empty Autoracks,,,id:3095 id:3096 class:auto class:empty,1040,
BNSF,SEACXO1-##A,Minot Gavin Yard,at,"South Kearney, NJ",,3294,id:3294,1582,
BNSF,SEACXO1-##A,Minot Gavin Yard,at,"W. Springfield, MA",,1002,id:1002,1582,
BNSF,SEACXO1-##A,Minot Gavin Yard,at,"Syracuse DeWitt, NY",,1625,id:1625,1582,
BNSF,LHAATG6-##A,Clovis,at,Fairburn IM,,,id:1261 class:im,1040,
BNSF,GUPBAR1-##A,1252,at,Barstow,,"AK, BC, CA, NV, OR, WA",st:AK st:BC st:CA st:NV st:OR st:WA,,
BNSF,PHXBEL1-##A,Glendale BNSF,at,Belen,,,id:1135,1973,
BNSF,PHXBEL1-##A,Glendale BNSF,at,Empty Autoracks,,from El Mirage,,1973,from El Mirage
BNSF,LAUSPO1-##A,Missoula,at,Spokane,,"Athol, Chewelah, Couer d'Alene, Lind, Plummer, St. Maries, Trentwood, Velox",id:3644 id:2838 id:3460 id:2837 id:2199 id:2965 id:2212 id:1876,1989,
BNSF,LAUSPO1-##A,Missoula,at,Pasco,,extra pick up if needed,,1989,extra pick up if needed
BNSF,SDGBAR1-##A,2145,at,Barstow Loaded Autoracks,,grouped by destination; only if not run in V-trains,,,
BNSF,SDGBAR1-##A,2145,at,Barstow Manifest,,,id:1029,,
BNSF,SDGBAR1-##A,2145,at,Barstow Empty Autoracks,,if more than 10; grouped by destination,,,
BNSF,ALNLAU1-##A,Gillette Yard,at,Crawford,,RCPE,rr:RCPE,1051,
BNSF,ALNLAU1-##A,Gillette Yard,at,Gillette,,,id:1051,1051,
BNSF,ALNLAU1-##A,Gillette Yard,at,Sheridan,,,,1051,Sheridan
BNSF,ALNLAU1-##A,Gillette Yard,at,Laurel,,"AB, AK, BC, ID, MT, ND, OR, WA",st:AB st:AK st:BC st:ID st:MT st:ND st:OR st:WA,1051,
BNSF,AMADEN1-##A,Pueblo BNSF,at,Big Lift autoracks,,,id:2407 class:auto,3323,
BNSF,AMADEN1-##A,Pueblo BNSF,at,Pueblo,,"Minnequa, Walsenburg, Baxter, Bragdon, Colorado Springs, Parkdale, Dodge City, Ensign",id:3328 id:3329 id:3332 id:3333 id:3325 id:3326 id:1129 id:3327 id:2281 id:2282,3323,
BNSF,AMADEN1-##A,Pueblo BNSF,at,Denver,,"CO, NV, UT, WY",st:CO st:NV st:UT st:WY not:RCPE,3323,
BNSF,BARWCL1-##A,1029,at,Loaded Autoracks,,UP connections only,,,
BNSF,BARWCL1-##A,1029,at,UP West Colton,,"AZ, NM, TX, MX and Southern California",st:AZ st:NM st:TX,,MX and Southern California
BNSF,BARWCL1-##A,1029,at,Empty Autoracks,,usually Mira Loma HSFR cars,,,usually Mira Loma HSFR cars
BNSF,WCLBAR1-##A,1255,at,Barstow,,BNSF connections,,,
BNSF,BARMEM1-##A,Amarillo South Yard BNSF,at,Amariilo,,,,1716,Amariilo
BNSF,BARMEM1-##A,Amarillo South Yard BNSF,at,Springfield,,,id:2104 id:3924,1716,
BNSF,BARMEM1-##A,Amarillo South Yard BNSF,at,Memphis,,,id:1165 id:1172 id:1435 id:1445 id:1446 id:1449 id:1450 id:1921 id:1923 id:1983 id:2076 id:2915,1716,
BNSF,STOPVO1-##A,Elko UP,at,Sparks,,Fernley; all switched by UP,,3791,Fernley; all switched by UP
BNSF,STOPVO1-##A,Elko UP,at,Elko UP,,UP switches Elko BNSF,,3791,UP switches Elko BNSF
BNSF,STOPVO1-##A,Elko UP,at,Roper,,Grand Junction --> H-PVOGJC1; Ogden,,3791,Grand Junction --> H-PVOGJC1; Ogden
BNSF,GALKCK1-##A,2100,at,Loaded Autoracks,,grouped by destination,,,
BNSF,GALKCK1-##A,2100,at,Kansas City Manifest,,"may include traffic for Alliance, Amarillo, Barstow, Belen, Clovis, Temple or Tulsa",id:1394 id:1443 id:1716 id:2632 id:2633 id:3126 id:3127 id:3128 id:3129 id:1029 id:1135 id:1040,,may include traffic for Alliance; Temple or Tulsa
BNSF,KCKDEN1-##A,Denver Big Lift,at,Big Lift Autoracks,,,id:2407 class:auto,2407,
BNSF,KCKDEN1-##A,Denver Big Lift,at,Pueblo,,"Baxter, Bragdon, Colorado Springs, Minnequa, Parkdale, Walsenburg",id:3325 id:3326 id:1129 id:3328 id:3329 id:3327 id:3332 id:3333,2407,
BNSF,KCKDEN1-##A,Denver Big Lift,at,Denver,,"Cheyenne, Grand Junction, Speer, NV, UT",id:1874 id:2844 id:1332 id:2845 st:NV st:UT,2407,
BNSF,KCKLAU1-##A,1620,at,Loaded Laurel Autoracks,,,class:auto,,Loaded Laurel
BNSF,KCKLAU1-##A,1620,at,Laurel manifest,,,id:1894,,
BNSF,NTWPAS1-##A,Minot Gavin Yard,at,Pasco Manifest,,,id:1573,1582,
BNSF,LINLAU1-##A,1293,at,Laurel Loaded Autoracks,,,id:1894 class:auto class:loaded,,
BNSF,LINLAU1-##A,1293,at,Alliance,,"all Powder River Mines, Gillette",id:1051,,all Powder River Mines
BNSF,LINLAU1-##A,1293,at,Laurel,,,id:1894,,
BNSF,PASMIN1-##A,Shelby,at,Shelby,,CP in MB and SK,,2884,CP in MB and SK
BNSF,PASMIN1-##A,Shelby,at,Ross,,Tioga,id:2231,2884,
BNSF,PASMIN1-##A,Shelby,at,Minot,,,id:1582,2884,
BNSF,PASNTW1-##A,Mandan,at,Mandan,,"Beulah, Bismarck, DMVW",id:2913 id:1583 id:2224 id:3419 rr:DMVW,1584,
BNSF,PASNTW1-##A,Mandan,at,Dilworth,,"Alton, Becker, Benson, Breckenridge, Caselton, Clifford, Holloway, Moorhead, Rockville, St. Cloud, St. Joseph, Tolna, Ulen, Wadena, Wahpeton, West Fargo, OTVR",id:3220 id:1194 id:1567 id:1605 id:3219 id:2150 id:1602 id:3657 id:3131 id:2143 id:3132 id:3133 id:3130 id:3221 id:3201 id:3202 id:2324 id:1604 rr:OTVR,1584,Caselton
BNSF,PASNTW1-##A,Mandan,at,Northtown,,,id:1593,1584,
BNSF,DENBEL1-##A,Clovis,at,Clovis IM,,,id:1040 class:im,1040,
BNSF,DENBEL1-##A,Clovis,at,Clovis Manifest,,"Artesia, Atoka, Carlsbad, Loving, Roswell",id:2157 id:2463 id:2155 id:2156 id:2703,1040,
BNSF,DENBEL1-##A,Clovis,at,Belen,,"Albuquerque, El Paso, Gallup, Phoenix",id:1032 id:1779 id:1799 id:2099 id:1252 id:1345 id:1536 id:1537 id:1565 id:2707,1040,
BNSF,BELKCK1-##A,Amarillo South Yard BNSF,at,Amarillo,,Amarillo area; all yards between Amarillo and Kansas City; Louisiana and Texas,,1716,Amarillo area; all yards between Amarillo and Kansas City; Louisiana and Texas
BNSF,BELKCK1-##A,Amarillo South Yard BNSF,at,Kansas City,,,id:1059 id:1169 id:1200 id:1214 id:1218 id:1227 id:1229 id:1301 id:1620 id:1817 id:1889 id:2011,1716,
BNSF,KCKGAL1-##A,Fort Madison,at,Loaded Dayton's Bluff Autoracks,,if 10 or more - drop at Ft. Madison,,1809,
BNSF,KCKGAL1-##A,Fort Madison,at,Loaded Autoracks,,grouped by destination,,1809,
BNSF,KCKGAL1-##A,Fort Madison,at,Galesburg Manifest,,,id:2100,1809,
BNSF,KCKGAL1-##A,Fort Madison,at,Empty Autoracks,,grouped by destination,,1809,
BNSF,LAUDEN1-##A,Greybull,at,Greybull,,"Bonneville, Frannie",id:3041 id:3042,1590,
BNSF,LAUDEN1-##A,Greybull,at,Cheyenne,,"Cheyenne BNSF, Speer, Granite, UP Wyoming",id:2844 id:2845 id:2846,1590,UP Wyoming
BNSF,LAUDEN1-##A,Greybull,at,Denver,,"AZ, SoCA, CO, NM, NV, TX, UT",st:AZ st:CO st:NM st:NV st:TX st:UT,1590,SoCA
BNSF,DENPVO1-##A,Grand Junction,at,Grand Junction,,"Gary, Parachute",id:2939 id:2941,1332,
BNSF,PVODEN1-##A,Grand Junction,at,Grand Junction,,"Gary, Glenwood Springs, Montrose, Parachute",id:2939 id:2942 id:2940 id:2941,1332,
BNSF,PVODEN1-##A,Grand Junction,at,Denver,,,id:1718 id:1769 id:1770 id:1800 id:1976 id:1977 id:1978 id:1979 id:1980 id:1981 id:2407,1332,
BNSF,PVOSTO1-##A,Elko UP,at,Elko UP,,Elko BNSF switched by UP,,3791,Elko BNSF switched by UP
BNSF,PVOSTO1-##A,Elko UP,at,Sparks,,Fernley; all switched by UP,,3791,Fernley; all switched by UP
BNSF,PVOSTO1-##A,Elko UP,at,"Stockton (BNSF Northern CA, BNSF OR, BNSF WA).",,,,3791,"Stockton (BNSF Northern CA, BNSF OR, BNSF WA)"
BNSF,BAKBAR1-##A,1015,at,Barstow,,,id:1029,,
BNSF,BARRIC1-##A,Riverbank,at,Riverbank,,"Oakdale, Sonora, other connections from Riverbank as necessary",id:2024 id:2622,2023,other connections from Riverbank as necessary
BNSF,BARRIC1-##A,Riverbank,at,Richmond,,"Oakland, transfers to UP",id:3767,2023,transfers to UP
BNSF,BARSTO1-##A,Bakersfield BNSF Yard,at,Bakersfield,,"SJVR Gulf, Lansdale, Levee, Oildale, Rogas",rr:SJVR@2327 id:3500 id:2328 id:1133 id:2329,1015,
BNSF,BARSTO1-##A,Bakersfield BNSF Yard,at,Fresno,,rest of SJVR,,1015,rest of SJVR
BNSF,BARSTO1-##A,Bakersfield BNSF Yard,at,Stockton,,,id:1353 id:1354 id:2377 id:2934,1015,
BNSF,BELPHX1-##A,El Mirage,at,El Mirage Autoracks,,,id:1686 class:auto,1686,
BNSF,BELPHX1-##A,El Mirage,at,Glendale IM,,,id:1685 class:im,1686,
BNSF,BELPHX1-##A,El Mirage,at,Glendale Manifest,,"Bumstead, Fennemore, Waddell",id:3208 id:3210 id:3209,1686,
BNSF,BELPHX1-##A,El Mirage,at,Phoenix,,,id:1345 id:1536 id:1537 id:1565 id:2707,1686,
BNSF,BELDEN1-##A,Amarillo South Yard BNSF,at,Loaded Autoracks,,,class:auto,1716,Loaded
BNSF,BELDEN1-##A,Amarillo South Yard BNSF,at,Denver Rennicks IM,,,id:1981 class:im,1716,
BNSF,BELDEN1-##A,Amarillo South Yard BNSF,at,Pueblo Manifest,,,id:3323 id:3324 id:3328 id:3329,1716,
BNSF,BELDEN1-##A,Amarillo South Yard BNSF,at,Denver Manifest,,"Denver area yards, including Bridgeport, Brush, Gurley, Irondale, and Sidney",id:1452 id:2090 id:1916,1716,Denver area yards; including Bridgeport; and Sidney
BNSF,BELDEN1-##A,Amarillo South Yard BNSF,at,Denver Connections,,,,1716,Denver Connections
BNSF,BARBEL1-##A,Gallup,at,Loaded Albuquerque/El Paso Autoracks,,grouped by destination,,1252,
BNSF,BELBAR1-##A,Gallup,at,Gallup,,,id:1252,1252,
BNSF,BELBAR1-##A,Gallup,at,Barstow,,,id:1029,1252,
BNSF,BELBAR1-##A,Gallup,at,Empty Autoracks,,grouped by destination; West Coast BNSF load points only,,1252,
BNSF,TACPAS1-##A,Centralia BNSF,at,Pasco Loaded Autoracks,,grouped by destination,,3335,
BNSF,TACPAS1-##A,Centralia BNSF,at,Pasco,,,id:1573,3335,
BNSF,WATBAR1-##A,Los Angeles Hobart Yard,at,Loaded Autoracks,,only if there are large blocks; grouped by destination,,1007,only if there are large blocks; grouped by destination
BNSF,WATBAR1-##A,Los Angeles Hobart Yard,at,Barstow,,,id:1029,1007,
BNSF,WATBAR1-##A,Los Angeles Hobart Yard,at,Los Angeles Hobart,,manifest or empty IM equipment,class:im,1007,manifest or empty IM equipment
BNSF,SPOLAU1-##A,Missoula,at,Laurel Loaded Autoracks,,,id:1894 class:auto class:loaded,1989,
BNSF,SPOLAU1-##A,Missoula,at,MIssoula Manifest,,,id:1989,1989,
BNSF,SPOLAU1-##A,Missoula,at,Laurel Manifest,,,id:1894,1989,
BNSF,WLMPAS4-##A,1570,at,Laurel,,,id:1894,,
BNSF,WLMPAS4-##A,1570,at,Spokane,,"Chewelah, Couer d'Alene, Lind",id:2838 id:3460 id:2837,,
BNSF,WLMPAS4-##A,1570,at,Pasco,,,id:1573,,
BNSF,PVOLIN1-##A,Grand Junction,at,Grand Junction,,"Gary, Glenwood Springs, Montrose, Parachute",id:2939 id:2942 id:2940 id:2941,1332,
BNSF,PVOLIN1-##A,Grand Junction,at,Denver,,,id:1718 id:1769 id:1770 id:1800 id:1976 id:1977 id:1978 id:1979 id:1980 id:1981 id:2407,1332,
BNSF,PVOLIN1-##A,Grand Junction,at,Lincoln,,,id:1292 id:1293,1332,
BNSF,SLABAR1-##A,Belen,at,Loaded Autoracks for Phoenix and Albuquerque,,grouped by destination,,1135,
BNSF,SLABAR1-##A,Belen,at,Belen Manifest,,"Albuquerque, El Paso, Gallup, Phoenix",id:1032 id:1779 id:1799 id:2099 id:1252 id:1345 id:1536 id:1537 id:1565 id:2707,1135,
BNSF,SLABAR1-##A,Belen,at,Barstow Manifest,,,id:1029,1135,
BNSF,LINCAS1-##A,Alliance,at,Alliance,,all Powder River Mines,,1356|1556,all Powder River Mines
BNSF,LINCAS1-##A,Alliance,at,Greybull,,"Bonneville, Frannie",id:3041 id:3042,1356|1556,
BNSF,GALBAR1-##A,Kansas City Argentine Yard,at,Loaded Autoracks,,"grouped by destination; Argentine, Belen, Barstow",id:1135 id:1029,1620,
BNSF,GALBAR1-##A,Kansas City Argentine Yard,at,Argentine Manifest,,,id:1620,1620,
BNSF,GALBAR1-##A,Kansas City Argentine Yard,at,Amarillo Manifest,,"Clovis, Hereford, Dalhart",id:1040 id:1501 id:3715 id:3716,1620,
BNSF,GALBAR1-##A,Kansas City Argentine Yard,at,Belen Manifest,,"Albuquerque, El Paso, Gallup, Phoenix",id:1032 id:1779 id:1799 id:2099 id:1252 id:1345 id:1536 id:1537 id:1565 id:2707,1620,
BNSF,GALBAR1-##A,Kansas City Argentine Yard,at,Barstow Manifest,,,id:1029,1620,
BNSF,ALTBAR1-##A,Amarillo South Yard,at,Amarillo,,"Bovina, Clovis, Dalhart, Denver, Hereford",id:2688 id:1040 id:3715 id:3716 id:1718 id:1769 id:1770 id:1800 id:1976 id:1977 id:1978 id:1979 id:1980 id:1981 id:2407 id:1501,1716|2633,
BNSF,ALTBAR1-##A,Amarillo South Yard,at,Belen,,"Albuquerque, Gallup, El Paso, Las Cruces, Phoenix",id:1032 id:1252 id:1779 id:1799 id:2099 id:3667 id:1345 id:1536 id:1537 id:1565 id:2707,1716|2633,
BNSF,ALTBAR1-##A,Amarillo South Yard,at,Barstow,,,id:1029,1716|2633,
BNSF,PASLAU1-##A,Spokane Yardley Yard,at,Laurel Loaded Autoracks,,,id:1894 class:auto class:loaded,1742,
BNSF,PASLAU1-##A,Spokane Yardley Yard,at,Laurel,,"CO, MT except Shelby, SD, WY, Bridgeport, Sidney BNSF & Gurley NE, Mandan, Bismarck and Beulah ND",st:CO st:SD st:WY not:RCPE id:1184 id:2005 id:2560 id:1584,1742,MT except Shelby; Sidney BNSF & Gurley NE; Bismarck and Beulah ND
BNSF,RICBAR1-##A,Stockton Mormon Yard,at,Stockton Mormon,,"eastbound traffic for CO, NV, UT",st:NV st:UT,1353,eastbound traffic for CO
BNSF,RICBAR1-##A,Stockton Mormon Yard,at,Riverbank,,"northbound traffic for Pasco and/or Vancouver WA, Bend/Redmond/Madras OR",id:1071 id:1348 id:1334,1353,northbound traffic for Pasco and/or Vancouver WA
BNSF,RICBAR1-##A,Stockton Mormon Yard,at,Barstow,,,id:1029,1353,
BNSF,RICBAR1-##A,Stockton Mormon Yard,at,Empty Autoracks,,grouped by destination; Loads should go on V-trains,,1353,
BNSF,BARMOD1-##A,Bakersfield BNSF Yard,at,Bakersfield,,,id:1013 id:1015 id:1133 id:1984,1015,
BNSF,BARMOD1-##A,Bakersfield BNSF Yard,at,Fresno,,,id:1021 id:1201 id:2321,1015,
BNSF,BARMOD1-##A,Bakersfield BNSF Yard,at,Modesto,,,id:2154 id:3461 id:3462,1015,
BNSF,ROOSEA1-##A,South Seattle Yard,at,Centralia BNSF,,,id:3335,1628,
BNSF,ROOSEA1-##A,South Seattle Yard,at,South Seattle,,,id:1628,1628,
BNSF,ROOSEA1-##A,South Seattle Yard,at,Seattle Argo,,,id:1481,1628,
BNSF,MINPAS1-##A,Spokane Yardley,at,Spokane,,"Athol, Chewelah, Couer d'Alene, Lind, Plummer, St. Maries",id:3644 id:2838 id:3460 id:2837 id:2199 id:2965,1742,
BNSF,MINPAS1-##A,Spokane Yardley,at,Pasco,,,id:1573,1742,
BNSF,PASSHM1-##A,Spokane Yardley Yard,at,Shelby,,"CPKC in MB, SK; Ross & Tioga ND",,1742,CPKC in MB; SK; Ross & Tioga ND
BNSF,SPOSHM1-##A,1742,at,Shelby,,"CP in AB, MB, SK, Ross, Tioga",rr:CPKC:AB st:MB st:SK id:2326 id:2231,,
BNSF,FRSBAR1-##A,Bakersfield BNSF Yard,at,Barstow,,,id:1029,1015,
BNSF,CDTGAL1-##A,Kansas City Argentine Yard,at,Loaded Autoracks,,from either Eagle Pass or Toyota; grouped by destination,,1620,from either Eagle Pass or Toyota; grouped by destination
BNSF,CDTGAL1-##A,Kansas City Argentine Yard,at,Temple,,western connections,,1620,western connections
BNSF,CDTGAL1-##A,Kansas City Argentine Yard,at,Kansas City,,,id:1059 id:1169 id:1200 id:1214 id:1218 id:1227 id:1229 id:1301 id:1620 id:1817 id:1889 id:2011,1620,
BNSF,CDTGAL1-##A,Kansas City Argentine Yard,at,Galesburg,,,id:2100,1620,
BNSF,STODEN1-##A,Elko UP,at,Sparks,,Fernley; UP switches all,,3791,Fernley; UP switches all
BNSF,STODEN1-##A,Elko UP,at,Elko UP,,UP switches Elko BNSF,,3791,UP switches Elko BNSF
BNSF,STODEN1-##A,Elko UP,at,Roper,,Grand Junction --> H-PVOGJC1; Ogden,,3791,Grand Junction --> H-PVOGJC1; Ogden
BNSF,STODEN1-##A,Elko UP,at,Denver,,,id:1718 id:1769 id:1770 id:1800 id:1976 id:1977 id:1978 id:1979 id:1980 id:1981 id:2407,3791,
BNSF,SPOGAL1-##A,Shelby,at,Shelby,,"CP in AB, Ross, Tioga",rr:CPKC:AB id:2326 id:2231,2884,
BNSF,SPOGAL1-##A,Shelby,at,Minot,,"Grand Forks area, CN in MB, SK, CP in MB, SK",id:3188 st:SK st:SK,2884,CN in MB; CP in MB
BNSF,SPOGAL1-##A,Shelby,at,Dilworth,,"Fargo area, St. Cloud, Becker, Rockville",id:1585 id:1604 id:2143 id:3132 id:3133 id:1194 id:3131,2884,
BNSF,SPOGAL1-##A,Shelby,at,Galesburg,,,id:2100,2884,
BNSF,SPOGAL2-##A,1742,at,Laurel,,,id:1894,,
BNSF,SPOGAL2-##A,1742,at,Aberdeen BNSF,,,id:1704,,
BNSF,SPOGAL2-##A,1742,at,Willmar,,,id:1570,,
BNSF,SPOGAL2-##A,1742,at,Galesburg,,,id:2100,,
BNSF,SPOKCK1-##A,Lincoln Hobson Yard,at,Lincoln,,,id:1292 id:1293,1293,
BNSF,SPOKCK1-##A,Lincoln Hobson Yard,at,Kansas City,,,id:1059 id:1169 id:1200 id:1214 id:1218 id:1227 id:1229 id:1301 id:1620 id:1817 id:1889 id:2011,1293,
BNSF,SPOKCK1-##A,Lincoln Hobson Yard,at,Kansas City Empty Autoracks,,grouped by destination; NS may be dropped at KC Murray,,1293,
BNSF,SPONTW1-##A,Shelby,at,Shelby,,"CP in AB, Ross, Tioga",rr:CPKC:AB id:2326 id:2231,2884,
BNSF,SPONTW1-##A,Shelby,at,Minot,,"Grand Forks area, CN in MB, SK, CP in MB, SK",id:3188 st:SK st:SK,2884,CN in MB; CP in MB
BNSF,SPONTW1-##A,Shelby,at,Dilworth,,"Fargo area, St. Cloud, Becker, Rockville",id:1585 id:1604 id:2143 id:3132 id:3133 id:1194 id:3131,2884,
BNSF,SPONTW1-##A,Shelby,at,Northtown,,,id:1593,2884,
BNSF,SPONTW2-##A,1742,at,Laurel,,,id:1894,,
BNSF,SPONTW2-##A,1742,at,Mandan,,"Beulah, DMVW",id:2913 rr:DMVW,,
BNSF,SPONTW2-##A,1742,at,Dilworth,,"Fargo area, St. Cloud, Becker, Rockville",id:1585 id:1604 id:2143 id:3132 id:3133 id:1194 id:3131,,
BNSF,SPONTW2-##A,1742,at,Northtown,,,id:1593,,
BNSF,SPOPAS9-##A,1742,at,Loaded Roosevelt Garbage Containers,,,,,Loaded Roosevelt Garbage Containers
BNSF,SPOPAS9-##A,1742,at,Pasco,,,id:1573,,
BNSF,SPOSEA1-##A,1742,at,Everett Delta,,BC,st:BC,,
BNSF,SPOSEA1-##A,1742,at,Seattle Stacy,,"Auburn, Kent, Renton, Tacoma",id:1539 id:1553 id:3300 id:3031 id:1502 id:1503 id:1554 id:1555 id:2626 id:2710 id:2711 id:2712 id:2714 id:3286 id:3287 id:3288,,
BNSF,SPOWLM1-##A,1742,at,Laurel Loaded Autoracks,,,id:1894 class:auto class:loaded,,
BNSF,SPOWLM1-##A,1742,at,Laurel Manifest,,,id:1894,,
BNSF,SPOWLM1-##A,1742,at,Aberdeen Manifest,,,id:2887 id:3338 id:3713,,
BNSF,SPOWLM1-##A,1742,at,Willmar Manifest,,,id:1570,,
BNSF,VBCABN4-##A,1616,at,Portland Albina,,,id:1302,,
BNSF,WLMBAR1-##A,1570,at,Amarillo South,,"West Texas, Temple, San Antonio, Mexico Eagle Pass and El Paso, BNSF in AZ, BNSF in NM",id:2330 id:3741 id:2239 id:2242 id:3118 id:3119 id:3432,,West Texas; Mexico Eagle Pass and El Paso; BNSF in AZ; BNSF in NM
BNSF,WLMBAR1-##A,1570,at,Barstow,,Southern California,,,Southern California
BNSF,AMALAU1-##A,Denver Big Lift,at,Big Lift Autoracks,,,id:2407 class:auto,2407,
BNSF,AMALAU1-##A,Denver Big Lift,at,Laurel Autoracks,,,id:1894 class:auto,2407,
BNSF,AMALAU1-##A,Denver Big Lift,at,Laurel Manifest,,,id:1894,2407,
BNSF,AMALAU1-##A,Denver Big Lift,at,Denver Manifest,,,id:1718 id:1769 id:1770 id:1800 id:1976 id:1977 id:1978 id:1979 id:1980 id:1981 id:2407,2407,
BNSF,AMSBAR1-##A,Belen,at,Belen,,"Albuquerque, El Paso, Gallup, Phoenix",id:1032 id:1779 id:1799 id:2099 id:1252 id:1345 id:1536 id:1537 id:1565 id:2707,1135,
BNSF,AMSBAR1-##A,Belen,at,Barstow,,,id:1029,1135,
BNSF,CLODEN1-##A,Amarillo South Yard BNSF,at,Big Lift Autoracks,,,id:2407 class:auto,1716,
BNSF,CLODEN1-##A,Amarillo South Yard BNSF,at,Other Loaded Autoracks,,,class:auto class:loaded,1716,Other
BNSF,CLODEN1-##A,Amarillo South Yard BNSF,at,Denver IM,,,id:1718 id:1769 id:1770 id:1800 id:1976 id:1977 id:1978 id:1979 id:1980 id:1981 id:2407 class:im,1716,
BNSF,CLODEN1-##A,Amarillo South Yard BNSF,at,Pueblo,,,id:3323 id:3324 id:3328 id:3329,1716,
BNSF,CRLKCK1-##A,Clovis,at,Loaded Mineral Cov. Hoppers,,grouped by destination,,1040,
BNSF,CRLKCK1-##A,Clovis,at,Kansas City,,,id:1059 id:1169 id:1200 id:1214 id:1218 id:1227 id:1229 id:1301 id:1620 id:1817 id:1889 id:2011,1040,
BNSF,DILPAS1-##A,Minot Gavin Yard,at,Minot,,,id:1582,1582,
BNSF,DILPAS1-##A,Minot Gavin Yard,at,Shelby,,CP in AB,rr:CPKC:AB,1582,
BNSF,DILPAS1-##A,Minot Gavin Yard,at,Spokane,,"Chewelah, Lind, St. Maries",id:2838 id:2837 id:2965,1582,
BNSF,DILPAS1-##A,Minot Gavin Yard,at,Pasco,,,id:1573,1582,
BNSF,SHMPAS1-##A,Spokane Yardley Yard,at,Spokane,,"Athol, Chewelah, Couer d'Alene, Lind, Plummer, St. Maries",id:3644 id:2838 id:3460 id:2837 id:2199 id:2965,1742,
BNSF,SHMPAS1-##A,Spokane Yardley Yard,at,Pasco,,,id:1573,1742,
BNSF,PASBRC1-##A,Mandan,at,Eola,,NS connections and Chicago area BNSF,,1584,
BNSF,PASBRC1-##A,Mandan,at,Clearing Yard,,CSX connections,,1584,
BNSF,PASLIN1-##A,Crawford,at,Loaded Autroacks for Laurel and Big Lift,,grouped by destination,,3310,
BNSF,PASLIN1-##A,Crawford,at,Laurel Manifest,,,id:1894,3310,
BNSF,PASLIN1-##A,Crawford,at,Omaha Autoracks,,,id:2203 class:auto,3310,
BNSF,PASLIN1-##A,Crawford,at,Lincoln Manifest,,,id:1292 id:1293,3310,
BNSF,PASKCK1-##A,Laurel,at,Laurel,,,id:1894,1894,
BNSF,PASKCK1-##A,Laurel,at,Lincoln,,,id:1292 id:1293,1894,
BNSF,PASKCK1-##A,Laurel,at,Argentine,,,id:1620,1894,
BNSF,PASKCK1-##A,Laurel,at,Empty Autoracks,,grouped by destination,,1894,
BNSF,LAUPAS1-##A,Spokane Yardley Yard,at,Spokane Loaded Autoracks,,"Kent, Portland, Tacoma, Vancouver; grouped by destination",id:1553 id:3300 id:1302 id:1866 id:1868 id:1877 id:2137 id:2138 id:2140 id:2141 id:2995 id:2996 id:3275 id:3276 id:1502 id:1503 id:1554 id:1555 id:2626 id:2710 id:2711 id:2712 id:2714 id:3286 id:3287 id:3288,1742,Vancouver; grouped by destination
BNSF,LAUPAS1-##A,Spokane Yardley Yard,at,Spokane Manifest,,"Athol, Chewelah, Couer d'Alene, Lind, Plummer, St. Maries, Trentwood, Velox",id:3644 id:2838 id:3460 id:2837 id:2199 id:2965 id:2212 id:1876,1742,
BNSF,LAUPAS1-##A,Spokane Yardley Yard,at,Pasco,,,id:1573,1742,
BNSF,MEMBAR1-##A,Springfield Yard,at,Loaded Clovis Autoracks,,"Autoracks for BNSF in AZ, CA, NM; grouped by destination",class:auto st:CA,2861|3621,BNSF in AZ; NM; grouped by destination
BNSF,MEMBAR1-##A,Springfield Yard,at,Barstow Manifest,,,id:1029,2861|3621,
BNSF,GJCPVO1-##A,1332,at,Salt Lake City Roper,,,id:1009,,
BNSF,DENAMS1-##A,Pueblo BNSF,at,Pueblo,,"Minnequa, Walsenburg",id:3328 id:3329 id:3332 id:3333,3323,
BNSF,DENAMS1-##A,Pueblo BNSF,at,Amarillo,,"AZ, SoCA, LA, NM, TX",st:AZ st:LA st:NM st:TX,3323,SoCA
BNSF,DENGAL9-##A,1800,at,Loaded Autoracks,,if needed; grouped by destination,,,
BNSF,DENGAL9-##A,1800,at,Chicago Cicero IM,,not handled on Z/Q-DENCHC,,,not handled on Z/Q-DENCHC
BNSF,DENGAL9-##A,1800,at,Galesburg,,,id:2100,,
BNSF,BARLIN1-##A,Belen,at,Belen,,"Albuquerque, Clovis, El Paso, Phoenix",id:1032 id:1040 id:1779 id:1799 id:2099 id:1345 id:1536 id:1537 id:1565 id:2707,1135,
BNSF,BARLIN1-##A,Belen,at,Amarillo,,Dalhart,id:3715 id:3716,1135,
BNSF,BARLIN1-##A,Belen,at,Wichita,,,id:2824 id:2825 id:2826 id:2829,1135,
BNSF,BARLIN1-##A,Belen,at,Lincoln,,,id:1292 id:1293,1135,
BNSF,BARSBD1-##A,1029,at,Loaded San Bernardino Autoracks,,,class:auto,,Loaded San Bernardino
BNSF,BARSBD1-##A,1029,at,San Bernardino,,"Redlands, San Jacinto, Verdemont",id:2856 id:2857 id:2858,,
BNSF,BARSBD1-##A,1029,at,Empty National City Autoracks,,,class:auto,,Empty National City
BNSF,BARSDG1-##A,San Bernardino,at,Loaded San Bernardino Autoracks,,,class:auto,1102,Loaded San Bernardino
BNSF,BARSDG1-##A,San Bernardino,at,San Diego Manifest,,"El Cajon, National City, San Ysidro",id:2935 id:2146 id:3740 id:2936,1102,
BNSF,BARSDG1-##A,San Bernardino,at,Empty National City Autoracks,,,class:auto,1102,Empty National City
BNSF,GALBEL1-##A,Amarillo South Yard,at,Loaded Autoracks,,"grouped by desination: Argentine, Amarillo, Albuquerque, El Mirage",id:1394 id:1443 id:1716 id:2632 id:2633 id:3126 id:3127 id:3128 id:3129 id:1032 id:1686,1716|2633,
BNSF,GALBEL1-##A,Amarillo South Yard,at,Amarillo,,"Bovina, Clovis area, Dalhart, Hereford",id:2688 id:1040 id:3715 id:3716 id:1501,1716|2633,
BNSF,GALBEL1-##A,Amarillo South Yard,at,Belen,,"Albuquerque, El Paso, Gallup, Phoenix",id:1032 id:1779 id:1799 id:2099 id:1252 id:1345 id:1536 id:1537 id:1565 id:2707,1716|2633,
BNSF,SBDBAR1-##A,1102,at,Barstow Manifest,,,id:1029,,
BNSF,SBDBAR1-##A,1102,at,Barstow Empty Autoracks,,grouped by destination,,,
BNSF,SUPPAS1-##A,Dilworth,at,Dilworth,,"Fargo area, Mandan area",id:1585 id:1604 id:1584,1586,
BNSF,SUPPAS1-##A,Dilworth,at,Laurel,,"MT, WY, Spokane area traffic",st:MT st:WY not:RCPE,1586,Spokane area traffic
BNSF,SUPPAS1-##A,Dilworth,at,Pasco,,,id:1573,1586,
BNSF,TULBAR1-##A,Amarillo South Yard BNSF,at,Loaded Autoracks,,grouped by destination,,1716,
BNSF,TULBAR1-##A,Amarillo South Yard BNSF,at,Amarillo,,"Hereford, Dalhart, Clovis",id:1501 id:3715 id:3716 id:1040,1716,
BNSF,TULBAR1-##A,Amarillo South Yard BNSF,at,Belen,,"El Paso, Phoenix, Albuquerque",id:1779 id:1799 id:2099 id:1345 id:1536 id:1537 id:1565 id:2707 id:1032,1716,
BNSF,TULBAR1-##A,Amarillo South Yard BNSF,at,Barstow,,,id:1029,1716,
BNSF,MODBAR9-##A,3461,at,Barstow Priority,,,,,Barstow Priority
BNSF,KCKBAR1-##A,Amarillo South Yard BNSF,at,Loaded Autoracks,,grouped by destination,,1716,
BNSF,KCKBAR1-##A,Amarillo South Yard BNSF,at,Amarillo Manifest,,,id:1394 id:1443 id:1716 id:2632 id:2633 id:3126 id:3127 id:3128 id:3129,1716,
BNSF,KCKBAR1-##A,Amarillo South Yard BNSF,at,Belen Manifest,,,id:1135,1716,
BNSF,KCKBAR1-##A,Amarillo South Yard BNSF,at,Barstow Manifest,,,id:1029,1716,
BNSF,KCKBAR1-##A,Amarillo South Yard BNSF,at,Empty Autoracks,,grouped by destination,,1716,
BNSF,KCKPAS9-##A,Lincoln Hobson Yard,at,Loaded Spokane Autoracks,,,class:auto,1293,Loaded Spokane
BNSF,KCKPAS9-##A,Lincoln Hobson Yard,at,Spokane Manifest,,"Chewelah, Couer d'Alene, Lind",id:2838 id:3460 id:2837,1293,
BNSF,KCKPAS9-##A,Lincoln Hobson Yard,at,Pasco,,,id:1573,1293,
BNSF,KCKSPO1-##A,Lincoln Hobson Yard,at,Renton (must be immediately behind power) --> Any Q-train heading for South Seattle.,,,,1293,Renton (must be immediately behind power) --> Any Q-train heading for South Seattle
BNSF,KCKSPO1-##A,Lincoln Hobson Yard,at,Spokane Loaded Autoracks,,,id:1741 id:1742 id:1743 id:1876 id:2202 id:2212 id:3179 id:3646 class:auto class:loaded,1293,
BNSF,KCKSPO1-##A,Lincoln Hobson Yard,at,Spokane manifest,,,id:1741 id:1742 id:1743 id:1876 id:2202 id:2212 id:3179 id:3646,1293,
BNSF,KCKSPO1-##A,Lincoln Hobson Yard,at,Leftoever Pasco traffic,H-SPOPAS,,,1293,Leftoever Pasco traffic
BNSF,NTWSPO1-##A,Minot Gavin Yard,at,Spokane Yardley Loaded Autoracks,,if needed - see above,,1582,
BNSF,NTWSPO1-##A,Minot Gavin Yard,at,Spokane Yardley,,"Athol, Chewelah, Couer d'Alene, Lind, Plummer, St. Maries",id:3644 id:2838 id:3460 id:2837 id:2199 id:2965,1582,
BNSF,NEWFRS1-##A,Belen,at,Barstow,,Southern California,,1135,Southern California
BNSF,NEWFRS1-##A,Belen,at,Bakersfield,,,id:1013 id:1015 id:1133 id:1984,1135,
BNSF,NEWFRS1-##A,Belen,at,Fresno,,Northern California,st:CA,1135,
BNSF,PVORRB1-##A,Elko UP,at,Elko UP,,Elko BNSF switched by UP,,3791,Elko BNSF switched by UP
BNSF,PVORRB1-##A,Elko UP,at,Sparks,,Fernley; all switched by UP,,3791,Fernley; all switched by UP
BNSF,PVORRB1-##A,Elko UP,at,Riverbank,,"Fresno, Bakersfield, Southern California",id:1021 id:1201 id:2321 id:1013 id:1015 id:1133 id:1984,3791,Southern California
BNSF,PVOKCK1-##A,Grand Junction,at,Grand Junction,,"Gary, Glenwood Springs, Montrose, Parachute",id:2939 id:2942 id:2940 id:2941,1332,
BNSF,PVOKCK1-##A,Grand Junction,at,Pueblo,,"Baxter, Bragdon, Dodge City, Ensign, Emporia, Parkdale, Walsenburg",id:3325 id:3326 id:2281 id:2282 id:1275 id:3327 id:3332 id:3333,1332,
BNSF,PVOKCK1-##A,Grand Junction,at,Kansas City,,,id:1059 id:1169 id:1200 id:1214 id:1218 id:1227 id:1229 id:1301 id:1620 id:1817 id:1889 id:2011,1332,
BNSF,PVOGJC1-##A,1009,at,Grand Junction,,,id:1332,,
BNSF,GALPAS1-##A,Dilworth,at,Dilworth,,"Fargo area, Grand Forks, Mandan, Laurel",id:1585 id:1604 id:3188 id:1584 id:1894,1586,
BNSF,GALPAS1-##A,Dilworth,at,Minot,,"Ross, Tioga, Shelby",id:2326 id:2231 id:2884,1586,
BNSF,GALPAS1-##A,Dilworth,at,Spokane,,"Chewelah, Couer d'Alene, Lind",id:2838 id:3460 id:2837,1586,
BNSF,GALPAS1-##A,Dilworth,at,Pasco,,,id:1573,1586,
BNSF,PASGFD1-##A,Shelby,at,Shelby,,CPKC in MB and SK,,2884,CPKC in MB and SK
BNSF,MISSPO1-##A,1989,at,Spokane Local,,"Athol, Chewelah, Couer d'Alene, Lind, Plummer, St. Maries",id:3644 id:2838 id:3460 id:2837 id:2199 id:2965,,
BNSF,MISSPO1-##A,1989,at,Spokane Connections --> H-SPOPAS.,,,,,Spokane Connections
BNSF,SPOMIS1-##A,1742,at,Missoula,,,id:1989,,
BNSF,EVESPO1-##A,Vancouver BNSF,at,Vancouver,,,id:1587 id:1597 id:1613 id:1616 id:1621 id:1622 id:1663 id:1702 id:1854 id:2065 id:2854 id:3056,1702,
BNSF,EVESPO1-##A,Vancouver BNSF,at,Pasco,,,id:1573,1702,
BNSF,EVESPO1-##A,Vancouver BNSF,at,Spokane.,,,id:1741 id:1742 id:1743 id:1876 id:2202 id:2212 id:3179 id:3646,1702,
BNSF,PASGAL1-##A,Mandan,at,St. Paul Daytons Bluff Loaded Autoracks,,,id:1183 class:auto class:loaded,1584,
BNSF,PASGAL1-##A,Mandan,at,Galesburg Loaded Autoracks,,grouped by destination,,1584,
BNSF,PASGAL1-##A,Mandan,at,Galesburg Manifest,,,id:2100,1584,
BNSF,VBTABN4-##A,1587,at,Portland Albina,,,id:1302,,
BNSF,BELGAL1-##A,Kansas City Argentine Yard,at,Amarillo,,Amarillo area; all yards between Amarillo and Kansas City; Louisiana and Texas,,1620,Amarillo area; all yards between Amarillo and Kansas City; Louisiana and Texas
BNSF,BELGAL1-##A,Kansas City Argentine Yard,at,Kansas City,,,id:1059 id:1169 id:1200 id:1214 id:1218 id:1227 id:1229 id:1301 id:1620 id:1817 id:1889 id:2011,1620,
BNSF,BELGAL1-##A,Kansas City Argentine Yard,at,Galesburg,,,id:2100,1620,
BNSF,BIRKCK1-##A,Blue Springs,at,Kansas City Argentine Loads,,,id:1620 class:loaded,2877,
BNSF,BIRKCK1-##A,Blue Springs,at,Kansas City Connection Loads (grouped by destination).,,,,2877,Kansas City Connection Loads (grouped by destination)
BNSF,RICLPC1-##A,Belen,at,Clovis,,"grouped by destination; Alliance, Birmingham East Thomas, Big Lift, Argentine, East Brookfield, Albuquerque",id:1720 id:2407 id:1620 id:3434 id:1032,1135,
BNSF,RICLPC1-##A,Belen,at,Logistics Park Chicago,,,id:1505,1135,
BNSF,LPCTAC4-##B,Laurel,at,Tacoma Port Yard Empty Autoracks,,,id:1554 class:auto class:empty,1894,
BNSF,LPCTAC4-##B,Laurel,at,Port of Vancouver BNSF Empty Autoracks,,if needed,,1894,
BNSF,BLUPTS1-##A,Chicago Cicero Yard,at,Spokane,,,id:1741 id:1742 id:1743 id:1876 id:2202 id:2212 id:3179 id:3646,1470,
BNSF,BLUPTS1-##A,Chicago Cicero Yard,at,Kent,,,id:1553 id:3300,1470,
BNSF,BLUPTS1-##A,Chicago Cicero Yard,at,Tacoma Port Yard,,,id:1554,1470,
BNSF,BLUPTS1-##A,Chicago Cicero Yard,at,Port of Vancouver,,,id:1712 id:3059,1470,
BNSF,BLUPTS1-##A,Chicago Cicero Yard,at,Portland T6,,,,1470,Portland T6
BNSF,BLUSBD1-##A,Belen,at,Fort Madison,,Oklahoma City/Alliance/Pearland,id:2200 id:3060 id:1356 id:1556 id:1358,1135,
BNSF,BLUSBD1-##A,Belen,at,Argentine,,,id:1620,1135,
BNSF,BLUSBD1-##A,Belen,at,Emporia,,Big Lift/Laurel/Midlothian,id:2407 id:1894 id:2031,1135,
BNSF,BLUSBD1-##A,Belen,at,Clovis,,Albuquerque/El Mirage/Richmond,id:1032 id:1686 id:3905,1135,
BNSF,BLUSBD1-##A,Belen,at,San Bernardino,,,id:1102,1135,
BNSF,ALTKCK1-##A,1556,at,Kansas City Loaded Autoracks,,grouped by destination,,,
BNSF,ALTKCK1-##A,1556,at,Kansas City Empty Autoracks,,grouped by destination,,,
BNSF,ALTBLU1-##A,1556,at,Loaded Autoracks,,grouped by railroad and destination,,,
BNSF,ALTBLU1-##A,1556,at,Empty Autoracks,,grouped by railroad and destination,,,
BNSF,TACLPC1-##C,Minot Gavin Yard,at,St. Paul Dayton's Bluff Loaded Autoracks,,,id:1183 class:auto class:loaded,1582,
BNSF,TACLPC1-##C,Minot Gavin Yard,at,Logistics Park Chicago Loaded Autoracks,,,id:1505 class:auto class:loaded,1582,
BNSF,SBDKCK1-##A,Belen,at,Kansas City Argentine,,,id:1620,1135,
BNSF,CLOPHX1-##A,El Mirage,at,El Mirage BNSF Loaded Autoracks,,,id:1686 class:auto class:loaded,1686,
BNSF,CLOPHX1-##A,El Mirage,at,Glendale BNSF IM,,,id:1973 class:im,1686,
BNSF,BIRLPC1-##A,Blue Springs,at,Logistics Park Chicago Loads,,,id:1505 class:loaded,2877,
BNSF,BIRLPC1-##A,Blue Springs,at,Hammond Gibson Connections,T-LPCIHB,Loads and Empties,class:empty,2877,Loads and
BNSF,CLOSBD1-##A,1040,at,San Bernardino Loaded Autoracks,,,id:1102 class:auto class:loaded,,
BNSF,CLOSBD1-##A,1040,at,Empty National City Autoracks,,,class:auto,,Empty National City
BNSF,PHXRIC4-##A,Gallup,at,Richmond BNSF Empty Autoracks,,,id:1527 class:auto class:empty,1252,
BNSF,SDGBAR1-##A,San Bernardino,at,Barstow,,,id:1029,1102,
BNSF,SDGBLU1-##A,Clovis,at,Clovis,,,id:1040,1040,
BNSF,SDGBLU1-##A,Clovis,at,Fort Madison Autoracks,Q-FTMSTP1,Dayton's Bluff,id:1183,1040,
BNSF,SDGBLU1-##A,Clovis,at,Hammond Gibson Autoracks,,,id:1863 class:auto,1040,
BNSF,SDGCLO1-##A,2145,at,Clovis,,grouped by railroad and destination,,,
BNSF,PHXSDG4-##A,Gallup,at,National City Empty Autoracks,,,id:2146 id:3740 class:auto class:empty,1252,
BNSF,SBDSDG4-##A,1102,at,National City Loaded Autoracks,,,id:2146 id:3740 class:auto class:loaded,,
BNSF,SBDSDG4-##A,1102,at,National City Empty Autoracks,,,id:2146 id:3740 class:auto class:empty,,
BNSF,KCKBEL1-##A,Amarillo South Yard BNSF,at,Amarillo South Autoracks,,,id:1716 id:2633 class:auto,1716,
BNSF,BIRSBD1-##A,Springfield Yard,at,Clovis,,all non-San Bernardino; grouped by destination,,2861|3621,all non-San Bernardino; grouped by destination
BNSF,BIRSBD1-##A,Springfield Yard,at,San Bernardino,,,id:1102,2861|3621,
BNSF,CLOLPC1-##A,Emporia,at,Kansas City Argentine Loaded Autoracks,,,id:1620 class:auto class:loaded,1275,
BNSF,CLOLPC1-##A,Emporia,at,Logistics Park Chicago Loaded Autoracks,,,id:1505 class:auto class:loaded,1275,
BNSF,CLOBIR1-##A,Springfield Yard BNSF,at,Birmingham Loaded Autoracks,,grouped by destination if multiple connections,,2861,
BNSF,CLOBIR1-##A,Springfield Yard BNSF,at,Birmingham Empty Autoracks,,,id:1211 id:1333 id:1720 id:1727 id:1786 id:1787 id:1805 id:1806 id:2305 id:2423 id:3195 id:4008 class:auto class:empty,2861,
BNSF,CLOBIR1-##A,Springfield Yard BNSF,at,Blue Springs Empty Autoracks,,,id:2877 class:auto class:empty,2861,
BNSF,SDGALT1-##A,Clovis,at,Clovis,,non-Alliance grouped by railroad and destination,,1040,non-Alliance grouped by railroad and destination
BNSF,SDGALT1-##A,Clovis,at,Alliance,,Hyundai,,1040,Hyundai
BNSF,PHXKCK4-##A,Belen,at,Belen,,Mexican El Paso Interchange BNSF,,1135,Mexican El Paso Interchange BNSF
BNSF,PHXKCK4-##A,Belen,at,Clovis,,Mexican Eagle Pass Interchange BNSF,,1135,Mexican Eagle Pass Interchange BNSF
BNSF,PHXKCK4-##A,Belen,at,Kansas City Argentine,,,id:1620,1135,
BNSF,CHCDBU1-##N,1470,at,Dayton's Bluff,,,id:1183,,
BNSF,CDTALT1-##A,Temple,at,Alliance,,grouped by destination,,2330|3741,
BNSF,KCKPHX1-##A,Amarillo South Yard BNSF,at,Clovis,,grouped by destination,,1716,
BNSF,KCKPHX1-##A,Amarillo South Yard BNSF,at,El Mirage,,,id:1686,1716,
BNSF,SBDCLO1-##A,1102,at,Clovis,,grouped by destination,,,
BNSF,KCKDEN1-##A,1620,at,Denver Big Lift Autoracks,,,id:2407 class:auto,,
BNSF,KCKDEN1-##A,1620,at,Denver Connection Autoracks,,grouped by destination,,,
BNSF,BLUDIL1-##A,1098,at,Dayton's Bluff,,,id:1183,,
BNSF,BLUDIL1-##A,1098,at,Laurel,H-DILLAU1 at Dilworth,,id:1894,,
BNSF,BLUDIL1-##A,1098,at,Dilworth,,,id:1586,,
BNSF,CHCDIL1-##A,1470,at,St. Paul Dayton's Bluff Loaded Autoracks,,,id:1183 class:auto class:loaded,,
BNSF,CHCDIL1-##A,1470,at,Dilworth Loaded Autoracks,,,id:1586 class:auto class:loaded,,
BNSF,CHCDIL1-##A,1470,at,Dilworth Connecting Loaded Autoracks,,grouped by destination,,,
BNSF,FTMPEA1-##A,Oklahoma City Flynn Yard,at,Argentine Autoracks,,,id:1620 class:auto,2200,
BNSF,FTMPEA1-##A,Oklahoma City Flynn Yard,at,Oklahoma City Autoracks,,,id:2200 id:3060 class:auto,2200,
BNSF,FTMPEA1-##A,Oklahoma City Flynn Yard,at,Alliance Autoracks,,,id:1356 class:auto,2200,
BNSF,FTMPEA1-##A,Oklahoma City Flynn Yard,at,Pearland Autoracks,,,id:1358 class:auto,2200,
BNSF,FTMPEA1-##A,Oklahoma City Flynn Yard,at,Mexico Laredo BNSF,,,id:2483,2200,
BNSF,BLUKCK1-##A,Fort Madison,at,Argentine Autoracks,,,id:1620 class:auto,1809,
BNSF,BLUKCK1-##A,Fort Madison,at,Argentine Connections,,grouped by destination,,1809,
BNSF,CHCPTS3-##F,Spokane Yardley Yard,at,Spokane Yardley,,,id:1742,1742,
BNSF,CHCPTS3-##F,Spokane Yardley Yard,at,Kent Orillia,,,id:3300,1742,
BNSF,CHCPTS3-##F,Spokane Yardley Yard,at,Tacoma Port Yard,,,id:1554,1742,
BNSF,CHCPTS3-##F,Spokane Yardley Yard,at,Portland Terminal 6 BNSF,,,id:1877,1742,
BNSF,CHCPTS3-##F,Spokane Yardley Yard,at,Empty Autoracks,,grouped by detination,,1742,
BNSF,ELPCLO1-##A,2486,at,Clovis,,grouped by destination,,,
BNSF,KCKSBD1-##A,Belen,at,Amarillo South Autoracks,,,id:1716 id:2633 class:auto,1135,
BNSF,KCKSBD1-##A,Belen,at,Clovis Autoracks,,grouped by destination,,1135,
BNSF,KCKSBD1-##A,Belen,at,San Bernardino Loaded Autoracks,,,id:1102 class:auto class:loaded,1135,
BNSF,KCKSBD1-##A,Belen,at,San Bernardino Empty Autoracks,,"National City, Los Angeles Nissan BNSF, Long Beach Toyota BNSF; grouped by destination",id:2146 id:3740 id:3105,1135,Long Beach Toyota BNSF; grouped by destination
BNSF,KCKLPC1-##A,Fort Madison,at,Logistics Park Chicago Loaded Autoracks,,,id:1505 class:auto class:loaded,1809,
BNSF,KCKLPC1-##A,Fort Madison,at,Hammond Gibson Loaded Autoracks,T-LPCIHB4,grouped by destination,,1809,
BNSF,KCKLPC1-##A,Fort Madison,at,Hammond Gibson Empty Autoracks,T-LPCIHB4,grouped by destination,,1809,
BNSF,CLOKCK1-##A,Amarillo South Yard BNSF,at,Kansas City Loaded Autoracks,,,id:1059 id:1169 id:1200 id:1214 id:1218 id:1227 id:1229 id:1301 id:1620 id:1817 id:1889 id:2011 class:auto class:loaded,1716,
BNSF,CLOKCK1-##A,Amarillo South Yard BNSF,at,Kansas City Empty Autoracks,,grouped by destination,,1716,
BNSF,KCKRIC1-##A,Belen,at,Amarillo South Autoracks,,,id:1716 id:2633 class:auto,1135,
BNSF,KCKRIC1-##A,Belen,at,Clovis Autoracks,,grouped by destination,,1135,
BNSF,KCKRIC1-##A,Belen,at,Richmond BNSF Autoracks,,,id:1527 class:auto,1135,
BNSF,EAPALT1-##A,Temple,at,Saginaw BNSF,,Midlothian,id:2031 id:2032 id:2364,2330|3741,
BNSF,EAPALT1-##A,Temple,at,Alliance Local,,,,2330|3741,Alliance Local
BNSF,EAPALT1-##A,Temple,at,Alliance Connections,,,,2330|3741,Alliance Connections
BNSF,NTWCNI4-##A,St. Paul Dayton's Bluff Yard,at,Lansing Snow Autoracks,,,id:2215 class:auto,1183,
BNSF,NTWCNI4-##A,St. Paul Dayton's Bluff Yard,at,Flint Autoracks,,,id:3523 class:auto,1183,
BNSF,NTWCNI4-##A,St. Paul Dayton's Bluff Yard,at,Flat Rock Autoracks,,,id:1766 class:auto,1183,
BNSF,NTWKCM4-##B,St. Paul Dayton's Bluff Yard,at,NS Voltz Empties,,,rr:NS@1205 class:empty,1183,
BNSF,NTWKCM4-##B,St. Paul Dayton's Bluff Yard,at,NS Wentzville Empties,,,rr:NS@1276 class:empty,1183,
BNSF,PEAEAP4-##A,1358,at,Mexcio Eagle Pass Interchange BNSF,,,,,Mexcio Eagle Pass Interchange BNSF
BNSF,PTSLPC1-##A,St. Paul Dayton's Bluff Yard,at,Spokane Autoracks,,,id:1741 id:1742 id:1743 id:1876 id:2202 id:2212 id:3179 id:3646 class:auto,1183,
BNSF,PTSLPC1-##A,St. Paul Dayton's Bluff Yard,at,Denver Big Lift Autoracks,V-PVNLPC1,,id:2407 class:auto,1183,
BNSF,PTSLPC1-##A,St. Paul Dayton's Bluff Yard,at,Laurel Autoracks,,,id:1894 class:auto,1183,
BNSF,PTSLPC1-##A,St. Paul Dayton's Bluff Yard,at,St. Paul Dayton's Bluff Autoracks,,,id:1183 class:auto,1183,
BNSF,PTSLPC1-##A,St. Paul Dayton's Bluff Yard,at,Logistics Park Chicago Autoracks,,,id:1505 class:auto,1183,
BNSF,PTSLPC1-##A,St. Paul Dayton's Bluff Yard,at,Hammond Gibson,,,id:1863,1183,
BNSF,ALTPTL1-##A,Denver Big Lift,at,Big Lift Loaded Autoracks,,,id:2407 class:auto class:loaded,2407,
BNSF,ALTPTL1-##A,Denver Big Lift,at,Laurel Loaded Autoracks,,,id:1894 class:auto class:loaded,2407,
BNSF,ALTPTL1-##A,Denver Big Lift,at,Spokane Yardley Loaded Autoracks,,,id:1742 class:auto class:loaded,2407,
BNSF,ALTPTL1-##A,Denver Big Lift,at,Portland Terminal 6 Loaded Autoracks,,,id:1877 id:2140 class:auto class:loaded,2407,
BNSF,ALTPTL1-##A,Denver Big Lift,at,Portland Terminal 6 Empty Autoracks,,,id:1877 id:2140 class:auto class:empty,2407,
BNSF,ROBALT1-##A,2483,at,Alliance,,grouped by destination,,,
BNSF,ALTROB4-##A,1556,at,Mexico Laredo Interchange BNSF,,,id:2483,,
BNSF,PEAROB4-##A,1358,at,Mexico Laredo Interchange BNSF,,,id:2483,,
BNSF,RICELP4-##A,Belen,at,Mexico El Paso Interchange BNSF,,,id:2486,1135,
BNSF,SBDELP4-##A,Belen,at,Mexico El Paso BNSF,,,id:2486,1135,
BNSF,ABQSDG4-##A,Barstow,at,Barstow,,"Long Beach Toyota, Los Angeles Harbor Nissan, Richmond; grouped by destination",id:3095 id:3096,1029,Los Angeles Harbor Nissan; Richmond; grouped by destination
BNSF,ABQSDG4-##A,Barstow,at,National City,,,id:2146 id:3740,1029,
BNSF,ABQELP4-##A,Belen,at,El Paso Interchange BNSF,,,id:2486,1135,
BNSF,PVNLPC1-##A,Laurel,at,Laurel Autoracks,,,id:1894 class:auto,1894,
BNSF,PVNLPC1-##A,Laurel,at,Denver Big Lift Autoracks,,,id:2407 class:auto,1894,
BNSF,PVNLPC1-##A,Laurel,at,Kansas City Argentine Autoracks,,,id:1620 class:auto,1894,
BNSF,PVNLPC1-##A,Laurel,at,Logistics Park Chicago Autoracks,,,id:1505 class:auto,1894,
BNSF,PVNLPC1-##A,Laurel,at,Hammond Gibson Autoracks (grouped by destination) --> T-LPCIHB4.,,,class:auto,1894,Hammond Gibson Autoracks (grouped by destination)
BNSF,ALTEAP4-##A,Temple,at,Mexico Eagle Pass BNSF,,,id:2446,2330|3741,
BNSF,PTSTAC4-##A,1877,at,Tacoma Port Yard Empty Autoracks,,,id:1554 class:auto class:empty,,
BNSF,RICALT1-##A,Belen,at,Clovis,,"grouped by destination; Birmingham East Thomas, Big Lift, LPC, Argentine, East Brookfield, Albuquerque",id:2407 id:1505 id:1620 id:3434 id:1032,1135,
BNSF,RICALT1-##A,Belen,at,Alliance,,,id:1356,1135,
BNSF,SBDTUP4--##A,Belen,at,Blue Springs Empty Autoracks,,,id:2877 class:auto class:empty,1135,
BNSF,WQMLPC1-##A,Galesburg,at,LPC Loaded Autoracks,,,id:1505 class:auto class:loaded,2100,
BNSF,ABQBIR4-##A,Springfield Yard,at,Clovis,,cars not designated below; grouped by destination,,2861|3621,cars not designated below; grouped by destination
BNSF,ABQBIR4-##A,Springfield Yard,at,Blue Springs,,,id:2877,2861|3621,
BNSF,ABQBIR4-##A,Springfield Yard,at,Bimringham East Thomas Yard,,for Honda,,2861|3621,for Honda
BNSF,ABQBIR4-##A,Springfield Yard,at,Southeastern connections,,"all load points in FL, GA and SC; grouped by destination",,2861|3621,all load points in FL; GA and SC; grouped by destination
BNSF,ABQEAP4-##A,Belen,at,Eagle Pass BNSF,,,id:1608,1135,
BNSF,ABQKCK4-##A,Clovis,at,Kansas City Argentine,,,id:1620,1040,
BNSF,ABQKCK4-##A,Clovis,at,NS,,grouped by destination,,1040,
BNSF,ABQMEM4-##A,Springfield Yard,at,Clovis,,points not listed; grouped by destination,,2861|3621,points not listed; grouped by destination
BNSF,ABQMEM4-##A,Springfield Yard,at,Memphis,,connections grouped by railroad and destination,,2861|3621,connections grouped by railroad and destination
BNSF,ABQRIC4-##A,Barstow,at,Richmond,,,id:3905,1029,
BNSF,ALTBIR4-##A,Blue Springs,at,Blue Springs,,,id:2877,2877,
BNSF,ALTBIR4-##A,Blue Springs,at,Birmingham,,CSX Boyles,rr:CSX@1805,2877,
BNSF,BGLBLU4-##A,Lincoln Hobson Yard,at,Hammond Gibson,,grouped by destination,,1293,
BNSF,ALTSDG4-##A,Belen,at,National City,,,id:2146 id:3740,1135,
BNSF,ALTCSX4-##A,1556,at,Loaded Autoracks,,grouped by destination - CSX only,,,
BNSF,ALTCSX4-##A,1556,at,Empty Autoracks,,grouped by destination - CSX only,,,
BNSF,ALTLPC1-##A,1556,at,Logistics Park Chicago,,,id:1505,,
BNSF,ALTMDO3-##A,1556,at,Midlothian Loaded Autoracks,,,id:2031 id:2032 id:2364 class:auto class:loaded,,
BNSF,ALTMEM4-##A,1556,at,Memphis,,grouped by destination,,,
BNSF,ALTNWO4-##A,Temple,at,CSX,,grouped by destination,,2330|3741,
BNSF,ALTOLI4-##A,1556,at,NS,,grouped by destination,,,
BNSF,ALTWQM1-##A,1556,at,West Quincy / Logistics Park Chicago,V-WQMLPC,,id:1901 id:1505,,
BNSF,ALTWQM1-##A,1556,at,West Quincy / Hammond Gibson,V-WQMBLU,,id:1901 id:1863,,
BNSF,BARCLO3-##A,1029,at,Clovis Autoracks,,grouped by destination,,,
BNSF,BARPHX3-##A,Gallup,at,El Mirage Autoracks,,,id:1686 class:auto,1252,
BNSF,BARSBD3-##A,1029,at,San Bernardino Loaded Autoracks,,,id:1102 class:auto class:loaded,,
BNSF,BARSBD3-##A,1029,at,San Bernardino IM,,if needed,,,
BNSF,BARSDG3-##A,1029,at,San Bernardino,,,id:1102,,
BNSF,BELELP1-##A,1135,at,Mexico El Paso BNSF Autoracks,,,id:2486 class:auto,,
BNSF,BGLEAP4-##A,Temple,at,Mexico Eagle Pass Interchange BNSF.,,,id:2446,2330|3741,
BNSF,BGLELP4-##A,Clovis,at,Loaded Mexico El Paso Autoracks,,pick uped at Clovis,,1040,pick uped at Clovis
BNSF,BGLELP4-##A,Clovis,at,Empty Mexico El Paso Autoracks,,,class:auto,1040,Empty Mexico El Paso
BNSF,BGLKCK4-##A,2407,at,Empty Argentine Autoracks,,grouped by destination,,,
BNSF,BGLKCM4-##A,2407,at,NS Voltz Empties,,,rr:NS@1205 class:empty,,
BNSF,BGLKCM4-##A,2407,at,NS Wentzville Empties,,,rr:NS@1276 class:empty,,
BNSF,BIREAP1-##U,Blue Springs,at,Mexico Eagle Pass BNSF,,,id:2446,2877,
BNSF,BIRWEL1-##A,1720,at,Emporia Autoracks,,grouped by destination,,,
BNSF,BIRWQM1-##A,1720,at,West Quincy / Logistics Park Chicago,V-WQMLPC,,id:1901 id:1505,,
BNSF,BIRWQM1-##A,1720,at,West Quincy / Hammond Gibson,V-WQMBLU,,id:1901 id:1863,,
BNSF,BLUDBU3-##A,1098,at,Dayton's Bluff,,,id:1183,,
BNSF,BLUFTM1-##A,1098,at,Argentine Autoracks,,,id:1620 class:auto,,
BNSF,BLUFTM1-##A,1098,at,Oklahoma City Autoracks,,,id:2200 id:3060 class:auto,,
BNSF,BLUFTM1-##A,1098,at,Alliance Autoracks,,,id:1356 class:auto,,
BNSF,BLUFTM1-##A,1098,at,Pearland Autoracks,,,id:1358 class:auto,,
BNSF,BLUFTM1-##A,1098,at,Mexico Laredo Autoracks,,,id:2482 id:2483 id:2484 class:auto,,
BNSF,BLURIC1-##A,Belen,at,Fort Madison,,Oklahoma City/Alliance/Pearland,id:2200 id:3060 id:1356 id:1556 id:1358,1135,
BNSF,BLURIC1-##A,Belen,at,Argentine,,,id:1620,1135,
BNSF,BLURIC1-##A,Belen,at,Emporia,,Big Lift/Laurel/Midlothian,id:2407 id:1894 id:2031,1135,
BNSF,BLURIC1-##A,Belen,at,Clovis,,Albuquerque/El Mirage/San Bernardino,id:1032 id:1686 id:1102,1135,
BNSF,BLURIC1-##A,Belen,at,Richmond,,,id:3905,1135,
BNSF,BSRBIR3-##A,2877,at,Birmingham,,grouped by destination,,,
BNSF,BSRMEM3-##A,2877,at,Memphis,,grouped by destination,,,
BNSF,BSRWQM3-##A,2877,at,West Quincy / Logistics Park Chicago,V-WQMLPC,,id:1901 id:1505,,
BNSF,BSRWQM3-##A,2877,at,West Quincy / Hammond Gibson,V-WQMBLU,,id:1901 id:1863,,
BNSF,CDTWQM1-##A,Temple,at,West Quincy / Logistics Park Chicago,V-WQMLPC,,id:1901 id:1505,2330|3741,
BNSF,CDTWQM1-##A,Temple,at,West Quincy / Hammond Gibson,V-WQMBLU,,id:1901 id:1863,2330|3741,
BNSF,CLOABQ1-##A,1040,at,Albuquerque Abajo Autoracks,,,id:1032 class:auto,,
BNSF,CLOABQ1-##A,1040,at,Albuquerque Abajo IM,,,id:1032 class:im,,
BNSF,CLOALT1-##A,1040,at,Alliance Autoracks,,,id:1356 class:auto,,
BNSF,CLOALT1-##A,1040,at,Alliance IM,,no other Alliance connections,,,no other Alliance connections
BNSF,CLODEN1-##A,Denver Big Lift,at,Denver Big Lift Loaded Autoracks,,,id:2407 class:auto class:loaded,2407,
BNSF,CLODEN1-##A,Denver Big Lift,at,Laurel Loaded Autoracks,,,id:1894 class:auto class:loaded,2407,
BNSF,CLODEN1-##A,Denver Big Lift,at,Pacific Northwest Loaded Autoracks,,grouped by destination,,2407,
BNSF,CLODEN1-##A,Denver Big Lift,at,Denver Rennicks IM,,,id:1981 class:im,2407,
BNSF,CLOBLU1-##A,Kansas City Argentine Yard,at,Kansas City Argentine Loaded Autoracks,,,id:1620 class:auto class:loaded,1620,
BNSF,CLOBLU1-##A,Kansas City Argentine Yard,at,Logistics Park Loaded Autoracks,,,id:1505 id:2454 class:auto class:loaded,1620,
BNSF,CLOBLU1-##A,Kansas City Argentine Yard,at,Hammond Gibson Loaded Autoracks,,grouped by destination,,1620,
BNSF,CLOBLU1-##A,Kansas City Argentine Yard,at,Hammond Gibson Empty Autoracks,,grouped by destination,,1620,
BNSF,CLOMDO1-##A,1040,at,Midlothian Loaded Autoracks,,,id:2031 id:2032 id:2364 class:auto class:loaded,,
BNSF,CLORIC1-##A,1040,at,Richmond BNSF Loaded Autoracks,,,id:1527 class:auto class:loaded,,
BNSF,CLORIC1-##A,1040,at,Richmond BNSF Empty Autoracks,,,id:1527 class:auto class:empty,,
BNSF,DENBGL1-##A,1800,at,Denver Big Lift Loaded Autoracks,,,id:2407 class:auto class:loaded,,
BNSF,DENBGL1-##A,1800,at,Empty Autoracks for repositioning from Big Lift if needed.,,,class:auto,,Empty Autoracks for repositioning from Big Lift if needed
BNSF,DENELP4-##A,1800,at,Mexico El Paso Interchange BNSF Empty Autoracks,,,id:2486 class:auto class:empty,,
BNSF,DENTAC4-##A,Laurel,at,Tacoma Port Yard Empty Autoracks,,,id:1554 class:auto class:empty,1894,
BNSF,DENTAC4-##A,Laurel,at,Port of Vancouver BNSF Empty Autoracks,,,id:1712 class:auto class:empty,1894,
BNSF,DILBLU4-##A,St. Paul Dayton's Bluff Yard,at,Empty Autoracks,,grouped by desintaion,,1183,
BNSF,EAPBIR1-##A,Temple,at,Saginaw BNSF,,grouped by destination,,2330|3741,
BNSF,EAPBIR1-##A,Temple,at,Birmingham Locals,,,,2330|3741,Birmingham Locals
BNSF,EAPBIR1-##A,Temple,at,Birmingham Connections,,,,2330|3741,Birmingham Connections
BNSF,EAPCLO1-##A,Temple,at,Clovis,,grouped by destination,,2330|3741,
BNSF,EAPGAL1-##A,Temple,at,Oklahoma City Flynn Yard,,Oklahoma City GM,id:3060,2330|3741,
BNSF,EAPGAL1-##A,Temple,at,Galesburg,,grouped by destination,,2330|3741,
BNSF,ELPSBD3-##A,2486,at,San Bernardino Loaded Autoracks,,,id:1102 class:auto class:loaded,,
BNSF,ELPSDG1-##A,2486,at,National City Loaded Autoracks,,,id:2146 id:3740 class:auto class:loaded,,
BNSF,ELPSDG1-##A,2486,at,National City Empty Autoracks,,,id:2146 id:3740 class:auto class:empty,,
BNSF,EMPKCK3-##A,1275,at,Kansas City Argentine Loaded Autoracks,,,id:1620 class:auto class:loaded,,
BNSF,EMPKCK3-##A,1275,at,Kansas City Argentine Connection Loaded Autoracks,,grouped by destination,,,
BNSF,EMPKCK3-##A,1275,at,Kansas City Empty Autoracks,,grouped by destination,,,
BNSF,EMPMDO3-##A,Saginaw BNSF,at,Midlothian Loaded Autoracks,,,id:2031 id:2032 id:2364 class:auto class:loaded,3530,
BNSF,EMPPEA1-##A,Oklahoma City Flynn Yard,at,Oklahoma City Flynn (GM Yard) Loaded Autoracks,,,class:auto class:loaded,2200,Oklahoma City Flynn (GM Yard)
BNSF,EMPSDG1-##A,Belen,at,National City Loaded Autoracks,,,id:2146 id:3740 class:auto class:loaded,1135,
BNSF,EMPSDG1-##A,Belen,at,National City Empty Autoracks,,,id:2146 id:3740 class:auto class:empty,1135,
BNSF,FTMLPC1-##A,1809,at,Logistics Park Chicago Loaded Autoracks,,,id:1505 class:auto class:loaded,,
BNSF,FTMLPC1-##A,1809,at,Hammond Gibson Loaded Autoracks,T-LPCIHB4,grouped by destination,,,
BNSF,FTMLPC1-##A,1809,at,Hammond Gibson Empty Autoracks,T-LPCIHB4,grouped by destination,,,
BNSF,KCKALT1-##A,Oklahoma City Flynn Yard,at,Oklahoma City Loaded Autoracks,,GM Yard,,2200,GM Yard
BNSF,KCKBLU1-##A,Logistics Park Chicago,at,Logistics Park Chicago Loaded Autoracks,,,id:1505 class:auto class:loaded,1505,
BNSF,KCKBLU1-##A,Logistics Park Chicago,at,Hammond Gibson Loaded Autoracks,,,id:1863 class:auto class:loaded,1505,
BNSF,KCKBLU1-##A,Logistics Park Chicago,at,Hammond Gibson Empty Autoracks,,,id:1863 class:auto class:empty,1505,
BNSF,KCKCLO1-##A,Amarillo South Yard BNSF,at,Amarillo South Loaded Autoracks,,,id:1716 id:2633 class:auto class:loaded,1716,
BNSF,KCKCLO1-##A,Amarillo South Yard BNSF,at,Clovis Loaded Autoracks,,grouped by destination,,1716,
BNSF,KCKCLO1-##A,Amarillo South Yard BNSF,at,Clovis Empty Autoracks,,grouped by destination,,1716,
BNSF,KCKDIL3-##A,West Quincy,at,St. Paul Dayton's Bluff Autoracks,,,id:1183 class:auto,1901,
BNSF,KCKDIL3-##A,West Quincy,at,Dilworth Autoracks,,,id:1586 class:auto,1901,
BNSF,KCKEAP4-##A,Temple,at,Mexico Eagle Pass Interchange BNSF.,,,id:2446,2330|3741,
BNSF,KCKHYD1-##A,Laurel,at,Laurel Loaded Autoracks,,,id:1894 class:auto class:loaded,1894,
BNSF,KCKHYD1-##A,Laurel,at,Spokane Yardley Autoracks,,,id:1742 class:auto,1894,
BNSF,KCKHYD1-##A,Laurel,at,Pacific Northwest Autoracks,,grouped by destination,,1894,
BNSF,KCKLAU1-##A,Lincoln Hobson Yard,at,Laurel,,,id:1894,1293,
BNSF,KCKMDO3-##A,Saginaw BNSF,at,Oklahoma City GM Yard Loaded Autoracks,,,id:3060 class:auto class:loaded,3530,
BNSF,KCKMDO3-##A,Saginaw BNSF,at,Alliance Loaded Autoracks,,,id:1356 class:auto class:loaded,3530,
BNSF,KCKMDO3-##A,Saginaw BNSF,at,Midlothian Loaded Autoracks,,,id:2031 id:2032 id:2364 class:auto class:loaded,3530,
BNSF,KCKTAC4-##A,Laurel,at,Tacoma Port Yard Empty Autoracks,,,id:1554 class:auto class:empty,1894,
BNSF,KCKTAC4-##A,Laurel,at,Port of Vancouver BNSF Empty Autoracks,,if needed,,1894,
BNSF,KCKWEL1-##A,1620,at,Emporia Autoracks,,grouped by destination,,,
BNSF,LAUKCM4-##A,Alliance,at,NS Autoracks,,grouped by destination,,1356|1556,
BNSF,MEMRIC1-##A,Belen,at,Amarillo South Autoracks,,,id:1716 id:2633 class:auto,1135,
BNSF,MEMRIC1-##A,Belen,at,Clovis Autoracks,,grouped by destination,,1135,
BNSF,MEMRIC1-##A,Belen,at,Richmond BNSF Autoracks,,,id:1527 class:auto,1135,
BNSF,LPCEAP4-##A,Temple,at,Mexico Eagle Pass Interchange BNSF.,,,id:2446,2330|3741,
BNSF,NTWBLU4-##A,1593,at,Loaded Autoracks,,grouped by destination,,,
BNSF,NTWBLU4-##A,1593,at,Empty Autoracks,,grouped by destination,,,
BNSF,LPCCPH4-##A,1505,at,Chicago Bensenville Empty Autoracks,,grouped by destination,,,
BNSF,SDGKCK1-##A,Clovis,at,Clovis,,grouped by railroad and destination,,1040,
BNSF,SDGKCK1-##A,Clovis,at,Argentine,,,id:1620,1040,
BNSF,PEASNT4-##A,1358,at,San Antonio Toyota BNSF,,,id:3432,,
BNSF,TACLPC1-##F,Pasco,at,Denver Big Lift Loaded Autoracks,,,id:2407 class:auto class:loaded,1573,
BNSF,TACLPC1-##F,Pasco,at,Kansas City Argentine Loaded Autoracks,,,id:1620 class:auto class:loaded,1573,
BNSF,TACLPC1-##F,Pasco,at,Logistics Park Chicago Loaded Autoracks,,,id:1505 class:auto class:loaded,1573,
BNSF,LPCBIR4-##A,Springfield Yard BNSF,at,Birmingham Empty Autoracks,,,id:1211 id:1333 id:1720 id:1727 id:1786 id:1787 id:1805 id:1806 id:2305 id:2423 id:3195 id:4008 class:auto class:empty,2861,
BNSF,LPCBIR4-##A,Springfield Yard BNSF,at,Blue Springs Empty Autoracks,,,id:2877 class:auto class:empty,2861,
BNSF,LPCCNI4-##A,1505,at,Chicago Markham Autoracks,,grouped by destination,,,
BNSF,LPCELP4-##A,Kansas City Argentine Yard,at,Mexico El Paso Interchange BNSF Loaded Autoracks,,,id:2486 class:auto class:loaded,1620,
BNSF,LPCELP4-##A,Kansas City Argentine Yard,at,Mexico El Paso Interchange BNSF Empty Autoracks,,,id:2486 class:auto class:empty,1620,
BNSF,LPCKCM4-##A,Kansas City Avondale Yard,at,NS Voltz Empties,,,rr:NS@1205 class:empty,2590,
BNSF,LPCKCM4-##A,Kansas City Avondale Yard,at,NS Wentzville Empties,,,rr:NS@1276 class:empty,2590,
BNSF,LPCNSC4-##A,1505,at,Chicago Calumet Yard Autoracks,,grouped by destination,,,
BNSF,MDOBIR4-##A,Springfield Yard,at,Blue Springs,,,id:2877,2861|3621,
BNSF,MDOBIR4-##A,Springfield Yard,at,Bimringham,,,,2861|3621,Bimringham
BNSF,MDOBIR4-##A,Springfield Yard,at,Southeastern connections,,grouped by destination,,2861|3621,
BNSF,MDOEAP4-##A,Mexico Eagle Pass Interchange BNSF,at,Mexico Eagle Pass Interchange BNSF,,,id:2446,2446,
BNSF,MDOSNT4-##A,Temple,at,San Antonio Toyota,,,id:2242 id:3432,2330|3741,
BNSF,PASLPC1-##E,Minot Gavin Yard,at,Logistics Park Chicago Loaded Autoracks,,,id:1505 class:auto class:loaded,1582,
BNSF,PASLPC1-##E,Minot Gavin Yard,at,Hammond Gibson Loaded Autoracks,T-LPCIHB4,grouped by destination,,1582,
BNSF,PASLPC1-##E,Minot Gavin Yard,at,Hammond Gibson Empty Autoracks,T-LPCIHB4,grouped by destination,,1582,
BNSF,PHXEAP4-##A,Temple,at,Mexico Eagle Pass Interchange BNSF.,,,id:2446,2330|3741,
BNSF,PHXSNT4-##A,Temple,at,San Antonio Toyota,,,id:2242 id:3432,2330|3741,
BNSF,PTSELP4-##A,Spokane Yardley Yard,at,Spokane Yardley Loaded Autoracks,,,id:1742 class:auto class:loaded,1742,
BNSF,PTSELP4-##A,Spokane Yardley Yard,at,Laurel Loaded Autoracks,,,id:1894 class:auto class:loaded,1742,
BNSF,PTSELP4-##A,Spokane Yardley Yard,at,Mexico El Paso BNSF Empty Autoracks,,,id:2486 class:auto class:empty,1742,
BNSF,PTSRIC4-##A,Stockton Mormon Yard,at,Richmond BNSF Empty Autoracks,,,id:1527 class:auto class:empty,1353,
BNSF,RICBIR1-##A,Belen,at,Clovis,,"grouped by destination; Alliance, Big Lift, LPC, Argentine, East Brookfield, Albuquerque",id:2407 id:1505 id:1620 id:3434 id:1032,1135,
BNSF,RICBIR1-##A,Belen,at,Birmingham,,,id:1211 id:1333 id:1720 id:1727 id:1786 id:1787 id:1805 id:1806 id:2305 id:2423 id:3195 id:4008,1135,
BNSF,RICBLU4-##A,Belen,at,Clovis Loads,,grouped by destination,,1135,
BNSF,RICBLU4-##A,Belen,at,Hammond Loads,,grouped by destination,,1135,
BNSF,RICBLU4-##A,Belen,at,Hammond Empties,,grouped by destination,,1135,
BNSF,RICCLO1-##A,1527,at,Clovis,,"grouped by destination; Alliance, Big Lift, Birmingham, LPC, Argentine, East Brookfield, Albuquerque",id:2407 id:1211 id:1333 id:1720 id:1727 id:1786 id:1787 id:1805 id:1806 id:2305 id:2423 id:3195 id:4008 id:1505 id:1620 id:3434 id:1032,,
BNSF,RICEAP4-##A,Belen,at,San Antonio Toyota TMMTX Plant BNSF,,,id:3432,1135,
BNSF,RICEAP4-##A,Belen,at,Mexico Eagle Pass BNSF,,,id:2446,1135,
BNSF,RICKCK4-##A,Belen,at,Kansas City Argentine,,,id:1620,1135,
BNSF,RICKCM4-##A,Belen,at,NS Voltz Empties,,,rr:NS@1205 class:empty,1135,
BNSF,RICKCM4-##A,Belen,at,NS Wentzville Empties,,,rr:NS@1276 class:empty,1135,
BNSF,RICMEM4-##A,Belen,at,Leewood CSX,,"grouped by destination; Spring Hill, Smyrna",id:1526,1135,
BNSF,RICMHY4-##A,Belen,at,Harris Yard,,grouped by destination,,1135,
BNSF,RICPTL4-##A,Stockton Mormon Yard,at,Port of Vancouver Empty Autoracks,,,id:1712 id:3059 class:auto class:empty,1353,
BNSF,RICPTL4-##A,Stockton Mormon Yard,at,Portland BNSF Load Point Empty Autoracks,,grouped by destination; T4 or T6,,1353,
BNSF,RICSDG4-##A,San Bernardino,at,San Bernardino,,"Los Angeles Harbor Nissan BNSF, Long Beach Toyota BNSF",id:3095,1102,Los Angeles Harbor Nissan BNSF
BNSF,RICSDG4-##A,San Bernardino,at,National City,,,id:2146 id:3740,1102,
BNSF,RICTAC4-##A,Stockton Mormon Yard,at,Tacoma Port Yard Empty Autoracks,,,id:1554 class:auto class:empty,1353,
BNSF,RICWAT4-##A,San Bernardino,at,San Bernardino,,National City Empty Autoracks,id:2146 id:3740 class:auto class:empty,1102,
BNSF,RICWAT4-##A,San Bernardino,at,Watson,,"grouped by destination; LA Nissan BNSF, LB Toyota BNSF",,1102,LB Toyota BNSF
BNSF,ROBBLU1-##A,Emporia,at,Emporia,,"grouped by desination; Big Lift, Kent Orillia, Laurel, Portland, Spokane",id:3300 id:1894 id:1302 id:1866 id:1868 id:1877 id:2137 id:2138 id:2140 id:2141 id:2995 id:2996 id:3275 id:3276 id:1741 id:1742 id:1743 id:1876 id:2202 id:2212 id:3179 id:3646,1275,
BNSF,ROBBLU1-##A,Emporia,at,Hammond Gibson,,"grouped by destination; CN, CSX and NS destinations in the northeasst and eastern Canada",,1275,CSX and NS destinations in the northeasst and eastern Canada
BNSF,SBDBIR1-##A,Springfield Yard BNSF,at,Birmingham Loaded Autoracks,,grouped by destination if multiple connections,,2861,
BNSF,SBDBIR1-##A,Springfield Yard BNSF,at,Birmingham Empty Autoracks,,,id:1211 id:1333 id:1720 id:1727 id:1786 id:1787 id:1805 id:1806 id:2305 id:2423 id:3195 id:4008 class:auto class:empty,2861,
BNSF,SBDBIR1-##A,Springfield Yard BNSF,at,Blue Springs Empty Autoracks,,,id:2877 class:auto class:empty,2861,
BNSF,SBDBLU4-##A,Belen,at,Hammond Loaded Autoracks,,grouped by destination,,1135,
BNSF,SBDBLU4-##A,Belen,at,Hammond Empty Autoracks,,grouped by destination,,1135,
BNSF,SBDEAP4-##A,Belen,at,San Antonio Toyota TMMTX Plant BNSF,,,id:3432,1135,
BNSF,SBDEAP4-##A,Belen,at,Mexico Eagle Pass BNSF,,,id:2446,1135,
BNSF,SBDNWO4-##A,Belen,at,CSX,,grouped by destination,,1135,
BNSF,SBDRIC4-##A,1102,at,Richmond BNSF,,,id:1527,,
BNSF,SDGLPC1-##A,Clovis,at,Clovis,,grouped by railroad and destination,,1040,
BNSF,SDGLPC1-##A,Clovis,at,Logisitics Park,,,,1040,Logisitics Park
BNSF,SNTALT1-##A,Temple,at,Saginaw,,grouped by destination,,2330|3741,
BNSF,SNTALT1-##A,Temple,at,Alliance,,,id:1356,2330|3741,
BNSF,SDGWQM3-##A,Belen,at,Clovis Autoracks,,grouped by destination,,1135,
BNSF,SPMRIC1-##A,Clovis,at,Clovis,,grouped by destination,,1040,
BNSF,SPMRIC1-##A,Clovis,at,Richmond,,,id:3905,1040,
BNSF,SPMRIC1-##A,Clovis,at,Empty Autoracks,,if needed; distributed from Clovis,,1040,
BNSF,SPMSBD1-##A,Clovis,at,Clovis,,grouped by destination except Richmond,,1040,
BNSF,SPMSBD1-##A,Clovis,at,San Bernardino,,,id:1102,1040,
BNSF,SPMSBD1-##A,Clovis,at,Clovis,,grouped by destination,,1040,
BNSF,SPMSBD1-##A,Clovis,at,San Bernardino,,,id:1102,1040,
BNSF,SPMSBD1-##A,Clovis,at,Empty Autoracks,,if needed; distributed from Clovis,,1040,
BNSF,TACLPC1-##M,Minot Gavin Yard,at,St. Paul Dayton's Bluff Loaded Autoracks,,,id:1183 class:auto class:loaded,1582,
BNSF,TACLPC1-##M,Minot Gavin Yard,at,Logistics Park Chicago Loaded Autoracks,,,id:1505 class:auto class:loaded,1582,
BNSF,TACKCM4-##F,Missoula,at,NS Voltz Empties,,,rr:NS@1205 class:empty,1989,
BNSF,TACKCM4-##F,Missoula,at,NS Wentzville Empties,,,rr:NS@1276 class:empty,1989,
BNSF,TACRIC4-##A,Stockton Mormon Yard,at,Richmond BNSF,,,id:1527,1353,
BNSF,TACSBD3-##A,1554,at,San Bernardino,,grouped by destination,,,
BNSF,WELALT1-##A,Oklahoma City Flynn Yard,at,Oklahoma City Loaded Autoracks,,GM Yard,,2200,GM Yard
BNSF,WELBEL1-##A,Amarillo South Yard BNSF,at,Amarillo South Autoracks,,,id:1716 id:2633 class:auto,1716,
BNSF,WELCLO1-##A,Amarillo South Yard BNSF,at,Amarillo South Autoracks,,,id:1716 id:2633 class:auto,1716,
BNSF,WELCLO1-##A,Amarillo South Yard BNSF,at,Clovis Loads,,"Albuquerque Abajo, El Mirage, Mexico El Paso BNSF, Richmond, San Bernardino; grouped by destination",id:1032 id:1686 id:2486 id:3905,1716,San Bernardino; grouped by destination
BNSF,WELCLO1-##A,Amarillo South Yard BNSF,at,Cloivs Empties,,"Mexico El Paso BNSF, Long Beach Toyota, Los Angeles Nissan, National City, Richmond",id:2486 id:3095 id:3096 id:3105 id:3106 id:2146 id:3740 id:1527 id:2293 id:4020,1716,
BNSF,WELDEN1-##A,1275,at,Denver Big Lift Autoracks,,,id:2407 class:auto,,
BNSF,WELDEN1-##A,1275,at,Denver Connection Autoracks,,grouped by destination,,,
BNSF,WELLAU1-##A,1275,at,Denver Big Lift Loaded Autoracks,,,id:2407 class:auto class:loaded,,
BNSF,WELLAU1-##A,1275,at,Laurel Loaded Autoracks,,,id:1894 class:auto class:loaded,,
BNSF,WELLAU1-##A,1275,at,PNW connections,,"Kent Orillia, Port of Vancouver BNSF, Portland, Spokane Yardley, Tacoma Port Yard",id:3300 id:1712 id:1302 id:1866 id:1868 id:1877 id:2137 id:2138 id:2140 id:2141 id:2995 id:2996 id:3275 id:3276 id:1742 id:1554,,
BNSF,WELMDO1-##A,Saginaw BNSF,at,Oklahoma City GM Yard Loaded Autoracks,,,id:3060 class:auto class:loaded,3530,
BNSF,WELMDO1-##A,Saginaw BNSF,at,Alliance Loaded Autoracks,,,id:1356 class:auto class:loaded,3530,
BNSF,WELMDO1-##A,Saginaw BNSF,at,Midlothian Loaded Autoracks,,,id:2031 id:2032 id:2364 class:auto class:loaded,3530,
BNSF,WELPHX1-##A,Amarillo South Yard BNSF,at,El Mirage,,,id:1686,1716,
BNSF,WELPHX1-##A,Amarillo South Yard BNSF,at,Clovis,,grouped by destination,,1716,
BNSF,WELSBD3-##A,Belen,at,Amarillo South Autoracks,,,id:1716 id:2633 class:auto,1135,
BNSF,WELSBD3-##A,Belen,at,San Bernardino Loaded Autoracks,,,id:1102 class:auto class:loaded,1135,
BNSF,WELSBD3-##A,Belen,at,National City Empty Autoracks,,,id:2146 id:3740 class:auto class:empty,1135,
BNSF,WELSBD3-##A,Belen,at,Clovis,,grouped by destination,,1135,
BNSF,WELSBD3-##A,Belen,at,San Bernardino Empty Autoracks,,"National City, Los Angeles Nissan BNSF, Long Beach Toyota BNSF; grouped by destination",id:2146 id:3740 id:3105,1135,Long Beach Toyota BNSF; grouped by destination
BNSF,WQMBLU1-##A,Galesburg,at,Hammond Gibson Loaded Autoracks,,grouped by railroad and destination,,2100,
BNSF,WQMBLU1-##A,Galesburg,at,Hammond Gibson Empty Autoracks,,grouped by railroad and destination,,2100,
BNSF,WQMBLU1-##A,Galesburg,at,Eola Autoracks,,"NS destinations via Calumet Yard - MA, NC, NJ, NY, VA",st:NC st:NJ st:NY st:VA,2100,NS destinations via Calumet Yard - MA
BNSF,WQMCLO1-##A,1901,at,Emporia,,Big Lift and Laurel only,,,Big Lift and Laurel
BNSF,WQMCLO1-##A,1901,at,Clovis,,grouped by destination,,,
BNSF,BLUWQM1-##A,1098,at,West Quincy,,grouped by destination,,,
BNSF,PHXBLU1-##A,Clovis,at,Mexico El Paso Interchange BNSF,,,id:2486,1040,
BNSF,PHXBLU1-##A,Clovis,at,Hammond Gibson,,grouped by destination and/or railroad,,1040,
BNSF,BLUMAN1-##A,1098,at,Dayton's Bluff,,,id:1183,,
BNSF,BLUMAN1-##A,1098,at,Dilworth,,,id:1586,,
BNSF,BLUMAN1-##A,1098,at,Mandan,,grouped by destination,,,
BNSF,MANPTS1-##A,Laurel,at,Laurel Autoracks,,,id:1894 class:auto,1894,
BNSF,MANPTS1-##A,Laurel,at,Spokane Yardley Autoracks,,,id:1742 class:auto,1894,
BNSF,MANPTS1-##A,Laurel,at,Kent Orillia Autoracks,,,id:3300 class:auto,1894,
BNSF,MANPTS1-##A,Laurel,at,Tacoma Autoracks,,,id:1502 id:1503 id:1554 id:1555 id:2626 id:2710 id:2711 id:2712 id:2714 id:3286 id:3287 id:3288 class:auto,1894,
BNSF,CDTSAG1-##A,3119,at,Loaded Autoracks (grouped by destination).,,,class:auto,,Loaded Autoracks (grouped by destination)
BNSF,SNTLPC1-##A,Temple,at,Loaded LPC Autoracks,,,class:auto,2330|3741,Loaded LPC
BNSF,SAGNSI1-##A,3530,at,Loaded NS Autoracks,,grouped by destination,,,
BNSF,SAGBLU1-##A,Emporia,at,Emporia,,westbound Autoracks; grouped by destination,class:auto,1275,westbound Autoracks; grouped by destination
BNSF,SAGBLU1-##A,Emporia,at,Fort Madison,,,id:1809,1275,
BNSF,SAGBLU1-##A,Emporia,at,Hammond,,grouped by railroad and destination,,1275,
BNSF,SAGWQM3-##A,3530,at,West Quincy,,Logistics Park Chicago,id:1505,,
BNSF,PTSBLU3-##A,Pasco,at,Spokane Yardley,,,id:1742,1573,
BNSF,PTSBLU3-##A,Pasco,at,St. Paul Dayton's Bluff Loads,,,id:1183 class:loaded,1573,
BNSF,PTSBLU3-##A,Pasco,at,Hammond Gibson Loads,,grouped by destination,,1573,
BNSF,PTSBLU3-##A,Pasco,at,Hammond Gibson Empties,,grouped by destination,,1573,
BNSF,BLUKEN1-##A,Spokane Yardley,at,Spokane,,,id:1741 id:1742 id:1743 id:1876 id:2202 id:2212 id:3179 id:3646,1742,
BNSF,BLUKEN1-##A,Spokane Yardley,at,Kent,,,id:1553 id:3300,1742,
BNSF,BLUKEN1-##A,Spokane Yardley,at,Tacoma Port Yard,,,id:1554,1742,
BNSF,BLUBAR1,Belen,at,Argentine,,,id:1620,1135,
BNSF,BLUBAR1,Belen,at,Clovis,,"Albuquerque, El Mirage; grouped by destination",id:1032,1135,El Mirage; grouped by destination
BNSF,BLUBAR1,Belen,at,Barstow,,"San Bernardino, National City, Richmond; grouped by destination",id:1102 id:2146 id:3740,1135,Richmond; grouped by destination
BNSF,TWI8101-##A,1593,at,St. Cloud,,,id:2143 id:3132 id:3133,,
BNSF,HLA6101-##A,Council Bluffs Island Park BNSF,at,Council Bluffs Island Park,,,id:1768 id:2583 id:2584,1768,
BNSF,HLA6101-##A,Council Bluffs Island Park BNSF,at,Council Bluffs,,including interchange,,1768,including interchange
BNSF,KAN0151-##A,Hereford,at,Hereford (Bovina). Cars should be in siding order.,,,,1501,Hereford (Bovina). Cars should be in siding order
BNSF,KAN0151-##A,Hereford,at,Clovis,,,id:1040,1501,
BNSF,KAN0151-##A,Hereford,at,Hereford (Bovina) Cars should be in siding order.,,,,1501,Hereford (Bovina) Cars should be in siding order
BNSF,KAN0151-##A,Hereford,at,Amarillo,,all Amarillo locals,,1501,all Amarillo locals
BNSF,TWI6241-##A,Fargo,at,Fargo Local,,,,1585,Fargo Local
BNSF,TWI6241-##A,Fargo,at,Dilworth connections,,,,1585,Dilworth connections
BNSF,TWI1623-##A,Mandan Montana,at,Montana-Dakota Utility Spur,,,id:1629,,
BNSF,HLA6101-##A,Council Bluffs Island Park BNSF,at,Omaha,,,id:2203,1768,
BNSF,PWR8921-##A,1356,at,Crawford,,RCPE,rr:RCPE,,
BNSF,PWR8921-##A,1356,at,Gillette Yard,,,id:1051,,
BNSF,PWR8922-##A,Crawford,at,Crawford,,RCPE,rr:RCPE,3310,
BNSF,PWR8922-##A,Crawford,at,Alliance,,,id:1356,3310,
BNSF,PWR8121-##A,2845,at,Cheyenne,,,id:1874 id:2844,,
BNSF,PWR8121-##A,2844,at,Speer,,,id:2845,,
BNSF,PWR8912-##A,Bridgeport,at,Bridgeport,,,id:1184 id:2005 id:2560,1184|2005|2560,
BNSF,PWR8912-##A,Bridgeport,at,Brush,,"Fort Morgan, Pawnee",id:3840 id:3841,1184|2005|2560,
BNSF,PWR8913-##A,Bridgeport,at,Bridgeport,,Sidings 1-3,,1184|2005|2560,Sidings 1-3
BNSF,PWR8913-##A,Bridgeport,at,Bridgeport,,Sidings 4-8,,1184|2005|2560,Sidings 4-8
BNSF,PWR8913-##A,Bridgeport,at,Alliance,,,id:1356,1184|2005|2560,
BNSF,HLA8141-##A,St. Joseph BNSF,at,St. Joseph,,,id:3130,1310,
BNSF,CHI6571-##A,Woodlawn,at,Woodlawn,,EVWR,rr:EVWR,3005,
BNSF,CHI6571-##A,Woodlawn,at,Marion BNSF,,COER,rr:COER,3005,
BNSF,CHI6571-##A,Woodlawn,at,Metropolis,,Sidings 4 and 5,,3005,Sidings 4 and 5
BNSF,CHI6571-##A,Woodlawn,at,West Paducah BNSF,,cars for Four Terminals,,3005,cars for Four Terminals
BNSF,CHI6571-##A,Woodlawn,at,Paducah,,"local and PAL, Metropolis Siding 6",,3005,local and PAL; Metropolis Siding 6
BNSF,CHI6561-##A,Woodlawn,at,Metropolis Siding 6,,brought in on L-CHI657,,3005,brought in on L-CHI657
BNSF,CHI6561-##A,Woodlawn,at,Woodlawn,,EVWR drop if necessary,,3005,EVWR drop if necessary
BNSF,CHI6561-##A,Woodlawn,at,St. Louis,,,id:1004 id:1277 id:1562 id:1736 id:2045 id:2174 id:2391 id:3617,3005,
BNSF,CHI6561-##A,Woodlawn,at,Pick Ups from terminals enroute..,,,,3005,Pick Ups from terminals enroute
BNSF,CHI1011-##A,2100,at,Galva,,leave all outbound traffic in Galva,,,leave all outbound traffic in Galva
BNSF,CHI1011-##A,2100,at,Mendota,,,id:3087,,
BNSF,RDV4661-##A,2110,at,Tulsa,,,id:2184 id:3038 id:3039,,
BNSF,RDV4661-##A,2184,at,Muskogee,,,id:1231 id:2110,,
BNSF,CAL0315-##A,Modesto,at,Modesto,,Barstow --> H-MODBAR,id:1029,2154|3461|3462,
BNSF,CAL0315-##A,Modesto,at,Fresno,,Bakersfield --> L-CAL0313,id:1013 id:1015 id:1133 id:1984,2154|3461|3462,
BNSF,TWI8421-##A,Litchfield,at,Atwater,,,id:2221,1569,
BNSF,TWI8421-##A,Litchfield,at,Litchfield,,,id:1569,1569,
BNSF,TWI8421-##A,Litchfield,at,Delano,,,id:2879,1569,
BNSF,MON6751-##A,2230,at,Fairview,,,id:2335,,
BNSF,MON6751-##A,2230,at,Billings,,,id:1893,,
BNSF,MON6751-##A,1893,at,Fairview,,siding order preferred,,,siding order preferred
BNSF,MON6751-##A,1893,at,Dore,,siding order preferred,,,siding order preferred
BNSF,KAN0401-##A,Amarillo North Yard BNSF,at,Amarillo North Yard BNSF,,in sequential siding order,,1394,in sequential siding order
BNSF,KAN0401-##A,Amarillo North Yard BNSF,at,Dalhart,L-KAN037,"Hooker, OK",id:3718 st:OK,1394,
BNSF,CAL2151-##A,Stockton Mormon Yard,at,Stockton,,"West Stockton, Rough and Ready Island, north and east connections, UP NorCal",id:1005 id:2934,1353,north and east connections; UP NorCal
BNSF,CAL2151-##A,Stockton Mormon Yard,at,Pittsburg,,,id:2809,1353,
BNSF,CAL2151-##A,Stockton Mormon Yard,at,Richmond,,Oakland BNSF,id:2237,1353,
BNSF,CAL2141-##A,Stockton Mormon Yard,at,Pittsburg,,,id:2809,1353,
BNSF,CAL2141-##A,Stockton Mormon Yard,at,Stockton,,"West Stockton, Rough and Ready Island, north and east connections",id:1005 id:2934,1353,north and east connections
BNSF,CAL2141-##A,Stockton Mormon Yard,at,Riverband,,"Oakdale, Sonora. Barstow connections okay",id:2024,1353,Sonora. Barstow connections okay
BNSF,PWR6281-##A,1293,at,Ravenna,,stray ethanol cars for spotting on spur,,,stray ethanol cars for spotting on spur
BNSF,PWR6281-##A,1293,at,") Grand Island Sidings 10, 11 and 12.",,,,,") Grand Island Sidings 10, 11 and 12"
BNSF,PWR6281-##A,2264,at,"Grand Island Sidings 10, 11 and 12",,,,,"Grand Island Sidings 10, 11 and 12"
BNSF,PWR6281-##A,2264,at,Lincoln,,,id:1292 id:1293,,
BNSF,CAL0111-##A,San Bernardino,at,Barstow,,,id:1029,1102,
BNSF,SWE0575-##A,2155,at,Artesia,,,id:2157 id:3709,,
BNSF,SWE0575-##A,2155,at,Atoka,,,id:2463,,
BNSF,SWE0575-##A,2463,at,Carlsbad,,,id:2155,,
BNSF,SWE0575-##A,2155,at,Loving,,,id:2156,,
BNSF,SWE0575-##A,2156,at,Carlsbad,,,id:2155,,
BNSF,TWI4051-##A,Wolsey,at,Wolsey,,RCPE,rr:RCPE,3303,
BNSF,TWI4051-##A,Wolsey,at,Loomis,,,id:1755,3303,
BNSF,TWI4051-##A,Wolsey,at,Mitchell,,,id:2769,3303,
BNSF,TWI4051-##A,Wolsey,at,Connecting traffic for L-TWI6551 at Mitchell.,,,,3303,Connecting traffic for L-TWI6551 at Mitchell
BNSF,TWI4051-##A,Loomis,at,Loomis,,,id:1755,1755,
BNSF,TWI4051-##A,Loomis,at,Wolsey,,RCPE,rr:RCPE,1755,
BNSF,TWI4051-##A,Loomis,at,Aberdeen,,,id:2887 id:3338 id:3713,1755,
BNSF,TWI4051-##A,Loomis,at,Connecting traffic at Aberdeen,,,,1755,Connecting traffic at Aberdeen
BNSF,CHI1041-##A,Joliet BNSF,at,Loaded LPC Autoracks and any IM,,,class:auto class:im,2540,Loaded LPC Autoracks and any
BNSF,CHI1041-##A,Joliet BNSF,at,Logistics Park Chicago Manifest,,except sidings 5 and 6,,2540,except sidings 5 and 6
BNSF,CHI1041-##A,Joliet BNSF,at,Joliet,,"Lorenzo, Logistics Park Chicago sidings 5 and 6",id:1284,2540,Logistics Park Chicago sidings 5 and 6
BNSF,CHI1041-##A,Joliet BNSF,at,Willow Springs,,"Corwith, Lemont",id:1072 id:2550,2540,
BNSF,CHI1051-##A,Joliet BNSF,at,Joliet,,"Logistics Park Chicago, Lorenzo",id:1505 id:1284,2540,
BNSF,CHI1051-##A,Joliet BNSF,at,Galesburg,,,id:2100,2540,
BNSF,SWE3111-##A,1252,at,St. Johns,,manifest and non-unit coal,,,manifest and non-unit coal
BNSF,SWE3111-##A,1498,at,Gallup,,,id:1252,,
BNSF,SWE3121-##A,1252,at,Springerville,,,id:2075,,
BNSF,SWE3121-##A,2075,at,Gallup,,,id:1252,,
BNSF,CHI8131-##A,Hager City,at,Hager City,,blocked by siding number,,2380,blocked by siding number
BNSF,TWI6741-##A,Clarkfield,at,Clarkfield,,sorted by siding number,,1667,sorted by siding number
BNSF,TWI6741-##A,Clarkfield,at,Madison/Dawson,,,id:3259,1667,
BNSF,CAL0031-##A,1546,at,Irwindale,,,id:3043,,
BNSF,CAL0312-##A,Modesto,at,Modesto BNSF,,,id:3461,2154|3461|3462,
BNSF,CAL0312-##A,Modesto,at,Riverbank,,"Oakdale, Sonora",id:2024 id:2622,2154|3461|3462,
BNSF,CHI1031-##A,2100,at,Rock Island Locals,,all railroads,,,all railroads
BNSF,CHI1031-##A,2375,at,Galesburg,,,id:2100,,
BNSF,CAL0611-##A,1029,at,Boron,,,id:2679,,
BNSF,CAL0313-##A,1201,at,Bakersfield,,"Gulf, Kern Jct., Landco, Levee, Oildale, Rogas",id:2327 id:1013 id:1984 id:2328 id:1133 id:2329,,
BNSF,CAL0314-##A,1015,at,Fresno,,,id:1021 id:1201 id:2321,,
BNSF,SWE0605-##A,1040,at,Roswell,,,id:2703,,
BNSF,KAN0091-##A,2824,at,Ponca City,,,id:2580,,
BNSF,KAN0091-##A,2824,at,Connections,R-RDV7511,,,,Connections
BNSF,KAN0101-##A,2580,at,Wichita,,,id:2824 id:2825 id:2826 id:2829,,
BNSF,NWE4281-##A,1573,at,Connell,,,id:2827 id:2853,,
BNSF,TWI8921-##A,Benson,at,Benson,Y-BEN012,"Sidings 1-3, 7-8",,1567,Sidings 1-3; 7-8
BNSF,TWI8921-##A,Benson,at,Breckenridge/Wahpeton/RRVW/Dilworth,,,,1567,Breckenridge/Wahpeton/RRVW/Dilworth
BNSF,TWI8921-##A,Benson,at,Holloway,,Sidings 9-11 + Benson sidings 4-5,,1567,Sidings 9-11 + Benson sidings 4-5
BNSF,HLA8361-##A,Fort Madison,at,Fort Madison Siding 14,,switched on way to yard,,1809,switched on way to yard
BNSF,HLA8361-##A,Fort Madison,at,Fort Madison,,all others to yard,,1809,all others to yard
BNSF,HLA8361-##A,Fort Madison,at,Wever,,,id:3855,1809,
BNSF,HLA8361-##A,FORT MADISON,leaving,Fort Madison Sidings 12 & 13,,switched on return to West Quincy,,1809,switched on return to West Quincy
BNSF,HLA8361-##A,FORT MADISON,leaving,West Quincy,,all outbound manifest,,1809,
BNSF,CHI8121-##A,1215,at,Savanna,,,id:3054,,
BNSF,CHI8121-##A,1215,at,HSFR cars,,,,,HSFR cars
BNSF,HLA6081-##A,2203,at,Bayard,,,id:3066,,
BNSF,HLA6091-##A,3066,at,Omaha,,,id:2203,,
BNSF,PWR0308-##A,1800,at,Colorado Springs,,"Russina, Colroado Springs, Kelker UP",id:3320 id:3318,,Colroado Springs
BNSF,PWR0308-##A,1800,at,Kelker BNSF,,,id:3319,,
BNSF,PWR0307-##A,3319,at,Denver,,,id:1718 id:1769 id:1770 id:1800 id:1976 id:1977 id:1978 id:1979 id:1980 id:1981 id:2407,,
BNSF,PWR0307-##A,3319,at,Denver,,,id:1718 id:1769 id:1770 id:1800 id:1976 id:1977 id:1978 id:1979 id:1980 id:1981 id:2407,,
BNSF,HLA8371-##A,1901,at,Hannibal,,,id:3556,,
BNSF,CHI1031-##A,2100,at,Macomb,,,id:3086,,
BNSF,CHI1031-##A,3086,at,Galesburg,,,id:2100,,
BNSF,TWI6321-##A,3188,at,Cass Lake,,Group train by car type for easier sorting and assigning destinations on return.,,,Group train by car type for easier sorting and assigning destinations on return
BNSF,TWI6412-##A,3188,at,Winnipeg CPKC Yard,,"CP connections in AB, BC, MB, SK, and Thunder Bay, ON",st:BC st:MB st:SK st:ON,,CP connections in AB; and Thunder Bay
BNSF,TWI6413-##A,2142,at,Grand Forks,,,id:3188,,
BNSF,TWI8181-##A,1586,at,Ulen Siding 8,,,,,Ulen Siding 8
BNSF,TWI8181-##A,1586,at,Ulen Siding 7,,,,,Ulen Siding 7
BNSF,RDV7581-##A,2200,at,Gainesville,,,id:1827,,
BNSF,RDV7581-##A,1827,at,Oklahoma City,,,id:2200 id:3060,,
BNSF,CHI8151-##A,Savanna,at,Savanna,,,id:3054,3054,
BNSF,CHI8151-##A,Savanna,at,HSFR,,,,3054,HSFR
BNSF,TWI6051-##A,1586,at,Tolna,,,id:3221,,
BNSF,TWI6061-##A,3221,at,Dilworth,,,id:1586,,
BNSF,TWI6051-##A,1586,at,Alton,,,id:3220,,
BNSF,TWI6051-##A,3220,at,Dilworth,,,id:1586,,
BNSF,TWI8511-##A,1706,at,Madison,,grouped by Siding Number,,,
BNSF,PWR8922-##A,3310,at,Alliance,,,id:1356,,
BNSF,PWR8923-##A,1356,at,Crawford local,,,,,Crawford local
BNSF,PWR8923-##A,1356,at,RCPE,,,rr:RCPE,,
BNSF,PWR0762-##A,Colorado Springs,at,Colorado Springs,,BNSF traffic for Kelker and UP interchange,,1129,BNSF traffic for Kelker and UP interchange
BNSF,PWR0762-##A,Colorado Springs,at,Denver,,"NorCal, AB, AK, BC, IA, ID, MT, ND, NE, NV, SD, OR, UT, WA, WY",st:AB st:AK st:BC st:IA st:ID st:MT st:ND st:NE st:NV st:SD st:OR st:UT st:WA st:WY not:RCPE,1129,NorCal
BNSF,PWR0762-##A,Colorado Springs Kelker UP,at,Colorado Springs,,Kelker,id:3318 id:3319,3318,
BNSF,PWR0762-##A,Colorado Springs Kelker UP,at,Pueblo,,"Minnequa, Bragdon, Parkdale, Baxter, Walsenburg, Rio Grande Cement",id:3328 id:3329 id:3326 id:3327 id:3325 id:3332 id:3333 id:3330 id:3331,3318,
BNSF,TWI6051-##A,1586,at,Clifford,,,id:3219,,
BNSF,NWE8191-##A,1742,at,Couer d'Alene,,,id:3460,,
BNSF,TWI6673-##A,1351,at,Sioux Falls,,,id:1706 id:2648,,
BNSF,TWI6674-##A,1706,at,Sioux City,,,id:1351 id:2610 id:2611 id:2612 id:2613,,
BNSF,RDV1911-##A,Halsted,at,Halsted,,,id:2485,2485,
BNSF,RDV0711-##A,3530,at,Avondale,,,id:3533,,
BNSF,HLA8351-##A,WEST QUINCY,leaving,NS Interchange --> NS DS41,,includes all NS destinations in the southeast,,1901,includes all NS destinations in the southeast
BNSF,HLA8351-##A,WEST QUINCY,leaving,North St. Louis Yard BNSF,,,id:2173,1901,
BNSF,HLA8351-##A,NORTH ST. LOUIS,leaving,Quincy NS,BJRY,,id:3555,2173|3420,
BNSF,HLA8351-##A,NORTH ST. LOUIS,leaving,BNSF,,,rr:BNSF,2173|3420,
BNSF,HLA8381-##A,WEST QUINCY,leaving,Quincy NS,,,id:3555,1901,
BNSF,HLA8381-##A,WEST QUINCY,leaving,Quincy BNSF,,,id:3554,1901,
BNSF,SWE0301-##A,1135,at,Albuquerque Siding 1,,,,,Albuquerque Siding 1
BNSF,SWE0301-##A,1135,at,Albuquerque Siding 2,,,,,Albuquerque Siding 2
BNSF,SWE0301-##A,1135,at,All other Albuquerque traffic,,,catchall,,
BNSF,SWE0301-##A,1032,at,Belen,,outbound traffic,,,outbound traffic
BNSF,SWE0301-##A,1032,at,Albuquerque Sidings 1 & 2,,for switching on return,,,for switching on return
BNSF,SWE0604-##A,2703,at,Clovis,,,id:1040,,
BNSF,SWE0053-##A,2099,at,Las Cruces,,,id:3667,,
BNSF,SWE1111-##A,1135,at,Rincon,,,id:3361 id:3668,,
BNSF,SWE0101-##A,1135,at,Rincon,,,id:3361 id:3668,,
BNSF,KAN0371-##A,3716,at,Amarillo,,,id:1394 id:1443 id:1716 id:2632 id:2633 id:3126 id:3127 id:3128 id:3129,,
BNSF,HLA6921-##A,Kansas City Rosedale,at,Rosedale,,"Sidings 5, 4 and 9 in that order",,2198,Sidings 5; 4 and 9 in that order
BNSF,HLA6921-##A,Kansas City Rosedale,at,Spring Hill,,,id:1228 id:1852,2198,
BNSF,HLA8501-##A,3719,at,Riverside,,,id:3723,,
BNSF,SWE2111-##A,1135,at,Rio Valley Industrial Park,,,,,Rio Valley Industrial Park
BNSF,CHI6631-##A,3854,at,Ottumwa BNSF,,,id:3857,,
BNSF,CHI6641-##A,3857,at,Burlington,,,id:3140 id:3854,,
BNSF,CHI6631-##A,3854,at,Eddyville Ottumwa,,,id:1341,,
BNSF,CHI6641-##A,1341,at,Burlington,,,id:3140 id:3854,,
BNSF,HLA4101-##A,Council Bluffs UP,at,UP Council Bluffs,,,rr:UP@1107 rr:UP@1115 rr:UP@1767 rr:UP@1768 rr:UP@2583 rr:UP@2584,1767,
BNSF,HLA8101-##A,Council Bluffs IAIS,at,IAIS/BNSF Council Bluffs,,,,1115,IAIS/BNSF Council Bluffs
BNSF,HLA8101-##A,Council Bluffs IAIS,at,IAIS Transfers,,,,1115,IAIS Transfers
BNSF,CAL0141-##A,1007,at,La Mirada vID,,,,,La Mirada vID
BNSF,RDV6411-##A,3995,at,Prosper,,,id:3998,,
BNSF,RDV6411-##A,3998,at,Prosper,,,id:3998,,
BNSF,RDV6341-##A,1798,at,Frisco,,,id:2344 id:3994,,
BNSF,RDV5621-##I,1847,at,North Yard.,,,,,North Yard
BNSF,NWE4221-##T,1702,at,Longview,,,id:1044 id:2208 id:2733 id:2734 id:2735 id:3154 id:3645 id:3725,,
BNSF,NWE4221-##T,1702,at,Kalama,,,id:1853 id:2617,,
BNSF,MON8231-##A,1894,at,Billings,,"Dore, East Billings, Fairview",id:2230 id:3345 id:2335,,
BNSF,PWR4813-##I,Caballo Jct.,at,Block each mine as a block.,,,,1237,Block each mine as a block
BNSF,PWR4813-##I,Caballo Jct.,at,Caballo Jct. cars,,,,1237,Caballo Jct. cars
BNSF,PWR4813-##I,North Antelope Mine,at,Block each mine as a block.,,,,1530,Block each mine as a block
BNSF,PWR4813-##I,North Antelope Mine,at,Caballo Jct. cars,,,,1530,Caballo Jct. cars
BNSF,HLA4141-##I,2021,at,Memphis,,,id:1165 id:1172 id:1435 id:1445 id:1446 id:1449 id:1450 id:1921 id:1923 id:1983 id:2076 id:2915,,
BNSF,RDV0091-##I,Midlothian,at,Midlothian,,,id:2031 id:2032 id:2364,2031,
BNSF,RDV0091-##I,Midlothian,at,Box,,,id:3747,2031,
BNSF,RDV0091-##I,Midlothian,at,Dallas Kenwood,,,id:3748,2031,
BNSF,RDV0091-##I,3748,at,Midlothian,,,id:2031 id:2032 id:2364,,
BNSF,RDV0101-##I,2032,at,Saginaw,,,id:2470 id:3530,,
BNSF,RDV0101-##I,3530,at,Midlothian,,,id:2031 id:2032 id:2364,,
BNSF,NWE7041-##I,Kent Orillia Yard,at,Auburn,,,id:1539 id:2575,3300,
BNSF,NWE7041-##I,Kent Orillia Yard,at,Kent Orillia Autoracks,,,id:3300 class:auto,3300,
BNSF,NWE7041-##I,Kent Orillia Yard,at,Kent Orillia Manifest,,,id:3300,3300,
BNSF,NWE7041-##I,Kent Orillia Yard,at,Seattle,,including IM,class:im,3300,including
BNSF,NWE7021-##I,South Seattle Yard,at,South Seattle,,,id:1628,1628,
BNSF,NWE7021-##I,South Seattle Yard,at,Kent Orillia,,,id:3300,1628,
BNSF,NWE7021-##I,South Seattle Yard,at,Auburn,,,id:1539 id:2575,1628,
BNSF,NWE7021-##I,South Seattle Yard,at,Tacoma,,,id:1502 id:1503 id:1554 id:1555 id:2626 id:2710 id:2711 id:2712 id:2714 id:3286 id:3287 id:3288,1628,
BNSF,NWE8131-##I,1155,at,Fredonia,,,id:2120 id:3411,,
BNSF,NWE8131-##I,1155,at,Anacortes,,,id:2119,,
BNSF,NWE8131-##I,2119,at,Everett,,,id:1155,,
BNSF,CHI4581-##I,1810,at,Western Ave.,,"Lumber Lead, Union Station, Cicero manifest",id:2660 id:1630 id:1470,,
BNSF,CHI4581-##I,1810,at,Cicero IM,,,id:1470 class:im,,
BNSF,RDV0161-##I,2733,at,Tenaha Local,,,,,Tenaha Local
BNSF,RDV0161-##I,2733,at,BNSF outbound,,,,,BNSF outbound
BNSF,KCK1231-##I,1620,at,Logistics Park KC,,,id:2454,,
BNSF,KCK1231-##I,2454,at,Argentine.,,,id:1620,,
BNSF,KCK1231-##I,2455,at,Argentine,,,id:1620,,
BNSF,KCK1231-##I,1620,at,Gardner,,,id:1097 id:2455,,
BNSF,PWR4833-##I1,Eagle Butte Mine,at,Block each mine as a block.,,,,1328,Block each mine as a block
BNSF,PWR4833-##I1,1236,at,Any Gillette traffic.,,,,,Any Gillette traffic
BNSF,MON8211-##I1,1989,at,Thompson Falls,,,id:2668,,
BNSF,MON8091-##I1,1989,at,Thompson Falls,,,id:2668,,
BNSF,CHI4281-##T1,Davenport Nahant Yard,at,CPKC Nahant,,,rr:CPKC@2128 rr:CPKC@3484 rr:CPKC@3485,2128,
BNSF,RDV7511-##I,2200,at,Edmond,,,id:3538,,
BNSF,HLA8520-##A,3702,at,Hamilton,,,id:3704,,
BNSF,PWR4723-##I,1051,at,West Decker,,,id:1170,,
BNSF,PWR4723-##I,1051,at,Spring Creek,,,id:1070,,
BNSF,PWR4723-##I,1051,at,Gillette,,,id:1051,,
BNSF,HLA8520,3702,at,Palos,,,id:1883,,
BNSF,HLA4231-##A,Memphis Sargent Yard,at,UP Interchange,,Sargent Yard,id:1446,1446,
BNSF,HLA4231-##A,Memphis Sargent Yard,at,Harvard vID,,,,1446,Harvard vID
BNSF,KCKNS1-##A,1620,at,NS Interchange Manifest,,,,,NS Interchange
BNSF,KCKNS1-##A,1620,at,NS Empty Autoracks,,,st:NS class:auto class:empty,,
BNSF,CHCASH1-##A,1470,at,NS Intermodal,,grouped by destination,,,
BNSF,ALTNYF1-##A,1556,at,North Yard,,,,,North Yard
BNSF,NYFALT1-##A,1904,at,Alliance,,,id:1356,,
BNSF,KCMNSI1-##A,3719,at,NS Manifest,,,st:NS,,
BNSF,KCMNSI1-##A,3719,at,NS Empty Autoracks,,grouped by destination,,,
BNSF,KCKNS1-##A,2590,at,BNSF,,traffic over Lincoln and Tulsa and BNSF KC non-Argentine can go to KC Murray,,,traffic over Lincoln and Tulsa and BNSF KC non-Argentine can go to KC Murray
BNSF,BARSBD1-##A,1029,at,Verdemont,,,id:2858,,
BNSF,BREKCK8-##A,Willmar,at,Cars should all be blocked by destination and not shotgunned into the train.,,,,1570,Cars should all be blocked by destination and not shotgunned into the train
BNSF,ABEBRC1-##A,Minneapolis Northtown Yard,at,Eola,,local and NS connections for Calumet Yard,,1593,local and NS connections for Calumet Yard
BNSF,ABEBRC1-##A,Minneapolis Northtown Yard,at,BRC,,"local, CSS, CSXT",rr:CSS rr:CSXT,1593,
BNSF,COMBRC8-##A,Lincoln Hobson Yard,at,Galesburg,,blocked by destination,,1293,blocked by destination
BNSF,COMBRC8-##A,Lincoln Hobson Yard,at,Eola,,local and NS connections for Calumet Yard,,1293,local and NS connections for Calumet Yard
BNSF,COMBRC8-##A,Lincoln Hobson Yard,at,BRC,,"local, CSS, CSXT",rr:CSS rr:CSXT,1293,
BNSF,GFDNTW1-##A,3188,at,No specific Blocks except as required above.,,,,,No specific Blocks except as required above
BNSF,GFDPAS8-##A,3188,at,Spokane,,"Lind, Erie St.",id:2837 id:1741 id:3646,,
BNSF,GFDPAS8-##A,3188,at,Pasco,,"Everett Delta, Kent Orillia, Richland BNSF, Washougal, Yakima",id:1155 id:3300 id:2851 id:3058 id:2852,,
BNSF,AGMBRC8-##A,Grand Forks,at,Eola,,local and NS connections for Calumet Yard,,3188,local and NS connections for Calumet Yard
BNSF,AGMBRC8-##A,Grand Forks,at,BRC,,"local, CSS, CSXT",rr:CSS rr:CSXT,3188,
BNSF,AGMPAS8-##A,3193,at,Spokane,,"Lind, Erie St.",id:2837 id:1741 id:3646,,
BNSF,AGMPAS8-##A,3193,at,Pasco,,"Everett Delta, Kent Orillia, Richland BNSF, Washougal, Yakima",id:1155 id:3300 id:2851 id:3058 id:2852,,
BNSF,CYSBRC8-##A,Grand Forks,at,Cars should all be blocked by destination and not shotgunned into the train.,,"block for BRC, CSX",rr:CSX,3188,block for BRC
BNSF,DRABRC8-##A,Grand Forks,at,Cars should all be blocked by destination and not shotgunned into the train. Traffic for BRC and CSX.,,,,3188,Cars should all be blocked by destination and not shotgunned into the train. Traffic for BRC and CSX
BNSF,DRAGAL8-##A,Grand Forks,at,Cars should all be blocked by destination and not shotgunned into the train.,,,,3188,Cars should all be blocked by destination and not shotgunned into the train
BNSF,DRAKCK8-##A,Grand Forks,at,Cars should all be blocked by destination and not shotgunned into the train.,,,,3188,Cars should all be blocked by destination and not shotgunned into the train
BNSF,ULEBRC8-##A,Minneapolis Northtown Yard,at,Eola,,local and NS connections for Calumet Yard,,1593,local and NS connections for Calumet Yard
BNSF,ULEBRC8-##A,Minneapolis Northtown Yard,at,BRC,,"local, CSS, CSXT",rr:CSS rr:CSXT,1593,
BNSF,ANDBRC8-##A,Minneapolis Northtown Yard,at,Eola,,local and NS connections for Calumet Yard,,1593,local and NS connections for Calumet Yard
BNSF,ANDBRC8-##A,Minneapolis Northtown Yard,at,BRC,,"local, CSS, CSXT",rr:CSS rr:CSXT,1593,
BNSF,NSIEOL0-##T,Cicero,leaving,Eola connections,,grouped by destination,,1470,
BNSF,EOLNSI0-##T,1810,at,Mingo Jct.,,,id:1897 id:2567,,
BNSF,DIL2022-##A,1585,at,Dilworth,,,id:1586,,
BNSF,HOU0071-##A,Houston Settegast Yard,at,Vulcan Materials,,,id:2406 id:3481,3480,
BNSF,HOU0071-##A,Houston Settegast Yard,at,PTRA,,,rr:PTRA,3480,
BNSF,HOU0071-##A,Houston Settegast Yard,at,Houston New South,,,id:1880 id:3400,3480,
BNSF,ABQ1021-##A,Hahn,at,Hahn Siding 26,,,,1321|3540,Hahn Siding 26
BNSF,ABQ1021-##A,Hahn,at,North Valley Sidings 1-9,,,,1321|3540,North Valley Sidings 1-9
BNSF,ABQ1021-##A,Hahn,at,Domingo Siding 13,,,,1321|3540,Domingo Siding 13
BNSF,ABQ1021-##A,Hahn,at,Bernalillo Sidings 12-10,,reverse order,,1321|3540,reverse order
BNSF,JOL3011-##A,2540,at,Logistics Park Chicago,,in siding order,,,in siding order
BNSF,JOL2021-##A,1284,at,Joliet BNSF,,,id:2540,,
BNSF,ABQ1021-##A,Bernalillo,at,Bernalillo Sidings 12-10,,reverse order,,1322,reverse order
BNSF,ABQ1021-##A,Bernalillo,at,Outbound for Albuquerque,,,,1322,Outbound for Albuquerque
BNSF,EOL3021-##A,1810,at,Montgomery,,blocked in siding number order,,,blocked in siding number order
BNSF,LAC0112-##A,1007,at,Siding 17,,cap = 5 cars,,,cap = 5 cars
BNSF,LAC0112-##A,1007,at,Siding 15,,cap = 5 cars,,,cap = 5 cars
BNSF,LAC0112-##A,1007,at,Siding 14,,cap = 6 cars,,,cap = 6 cars
BNSF,LAC0112-##A,1007,at,Siding 16,,cap = 9 cars,,,cap = 9 cars
BNSF,VAW2252-##A,1702,at,Raineir,,,,,Raineir
BNSF,VAW2252-##A,1702,at,Other PNWR destinations in the Portland area.,,"Banks, Beaverton, Hillsboro, Seghers, Hopmere, Salem Bush, Tigard, Willsburg",id:2134 id:2133 id:2136 id:2924 id:2923 id:1665 id:2135 id:2996,,
BNSF,VAW2252-##A,1702,at,BNSF Lake Yard,,"Portland Lake, Portland Rivergate BNSF, Portland T4 empty autoracks.",id:1868 id:2138 class:auto class:empty,,Portland T4
BNSF,VAW2252-##A,Portland Terminal 6 BNSF,at,Loaded Toyota Autoracks,T6,grouped by destination,,1877,
BNSF,VAW2252-##A,Portland Terminal 6 BNSF,at,Vancouver manifest,,,id:1587 id:1597 id:1613 id:1616 id:1621 id:1622 id:1663 id:1702 id:1854 id:2065 id:2854 id:3056,1877,
BNSF,JOL2021-##A,Logistics Park Chicago,at,LPC Sidings 5 & 6,,,,1505,LPC Sidings 5 & 6
BNSF,JOL2021-##A,Logistics Park Chicago,at,Lorenzo,,in reverse numerical order 12-1,,1505,in reverse numerical order 12-1
BNSF,JOL3011-##A,1505,at,Joliet BNSF,,,id:2540,,
BNSF,ABQ3451-##A,1032,at,Sidings 10-11,,,,,Sidings 10-11
BNSF,ABQ3451-##A,1032,at,Sidings 13-18,,,,,Sidings 13-18
BNSF,ABQ3451-##A,1032,at,Sidings 19-22,,,,,Sidings 19-22
BNSF,ABQ3451-##A,1032,at,Sidings 23-25,,,,,Sidings 23-25
BNSF,ABQ3451-##A,1032,at,Siding 12,,,,,Siding 12
BNSF,ABQ3451-##A,1032,at,Sidings 1-9,,,,,Sidings 1-9
BNSF,ABQ3451-##A,1321,at,Abajo Yard,,,id:1032,,
BNSF,DEN1041-##A,1800,at,Commerce City,,Suncor Sidings 17-19 in order,,,Suncor Sidings 17-19 in order
BNSF,DEN1041-##A,1800,at,Market St.,,"Sidings 35-37, 42, 44-47, 49, 43, 48, 38-41, 34 in order",,,Sidings 35-37; 42; 44-47; 49; 43; 48; 38-41; 34 in order
BNSF,NYF3091-##T,1904,at,FWWR,,,rr:FWWR,,
BNSF,SEA2301-##A,Seattle Interbay,at,Roosevelt Garbage Wells,,,,1803,Roosevelt Garbage Wells
BNSF,SEA2351-##A,South Seattle Yard,at,South Seattle/Renton,,,id:1628 id:3031,1628,
BNSF,SEA1131-##A,Seattle Stacy St. Yard,at,Seattle Stacy St.,,,id:2008,2008,
BNSF,SEA2371-##A,Seattle Harbor Island,at,Seattle Harbor Island,,,id:1538,1538,
BNSF,SEA2391-##A,West Seattle BNSF,at,West Seattle,,,id:1580 id:2339,1580,
BNSF,GFD1072-##A,East Grand Forks,at,East Grand Forks Sidings 13-18,,Sidings 13-17 are in the sugar plant,,3189,Sidings 13-17 are in the sugar plant
BNSF,SAG2101-##A,3530,at,CEMEX Spur,,,id:3535,,
BNSF,NYF3051-##T,1904,at,Saginaw,,,id:2470 id:3530,,
BNSF,NYF3051-##T,Saginaw,leaving,Ft. Worth North,,,id:1904 id:3532,2470|3530,
BNSF,DIL1182-##A,Moorhead BNSF,at,Moorhead Siding 5,,,,1602,Moorhead Siding 5
BNSF,DIL1182-##A,Moorhead BNSF,at,Moorhead Sidings 1-4,,,,1602,Moorhead Sidings 1-4
BNSF,KCM1921-##A,3719,at,Kansas City 19th St.,,in siding order,,,in siding order
BNSF,KCM1921-##A,3719,at,Rosedale Siding 3,,,,,Rosedale Siding 3
BNSF,BIL3421-##A,1893,at,East Billings,,,id:3345,,
BNSF,SUP2181-##A,1855,at,Duluth Rice's Point.,,,id:1514 id:2471 id:2472 id:2473,,
BNSF,CHIGAL1-##A,Joliet BNSF,at,Galesburg,,,id:2100,2540,
BNSF,GALEDY1-##A,Burlington,at,Burlington,,Ottumwa BNSF,id:3857,3140|3854,
BNSF,GALEDY1-##A,Burlington,at,Eddyville Ottumwa,,,id:1341,3140|3854,
BNSF,EDYGAL1-##A,Burlington,at,Galesburg,,,id:2100,3140|3854,
BNSF,GALCHI1-##A,Chicago Willow Springs,at,Chicago Willow Springs Manifest,,,id:1410,1410,
BNSF,PEIGAL1-##A,3658,at,Galesburg,,,id:2100,,
BNSF,GALGAL1-##A,2375,at,Galesburg,,,id:2100,,
BNSF,SPOCWH1-##A,1742,at,Chewelah,,,id:2838,,
BNSF,CWHSPO1-##A,2838,at,Spokane,,,id:1741 id:1742 id:1743 id:1876 id:2202 id:2212 id:3179 id:3646,,
BNSF,WLMABE1-##A,1570,at,Benson,,"Holloway, Breckenridge, Wahpeton",id:2150 id:1605 id:2324,,
BNSF,WLMABE1-##A,1570,at,Aberdeen,,"Britton, East Aberdeen, Groton, Loomis, Mina and Mitchell",id:2640 id:3317 id:3315 id:1755,,Mina and Mitchell
BNSF,EVECUS1-##A,1155,at,Cherry Point,,,id:3030,,
BNSF,CUSEVE1-##A,3030,at,Everett Delta Yard,,,id:1155,,
BNSF,ABEMIT1-##A,1704,at,Mitchell,,,id:2769,,
BNSF,ABEMIT1-##A,1704,at,Sioux City,M-MITSIO1,,id:1351 id:2610 id:2611 id:2612 id:2613,,
BNSF,ALNLAU1-##A,Gillette Yard,at,Gillette,,,id:1051,1051,
BNSF,ALNLAU1-##A,Gillette Yard,at,Laurel,,,id:1894,1051,
BNSF,SWESHM1-##A,3959,at,Shelby,,"BNSF ND, MN, WI, OR, SD, WA",rr:BNSF:ND st:MN st:WI st:OR st:SD st:WA,,
BNSF,WQMGAL1-##A,1901,at,Galesburg,,,id:2100,,
BNSF,WCLBAR1-##A,1255,at,Barstow,,,id:1029,,
BNSF,NSLWQM1-##A,2173,at,Des Moines Glake,,BNSF and NS,,,BNSF and NS
BNSF,NSLWQM1-##A,2173,at,West Quincy,,Quincy,id:3554 id:3555,,
BNSF,GRWLAU1-##A,1590,at,Laurel,,,id:1894,,
BNSF,AMAAMS1-##A,1394,at,Amarillo South,,,id:1716 id:2633,,
BNSF,AMSCLO1-##A,1716,at,Clovis,,,id:1040,,
BNSF,AMSCLO1-##A,1716,at,Belen,,extras,,,extras
BNSF,AMSCLO1-##A,1716,at,Barstow,,extras,,,extras
BNSF,CRLCLO1-##A,Artesia,at,Clovis,,,id:1040,2157|3709,
BNSF,HOUEGW4-##A,1880,at,Houston Englewood,,,id:1372 id:3784,,
BNSF,BELELP1-##A,1135,at,El Paso Manifest,,"Las Cruces, NM",id:3667 st:NM,,
BNSF,BRCEOL1-##A,Chicago Hawthorne Crossing,at,Eola,,"Aurora, Cicero, Congress Park, Downers Grove, Montgomery, Ottawa IR, Plano, Rochelle, West Chicago, Western Ave",id:2448 id:3083 id:1470 id:1253 id:3085 id:1776 id:2450 id:3084 id:1760 id:2112 id:2028 id:2029 id:2451 id:1409,2388,
BNSF,BRCEOL1-##A,Chicago Hawthorne Crossing,at,All others,,,,2388,All others
BNSF,HVRMIN4-##A,Ross,at,Ross,,Tioga,id:2231,2326,
BNSF,HVRMIN4-##A,Ross,at,Minot,,,id:1582,2326,
BNSF,SHMSWE1-##A,2884,at,CPKC,,"AB, BC, MB, SK and Thunder Bay, ON",st:AB st:BC st:MB st:ON,,SK and Thunder Bay
BNSF,SIOMIT1-##A,1351,at,Mitchell,,"Kennebec, Kimball, Loomis Marion, Wolsey, RCPE; other destinations as needed",id:3117 id:1754 id:3303,,Loomis Marion; RCPE; other destinations as needed
BNSF,SIOSFA1-##A,1351,at,Sioux Falls,,"DAIR, EE",rr:DAIR rr:EE,,
BNSF,SFASIO1-##A,1706,at,Sioux City,,,id:1351 id:2610 id:2611 id:2612 id:2613,,
BNSF,SEAEVE1-##A,2008,at,CPKC Canada west of Sudbury ON,,,,,CPKC Canada west of Sudbury ON
BNSF,SEAEVE1-##A,2008,at,CN Canada west of Sudbury ON,,,,,CN Canada west of Sudbury ON
BNSF,SEAEVE1-##A,2008,at,SRY,,,rr:SRY,,
BNSF,SEAEVE1-##A,2008,at,Everett,,,id:1155,,
BNSF,EVENWE1-##A,Vancouver Fraser Surrey IMPEX,at,Fraser Surrey empty Garbage Wells,,,,,Fraser Surrey empty Garbage Wells
BNSF,EVENWE1-##A,Vancouver Fraser Surrey IMPEX,at,SRY,,,rr:SRY,,
BNSF,NWEEVE1-##A,Brownsville,at,UP Haulage traffic,,,,3973,UP Haulage traffic
BNSF,NWEEVE1-##A,Brownsville,at,BNSF Manifest,,,rr:BNSF,3973,
BNSF,VAWABN1-##A,1702,at,Portland Albina,,"UP, AERC, CORP, PT and all other cars not provided for",rr:UP rr:AERC rr:CORP,,PT and all other cars not provided for
BNSF,EGWHOU1-##A,1372,at,New South,,,id:1880 id:3400,,
BNSF,ELPBEL1-##A,2099,at,Belen,,,id:1135,,
BNSF,LAUGRW1-##A,1894,at,Greybull,,"Bonneville, Frannie",id:3041 id:3042,,
BNSF,MEMCNI1-##A,Memphis Sargent Yard,at,Loaded Autoracks,,"Jackson, MS",id:1280 id:1970 id:2053 st:MS,1446,
BNSF,MEMCNI1-##A,Memphis Sargent Yard,at,CN Traffic,,,,1446,CN Traffic
BNSF,MITABE1-##A,1703,at,Aberdeen,,,id:2887 id:3338 id:3713,,
BNSF,MITSIO1-##A,1703,at,Sioux City,,,id:1351 id:2610 id:2611 id:2612 id:2613,,
BNSF,KCKEMP1-##A,1620,at,Emporia,,,id:1275,,
BNSF,KCKEMP1-##A,1620,at,Dodge City,,if needed,,,
BNSF,NEWARK1-##A,Wichita BNSF Yard,at,Wichita,,,id:2824 id:2825 id:2826 id:2829,2824,
BNSF,NEWARK1-##A,Wichita BNSF Yard,at,Ponca City,,,id:2580,2824,
BNSF,NEWARK1-##A,Wichita BNSF Yard,at,Wichita,,"Amarillo, Connell",id:1394 id:1443 id:1716 id:2632 id:2633 id:3126 id:3127 id:3128 id:3129 id:2827 id:2853,2824,
BNSF,NEWARK1-##A,Wichita BNSF Yard,at,Ponca City,,"White Eagle, Red Rock Power Plant, Texas other than Amarillo area",id:3830 id:1306,2824,Texas other than Amarillo
BNSF,ARKNEW1-##A,Wichita BNSF Yard,at,Wichita BNSF Yard,,connections to the west,,2824,connections to the west
BNSF,ARKNEW1-##A,Wichita BNSF Yard,at,Emporia,,,id:1275,2824,
BNSF,PTNHOU1-##A,1879,at,BNSF New South,,,rr:BNSF@1880 rr:BNSF@3400,,
BNSF,PHXMAT1-##A,1565,at,Barstow,,,id:1029,,
BNSF,MATPHX1-##A,1686,at,Phoenix Mobest,,,id:1565,,
BNSF,NYFNYF1-##A,Ft. Worth Tower 55,at,UP transfers,,,,1847,UP transfers
BNSF,PTXDYT1-##A,2529,at,Houston New South,,,id:1880 id:3400,,
BNSF,HOUSRG1-##A,1880,at,Strang,,,id:1982 id:3778 id:3779,,
BNSF,SRGHOU1-##A,Houston New South Yard,at,New South,,,id:1880 id:3400,1880|3400,
BNSF,HOUPTN1-##A,1880,at,PTRA,,,rr:PTRA,,
BNSF,ELPELP1-##A,2099,at,Mexico IM/Vehicles,,,class:im,,Mexico IM/Vehicles
BNSF,ELPELP1-##A,2099,at,Mexico Manifest,,,id:1552 id:2236 id:2446 id:2447 id:2482 id:2483 id:2484 id:2486 id:2487 id:2489 id:2804 id:3394,,
BNSF,AMOBIR4-##A,3702,at,Birmingham,,,id:1211 id:1333 id:1720 id:1727 id:1786 id:1787 id:1805 id:1806 id:2305 id:2423 id:3195 id:4008,,
BNSF,KCKKCM1-##A,1620,at,KC Murray,,,id:3719 id:3720 id:3721 id:3722,,
BNSF,KCKKCK1-##A,1620,at,St. Joseph BNSF,,,id:1310,,
BNSF,KCKKCK1-##A,1310,at,KC Argentine,,,id:1620,,
BNSF,KCMKCK1-##A,3719,at,KC Argentine,,,id:1620,,
BNSF,GALBUR1-##A,2100,at,Burlington,,may be further separated into Eddyville Ottumwa and Ottumwa BNSF,,,may be further separated into Eddyville Ottumwa and Ottumwa BNSF
BNSF,BURGAL1-##A,3854,at,Galesburg,,,id:2100,,
BNSF,BIRAMO4-##A,1720,at,Amory,,,id:3702 id:3705,,
BNSF,STOSHM4-##W,1005,at,Shelby,,,id:2884,,
BNSF,WICSSE9-##A,2824,at,South Seattle (fuselage cars must be separated by spacer 60' flat).,,,,,South Seattle (fuselage cars must be separated by spacer 60' flat)
BNSF,SVLLAR1-##A,1880,at,Mexico Laredo BNSF,,,id:2483,,
BNSF,SSBLGV1-##A,Tenaha BNSF,at,Tenaha,,,id:2393 id:2394,2393,
BNSF,SSBLGV1-##A,Tenaha BNSF,at,Longview,,,id:1044 id:2208 id:2733 id:2734 id:2735 id:3154 id:3645 id:3725,2393,
BNSF,TEAAMY1-##A,2147,at,North Yard,,,,,North Yard
BNSF,ALNLIN1-##A,1356,at,Lincoln,,,id:1292 id:1293,,
BNSF,ARKKCK4-##A,Wichita BNSF Yard,at,Wichita,,"Connell, westbound connections",id:2827 id:2853,2824,westbound connections
BNSF,ARKKCK4-##A,Wichita BNSF Yard,at,Emporia,,"Dodge City, Ensign, Pueblo",id:2281 id:2282 id:3323 id:3324 id:3328 id:3329,2824,
BNSF,ARKKCK4-##A,Wichita BNSF Yard,at,Kanss City,,,,2824,Kanss City
BNSF,ALTAMS1-##A,1556,at,Loaded Autoracks for Amarillo South,,extra westbounds can also be placed here,,,extra westbounds can also be placed here
BNSF,ALTAMS1-##A,1556,at,Amarillo South local,,,,,Amarillo South local
BNSF,ALTAMS1-##A,1556,at,Amarillo South connections,,,,,Amarillo South connections
BNSF,ALTTPL1-##A,Saginaw BNSF,at,Saginaw,,,id:2470 id:3530,3530,
BNSF,ALTTPL1-##A,Saginaw BNSF,at,Temple,,,id:2330 id:3741,3530,
BNSF,ABENTW1-##A,Willmar,at,Willmar,,"Atwater, Clarkfield, Delano, Litchfield, Madison/Dawson",id:2221 id:1667 id:2879 id:1569 id:3259,1570,
BNSF,ABENTW1-##A,Willmar,at,Northtown,,,id:1593,1570,
BNSF,ALTOKC1-##A,1556,at,Oklahoma City Autoracks,,,id:2200 id:3060 class:auto,,
BNSF,ALTOKC1-##A,1556,at,Oklahoma City Manifest,,"Edmond, Gainesville, Red Rock Power Plant",id:3538 id:1827 id:1306,,
BNSF,ABEWLM1-##A,1704,at,Benson,,"Holloway, Breckenridge, Wahpeton, RRVW, Fargo area, Grand Forks area, Dilworth, CN & CP in AB/MB/SK + Thunder Bay, ON",id:2150 id:1605 id:2324 rr:RRVW id:1585 id:1604 id:3188 id:1586 st:ON,,CN & CP in AB/MB/SK + Thunder Bay
BNSF,ABEWLM1-##A,1704,at,Willmar,,"Atwater, Clarkfield, Delano, Litchfield, Madison/Dawson",id:2221 id:1667 id:2879 id:1569 id:3259,,
BNSF,ALTAMA1-##A,1556,at,Amarillo North locals,,Dalhrat BNSF,,,Dalhrat BNSF
BNSF,ALTAMA1-##A,1556,at,Amarillo North connections,,"AB, AK, BC, CO, ID, MT, NV, OR, UT, WA, WY",st:AB st:AK st:BC st:CO st:ID st:MT st:NV st:OR st:UT st:WA st:WY not:RCPE,,
BNSF,CASLAU1-##A,1590,at,Laurel,,,id:1894,,
BNSF,ALNDEN1-##A,Brush,at,Brush,,Fort Morgan,id:3840,1452,
BNSF,ALNDEN1-##A,Brush,at,Denver,,"AZ, CA, CO, NM, NV, TX, UT",st:AZ st:CA st:CO st:NM st:NV st:TX st:UT,1452,
BNSF,BRCNTW1-##A,Chicago Hawthorne Crossing,at,Eola,,"Aurora, Cicero, Congress Park, Lumber Lead, Downers Grove, Montgomery, Ottawa IR, Plano, Rochelle, Union Station, West Chicago BNSF, Western Ave",id:2448 id:3083 id:1470 id:1253 id:2660 id:3085 id:1776 id:2450 id:3084 id:1760 id:2112 id:1630 id:2029 id:1409,2388,
BNSF,BRCNTW1-##A,Chicago Hawthorne Crossing,at,La Crosse,,"may go on rear if mostly HSFR cars. La Crosse, Hager City and Savanna traffic",,2388,may go on rear if mostly HSFR cars. La Crosse; Hager City and Savanna traffic
BNSF,BRCNTW1-##A,Chicago Hawthorne Crossing,at,Northtown,,,id:1593,2388,
BNSF,BIRMEM1-##A,Tupelo BNSF,at,Loaded Autoracks,,,class:auto,2876,Loaded
BNSF,BIRMEM1-##A,Tupelo BNSF,at,Amory,,"Fulton, Hamilton, Palos",id:3703 id:3704 id:1883,2876,
BNSF,BIRMEM1-##A,Tupelo BNSF,at,Tupelo,,CPKC interchange and empty Autoracks for Blue Springs,class:auto,2876,CPKC interchange and empty Autoracks for Blue Springs
BNSF,BIRMEM1-##A,Tupelo BNSF,at,Memphis,,,id:1165 id:1172 id:1435 id:1445 id:1446 id:1449 id:1450 id:1921 id:1923 id:1983 id:2076 id:2915,2876,
BNSF,BNTHOU1-##A,1617,at,Houston,,,id:1372 id:1374 id:1378 id:1383 id:1460 id:1812 id:1878 id:1879 id:1880 id:1935 id:1936 id:1937,,
BNSF,BIRKCK1-##A,Blue Springs,at,Loaded Autoracks,,grouped by destination,,2877,
BNSF,BIRKCK1-##A,Blue Springs,at,Memphis,,,id:1165 id:1172 id:1435 id:1445 id:1446 id:1449 id:1450 id:1921 id:1923 id:1983 id:2076 id:2915,2877,
BNSF,BIRKCK1-##A,Blue Springs,at,Springfield,,MNA,rr:MNA,2877,
BNSF,BIRKCK1-##A,Blue Springs,at,Argentine,,,id:1620,2877,
BNSF,BIRTUL1-##A,Blue Springs,at,Loaded Autoracks,,grouped by destination,,2877,
BNSF,BIRTUL1-##A,Blue Springs,at,Memphis,,,id:1165 id:1172 id:1435 id:1445 id:1446 id:1449 id:1450 id:1921 id:1923 id:1983 id:2076 id:2915,2877,
BNSF,BIRTUL1-##A,Blue Springs,at,Springfield,,,id:2104 id:3924,2877,
BNSF,BIRTUL1-##A,Blue Springs,at,Tulsa,,,id:2184 id:3038 id:3039,2877,
BNSF,BRCGAL1-##A,1473,at,Galesburg,,,id:2100,,
BNSF,BREBRC1-##A,La Crosse BNSF Yard,at,La Crosse,,"Hager City, Savanna, extra traffic for Galesburg",id:2380 id:3054,1215,extra traffic for Galesburg
BNSF,BRENTW1-##A,Willmar,at,Willmar,,western connections via Lincoln and southwest connections via Kansas City,,1570,western connections via Lincoln and southwest connections via Kansas City
BNSF,BRENTW1-##A,Willmar,at,Northtown,,,id:1593,1570,
BNSF,CDTHOU1-##A,3119,at,Houston,,,id:1372 id:1374 id:1378 id:1383 id:1460 id:1812 id:1878 id:1879 id:1880 id:1935 id:1936 id:1937,,
BNSF,CDTEAP1-##A,3119,at,Mexico Eagle Pass BNSF IM,,if needed,,,
BNSF,CDTEAP1-##A,3119,at,Mexico Eagle Pass BNSF,,,id:2446,,
BNSF,CDTTUL1-##A,Temple,at,Loaded Autoracks,,grouped by destination,,2330|3741,
BNSF,CDTTUL1-##A,Temple,at,Temple,,,id:2330 id:3741,2330|3741,
BNSF,CDTTUL1-##A,Temple,at,Tulsa,,,id:2184 id:3038 id:3039,2330|3741,
BNSF,CNIGAL1-##A,Eola,at,Galesburg,,,id:2100,1810,
BNSF,DENALN1-##A,Brush,at,Brush,,"Bridgeport, Fort Morgan, Gurley, Pawnee, Sidney BNSF",id:1184 id:3840 id:2090 id:3841 id:2074,1452,
BNSF,CSXLAL1-##A,1425,at,Lafayette,,,id:3879,,
BNSF,DDCNEW1-##A,2281,at,Emporia,,"AZ, CA, NM, TX, Oklahoma City",st:AZ st:CA st:NM st:TX id:2200 id:3060,,
BNSF,DDCKCK1-##A,Emporia,at,Emporia,,"AZ, CA, NM, TX, Oklahoma City",st:AZ st:CA st:NM st:TX id:2200 id:3060,1275,
BNSF,DDCKCK1-##A,Emporia,at,Kansas City,,,id:1059 id:1169 id:1200 id:1214 id:1218 id:1227 id:1229 id:1301 id:1620 id:1817 id:1889 id:2011,1275,
BNSF,CNIKCK1-##A,Eola,at,Kansas City,,,id:1059 id:1169 id:1200 id:1214 id:1218 id:1227 id:1229 id:1301 id:1620 id:1817 id:1889 id:2011,1810,
BNSF,DDCDEN1-##A,Pueblo BNSF,at,Pueblo,,"Minnequa, Walsenburg, Bragdon, Parkdale, Baxter, Rio Grande Cement",id:3328 id:3329 id:3332 id:3333 id:3326 id:3327 id:3325 id:3330 id:3331,3323,
BNSF,DDCDEN1-##A,Pueblo BNSF,at,Denver,,"All Pacific Northwest connections, plus AB, BC, MT, ND, NV, SD, WY, BNSF in NE except Lincoln, & Colorado Springs",st:BC st:MT st:ND st:NV st:SD st:WY not:RCPE,3323,All Pacific Northwest connections; plus AB; BNSF in NE except Lincoln; & Colorado Springs
BNSF,DENGAL1-##A,Lincoln Hobson Yard,at,Lincoln,,,id:1292 id:1293,1293,
BNSF,DENGAL1-##A,Lincoln Hobson Yard,at,Galesburg,,,id:2100,1293,
BNSF,DENGAL1-##A,Lincoln Hobson Yard,at,Empty Autoracks for Midwest and Eastern points,,grouped by destination,,1293,
BNSF,CSYNYF1-##A,Teague,at,UP Englewood connections,H-TEAEGW,,,2147,UP Englewood connections
BNSF,CSYNYF1-##A,Teague,at,North Yard,,,,2147,North Yard
BNSF,DILNTW1-##A,St. Cloud BNSF,at,St. Cloud,,"Becker, Rockville, Waite Park",id:1194 id:3131 id:3133,2143,
BNSF,DILNTW1-##A,St. Cloud BNSF,at,Northtown,,"IA, WI, CP connections, UP connections, others as needed",st:IA st:WI,2143,CP connections; others as needed
BNSF,DILNTW1-##A,St. Cloud BNSF,at,Empty Autoracks,,grouped by destination,,2143,
BNSF,DMOWQM1-##A,2721,at,West Quincy,,,id:1901,,
BNSF,DMONSL4-##A,North St. Louis Yard,at,NS,DS41,,st:NS,2173|3420,
BNSF,DMOGAL1-##A,2721,at,Galesburg,,,id:2100,,
BNSF,DILBRC1-##A,La Crosse BNSF Yard,at,La Crosse,,"Savanna, Hager City",id:3054 id:2380,1215,
BNSF,DILGAL1-##A,Minneapolis Northtown Yard,at,Northtown,,,id:1593,1593,
BNSF,DILGAL1-##A,Minneapolis Northtown Yard,at,Galesburg,,"south, southeast, midwest, Chicago area BNSF",id:1008 id:1121 id:1466 id:1628 id:1658 id:1700 id:2241 id:2402 id:2480 id:2490 id:2708 id:2999 id:2686,1593,midwest; Chicago area BNSF
BNSF,DILMAN1-##A,1586,at,Mandan,,"Bismarck, Beulah, Max, Napolean",id:1583 id:2224 id:3419 id:2913 id:2229,,Napolean
BNSF,DILMIN1-##A,1586,at,Loaded Autoracks,,grouped by destination,,,
BNSF,DILMIN1-##A,1586,at,Minot,,"Ross, Shelby, Tioga",id:2326 id:2884 id:2231,,
BNSF,DILMIN1-##A,1586,at,Spokane/Pasco overflow,,,,,Spokane/Pasco overflow
BNSF,EOLKCK1-##A,Galesburg,at,Kansas City Loaded Autoracks,,grouped by destination - all BNSF destinations west/south of KC,,2100,
BNSF,EOLKCK1-##A,Galesburg,at,Galesburg,,Lincoln,id:1292 id:1293,2100,
BNSF,EOLKCK1-##A,Galesburg,at,West Quincy,,"Des Moines, Ft. Madison, Wever",id:1046 id:2719 id:2720 id:2721 id:2726 id:3693 id:1809 id:3855,2100,
BNSF,EOLKCK1-##A,Galesburg,at,Kansas City,,,id:1059 id:1169 id:1200 id:1214 id:1218 id:1227 id:1229 id:1301 id:1620 id:1817 id:1889 id:2011,2100,
BNSF,EOLTUL1-##A,Galesburg,at,Galesburg,,,id:2100,2100,
BNSF,EOLTUL1-##A,Galesburg,at,West Quincy,,,id:1901,2100,
BNSF,EOLTUL1-##A,Galesburg,at,Tulsa,,,id:2184 id:3038 id:3039,2100,
BNSF,FRSMOD1-##A,1201,at,Modesto,,,id:2154 id:3461 id:3462,,
BNSF,EMPKCK1-##A,1275,at,Kansas City,,,id:1059 id:1169 id:1200 id:1214 id:1218 id:1227 id:1229 id:1301 id:1620 id:1817 id:1889 id:2011,,
BNSF,EOLGFD1-##A,Minneapolis Northtown Yard,at,Northtown,,,id:1593,1593,
BNSF,EOLGFD1-##A,Minneapolis Northtown Yard,at,Dilworth,,"Casselton, Fargo, Moorhead, West Fargo, Ulen, OTVR",id:1603 id:1585 id:1602 id:3657 id:1604 id:3201 rr:OTVR,1593,
BNSF,GALNSI1-##A,Chicago Global 1,at,NS Elkhart,,,rr:NS@1500,,
BNSF,GALBRC2-##A,2100,at,Clearing,,,id:1473,,
BNSF,GALKCK2-##A,West Quincy,at,West Quincy,,"Fort Madison, Hannibal, Quincy",id:1809 id:3556 id:3554 id:3555,1901,
BNSF,GALKCK2-##A,West Quincy,at,Kansas City,,,id:1059 id:1169 id:1200 id:1214 id:1218 id:1227 id:1229 id:1301 id:1620 id:1817 id:1889 id:2011,1901,
BNSF,GALSTL1-##A,West Quincy,at,West Quincy,,"Ft. Madison, Hannibal, Quincy, North St Louis BNSF",id:1809 id:3556 id:3554 id:3555 id:2173,1901,
BNSF,GALBRC1-##A,2100,at,Clearing,,,id:1473,,
BNSF,GALDIL1-##A,2100,at,Loaded Dilworth Autoracks,,,class:auto,,Loaded Dilworth
BNSF,GALDIL1-##A,2100,at,Dilworth,,"Alton, Casselton, Clifford, Fargo, Fergus Falls, French, Moorhead, Tolna, Ulen, Wadena, West Fargo",id:3220 id:1603 id:3219 id:1585 id:1568 id:2151 id:1602 id:3657 id:3221 id:3201 id:3202 id:1604,,
BNSF,GALDIL1-##A,2100,at,Overflow traffic,,"Minot, Grand Forks, Spokane, Pasco, Laurel",id:1582 id:3188 id:1741 id:1742 id:1743 id:1876 id:2202 id:2212 id:3179 id:3646 id:1573 id:1894,,
BNSF,GALTPL1-##A,Kansas City Argentine Yard,at,Oklahoma City Loaded Autoracks,,,id:2200 id:3060 class:auto class:loaded,1620,
BNSF,GALTPL1-##A,Kansas City Argentine Yard,at,Alliance Autoracks,,,id:1356 class:auto,1620,
BNSF,GALTPL1-##A,Kansas City Argentine Yard,at,Mexico Eagle Pass BNSF Autoracks,,,id:2446 class:auto,1620,
BNSF,GALTPL1-##A,Kansas City Argentine Yard,at,Oklahoma City,,,id:2200 id:3060,1620,
BNSF,GALTPL1-##A,Kansas City Argentine Yard,at,Alliance,,,id:1356,1620,
BNSF,GALTPL1-##A,Kansas City Argentine Yard,at,Temple,,,id:2330 id:3741,1620,
BNSF,GALTPL1-##A,Kansas City Argentine Yard,at,Empty San Antonio Autoracks,,,class:auto,1620,Empty San Antonio
BNSF,GALMAD1-##A,2100,at,Madison,,,id:2647 id:3893,,
BNSF,GALLIN1-##A,Omaha Gibson Yard,at,Omaha Autoracks,,,id:2203 class:auto,2203,
BNSF,GALLIN1-##A,Omaha Gibson Yard,at,Lincoln Autoracks,,Laurel,id:1894,2203,
BNSF,GALLIN1-##A,Omaha Gibson Yard,at,Omaha Manifest,,"Bayard, Council Bluffs, North Omaha",id:3066 id:1107 id:1115 id:1767 id:1768 id:2583 id:2584 id:3064 id:2204,2203,
BNSF,GALLIN1-##A,Omaha Gibson Yard,at,Lincoln,,,id:1292 id:1293,2203,
BNSF,GALGFD1-##A,Minneapolis Northtown Yard,at,Northtown,,,id:1593,1593,
BNSF,GALGFD1-##A,Minneapolis Northtown Yard,at,Dilworth,,"All Fargo area local work, Laurel, Mandan, Minot, Pasco, Spokane",id:1894 id:1584 id:1582 id:1573 id:1741 id:1742 id:1743 id:1876 id:2202 id:2212 id:3179 id:3646,1593,All Fargo area local work
BNSF,HOUTUL1-##A,Alliance,at,Alliance,,,id:1356,1356|1556,
BNSF,HOUTUL1-##A,Alliance,at,Tulsa,,,id:2184 id:3038 id:3039,1356|1556,
BNSF,HOUTPL1-##A,1880,at,Temple,,,id:2330 id:3741,,
BNSF,HOUBNT1-##A,1880,at,Port Arthur,,,id:1241 id:1617 id:2217 id:2333,,
BNSF,IHBGAL1-##A,1098,at,BNSF Autoracks from Gibson,,,class:auto,,BNSF Autoracks from Gibson
BNSF,IHBGAL1-##A,1098,at,Kansas City,,,id:1059 id:1169 id:1200 id:1214 id:1218 id:1227 id:1229 id:1301 id:1620 id:1817 id:1889 id:2011,,
BNSF,IHBGAL1-##A,1098,at,Galesburg,,,id:2100,,
BNSF,IRBTUL1-##A,Sherman BNSF,at,Tulsa,,,id:2184 id:3038 id:3039,3995,
BNSF,HOULAL1-##A,Westlake UP,at,Westlake Lockmoor Yard,UP YAK64,all Lake Charles and Westlake yards,,1563,all Lake Charles and Westlake yards
BNSF,HOULAL1-##A,Westlake UP,at,Lafayette,,,id:3879,1563,
BNSF,GFDSUP1-##A,3188,at,Superior,,includes Thunder Bay CN for the transfer yard,,,includes Thunder Bay CN for the transfer yard
BNSF,GFDNSI1-##A,Eola,at,Eola,,,id:1810,1810,
BNSF,GFDNSI1-##A,Eola,at,Calumet Yard,,,,1810,Calumet Yard
BNSF,GFDNOY1-##A,3188,at,Winnipeg Symington,,"CN connections in AB, MB, SK and Fort St. John, Kitimat, Prince George, Prince Rupert, Quesnel, Taylor and Terrace, BC",st:MB id:1698 id:1699 id:1747 id:1748 id:1750 id:1701 st:BC,,SK and Fort St. John; Kitimat; Taylor and Terrace
BNSF,LALCSX1-##A,3879,at,CSX,,,rr:CSX,,
BNSF,KCKMEM1-##A,Springfield Yard,at,Springfield,,,id:2104 id:3924,2861|3621,
BNSF,KCKMEM1-##A,Springfield Yard,at,Memphis,,,id:1165 id:1172 id:1435 id:1445 id:1446 id:1449 id:1450 id:1921 id:1923 id:1983 id:2076 id:2915,2861|3621,
BNSF,KCKMEM1-##A,Springfield Yard,at,Empty Autoracks,,connections over Memphis; grouped by destination,,2861|3621,connections over Memphis; grouped by destination
BNSF,KCKOMA1-##A,St. Joseph BNSF,at,Loaded Omaha Autoracks,,,class:auto,1310,Loaded Omaha
BNSF,KCKOMA1-##A,St. Joseph BNSF,at,Omaha,,"Council Bluffs, Bayard",id:1107 id:1115 id:1767 id:1768 id:2583 id:2584 id:3064 id:3066,1310,
BNSF,KCKOMA1-##A,St. Joseph BNSF,at,St. Joseph,,on rear for easy drop,,1310,on rear for easy drop
BNSF,KCKTUL1-##A,1620,at,Loaded Autoracks,,grouped by destination,,,
BNSF,KCKTUL1-##A,1620,at,Tulsa,,,id:2184 id:3038 id:3039,,
BNSF,KCKTUL1-##A,1620,at,Empty Autoracks,,grouped by destination,,,
BNSF,LALTPL1-##A,Westlake UP,at,Westlake Lockmoor Yard,,all Lake Charles and Westlake yards; switched by UP,,1563,all Lake Charles and Westlake yards; switched by UP
BNSF,LALTPL1-##A,Westlake UP,at,Temple,,,id:2330 id:3741,1563,
BNSF,LALNSI1-##A,3879,at,NS,,,st:NS,,
BNSF,LALHOU1-##A,Westlake UP,at,Westlake Lockmoor Yard,,all Lake Charles and Westlake yards; switched by UP,,1563,all Lake Charles and Westlake yards; switched by UP
BNSF,LALHOU1-##A,Westlake UP,at,New South,,,id:1880 id:3400,1563,
BNSF,KCKALT1-##A,Oklahoma City Flynn Yard,at,Alliance Loaded Autoracks,,,id:1356 class:auto class:loaded,2200,
BNSF,KCKALT1-##A,Oklahoma City Flynn Yard,at,Oklahoma City Loaded Autoracks,,,id:2200 id:3060 class:auto class:loaded,2200,
BNSF,KCKALT1-##A,Oklahoma City Flynn Yard,at,Oklahoma City Manifest,,,id:2200 id:3060,2200,
BNSF,KCKALT1-##A,Oklahoma City Flynn Yard,at,Alliance Manifest,,"CPKC in TX, UP in TX",,2200,CPKC in TX; UP in TX
BNSF,KCKSIO1-##A,St. Joseph BNSF,at,Sioux City,,,id:1351 id:2610 id:2611 id:2612 id:2613,1310,
BNSF,KCKSIO1-##A,St. Joseph BNSF,at,St. Joseph,,on rear for easy drop,,1310,on rear for easy drop
BNSF,KCKLIN1-##A,Kansas City Murray Yard BNSF,at,St. Joseph,,,id:3130,3719,
BNSF,KCKLIN1-##A,Kansas City Murray Yard BNSF,at,Lincoln,,,id:1292 id:1293,3719,
BNSF,KCKBIR1-##A,Springfield Yard,at,Springfield Manifest,,,id:2104 id:3924,2861|3621,
BNSF,KCKBIR1-##A,Springfield Yard,at,Memphis Manifest,,,id:1165 id:1172 id:1435 id:1445 id:1446 id:1449 id:1450 id:1921 id:1923 id:1983 id:2076 id:2915,2861|3621,
BNSF,KCKBIR1-##A,Springfield Yard,at,Birmingham Manifest and Empty Autoracks,,,class:auto class:empty,2861|3621,Birmingham Manifest and
BNSF,KCKWLM1-##A,1620,at,Willmar,,"Atwater, Benson, Breckenridge, Clarkfield, Delano, Holloway, Litchfield, Madison/Dawson, Wahpeton",id:2221 id:1567 id:1605 id:1667 id:2879 id:2150 id:1569 id:3259 id:2324,,
BNSF,LAUABE1-##A,1894,at,Aberdeen,,"Benson, Breckenridge, Britton, East Aberdeen, Groton, Holloway, Loomis, Mina, Mitchell, Wolsey, RWRR",id:1567 id:1605 id:2640 id:3317 id:3315 id:2150 id:1755 id:2378 id:1703 id:3116 id:3303 rr:RWRR,,
BNSF,ABELAU1-##A,1704,at,Laurel,,,id:1894,,
BNSF,LAUDIL1-##A,Mandan,at,Mandan,,"Beulah, Bismarck",id:2913 id:1583 id:2224 id:3419,1584,
BNSF,DENLIN1-##A,Brush,at,Brush,,"Bridgeport, Fort Morgan, Gurley, Pawnee, Sidney BNSF",id:1184 id:3840 id:2090 id:3841 id:2074,1452,
BNSF,DENLIN1-##A,Brush,at,Lincoln,,,id:1292 id:1293,1452,
BNSF,GALMEM1-##A,West Quincy,at,West Quincy,,"Fort Madison, Hannibal, Quincy",id:1809 id:3556 id:3554 id:3555,1901,
BNSF,GALMEM1-##A,West Quincy,at,St. Louis,,,id:1004 id:1277 id:1562 id:1736 id:2045 id:2174 id:2391 id:3617,1901,
BNSF,GALMEM1-##A,West Quincy,at,Memphis,,,id:1165 id:1172 id:1435 id:1445 id:1446 id:1449 id:1450 id:1921 id:1923 id:1983 id:2076 id:2915,1901,
BNSF,GALNTW1-##A,St. Paul Dayton's Bluff Yard,at,St. Paul Dayton's Bluff Autoracks,,,id:1183 class:auto,1183,
BNSF,GALNTW1-##A,St. Paul Dayton's Bluff Yard,at,Loaded Autoracks,,grouped by destination,,1183,
BNSF,GALTUL1-##A,Kansas City Santa Fe Jct,at,Loaded Autoracks,,grouped by destination,,1200,
BNSF,GALTUL1-##A,Kansas City Santa Fe Jct,at,Tulsa Manifest,,"LA, OK, TX",st:LA st:OK st:TX,1200,
BNSF,GRWLIN1-##A,Alliance,at,Alliance,,,id:1356,1356|1556,
BNSF,GRWLIN1-##A,Alliance,at,Lincoln,,,id:1292 id:1293,1356|1556,
BNSF,GALIHB1-##A,2100,at,Autoracks for Hammond Gibson,,grouped by destination; NS racks should go on either H-GALCHC or H-GALNSI,,,
BNSF,GALIHB1-##A,2100,at,Blue Island IHB,,including HSFR,,,including HSFR
BNSF,EVELVJ1-##A,Tacoma BNSF Yard,at,Tacoma,,"Port of Tacoma, Centralia, Chehalis, Frederickson, PSAP",id:2618 id:3335 id:3337 id:1517 rr:PSAP,1503,Port of Tacoma
BNSF,EVELVJ1-##A,Tacoma BNSF Yard,at,Longview Jct.,,"Kalama, Longview",id:1853 id:2617 id:2208 id:3645 id:3725,1503,
BNSF,FRSRIC1-##A,Riverbank,at,Riverbank,,"Oakdale, Sonora",id:2024 id:2622,2023,
BNSF,EAPCDT1-##A,2446,at,Whatever comes out of Mexico.,,,,,Whatever comes out of Mexico
BNSF,EVEROO1-##A,Centralia BNSF,at,Roosevelt,,,id:2631,3335,
BNSF,GRWKCK1-##A,Lincoln Hobson Yard,at,Lincoln,,,id:1292 id:1293,1293,
BNSF,GRWKCK1-##A,Lincoln Hobson Yard,at,Kansas City,,,id:1059 id:1169 id:1200 id:1214 id:1218 id:1227 id:1229 id:1301 id:1620 id:1817 id:1889 id:2011,1293,
BNSF,EAPTUL1-##A,Eagle Pass,leaving,Autoracks,,grouped by destination,,1608,
BNSF,EAPTUL1-##A,Eagle Pass,leaving,Tulsa,,"eastern MO, southern IL, southern IN, KY, NC, southern OH, NC, SC, TN, VA",st:KY st:NC st:NC st:SC st:TN st:VA,1608,eastern MO; southern IL; southern IN; southern OH
BNSF,EAPTPL1-##A,San Antonio Cadet Yard,at,Whatever comes out of Mexico.,,,,3119,Whatever comes out of Mexico
BNSF,INBVBT1-##A,Everett Delta Yard,at,Brownsville Garbage Wells,,,,1155,Brownsville Garbage Wells
BNSF,INBVBT1-##A,Everett Delta Yard,at,Tilbury Island,,,id:3974,1155,
BNSF,INBVBT1-##A,Everett Delta Yard,at,Vancouver Thornton,,,id:1587,1155,
BNSF,EMPEAP1-##A,San Antonio Cadet Yard,at,Loaded Autoracks,,Mexico Eagle Pass BNSF only,id:2446,3119,
BNSF,EMPEAP1-##A,San Antonio Cadet Yard,at,Cadet Yard,,San Antonio area traffic,,3119,San Antonio area traffic
BNSF,EMPEAP1-##A,San Antonio Cadet Yard,at,Mexico Eagle Pass BNSF manifest,,UP traffic should be given to UP,,3119,UP traffic should be given to UP
BNSF,GALALT1-##A,Oklahoma City Flynn Yard,at,Loaded Alliance Autroacks,,"grouped by destination; Alliance, Pearland, Mexico Laredo",id:1358 id:2482 id:2483 id:2484,2200,
BNSF,GALALT1-##A,Oklahoma City Flynn Yard,at,Loaded Oklahoma City Autoracks,,,class:auto,2200,Loaded Oklahoma City
BNSF,GALALT1-##A,Oklahoma City Flynn Yard,at,Oklahoma City Manifest,,,id:2200 id:3060,2200,
BNSF,GALTUL1-##A,West Quincy,at,Tulsa Loaded Autoracks,,grouped by destination,,1901,
BNSF,GALTUL1-##A,West Quincy,at,West Quincy,,Fort Madison,id:1809,1901,
BNSF,GALTUL1-##A,West Quincy,at,St. Louis,,EVWR / PAL / COER,,1901,EVWR / PAL / COER
BNSF,GALTUL1-##A,West Quincy,at,Springfield,,MNA,rr:MNA,1901,
BNSF,GALTUL1-##A,West Quincy,at,Tulsa,,,id:2184 id:3038 id:3039,1901,
BNSF,KCKDDC1-##A,Emporia,at,Dodge City,,,id:2281,1275,
BNSF,KCKDDC1-##A,Emporia,at,Pueblo/Colorado Springs,H-DDEDEN1,,id:3323 id:3324 id:3328 id:3329 id:1129,1275,
BNSF,KCKAMS1-##A,Wichita BNSF Yard,at,Loaded Amarillo South Autoracks,,,class:auto,2824,Loaded Amarillo South
BNSF,KCKAMS1-##A,Wichita BNSF Yard,at,Wichita,,"Connell, Ponca City",id:2827 id:2853 id:2580,2824,
BNSF,KCKAMS1-##A,Wichita BNSF Yard,at,Amarillo South,,"Bovina, Harrington, Hereford, Tolk, Folsom, Pullman, Amarillo North",id:2688 id:1501 id:2689 id:3126 id:3127 id:3128 id:3129 id:1394 id:2632,2824,Harrington
BNSF,KCKAMS1-##A,Wichita BNSF Yard,at,"Carry over traffic for AZ, CA, NM and Temple, TX.",,,,2824,"Carry over traffic for AZ, CA, NM and Temple, TX"
BNSF,KCKWIC1-##A,Emporia,at,Emporia,,,id:1275,1275,
BNSF,KCKWIC1-##A,Emporia,at,Wichita,,,id:2824 id:2825 id:2826 id:2829,1275,
BNSF,KCKGAL1-##A,West Quincy,at,West Quincy Autos,,"LPC, cnx for Hammond Gibson",id:1505,1901,cnx for Hammond Gibson
BNSF,KCKGAL1-##A,West Quincy,at,West Quincy Manifest,,"Des Moines Glake, Fort Madison",id:2720 id:2721 id:3693 id:1809,1901,
BNSF,KCKGAL1-##A,West Quincy,at,Galesburg,,,id:2100,1901,
BNSF,KCKBRC1-##A,Galesburg,at,Clearing,,"BRC, SCIH, CSXT and CSXT affiliated shortlines - all others to Galesburg",rr:BRC rr:SCIH,2100,CSXT and CSXT affiliated shortlines - all others to Galesburg
BNSF,KCKBRC1-##A,Galesburg,at,Galesburg,,,id:2100,2100,
BNSF,KCKCLO1-##A,1620,at,Clovis,,"Artesia, Atoka, Carlsbad, Loving, Roswell",id:2157 id:2463 id:2155 id:2156 id:2703,,
BNSF,KCKCLO1-##A,1620,at,Belen carryover,,"AZ, Albuquerque, El Paso",st:AZ id:1032 id:1779 id:1799 id:2099,,
BNSF,KCKTPL1-##A,Emporia,at,Loaded Autoracks,,Mexico Eagle Pass BNSF only,id:2446,1275,
BNSF,KCKTPL1-##A,Emporia,at,Temple,,,id:2330 id:3741,1275,
BNSF,KCKTPL1-##A,Emporia,at,Empty Autoracks,,Mexico Eagle Pass BNSF and San Antonio Toyota,,1275,Mexico Eagle Pass BNSF and San Antonio Toyota
BNSF,LAUSWE1-##A,Shelby,at,Shelby,,"Ross, Tioga, Minot, Grand Forks",id:2326 id:2231 id:1582 id:3188,2884,
BNSF,LAUSWE1-##A,Shelby,at,Calgary,,"CPKC in AB, BC, MB, SK and Thunder Bay CPKC, ON",st:BC st:MB st:ON,2884,CPKC in AB; SK and Thunder Bay CPKC
BNSF,LAWGAL1-##A,1215,at,Galesburg,,,id:2100,,
BNSF,LAWNTW1-##A,St. Paul Dayton's Bluff Yard,at,Dayton's Bluff Loaded Autos,,,id:1183 class:auto class:loaded,1183,
BNSF,LAWNTW1-##A,St. Paul Dayton's Bluff Yard,at,Northtown Loaded Autos,,"Dilworth, Kent, Portland, Spokane, Tacoma - grouped by destination",id:1586 id:1553 id:3300 id:1302 id:1866 id:1868 id:1877 id:2137 id:2138 id:2140 id:2141 id:2995 id:2996 id:3275 id:3276 id:1741 id:1742 id:1743 id:1876 id:2202 id:2212 id:3179 id:3646,1183,Tacoma - grouped by destination
BNSF,LAWNTW1-##A,St. Paul Dayton's Bluff Yard,at,Northtown Manifest,,,id:1593,1183,
BNSF,LGVSSB1-##A,2733,at,Houston,,,id:1372 id:1374 id:1378 id:1383 id:1460 id:1812 id:1878 id:1879 id:1880 id:1935 id:1936 id:1937,,
BNSF,LAUSHM1-##A,1894,at,Shelby Locals,,,,,Shelby Locals
BNSF,LAUSHM1-##A,1894,at,Other connectionss,,"Minot, Ross, Tioga",id:1582 id:2326 id:2231,,
BNSF,LAUWLM1-##A,Aberdeen BNSF,at,Aberdeen,,"Benson, Breckenridge, Britton, East Aberdeen, Groton, Holloway, Mina, Wolsey",id:1567 id:1605 id:2640 id:3317 id:3315 id:2150 id:2378 id:3303,1704,
BNSF,LAUWLM1-##A,Aberdeen BNSF,at,Willmar,,"Atwater, Clarkfield, Delano, Litchfield, Madison/Dawson, Marshall",id:2221 id:1667 id:2879 id:1569 id:3259 id:3601,1704,
BNSF,LAUMIS1-##A,1894,at,Missoula,,,id:1989,,
BNSF,MISLAU1-##A,1989,at,Laurel,,,id:1894,,
BNSF,TPLBNT1-##A,2330,at,Port Arthur,,,id:1241 id:1617 id:2217 id:2333,,
BNSF,DYTGAL1-##A,Kansas City Argentine Yard,at,Temple,,Western connections,,1620,Western connections
BNSF,DYTGAL1-##A,Kansas City Argentine Yard,at,Kansas City,,"Alaska, Pacific Northwest, Plains and Western Canada",id:1204 st:WA st:OR st:ID,1620,Plains and Western Canada
BNSF,DYTGAL1-##A,Kansas City Argentine Yard,at,Galesburg,,,id:2100,1620,
BNSF,TEAPTX1-##A,2147,at,Pasadena,,,id:2529 id:3334 id:3343,,
BNSF,TPLHOU1-##A,2330,at,Houston,,,id:1372 id:1374 id:1378 id:1383 id:1460 id:1812 id:1878 id:1879 id:1880 id:1935 id:1936 id:1937,,
BNSF,TPLHOU1-##A,2330,at,Overlow,,,,,Overlow
BNSF,TPLLAL4-##A,Westlake UP,at,Westlake Lockmoor Yard,UP YAK64,all Lake Charles and Westlake maps,,1563,all Lake Charles and Westlake maps
BNSF,TPLLAL4-##A,Westlake UP,at,Lafayette,,,id:3879,1563,
BNSF,TPLEAP1-##A,San Antonio Cadet Yard,at,San Antonio Toyota Autoracks,,,id:2242 id:3432 class:auto,3119,
BNSF,TPLEAP1-##A,San Antonio Cadet Yard,at,San Antonio Cadet Yard,,includes Mexico Eagle Pass UP if needed,,3119,includes Mexico Eagle Pass UP if needed
BNSF,TPLEAP1-##A,San Antonio Cadet Yard,at,Mexico Eagle Pass BNSF.,,,id:2446,3119,
BNSF,ALTTUL1-##A,Oklahoma City Flynn Yard,at,Tulsa,,,id:2184 id:3038 id:3039,2200,
BNSF,ALTGAL1-##A,Emporia,at,Wichita,,"SKOL, Connell",rr:SKOL id:2827 id:2853,1275,
BNSF,ALTGAL1-##A,Emporia,at,Emporia,,"Dodge City, Ensign, CO, NV, UT",id:2281 id:2282 st:CO st:NV st:UT,1275,
BNSF,ALTGAL1-##A,Emporia,at,Argentine,,,id:1620,1275,
BNSF,ALTGAL1-##A,Emporia,at,Galesburg,,,id:2100,1275,
BNSF,LARSVL1-##A,Pearland,at,Whatever Blocks comes from the Gateway,,vID,,1358,vID
BNSF,LARTPL1-##A,2483,at,Whatever Blocks comes from the Gateway,,vID,,,vID
BNSF,LINTUL1-##A,1293,at,Loaded Autoracks,,if needed for H-LINTUL9,,,
BNSF,LINTUL1-##A,1293,at,Tulsa,,,id:2184 id:3038 id:3039,,
BNSF,MAOTUL1-##A,2210,at,Tulsa,,,id:2184 id:3038 id:3039,,
BNSF,LINGAL1-##A,Omaha Gibson Yard,at,Omaha,,,id:2203,2203,
BNSF,LINGAL1-##A,Omaha Gibson Yard,at,Galesburg,,,id:2100,2203,
BNSF,LVJPAS1-##A,Vancouver BNSF,at,Pasco,,"Richland, Yakima, Wallula, Plymouth, Connell, connections not going to Spokane",id:2850 id:2851 id:2852 id:1495 id:2453 id:3162 id:2853,1702,connections not going to Spokane
BNSF,MADGAL1-##A,1364,at,Galesburg,,,id:2100,,
BNSF,LINKCK1-##A,Kansas City Murray Yard BNSF,at,St. Joseph,,,id:3130,3719,
BNSF,LINKCK1-##A,Kansas City Murray Yard BNSF,at,KC Murray,,"10th St., 19th St.; Bedford Yard, KAW, Randolph, Rosedale, Spring Hill, NS Avondale, Voltz",id:2011 rr:KAW id:2599 id:2198 id:1228 rr:NS@3533 id:1205,3719,19th St.; Bedford Yard
BNSF,LINKCK1-##A,Kansas City Murray Yard BNSF,at,KC Argentine,,,id:1620,3719,
BNSF,CRLCLO1-##A,2155,at,Loaded Mineral Cov. Hoppers,,grouped by destination,,,
BNSF,CRLCLO1-##A,2155,at,Clovis,,including connections,,,including connections
BNSF,CLOCRL1-##A,1040,at,Carlsbad,,,id:2155,,
BNSF,MEMBIR1-##A,Blue Springs,at,Tupelo,,BNSF local,,2877,BNSF local
BNSF,MEMBIR1-##A,Blue Springs,at,Tupelo,,CPKC connections,,2877,
BNSF,MEMBIR1-##A,Blue Springs,at,Amory,,"Fulton, Hamilton, Palos, Mobile",id:3703 id:3704 id:1883 id:2015 id:2016 id:2017 id:2018 id:2019 id:2805,2877,
BNSF,MEMBIR1-##A,Blue Springs,at,Birmingham Manifest,,,id:1211 id:1333 id:1720 id:1727 id:1786 id:1787 id:1805 id:1806 id:2305 id:2423 id:3195 id:4008,2877,
BNSF,MEMBIR1-##A,Blue Springs,at,Blue Springs Empty Autoracks,,,id:2877 class:auto class:empty,2877,
BNSF,MEMBIR1-##A,Blue Springs,at,Birmingham Empty Autoracks,,grouped by destination,,2877,
BNSF,LUBCLO1-##A,2330,at,Clovis,,,id:1040,,
BNSF,LUBCLO1-##A,2330,at,Western Connections,,"AZ, CA, Belen, El Paso, Albuquerque",st:AZ st:CA id:1135 id:1779 id:1799 id:2099 id:1032,,
BNSF,MINNTW1-##A,Dilworth,at,Dilworth,,"Ulen, Wadena, Wahpeton, Fergus Falls, Breckenridge, Benson, Holloway, Mandan, Beulah",id:3201 id:3202 id:2324 id:1568 id:1605 id:1567 id:2150 id:1584 id:2913,1586,
BNSF,MINNTW1-##A,Dilworth,at,Northtown,,,id:1593,1586,
BNSF,LINNTW1-##A,Willmar,at,Willmar,,,id:1570,1570,
BNSF,LINNTW1-##A,Willmar,at,Northtown,,,id:1593,1570,
BNSF,LINWLM1-##A,1293,at,"Willmar (Atwater, Benson, Breckenridge, Clarkfield, Delano, Holloway, Litchfield, Madison/Dawson, Wahpeton, RRVW).",,,,,"Willmar (Atwater, Benson, Breckenridge, Clarkfield, Delano, Holloway, Litchfield, Madison/Dawson, Wahpeton, RRVW)"
BNSF,MANDIL1-##A,1584,at,Dilworth,,"Fargo, Grand Forks, Minot, Ross, Tioga, Ulen, Wadena, MB, SK, Sudbury ON",id:1585 id:3188 id:1582 id:2326 id:2231 id:3201 id:3202 st:MB st:SK id:1815 id:2520,,
BNSF,MANNTW1-##A,Dilworth,at,Dilworth,,"Fargo, Grand Forks, Minot, Ross, Tioga, Ulen, Wadena, MB, SK, Sudbury ON",id:1585 id:3188 id:1582 id:2326 id:2231 id:3201 id:3202 st:MB st:SK id:1815 id:2520,1586,
BNSF,MANNTW1-##A,Dilworth,at,Northtown,,,id:1593,1586,
BNSF,LVJVAW1-##A,3645,at,Vancouver,,"AZ, CA, NM, NV, OR, UT",st:AZ st:CA st:NM st:NV st:OR st:UT,,
BNSF,EVEVBC1-##A,Brownsville,at,Brownsville Garbage Wells,,,,3973,Brownsville Garbage Wells
BNSF,EVEVBC1-##A,Brownsville,at,Tilbury Island,,,id:3974,3973,
BNSF,EVEVBC1-##A,Brownsville,at,CPKC Coquitlam,,,rr:CPKC@1616,3973,
BNSF,MADTUL1-##A,St. Louis Lindenwood Yard,at,Springfield,,,id:2104 id:3924,1736,
BNSF,MADTUL1-##A,St. Louis Lindenwood Yard,at,Tulsa,,,id:2184 id:3038 id:3039,1736,
BNSF,MEMAMO1-##A,Blue Springs,at,Tupelo,,,id:2875 id:2876,2877,
BNSF,MEMAMO1-##A,Blue Springs,at,Mobile,,,id:2015 id:2016 id:2017 id:2018 id:2019 id:2805,2877,
BNSF,MEMAMO1-##A,Blue Springs,at,Amory,,,id:3702 id:3705,2877,
BNSF,MEMAMO1-##A,Blue Springs,at,Blue Springs Empty Autoracks,,,id:2877 class:auto class:empty,2877,
BNSF,LINGAL2-##A,Burlington,at,Burlington,,"Eddyville Ottumwa, Ottumwa BNSF",id:1341 id:3857,3140|3854,
BNSF,LINGAL2-##A,Burlington,at,Galesburg,,,id:2100,3140|3854,
BNSF,KCKNTW1-##A,Sioux City BNSF,at,Sioux City,,,id:1351 id:2610 id:2611 id:2612 id:2613,1351,
BNSF,KCKNTW1-##A,Sioux City BNSF,at,Willmar,,,id:1570,1351,
BNSF,KCKNTW1-##A,Sioux City BNSF,at,Minneapolis Northtown,,,id:1593,1351,
BNSF,NSINTW1-##A,1409,at,Northtown.,,,id:1593,,
BNSF,NTWGAL1-##A,La Crosse BNSF Yard,at,St. Paul Dayton's Bluff (CPKC interchange and Loaded Dayton's Bluff Autoracks) --> Y-DAM111.,,,class:auto,1215,St. Paul Dayton's Bluff (CPKC interchange and Loaded Dayton's Bluff Autoracks)
BNSF,NTWGAL1-##A,La Crosse BNSF Yard,at,La Crosse,,"Hager City, Savanna",id:2380 id:3054,1215,
BNSF,NTWGAL1-##A,La Crosse BNSF Yard,at,Galesburg Manifest,,"including Empty Autoracks, grouped by destination",class:auto class:empty,1215,including
BNSF,NTWBRC1-##A,Eola,at,Eola,,"Aurora, Cicero, Congress Park, Downers Grove, Lumber Lead, Montgomery, Ottawa IR, Plano, Rochelle, Union Station, West Chicago BNSF, Western Ave and NS Chicago area",id:2448 id:3083 id:1470 id:1253 id:3085 id:2660 id:1776 id:2450 id:3084 id:1760 id:2112 id:1630 id:2029,1810,Western Ave and NS Chicago
BNSF,NTWBRC1-##A,Eola,at,Clearing,,mostly CSX and shortline affiliates,,1810,mostly CSX and shortline affiliates
BNSF,NTWDIL1-##A,St. Cloud BNSF,at,St. Cloud,,"St. Joseph, Rockville",id:3130 id:3131,2143,
BNSF,NTWDIL1-##A,St. Cloud BNSF,at,Dilworth,,"Alton, Casselton, Clifford, Fargo, Moorhead, OTVR, Tolna, Ulen, Wadena, West Fargo",id:3220 id:1603 id:3219 id:1585 id:1602 id:3657 rr:OTVR id:3221 id:3201 id:3202 id:1604,2143,
BNSF,NTWABE1-##A,Willmar,at,Willmar,,"Benson, Holloway, Breckenridge, Wahpeton, Marshall",id:1567 id:2150 id:1605 id:2324 id:3601,1570,
BNSF,NTWABE1-##A,Willmar,at,Aberdeen,,,id:2887 id:3338 id:3713,1570,
BNSF,NTWLAW1-##A,St. Paul Dayton's Bluff Yard,at,St. Paul Dayton's Bluff (CPKC interchange and Loaded Dayton's Bluff Autoracks) --> Y-DAM111.,,,class:auto,1183,St. Paul Dayton's Bluff (CPKC interchange and Loaded Dayton's Bluff Autoracks)
BNSF,NTWLAW1-##A,St. Paul Dayton's Bluff Yard,at,La Crosse,,"Hager City, Savanna",id:2380 id:3054,1183,
BNSF,NTWLIN1-##A,Willmar,at,Willmar,,,id:1570,1570,
BNSF,NTWLIN1-##A,Willmar,at,Sioux City,,,id:1351 id:2610 id:2611 id:2612 id:2613,1570,
BNSF,NTWLIN1-##A,Willmar,at,Lincoln,,,id:1292 id:1293,1570,
BNSF,NTWMAD1-##A,Galesburg,at,Galesburg,,,id:2100,2100,
BNSF,NTWMAD1-##A,Galesburg,at,E. St. Louis Madison,,,id:1364,2100,
BNSF,NTWMEM1-##A,St. Paul Dayton's Bluff Yard,at,St. Paul Dayton's Bluff (CPKC interchange and Loaded Dayton's Bluff Autoracks) --> Y-DAM111.,,,class:auto,1183,St. Paul Dayton's Bluff (CPKC interchange and Loaded Dayton's Bluff Autoracks)
BNSF,NTWMEM1-##A,St. Paul Dayton's Bluff Yard,at,Memphis Manifest,,,id:1165 id:1172 id:1435 id:1445 id:1446 id:1449 id:1450 id:1921 id:1923 id:1983 id:2076 id:2915,1183,
BNSF,NTWMEM1-##A,St. Paul Dayton's Bluff Yard,at,Empty Memphis Autoracks,,grouped by destination,,1183,
BNSF,NTWMAN1-##A,Dilworth,at,Dilworth,,,id:1586,1586,
BNSF,NTWMAN1-##A,Dilworth,at,Mandan,,"Beulah, Bismarck, Montana-Dakota Utility Spur",id:2913 id:1583 id:2224 id:3419 id:1629,1586,
BNSF,TACABN1-##A,1503,at,Albina,,UP,rr:UP,,
BNSF,TACVAW1-##A,Centralia BNSF,at,Vancouver manifest,,"Port of Vancouver, Washougal, Battle Ground, BNSF Portland area and PNWR",id:1712 id:3059 id:3058 id:3057,3335,BNSF Portland area and PNWR
BNSF,TACVAW1-##A,Centralia BNSF,at,Empty Portland area Autoracks,,no UP,id:1920 id:3125,3335,
BNSF,DILLIN1-##A,Willmar,at,Lincoln,,"CO, IA, NE, NV, UT, WY",st:CO st:IA st:NE st:NV st:UT st:WY not:RCPE,1570,
BNSF,PASSPO1-##A,1573,at,Spokane empty garbage containers.,,,class:im,,Spokane empty garbage containers
BNSF,PASSPO1-##A,1573,at,Spokane,,,id:1741 id:1742 id:1743 id:1876 id:2202 id:2212 id:3179 id:3646,,
BNSF,PASVAW1-##A,Roosevelt,at,Roosevelt Garbage,,,,2631,Roosevelt Garbage
BNSF,PASVAW1-##A,Roosevelt,at,Vancouver,,"Battle Ground, Kalama, Port of Vancouver, Portland T6, Washougal",id:3057 id:1853 id:2617 id:1712 id:3059 id:3058,2631,Portland T6
BNSF,PASEVE1-##A,Centralia BNSF,at,Centralia,,"Chehalis, Frederickson, PSAP",id:3337 id:1517 rr:PSAP,3335,
BNSF,PASLYD1-##A,1573,at,Lake Yard,,Portland area,id:1302 id:1866 id:1868 id:1877 id:2137 id:2138 id:2140 id:2141 id:2995 id:2996 id:3275 id:3276,,
BNSF,PASSEA1-##A,Centralia BNSF,at,Centralia,,"Chehalis, Frederickson, PSAP",id:3337 id:1517 rr:PSAP,3335,
BNSF,PASSEA1-##A,Centralia BNSF,at,Tacoma,,"Port of Tacoma, Fife, Auburn, Kent Orillia, Meeker Jct.",id:1539 id:3300 id:2623,3335,Port of Tacoma; Fife
BNSF,PASSEA1-##A,Centralia BNSF,at,Seattle,,All Seattle yards,id:1481 id:1538 id:1803 id:2008,3335,
BNSF,PASVBT1-##A,Everett Delta Yard,at,Tacoma,,"Auburn, Fife, Kent Orillia, Meeker Jct.",id:1539 id:3300 id:2623,1155,Fife
BNSF,AMOMEM1-##A,Tupelo BNSF,at,Tupelo,,CPKC interchange,id:2484,2876,
BNSF,AMOMEM1-##A,Tupelo BNSF,at,Memphis,,,id:1165 id:1172 id:1435 id:1445 id:1446 id:1449 id:1450 id:1921 id:1923 id:1983 id:2076 id:2915,2876,
BNSF,STLMEM1-##A,1736,at,Memphis,,,id:1165 id:1172 id:1435 id:1445 id:1446 id:1449 id:1450 id:1921 id:1923 id:1983 id:2076 id:2915,,
BNSF,STLGAL1-##A,West Quincy,at,West Quincy,,"Burlington, Des Moines, Eddyville, Fort Madison, Hannibal, Quincy, Wever",id:3854 id:1046 id:2719 id:2720 id:2721 id:2726 id:3693 id:1708 id:1809 id:3556 id:3554 id:3555 id:3855,1901,
BNSF,STLGAL1-##A,West Quincy,at,Galesburg,,,id:2100,1901,
BNSF,SPMKCK1-##A,2861,at,Kansas City,,"BNSF west connections, CPKC, KCT, UP",rr:CPKC rr:KCT rr:UP,,BNSF west connections
BNSF,SPMLIN1-##A,Kansas City Murray Yard BNSF,at,Kansas City,,"10th St., KAW, NSI, Riverside, St. Joseph",id:2011 rr:KAW id:3723 id:1310 id:2109,3719,NSI
BNSF,SPMLIN1-##A,Kansas City Murray Yard BNSF,at,Lincoln,,,id:1292 id:1293,3719,
BNSF,SPMMEM4-##A,2861,at,Memphis.,,,id:1165 id:1172 id:1435 id:1445 id:1446 id:1449 id:1450 id:1921 id:1923 id:1983 id:2076 id:2915,,
BNSF,SPMBIR4-##A,Blue Springs,at,Birmingham,,,id:1211 id:1333 id:1720 id:1727 id:1786 id:1787 id:1805 id:1806 id:2305 id:2423 id:3195 id:4008,2877,
BNSF,SPMBIR4-##A,Blue Springs,at,Blue Springs Autoracks,,,id:2877 class:auto,2877,
BNSF,STLLIN4-##A,Springfield Yard,at,Springfield,,"MNA, Aurora",rr:MNA id:2123,2861|3621,
BNSF,STLLIN4-##A,Springfield Yard,at,Kansas City,,"Kansas City are maps only, including St. Joseph",,2861|3621,Kansas City are maps; including St. Joseph
BNSF,STLLIN4-##A,Springfield Yard,at,Lincoln,,,id:1292 id:1293,2861|3621,
BNSF,KCMTUL1-##A,3719,at,Tulsa,,,id:2184 id:3038 id:3039,,
BNSF,VAWPAS1-##A,Roosevelt,at,Pasco manifest.,,,id:1573,2631,
BNSF,VAWEVE1-##A,Tacoma BNSF Yard,at,Tacoma,,"Auburn, Centralia, Chehalis, Frederickson, Kent Orillia, Meeker Jct., PSAP",id:1539 id:2618 id:3335 id:3337 id:1517 id:3300 id:2623 rr:PSAP,1503,
BNSF,VAWEVE1-##A,Tacoma BNSF Yard,at,Seattle,,"Harbor Island, Renton, West Seattle, Alaska",id:1538 id:3031 id:1580 id:2339 id:1204,1503,
BNSF,VAWEVE1-##A,Tacoma BNSF Yard,at,Everett,,"Anacortes, Arlington, Cherry Point, Fredonia, BC",id:2119 id:3029 id:3030 id:2120 st:BC,1503,
BNSF,TULEAP4-##A,San Antonio Cadet Yard,at,Cadet Yard,,,id:3119,3119,
BNSF,TULEAP4-##A,San Antonio Cadet Yard,at,Mexico Eagle Pass BNSF Autoracks,,,id:2446 class:auto,3119,
BNSF,TULEAP4-##A,San Antonio Cadet Yard,at,Mexico Eagle Pass Manifest,,,id:2446 id:2447,3119,
BNSF,CLOKCK1-##A,Amarillo South Yard BNSF,at,Kansas City Loaded Autoracks,,"Argentine, Voltz",id:1620 id:1205,1716,
BNSF,CLOKCK1-##A,Amarillo South Yard BNSF,at,Kansas City Manifest,,,id:1059 id:1169 id:1200 id:1214 id:1218 id:1227 id:1229 id:1301 id:1620 id:1817 id:1889 id:2011,1716,
BNSF,OMAKCK1-##A,2203,at,Kansas City Argentine,,,id:1620,,
BNSF,BELCLO1-##A,1135,at,Clovis,,,id:1040,,
BNSF,OKCGAL1-##A,Wichita BNSF Yard,at,Wichita,,,id:2824 id:2825 id:2826 id:2829,2824,
BNSF,OKCGAL1-##A,Wichita BNSF Yard,at,Galesburg,,,id:2100,2824,
BNSF,OMAGAL4-##A,2203,at,Galesburg,,,id:2100,,
BNSF,OKCKCK1-##A,Emporia,at,Emporia,,,id:1275,1275,
BNSF,OKCKCK1-##A,Emporia,at,Kansas City,,,id:1059 id:1169 id:1200 id:1214 id:1218 id:1227 id:1229 id:1301 id:1620 id:1817 id:1889 id:2011,1275,
BNSF,SLAAMS1-##A,2330,at,Amarillo South loca,,"Bovina, Clovis, Folsom, Harrington, Hereford, Pullman, North Amarillo, South Amarillo",id:2688 id:1040 id:3126 id:3127 id:1501 id:3128 id:3129 id:3124 id:3125 id:1466 id:3123,,Harrington
BNSF,SLAAMS1-##A,2330,at,Amarillo South connections,,"AZ, NM, CA",st:AZ st:NM st:CA,,
BNSF,SLABEL1-##A,2330,at,Loaded Autoracks for Phoenix and Albuquerque,,grouped by destination,,,
BNSF,SLABEL1-##A,2330,at,Belen Manifest,,"Albuquerque, El Paso, Gallup, Phoenix",id:1032 id:1779 id:1799 id:2099 id:1252 id:1345 id:1536 id:1537 id:1565 id:2707,,
BNSF,TPLOKC1-##A,Ft. Worth North Yard,at,Oklahoma City Loaded Autoracks,,,id:2200 id:3060 class:auto class:loaded,1904,
BNSF,TPLOKC1-##A,Ft. Worth North Yard,at,Oklahoma City,,"Edmond, Gainesville, Ponca City",id:3538 id:1827 id:2580,1904,
BNSF,SLACRL1-##A,Clovis,at,Artesia,,Atoka,id:2463,1040,
BNSF,SLACRL1-##A,Clovis,at,Carlsbad,,Loving,id:2156,1040,
BNSF,CDTGAL1-##A,Kansas City Argentine Yard,at,Loaded Autoracks,,from either Eagle Pass or Toyota; grouped by destination,,1620,from either Eagle Pass or Toyota; grouped by destination
BNSF,CDTGAL1-##A,Kansas City Argentine Yard,at,Temple,,western connections,,1620,western connections
BNSF,CDTGAL1-##A,Kansas City Argentine Yard,at,Kansas City,,"Alaska, Plains, Pacific Northwest, Western Canada",id:1204 st:WA st:OR st:ID,1620,Plains; Western Canada
BNSF,CDTGAL1-##A,Kansas City Argentine Yard,at,West Quincy,,"Des Moines Glake, Fort Madison, Wever",id:2720 id:2721 id:3693 id:1809 id:3855,1620,
BNSF,CDTGAL1-##A,Kansas City Argentine Yard,at,Galesburg,,,id:2100,1620,
BNSF,CDTKCK1-##A,Temple,at,Loaded Autoracks,,grouped by destination,,2330|3741,
BNSF,CDTKCK1-##A,Temple,at,Temple,,,id:2330 id:3741,2330|3741,
BNSF,CDTKCK1-##A,Temple,at,Kansas City,,,id:1059 id:1169 id:1200 id:1214 id:1218 id:1227 id:1229 id:1301 id:1620 id:1817 id:1889 id:2011,2330|3741,
BNSF,SLAAMA1-##A,Amarillo South Yard BNSF,at,Amarillo North local,,,,1716,Amarillo North local
BNSF,SLAAMA1-##A,Amarillo South Yard BNSF,at,Amarillo connections,,"AB, AK, BC, CO, ID, MT, NV, OR, UT, WA, WY and CP in SK & MB",st:AB st:AK st:BC st:CO st:ID st:MT st:NV st:OR st:UT st:WA,1716,WY and CP in SK & MB
BNSF,SLACLO1-##A,2330,at,Loaded Autoracks,,grouped by destination,,,
BNSF,SLACLO1-##A,2330,at,Loaded misc. IM,,,class:im,,Loaded misc.
BNSF,SLACLO1-##A,2330,at,Clovis,,"Artesia, Atoka, Carlsbad, Loving, Roswell",id:2157 id:2463 id:2155 id:2156 id:2703,,
BNSF,TULTPL1-##A,2184,at,Temple,,,id:2330 id:3741,,
BNSF,TULTPL1-##A,2184,at,Empty Autoracks for San Antonio Toyota,,,class:auto,,Empty Autoracks for San Antonio Toyota
BNSF,WQMDMO1-##A,1901,at,Burlington,,"Eddyville, Ottumwa BNSF",id:1708 id:3857,,
BNSF,WQMDMO1-##A,1901,at,Des Moines,,,id:1046 id:2719 id:2720 id:2721 id:2726 id:3693,,
BNSF,WQMKCK4-##A,1901,at,Kansas City Argentine,,,id:1620,,
BNSF,WLMTPL1-##A,Kansas City Argentine Yard,at,Kansas City Argentine Manifest,,,id:1620,1620,
BNSF,WLMTPL1-##A,Kansas City Argentine Yard,at,Temple Manifest,,,id:2330 id:3741,1620,
BNSF,TULAMS1-##A,2184,at,Amarillo South,,,id:1716 id:2633,,
BNSF,TULKCK1-##A,2184,at,Loaded Autoracks,,if needed,,,
BNSF,TULKCK1-##A,2184,at,Kansas City Manifest,,"CPKC, KCT, UP and BNSF connections",rr:CPKC rr:KCT,,
BNSF,TULKCK1-##A,2184,at,Empty Autoracks,,grouped by destination,,,
BNSF,TULMEM1-##A,Springfield Yard BNSF,at,Springfield Loaded Autoracks,,,id:2104 id:3924 class:auto class:loaded,2861,
BNSF,TULMEM1-##A,Springfield Yard BNSF,at,Memphis Loaded Autoracks,,,id:1165 id:1172 id:1435 id:1445 id:1446 id:1449 id:1450 id:1921 id:1923 id:1983 id:2076 id:2915 class:auto class:loaded,2861,
BNSF,TULMEM1-##A,Springfield Yard BNSF,at,Springfield Manifest,,,id:2104 id:3924,2861,
BNSF,TULMEM1-##A,Springfield Yard BNSF,at,Memphis Manifest,,,id:1165 id:1172 id:1435 id:1445 id:1446 id:1449 id:1450 id:1921 id:1923 id:1983 id:2076 id:2915,2861,
BNSF,TULMEM1-##A,Springfield Yard BNSF,at,Empty Autoracks,,grouped by destination,,2861,
BNSF,TULLIN1-##A,Kansas City Murray Yard BNSF,at,Kansas City Murray,,"10th St., 19th St., Riverside, Rosedale, Spring Hill, KAW, NSI",id:2011 id:2193 id:3723 id:2198 id:1228 rr:KAW,3719,NSI
BNSF,TULLIN1-##A,Kansas City Murray Yard BNSF,at,Lincoln,,,id:1292 id:1293,3719,
BNSF,TULMAO1-##A,2184,at,Valliant KRR,,,id:2210,,
BNSF,TULOKC1-##A,2184,at,Oklahoma City Loaded Autoracks,,,id:2200 id:3060 class:auto class:loaded,,
BNSF,TULOKC1-##A,2184,at,Oklahoma City Manifest,,,id:2200 id:3060,,
BNSF,TULSTL1-##A,Springfield Yard,at,Springfield,,,id:2104 id:3924,2861|3621,
BNSF,TULSTL1-##A,Springfield Yard,at,St. Louis,,,id:1004 id:1277 id:1562 id:1736 id:2045 id:2174 id:2391 id:3617,2861|3621,
BNSF,TPLTUL1-##A,2330,at,Loaded Autoracks,,,class:auto,,Loaded
BNSF,TPLTUL1-##A,2330,at,Tulsa,,,id:2184 id:3038 id:3039,,
BNSF,TULALT1-##A,Oklahoma City Flynn Yard,at,Loaded Autoracks,,grouped by destination,,2200,
BNSF,TULALT1-##A,Oklahoma City Flynn Yard,at,Oklahoma City,,,id:2200 id:3060,2200,
BNSF,TULALT1-##A,Oklahoma City Flynn Yard,at,Alliance,,,id:1356,2200,
BNSF,TULIRB1-##A,Sherman BNSF,at,Sherman BNSF,,Sherman DGNO,id:3996,3995,
BNSF,TULIRB1-##A,Sherman BNSF,at,Irving BNSF,,Corn Syrup block,,3995,Corn Syrup block
BNSF,TPLGAL1-##A,Kansas City Argentine Yard,at,Kansas City,,,id:1059 id:1169 id:1200 id:1214 id:1218 id:1227 id:1229 id:1301 id:1620 id:1817 id:1889 id:2011,1620,
BNSF,TPLGAL1-##A,Kansas City Argentine Yard,at,Galesburg,,,id:2100,1620,
BNSF,TULBIR1-##A,Blue Springs,at,Memphis,,,id:1165 id:1172 id:1435 id:1445 id:1446 id:1449 id:1450 id:1921 id:1923 id:1983 id:2076 id:2915,2877,
BNSF,TULBIR1-##A,Blue Springs,at,Birmingham,,,id:1211 id:1333 id:1720 id:1727 id:1786 id:1787 id:1805 id:1806 id:2305 id:2423 id:3195 id:4008,2877,
BNSF,TULBIR1-##A,Blue Springs,at,Empty Autoracks,,grouped by destination,,2877,
BNSF,TULBIR1-##A,Blue Springs,at,Blue Springs Empty Autoracks,,,id:2877 class:auto class:empty,2877,
BNSF,TULBRC1-##A,2184,at,Clearing Yard,,,id:1473,,
BNSF,TULEOL1-##A,2184,at,West Quincy,,"Burlington, Des Moines Glake, Eddyville, Fort Madison, Hannibal, Quincy, Wever, empty Autoracks for IHB",id:3854 id:2720 id:2721 id:3693 id:1708 id:1809 id:3556 id:3554 id:3555 id:3855 class:auto,,empty Autoracks for IHB
BNSF,TULGAL1-##A,Springfield Yard BNSF,at,Loaded Autoracks,,grouped by destination,,2861,
BNSF,TULGAL1-##A,Springfield Yard BNSF,at,Springfield Manifest,,,id:2104 id:3924,2861,
BNSF,TULGAL1-##A,Springfield Yard BNSF,at,St. Louis Manifest,,,id:1004 id:1277 id:1562 id:1736 id:2045 id:2174 id:2391 id:3617,2861,
BNSF,TULGAL1-##A,Springfield Yard BNSF,at,West Quincy Manifest,,,id:1901,2861,
BNSF,TULGAL1-##A,Springfield Yard BNSF,at,Galesburg Manifest,,,id:2100,2861,
BNSF,TULMAD1-##A,2184,at,St. Louis Madison,,,id:1364,,
BNSF,TULOMA1-##A,2184,at,Omaha,,,id:2203,,
BNSF,BLYGAL1-##A,2021,at,St. Louis Lindenwood,,western connections,,,western connections
BNSF,BLYGAL1-##A,2021,at,Galesburg,,,id:2100,,
BNSF,MEMKCK1-##A,Springfield Yard,at,Loaded Autoracks,,grouped by destination,,2861|3621,
BNSF,MEMKCK1-##A,Springfield Yard,at,Springfield,,MNA,rr:MNA,2861|3621,
BNSF,MEMKCK1-##A,Springfield Yard,at,Kansas City Argentine,,,id:1620,2861|3621,
BNSF,MEMTUL1-##A,Springfield Yard,at,Loaded Autoracks,,grouped by destination,,2861|3621,
BNSF,MEMTUL1-##A,Springfield Yard,at,Springfield,,"Aurora, French's Spur, South Springfield, MNA",id:2869 id:2870 id:2862 id:2864 id:2865 rr:MNA,2861|3621,
BNSF,MEMTUL1-##A,Springfield Yard,at,Tulsa,,,id:2184 id:3038 id:3039,2861|3621,
BNSF,MEMMAD1-##A,1450,at,E. St. Louis Madison,,,id:1364,,
BNSF,MEMSTL1-##A,1450,at,St. Louis Lindenwood,,,id:1736,,
BNSF,MEMLIN1-##A,Springfield Yard BNSF,at,Loaded Autoracks,,Northwest only; grouped by destination,,2861,Northwest only; grouped by destination
BNSF,MEMLIN1-##A,Springfield Yard BNSF,at,Springfield,,MNA,rr:MNA,2861,
BNSF,MEMLIN1-##A,Springfield Yard BNSF,at,Kansas City Murray,,"10th St., 19th St., Avondale, Bedford, Kearney, Randolph, Riverside, Rosedale, Spring Hill",id:2011 id:2193 id:3533 id:1059 id:2598 id:2599 id:3723 id:2198 id:1228,2861,
BNSF,MEMLIN1-##A,Springfield Yard BNSF,at,Lincoln,,"AB, AK, BC, CO, ID, MT, NE, OR, UT, WA, WY",st:AB st:AK st:BC st:CO st:ID st:MT st:NE st:OR st:UT st:WA st:WY not:RCPE,2861,
BNSF,MODBAR1-##A,Fresno Calwa BNSF,at,Barstow,,,id:1029,1201,
BNSF,MEMGAL1-##A,St. Louis Lindenwood Yard,at,Loaded Autoracks,,grouped by destination; most may be set off at West Quincy,,1736,
BNSF,MEMGAL1-##A,St. Louis Lindenwood Yard,at,LIndenwood,,,id:1736,1736,
BNSF,MEMGAL1-##A,St. Louis Lindenwood Yard,at,West Quincy,,,id:1901,1736,
BNSF,MEMGAL1-##A,St. Louis Lindenwood Yard,at,Galesburg,,,id:2100,1736,
BNSF,MEMNTW1-##A,St. Louis Lindenwood Yard,at,St. Louis Lindenwood,,,id:1736,1736,
BNSF,MEMNTW1-##A,St. Louis Lindenwood Yard,at,Northtown,,"MB, SK, Western ON, MN, ND, SD, Northern WI",st:MB st:SK st:MN st:ND st:SD,1736,Western ON; Northern WI
BNSF,MEMSPM1-##A,1450,at,Loaded Autoracks,,grouped by destination,,,
BNSF,MEMSPM1-##A,1450,at,Springfield,,"Aurora, French's Spur, South Springfield, all MNA",id:2869 id:2870 id:2862 id:2864 id:2865,,all MNA
BNSF,DILLAU1-##A,Mandan,at,Loaded Laurel Autoracks,,,class:auto,1584,Loaded Laurel
BNSF,DILLAU1-##A,Mandan,at,Mandan,,"Bismarck, Beulah",id:1583 id:2224 id:3419 id:2913,1584,
BNSF,DILLAU1-##A,Mandan,at,Laurel,,"CO, MT, UT, WY, Dore",st:CO st:MT st:UT st:WY not:RCPE id:2230,1584,
BNSF,DILLAU1-##A,Mandan,at,Pacific Northwest,,"blocked Spokane, Pasco",id:1573,1584,blocked Spokane
BNSF,AMSKCK1-##A,Wichita BNSF Yard,at,Wichita,,Connell,id:2827 id:2853,2824,
BNSF,AMSKCK1-##A,Wichita BNSF Yard,at,Emporia,,"Dodge City, Ensign",id:2281 id:2282,2824,
BNSF,AMSKCK1-##A,Wichita BNSF Yard,at,Kansas City,,extra Galesburg and Lincoln if needed,,2824,extra Galesburg and Lincoln if needed
BNSF,AMSGAL1-##A,Kansas City Argentine Yard,at,Kansas City,,,id:1059 id:1169 id:1200 id:1214 id:1218 id:1227 id:1229 id:1301 id:1620 id:1817 id:1889 id:2011,1620,
BNSF,AMSGAL1-##A,Kansas City Argentine Yard,at,Galesburg,,,id:2100,1620,
BNSF,AMSBEL1-##A,Clovis,at,Clovis,,"Artesia, Atoka, Carlsbad, Loving, Portales",id:2157 id:2463 id:2155 id:2156,1040,Portales
BNSF,NTWWLM1-##A,1593,at,Willmar,,,id:1570,,
BNSF,NTWMIN1-##A,Dilworth,at,Dilworth,,"Moorehead, Fargo, West Fargo, OTVR, Wadena, Ulen",id:1585 id:1604 rr:OTVR id:3202 id:3201,1586,Moorehead
BNSF,NTWMIN1-##A,Dilworth,at,Minot,,"Ross, Tioga, Shelby",id:2326 id:2231 id:2884,1586,
BNSF,NTWMIN1-##A,Dilworth,at,"Extra PNW traffic (Pasco, Spokane) - mostly used by Dilworth.",,,,1586,"Extra PNW traffic (Pasco, Spokane) - mostly used by Dilworth"
BNSF,NTWNSI1-##A,Chicago Global 1,at,NS Elkhart,,,rr:NS@1500,,
BNSF,NTWSIO1-##A,Willmar,at,Willmar,,"Atwater, Benson, Breckenridge, Clarkfield, Holloway, Litchfield, Madison/Dawson, Marshall, Wahpeton",id:2221 id:1567 id:1605 id:1667 id:2150 id:1569 id:3259 id:3601 id:2324,1570,
BNSF,NTWSIO1-##A,Willmar,at,Sioux City,,,id:1351 id:2610 id:2611 id:2612 id:2613,1570,
BNSF,NTWTUL1-##A,Willmar,at,Willmar,,,id:1570,1570,
BNSF,NTWTUL1-##A,Willmar,at,Sioux City,,,id:1351 id:2610 id:2611 id:2612 id:2613,1570,
BNSF,NTWTUL1-##A,Willmar,at,St. Joseph,,,id:3130,1570,
BNSF,NTWTUL1-##A,Willmar,at,Kansas City Murray,,extra Kansas City area pick up,,1570,extra Kansas City area pick up
BNSF,NTWTUL1-##A,Willmar,at,Tulsa,,,id:2184 id:3038 id:3039,1570,
BNSF,NTWSTL1-##A,West Quincy,at,West Quincy,,"Fort Madison, Hannibal, North St. Louis, Quincy",id:1809 id:3556 id:2173 id:3420 id:3554 id:3555,1901,
BNSF,NTWSTL1-##A,West Quincy,at,St. Louis Lindenwood,,"Springfield, MNA, PAL",id:2104 id:3924 rr:MNA rr:PAL,1901,
BNSF,PASTAC1-##A,Centralia BNSF,at,Centralia,,"Chehalis, PSAP, RNIR",id:3337 rr:PSAP rr:RNIR,3335,
BNSF,PASTAC1-##A,Centralia BNSF,at,Tacoma,,"Auburn, Fife, Kent Orillia, Meeker Jct.,",id:1539 id:3300 id:2623,3335,Fife
BNSF,GALLIN2-##A,Burlington,at,Lincoln Autoracks,,Laurel,id:1894,3140|3854,
BNSF,GALLIN2-##A,Burlington,at,Lincoln,,,id:1292 id:1293,3140|3854,
BNSF,GALLIN2-##A,Burlington,at,Burlington,,"Eddyville Ottumwa, Ottumwa BNSF",id:1341 id:3857,3140|3854,
BNSF,LINLIN1-##A,1293,at,SoCal Internaitional Containers (grouped by desination) --> S-OMASCO1.,,,,,SoCal Internaitional Containers (grouped by desination)
BNSF,LINLIN1-##A,2203,at,Lincoln.,,,id:1292 id:1293,,
BNSF,BELTUL1-##A,Amarillo South Yard BNSF,at,Loaded Autroacks from Mexico El Paso,,"Birmingham, Southeasst US - grouped by destination",id:1211 id:1333 id:1720 id:1727 id:1786 id:1787 id:1805 id:1806 id:2305 id:2423 id:3195 id:4008,1716,Southeasst US - grouped by destination
BNSF,BELTUL1-##A,Amarillo South Yard BNSF,at,Tulsa Manifest,,"southern IL, southern IN, southern MO, AL, GA, KY, MS, NC, OK, SC, TN",st:AL st:GA st:KY st:MS st:NC st:OK st:SC st:TN,1716,southern IL; southern IN; southern MO
BNSF,VRNBAR1-##A,1012,at,Barstow,,,id:1029,,
BNSF,NWOLAL1-##A,1423,at,Lafayette,,,id:3879,,
BNSF,SIOBAR1-##A,Amarillo South Yard BNSF,at,Amarillo South,,"BNSF in AZ, NM and western TX",,1716,BNSF in AZ; NM and western TX
BNSF,SIOBAR1-##A,Amarillo South Yard BNSF,at,Barstow,,southern CA,,1716,southern CA
BNSF,SIONTW1-##A,Willmar,at,Willmar,,"Atwater, Benson, Breckinridge, Clarkfield, Delano, Holloway, Litchfield",id:2221 id:1567 id:1667 id:2879 id:2150 id:1569,1570,Breckinridge
BNSF,SIONTW1-##A,Willmar,at,Northtown,,"AB, BC, MB, MN, ND, SK, all Thunder Bay, ON area yards",st:AB st:BC st:MB st:MN st:ND st:SK,1570,all Thunder Bay; ON area yards
BNSF,SIOKCK1-##A,St. Joseph BNSF,at,St. Joseph,,BNSF and UP,,1310,BNSF and UP
BNSF,SIOKCK1-##A,St. Joseph BNSF,at,Kansas City Murray,,"NS connections, KC 10th St., KC 19th St., KC Bedford Yard/KAW, KC Rosedale, Riverside, Spring Hill",id:2011 id:2193 id:2198 id:3723 id:1228,1310,KC Bedford Yard/KAW
BNSF,SIOKCK1-##A,St. Joseph BNSF,at,Kansas City Argentine,,"AR, KS, MO, eastern TX; other destinations as needed",st:AR st:KS st:MO,1310,eastern TX; other destinations as needed
BNSF,SIOLIN1-##A,1351,at,Lincoln,,"AK, northern CA, CO, IA, NE, OR, WA, WY; other destinations as needed",st:AK st:CO st:IA st:NE st:OR st:WA,,northern CA; WY; other destinations as needed
BNSF,SIOTUL1-##A,St. Joseph BNSF,at,St. Joseph,,,id:3130,1310,
BNSF,SIOTUL1-##A,St. Joseph BNSF,at,Kansas City Murray,,all traffic that can be assigned to H-SIOKCK,,1310,
BNSF,SIOTUL1-##A,St. Joseph BNSF,at,Tulsa,,AL/AR/FL/LA/OK/TX and Southern GA,,1310,AL/AR/FL/LA/OK/TX and Southern GA
BNSF,SIOWLM1-##A,1351,at,Willmar,,"Atwater, Benson, Breckinridge, Clarkfield, Delano, Holloway, Litchfield, RRVW",id:2221 id:1567 id:1667 id:2879 id:2150 id:1569 rr:RRVW,,Breckinridge
BNSF,LAUKCK1-##A,Crawford,at,Lincoln,,f not enough traffic for an H-LAULIN,,3310,f not enough traffic for an H-LAULIN
BNSF,LAUKCK1-##A,Crawford,at,Kansas City Argentine,,,id:1620,3310,
BNSF,LAULIN1-##A,Crawford,at,Gillette,,all PRB mines,,3310,all PRB mines
BNSF,LAULIN1-##A,Crawford,at,Alliance,,,id:1356,3310,
BNSF,LAULIN1-##A,Crawford,at,Lincoln,,,id:1292 id:1293,3310,
BNSF,LAUALN1-##A,Gillette Yard,at,Gillette,,,id:1051,1051,
BNSF,LAUALN1-##A,Gillette Yard,at,Crawford,,RCPE,rr:RCPE,1051,
BNSF,LAUALN1-##A,Gillette Yard,at,Alliance,,"Brush, Bridgeport, Fort Morgan, Gurley, Hemingford, Pawnee, Sidney BNSF, Swepco",id:1452 id:1184 id:3840 id:2090 id:3620 id:3841 id:2074 id:3619,1051,
BNSF,LAUNTW1-##A,Mandan,at,Northtown Loaded Autoracks,,,id:1593 class:auto class:loaded,1584,
BNSF,LAUNTW1-##A,Mandan,at,Mandan,,"Beulah, Bismarck",id:2913 id:1583 id:2224 id:3419,1584,
BNSF,LAUNTW1-##A,Mandan,at,Dilworth,,"Minot, Fargo area, OVTR, Wahpeton, St. Cloud area, Ulen, Wadena",id:1582 id:1585 id:1604 id:2324 id:2143 id:3132 id:3133 id:3201 id:3202,1584,OVTR
BNSF,LAUNTW1-##A,Mandan,at,Northtown,,,id:1593,1584,
BNSF,DENLAU1-##A,Greybull,at,Greybull,,,id:1590,1590,
BNSF,DENLAU1-##A,Greybull,at,Laurel,,"AK, MT, Pacific Northwest, western Canada",st:AK st:MT st:WA st:OR st:ID,1590,western Canada
BNSF,BELELP1-##A,1135,at,Mexico Autoracks,M-ELPELP1,,id:1552 id:2236 id:2446 id:2447 id:2482 id:2483 id:2484 id:2486 id:2487 id:2489 id:2804 id:3394 class:auto,,
BNSF,BELELP1-##A,1135,at,El Paso IM,,,id:1779 id:1799 id:2099 class:im,,
BNSF,BELELP1-##A,1135,at,El Paso Manifest,,Las Cruces,id:3667,,
BNSF,BELELP1-##A,1135,at,Mexico Manifest,M-ELPELP1,,id:1552 id:2236 id:2446 id:2447 id:2482 id:2483 id:2484 id:2486 id:2487 id:2489 id:2804 id:3394,,
BNSF,ELPBEL1-##A,2099,at,Autoracks,,,class:auto,,Autoracks
BNSF,ELPBEL1-##A,2099,at,IM,,,class:im,,IM
BNSF,ELPBEL1-##A,2099,at,Manifest,,,,,Manifest
BNSF,CLOTUL9-##A,Amarillo South Yard BNSF,at,Loaded Autoracks,,southeast destinations; grouped by destination,,1716,southeast destinations; grouped by destination
BNSF,CLOTUL9-##A,Amarillo South Yard BNSF,at,"Tulsa IM (connections to AL, GA",,,class:im,1716,"Tulsa IM (connections to AL, GA"
BNSF,CLOTUL9-##A,Amarillo South Yard BNSF,at,Tulsa Manifest,,include empty Autoracks or block on rear,class:auto,1716,include empty Autoracks or block on rear
BNSF,CRLAMS1-##A,2155,at,Amarillo South,,,id:1716 id:2633,,
BNSF,CRLBEL1-##A,2155,at,Loaded Mineral,,grouped by destination,,,
BNSF,CRLBEL1-##A,2155,at,Belen,,"Phoenix area, El Paso, Albuquerque",id:1345 id:1536 id:1537 id:1565 id:2707 id:1779 id:1799 id:2099 id:1032,,
BNSF,CRLBEL1-##A,2155,at,Barstow,H-BELBAR or any Barstow bound manifest,"CA, OR",st:CA st:OR,,
BNSF,CHEDEN1-##A,2844,at,Denver 38th St.,,"south, east, CA, NV, UT",id:1008 id:1121 id:1466 id:1628 id:1658 id:1700 id:2241 id:2402 id:2480 id:2490 id:2708 id:2999 id:1588 st:CA st:NV st:UT,,
BNSF,CHEGRW1-##A,2844,at,Greybull,,"Bonneville, Frannie",id:3041 id:3042,,
BNSF,CHELAU1-##A,Greybull,at,Greybull,,"Bonneville, Frannie",id:3041 id:3042,1590,
BNSF,CHELAU1-##A,Greybull,at,Laurel,,"AK, MT, Pacific Northwest, western Canada",st:AK st:MT st:WA st:OR st:ID,1590,western Canada
BNSF,DENKCK1-##A,Pueblo BNSF,at,Pueblo,,,id:3323 id:3324 id:3328 id:3329,3323,
BNSF,DENKCK1-##A,Pueblo BNSF,at,Kansas City,,,id:1059 id:1169 id:1200 id:1214 id:1218 id:1227 id:1229 id:1301 id:1620 id:1817 id:1889 id:2011,3323,
BNSF,DENKCK1-##A,Pueblo BNSF,at,Empty Autoracks,,grouped by destination,,3323,
BNSF,DENPUE1-##A,Colorado Springs Kelker UP,at,Pueblo,,"Minnequa, Bragdon, Walsenburg, Rio Grande Cement, Baxter, Parkdale",id:3328 id:3329 id:3326 id:3332 id:3333 id:3330 id:3331 id:3325 id:3327,3318,
BNSF,DENPUE1-##A,Colorado Springs Kelker UP,at,Kansas City carryover,,,,3318,Kansas City carryover
BNSF,LVJEVE1-##A,Tacoma BNSF Yard,at,Tacoma,,,id:1502 id:1503 id:1554 id:1555 id:2626 id:2710 id:2711 id:2712 id:2714 id:3286 id:3287 id:3288,1503,
BNSF,LVJEVE1-##A,Tacoma BNSF Yard,at,Seattle,,,id:1481 id:1538 id:1803 id:2008,1503,
BNSF,LVJEVE1-##A,Tacoma BNSF Yard,at,Everett,,,id:1155,1503,
BNSF,WLMNTW1-##A,1570,at,Northtown,,"East Coast, Canada east of Lake Superior",,,East Coast; Canada east of Lake Superior
BNSF,WLMLIN1-##A,1570,at,Sioux City,,,id:1351 id:2610 id:2611 id:2612 id:2613,,
BNSF,WLMLIN1-##A,1570,at,Lincoln,,,id:1292 id:1293,,
BNSF,SUPNTW1-##A,1855,at,Northtown,,,id:1593,,
BNSF,WICKCK1-##A,Emporia,at,Emporia,,"Dodge City, Ensign, Pueblo, Denver and connections",id:2281 id:2282 id:3323 id:3324 id:3328 id:3329,1275,Denver and connections
BNSF,WICKCK1-##A,Emporia,at,Kansas CIty Argentine,,"Galesburg, Lincoln, West Quincy",id:2100 id:1292 id:1293 id:1901,1275,
BNSF,SWELAU1-##A,Shelby,at,Shelby,,"BNSF ND, MN, WI, OR, WA",rr:BNSF:ND st:MN st:WI st:OR st:WA,2884,
BNSF,SWELAU1-##A,Shelby,at,Laurel,,,id:1894,2884,
BNSF,WLMKCK1-##A,Sioux City BNSF,at,Sioux City BNSF,,,id:1351,1351,
BNSF,WLMKCK1-##A,Sioux City BNSF,at,St. Joseph BNSF Manifest,,,id:1310,1351,
BNSF,WLMKCK1-##A,Sioux City BNSF,at,Kansas City Argentine Manifest,,,id:1620,1351,
BNSF,TACVBT1-##A,Everett Delta Yard,at,Everett,,CPKC connections,,1155,
BNSF,TACVBT1-##A,Everett Delta Yard,at,Brownsville,,BNSF Tilbury and SRY connections; no garbage wells,,1155,BNSF Tilbury and SRY connections; no garbage wells
BNSF,TACVBT1-##A,Everett Delta Yard,at,Vancouver Thornton,,CN connections,,1155,
BNSF,TEAEGW1-##A,2147,at,Englewood,,,id:1372 id:3784,,
BNSF,WLMBRC3-##A,1570,at,Chicago Clearing Yard,,,id:1473,,
BNSF,WLMBRE1-##A,1570,at,Breckenridge,,,id:1605,,
BNSF,WLMSIO1-##A,1570,at,Sioux City,,,id:1351 id:2610 id:2611 id:2612 id:2613,,
BNSF,WLMMEM4-##A,1570,at,Galesburg,,if needed,,,
BNSF,WLMMEM4-##A,1570,at,Memphis,,"western TN, AL, FL, GA, LA, MS",st:AL st:FL st:GA st:LA st:MS,,western TN
BNSF,SUPGAL1-##A,Minneapolis Northtown Yard,at,Northtown,,,id:1593,1593,
BNSF,SUPGAL1-##A,Minneapolis Northtown Yard,at,Galesburg,,,id:2100,1593,
BNSF,TULBEL1-##A,2184,at,Loaded Autoracks,,"Albuquerque, El Mirage, El Paso, Mexico El Paso Gateway BNSF; grouped by destination",id:1032 id:1686 id:1779 id:1799 id:2099,,Mexico El Paso Gateway BNSF; grouped by destination
BNSF,TULBEL1-##A,2184,at,Belen,,,id:1135,,
BNSF,TULBEL1-##A,2184,at,Barstow,,Southern Transcon,,,Southern Transcon
BNSF,GUPBEL1-##A,1252,at,Belen,,all eastbound manifest,,,all eastbound
BNSF,EVEPAS1-##A,Centralia BNSF,at,Centralia,,"Chehalis, Frederickson, PSAP",id:3337 id:1517 rr:PSAP,3335,
BNSF,EVEPAS1-##A,Centralia BNSF,at,Pasco,,,id:1573,3335,
BNSF,EVEABN1-##A,Tacoma BNSF Yard,at,Tacoma,,,id:1502 id:1503 id:1554 id:1555 id:2626 id:2710 id:2711 id:2712 id:2714 id:3286 id:3287 id:3288,1503,
BNSF,EVEABN1-##A,Tacoma BNSF Yard,at,Vancouver,,,id:1587 id:1597 id:1613 id:1616 id:1621 id:1622 id:1663 id:1702 id:1854 id:2065 id:2854 id:3056,1503,
BNSF,EVEABN1-##A,Tacoma BNSF Yard,at,Albina,,"OR except PNWR and BNSF, other UP connections",,1503,OR except PNWR and BNSF; other UP connections
BNSF,KCKBEL1-##A,Amarillo South Yard BNSF,at,Loaded Autoracks,,"Albuquerque, El Paso, El Mirage grouped by destination",id:1032 id:1779 id:1799 id:2099,1716,El Mirage grouped by destination
BNSF,KCKBEL1-##A,Amarillo South Yard BNSF,at,Belen Manifest,,,id:1135,1716,
BNSF,KCKBEL1-##A,Amarillo South Yard BNSF,at,Amarillo,,"Amarillo area, Bovina, Clovis, Dalhart, Hereford",id:1394 id:1443 id:1716 id:2632 id:2633 id:3126 id:3127 id:3128 id:3129 id:2688 id:1040 id:3715 id:3716 id:1501,1716,
BNSF,PUEKCK1-##A,3323,at,Kansas City,,,id:1059 id:1169 id:1200 id:1214 id:1218 id:1227 id:1229 id:1301 id:1620 id:1817 id:1889 id:2011,,
BNSF,PUEDEN1-##A,3323,at,Denver,,,id:1718 id:1769 id:1770 id:1800 id:1976 id:1977 id:1978 id:1979 id:1980 id:1981 id:2407,,
BNSF,PUEDDC1-##A,3323,at,Dodge City,,,id:2281,,
BNSF,KCKPUE1-##A,1620,at,Pueblo,,"Minnequa, Bragdon, Walsenburg, Rio Grande Cement, Baxter, Parkdale",id:3328 id:3329 id:3326 id:3332 id:3333 id:3330 id:3331 id:3325 id:3327,,
BNSF,KCKPUE1-##A,1620,at,Denver,,overflow traffic only,catchall,,
BNSF,LYDVBT1-##A,Everett Delta Yard,at,Everett,H-EVEVBC1,"CP in AB, BC, MB, SK",rr:CPKC:AB st:BC st:MB st:SK,1155,
BNSF,LYDVBT1-##A,Everett Delta Yard,at,Brownsville,,"Tilbury Island, SRY",id:3974 rr:SRY,1155,
BNSF,LYDVBT1-##A,Everett Delta Yard,at,Thornton,,"CN in AB, BC, MB, SK",st:BC st:MB st:SK,1155,CN in AB
BNSF,NEWGAL1-##A,1275,at,Galesburg,,,id:2100,,
BNSF,OKCTUL1-##A,2200,at,Tulsa,,,id:2184 id:3038 id:3039,,
BNSF,OKCNYF1-##A,2200,at,Ft. Worth North Yard,,"FWWR, UP in TX, AR",rr:FWWR st:AR,,UP in TX
BNSF,OKCNYF1-##A,2200,at,Houston,H-NYFTEA/H-TEAEGW1,UP in LA,,,UP in LA
BNSF,OKCALT1-##A,2200,at,Alliance,,"CPKC in AR, LA, MS, TX; Temple, San Antonio, Houston",st:LA st:MS id:2239 id:2242 id:3118 id:3119 id:3432 id:1372 id:1374 id:1378 id:1383 id:1460 id:1812 id:1878 id:1879 id:1880 id:1935 id:1936 id:1937,,CPKC in AR; TX; Temple
BNSF,NEWLIN1-##A,1275,at,Lincoln,,,id:1292 id:1293,,
BNSF,NTWKCK1-##A,Willmar,at,Willmar,,,id:1570,1570,
BNSF,NTWKCK1-##A,Willmar,at,Sioux City,,,id:1351 id:2610 id:2611 id:2612 id:2613,1570,
BNSF,NTWKCK1-##A,Willmar,at,Kansas City,,,id:1059 id:1169 id:1200 id:1214 id:1218 id:1227 id:1229 id:1301 id:1620 id:1817 id:1889 id:2011,1570,
BNSF,NTWLAU1-##A,Dilworth,at,Laurel Autoracks,,,id:1894 class:auto,1586,
BNSF,NTWLAU1-##A,Dilworth,at,Dilworth,,,id:1586,1586,
BNSF,NTWLAU1-##A,Dilworth,at,Mandan,,,id:1584,1586,
BNSF,NTWLAU1-##A,Dilworth,at,Laurel,,,id:1894,1586,
BNSF,LINDEN1-##A,Brush,at,Brush,,"Fort Morgan, Bridgeport, Gurley, Pawnee, Sidney BNSF",id:3840 id:1184 id:2090 id:3841 id:2074,1452,
BNSF,LINDEN1-##A,Brush,at,Denver,,,id:1718 id:1769 id:1770 id:1800 id:1976 id:1977 id:1978 id:1979 id:1980 id:1981 id:2407,1452,
BNSF,NEWDDC1-##A,1275,at,Dodge City,,Ensign,id:2282,,
BNSF,NYFTUL1-##A,1904,at,Tulsa,,,id:2184 id:3038 id:3039,,
BNSF,NYFTEA1-##A,1904,at,Teague,,,id:2147,,
BNSF,NYFTEA1-##A,1904,at,Houston,,,id:1372 id:1374 id:1378 id:1383 id:1460 id:1812 id:1878 id:1879 id:1880 id:1935 id:1936 id:1937,,
BNSF,OKCSPM1-##A,2200,at,Springfield,,"MNA, Memphis",rr:MNA id:1165 id:1172 id:1435 id:1445 id:1446 id:1449 id:1450 id:1921 id:1923 id:1983 id:2076 id:2915,,
BNSF,OKCSPM1-##A,2200,at,Springfield,,St. Louis,id:1004 id:1277 id:1562 id:1736 id:2045 id:2174 id:2391 id:3617,,
BNSF,OKCSPM1-##A,2200,at,Empty Autoracks,,grouped by destination,,,
BNSF,MANLAU1-##A,1584,at,Laurel,,"AB, AK, AZ, BC, CA, CO, ID, MT, NE, NM, NV, OR, UT, WA, WY",st:AB st:AK st:AZ st:BC st:CA st:CO st:ID st:MT st:NE st:NM st:NV st:OR st:UT st:WA st:WY not:RCPE,,
BNSF,LVJSPO1-##A,3645,at,Spokane,,"Chewelah, Couer d'Alene, Lind, CO, KS, MT, NE, TX, WY",id:2838 id:3460 id:2837 st:CO st:KS st:MT st:NE st:TX st:WY not:RCPE,,
BNSF,NSILAL1-##A,1426,at,Lafayette,,,id:3879,,
BNSF,OKCSAG1-##A,2200,at,Saginaw BNSF,,,id:3530,,
BNSF,RSSHVR1-##A,2326,at,Shelby,,,id:2884,,
BNSF,SPOPAS1-##A,1742,at,Pasco,,,id:1573,,
BNSF,ROOEVE1-##A,Centralia BNSF,at,Centralia BNSF,,No UP garbage,,3335,No UP garbage
BNSF,ROOEVE1-##A,Centralia BNSF,at,Everett Local,,,,3335,Everett Local
BNSF,ROOEVE1-##A,Centralia BNSF,at,Everett,H-EVEVBC1,Vancouver Fraser Surrey,,3335,Vancouver Fraser Surrey
BNSF,SLADEN1-##A,Amarillo North Yard BNSF,at,Pueblo,,"Baxter, Bragdon, Colorado Springs, Minnequa, Parkdale, Walsenburg",id:3325 id:3326 id:1129 id:3328 id:3329 id:3327 id:3332 id:3333,1394,
BNSF,SLADEN1-##A,Amarillo North Yard BNSF,at,Denver,,"CO, NV, UT, WY",st:CO st:NV st:UT st:WY not:RCPE,1394,
BNSF,SHMLAU1-##A,2884,at,Laurel,,,id:1894,,
BNSF,SEAPAS1-##A,2008,at,Pasco,,,id:1573,,
BNSF,RRBRIC1-##A,Stockton Mormon Yard,at,Richmond Manifest,,,id:3905,1353,
BNSF,RRBRIC1-##A,Stockton Mormon Yard,at,Empty Autoracks,,Richmond only,id:3905,1353,
BNSF,SAGOKC1-##A,3530,at,Oklahoma City GM Yard Loaded Autoracks,,,id:3060 class:auto class:loaded,,
BNSF,SAGOKC1-##A,3530,at,Oklahoma City,,,id:2200 id:3060,,
SHORTLINE,CBBI-##,Silvis,at,Des Moines,,"Des Moines/Grimes traffic, UP/NS/BNSF ic traffic",,2129,Des Moines/Grimes traffic; UP/NS/BNSF ic traffic
SHORTLINE,CBBI-##,Silvis,at,Newton,,Newton/Altoona traffic,,2129,Newton/Altoona traffic
SHORTLINE,CBBI-##,Silvis,at,South Amana,,"Cedar Rapids traffic, CN( former IANR) traffic",,2129,Cedar Rapids traffic; CN( former IANR) traffic
SHORTLINE,CBBI-##,Silvis,at,Silvis,,"CP/BNSF ic traffic, IAIS traffic for Peoria/Pekin/Iowa City, Ethanol block to CSX/NS",,2129,CP/BNSF ic traffic; IAIS traffic for Peoria/Pekin/Iowa City; Ethanol block to
SHORTLINE,CBBI-##,Silvis,at,Chicago,,All traffic for Chicago and eastwards,,2129,
SHORTLINE,BICB-##,Council Bluffs IAIS Yard,at,Silvis,,"CP/BNSF ic traffic, IAIS traffic for Peoria/Pekin/Iowa City",,1115|2583,CP/BNSF ic traffic; IAIS traffic for Peoria/Pekin/Iowa City
SHORTLINE,BICB-##,Council Bluffs IAIS Yard,at,South Amana,,"Cedar Rapids traffic, CN( former IANR) traffic",,1115|2583,Cedar Rapids traffic; CN( former IANR) traffic
SHORTLINE,BICB-##,Council Bluffs IAIS Yard,at,Newton,,Newton/Altoona traffic,,1115|2583,Newton/Altoona traffic
SHORTLINE,BICB-##,Council Bluffs IAIS Yard,at,Des Moines,,"Des Moines/Grimes traffic, UP/NS/BNSF ic traffic",,1115|2583,Des Moines/Grimes traffic; UP/NS/BNSF ic traffic
SHORTLINE,BICB-##,Council Bluffs IAIS Yard,at,Council Bluffs,,Council Bluffs area and any westward traffic for BNSF/UP,,1115|2583,Council Bluffs area and any westward traffic for
SHORTLINE,301-##,1364,at,MER traffic,,,,,MER traffic
SHORTLINE,301-##,1364,at,Pilsbury Siding traffic,,,,,Pilsbury Siding traffic
SHORTLINE,XO-1-##,2057,at,VTR interchange traffic,,,,,VTR interchange traffic
SHORTLINE,XO-1-##,2057,at,BKRR interchange traffic,,,,,BKRR interchange traffic
SHORTLINE,Clinton Job-##,Massillon Energy & Tech Park,at,Loaded hoppers/gondolas for Massillon Energy.,,,,3836,Loaded hoppers/gondolas for Massillon Energy
SHORTLINE,Clinton Job-##,Massillon Energy & Tech Park,at,CSX interchange cars,,,,3836,CSX interchange cars
SHORTLINE,Clinton Job-##,Massillon Energy & Tech Park,at,NS interchange cars,,,,3836,NS interchange cars
UP,MICH-##,Milpitas,leaving,West Chicago autoracks,,,id:2028 id:2029 id:2451 class:auto,1213,
UP,MICH-##,Milpitas,leaving,Loaded autoracks for CSX Oak Island NJ,,,class:auto,1213,CSX Oak Island NJ
UP,MICH-##,Milpitas,leaving,Rolla Autos,MNPDV,,id:1917 class:auto,1213,
UP,MICH-##,Milpitas,leaving,Mesquite Autos,ILTLB,,id:1845 class:auto,1213,
UP,MICH-##,Cheyenne/North Platte,added at,NS Empty Autoracks,,Empty autoracks for NS plants in MI/OH/IN,class:auto,1874|2844|1683,Empty autoracks for NS plants in MI/OH/IN
UP,SPLD%-##,Westfield,leaving,San Antonio Emtpy Autos,,Empty autoracks for San Antonio TMMTX,class:auto,1375,Empty autoracks for San Antonio TMMTX
UP,SPLD%-##,Westfield,leaving,Mexico Laredo Empty Autos,,Empty Autoracks for Mexico Laredo UP,class:auto,1375,Empty Autoracks for Mexico Laredo UP
UP,MICX-##,Milpitas,leaving,West Chicago autoracks,,,id:2028 id:2029 id:2451 class:auto,1213,
UP,MICX-##,Milpitas,leaving,Loaded autoracks for CSX Oak Island NJ,,,class:auto,1213,CSX Oak Island NJ
UP,MICX-##,Milpitas,leaving,Rolla Autos,MNPDV,,id:1917 class:auto,1213,
UP,MICX-##,Milpitas,leaving,Mesquite Autos,ILTLB,,id:1845 class:auto,1213,
UP,MICX-##,Cheyenne/North Platte,added at,NS Empty Autoracks,MBEBE,Empty autoracks for NS plants in MI/OH/IN,class:auto,1874|2844|1683,Empty autoracks for NS plants in MI/OH/IN
UP,NYNS%-##,North Yard,leaving,NS Empty Autos,,"Empty autoracks for Toledo AA, Shelbyville, Roanoke GM, Sterling Heights, Lafayette",class:auto id:3581 id:1381 id:1366 id:1532 id:1534 id:1535 id:3224,,Empty autoracks for Toledo AA
UP,NYNS-##,Rolla,leaving,NS Empty Autos,,"Empty autoracks, grouped by destination, for NS/AA/CRMI auto facilities",class:auto class:auto,1917,Empty; for NS/AA/CRMI auto facilities
UP,SPLDR-##,Westfield,leaving,Mexico Laredo Empty Autos,,Empty Autoracks for Mexico Laredo UP,class:auto,1375,Empty Autoracks for Mexico Laredo UP
UP,SPEGR-##,Westfield,leaving,Mexico Eagle Pass Empty Autos,,Empty Autoracks for Mexico Eagle Pass UP,class:auto,1375,Empty Autoracks for Mexico Eagle Pass UP
UP,MEMN-##,Memphis Harris,leaving,Misc UP IM for sorting at Marion,,,class:im,1435,Misc UP IM for sorting at Marion
UP,MEMN-##,Memphis Harris,leaving,Dolores/ICTF IM,,,id:1001 class:im,1435,
UP,MEMN-##,Memphis Harris,leaving,Marion,,Autoracks for sorting at Marion,class:auto,1435,sorting at Marion
UP,SEBA-##,Seattle Argo,leaving,Portland Barnes IM,,,id:2137 id:3275 class:im,1481,
UP,BASE-##,"Barnes, grouped by destination in each block",leaving,"Seattle Argo, Seattle Harbor Island IM",,,class:im,,"Seattle Argo, Seattle Harbor Island"
UP,BASE-##,"Barnes, grouped by destination in each block",leaving,Tacoma IM,,,id:1502 id:1503 id:1554 id:1555 id:2626 id:2710 id:2711 id:2712 id:2714 id:3286 id:3287 id:3288 class:im,,
UP,G4SIB-##,"Global 4, grouped by destination within each block",leaving,City of Industry,ISALB,,id:1095,,
UP,G4SIB-##,"Global 4, grouped by destination within each block",leaving,Tuscon IM,MHNPX,,id:1477 class:im,,
UP,G4SIB-##,"Global 4, grouped by destination within each block",leaving,Terminal Island,ILBNS1/2/3,"Terminal Island ITCF, Long Beach Hanjin, APM, Pier 400, Global South",id:1146 id:3098 id:1149 id:3101 id:1152 id:1152 id:1163 id:3099,,
UP,G4SIB-##,"Global 4, grouped by destination within each block",leaving,Long Beach,ILBNS1/2/3,"Long Beach ITF, Long Beach Pacific Container Terminal, Long Beach Pier A",id:2515 id:3094 id:2514 id:3093 id:2517 id:3091,,
UP,G4SIB-##,"Global 4, grouped by destination within each block",leaving,LA Harbor,ILBNS1/2/3,,id:1103 id:1090,,
UP,G4SIB-##,"Global 4, grouped by destination within each block",leaving,Dolores ICTF,ILBNS1/2/3,,id:1001,,
UP,G4SIB-##,Neff,created at,Houston IM,,"Houston Settegast, Houston Barbour's Cut",id:3480 id:1812 id:2528 id:3780,,
UP,LAMQB-##,East LA,leaving,Mesquite IM,,,id:1845 class:im,,
UP,LAMQB-##,East LA,leaving,Mesquite Autos,,,id:1845 class:auto,,
UP,LAMQB-##,East LA,leaving,Midlothian Autos,YMY59,,id:2031 id:2032 id:2364 class:auto,,
UP,G3AH-##,"Global 3, grouped by destination",leaving,NS Ashland,,"Toledo Airline OH, Jersey City Croxton, Harrisburg, Morrisville, Columbus NS, Norfolk, Misc NS Northeast IM",id:1108 id:1476 id:1911 id:1447 id:1639 id:1453 id:3558 id:3559 id:3561 region:NS:A1 region:NS:A2 region:NS:A3 class:im,,Toledo Airline OH
UP,G4G3-##,"Global 4, grouped by destination",leaving,NS Ashland,IG3AH,IG3AH destinations,,,IG3AH destinations
UP,G4G3-##,"Global 4, grouped by destination",leaving,CSX Barr,IG3SK,"Jersey City Kearney, NW Ohio ICTF, Chambersburg, Other CSX Northeast",id:3294 id:3600 id:1674,,NW Ohio ICTF; Other CSX Northeast
UP,G4AH-##,"Global 4, grouped by destination within each block",leaving,NS Northeast,,"Harrisburg, Columbus NS, Suffolk, Norfolk, Morrisville, Mechanicville, Jersey City Croxton, Toledo Airline, Misc NS Northeast IM",id:1476 id:1447 id:1639 id:1453 id:2275 id:2276 id:2277 id:3558 id:3559 id:3561 id:1911 id:2057 id:1108 region:NS:A1 region:NS:A2 region:NS:A3 class:im,,Toledo Airline
UP,G3SK%-##,"Global 3, with IM grouped by destination",leaving,CSX IM,,"Kearny NJ, Louisville Osborne, Detroit Livernois CSX, Springfield MA, Worchester, Northwest Ohio IM OH, Columbus OH, Chambersburg PA Misc Northeast CSX, Southeast CSX",id:2097 id:2104 class:im id:1453 id:1684 id:2049 id:2158 id:2433 id:2435,,Kearny NJ; Louisville Osborne; Worchester; Northwest Ohio IM OH; Chambersburg PA Misc Northeast CSX; Southeast CSX
UP,G3SK%-##,"Global 3, with IM grouped by destination",leaving,CSX reefer traffic for NJ,,,,,CSX reefer traffic for NJ
UP,G3SK%-##,"Global 3, with IM grouped by destination",leaving,Selkirk manifest,,,id:1111 id:3218 id:3918,,
UP,MNDU%-##,"Marion, grouped by destination in each block",leaving,North Platte IM,ZDUNP,"Lathrop, Oakland, Salt Lake City, Seattle, Tacoma, Portland T6, Portland Brooklyn, Council Bluffs",id:1857 id:1566 id:2237 id:1009 id:1325 id:2361 id:2362 id:3755 id:1481 id:1538 id:1803 id:2008 id:1502 id:1503 id:1554 id:1555 id:2626 id:2710 id:2711 id:2712 id:2714 id:3286 id:3287 id:3288 id:1866 id:1107 id:1115 id:1767 id:1768 id:2583 id:2584 id:3064,,Portland T6
UP,MNDU%-##,"Marion, grouped by destination in each block",leaving,KC Neff Baretables,ZDUNP,,,,KC Neff Baretables
UP,MNDU%-##,"Marion, grouped by destination in each block",leaving,Dupo,,"Dupo IM, Avon IM->MDUIN",id:1578 class:im id:1611 id:3733 class:im,,
UP,G4SI%-##,"Global 4, grouped by destination within each block",leaving,City of Industry,ISILB3,,id:1095,,
UP,G4SI%-##,"Global 4, grouped by destination within each block",leaving,Tuscon IM,MHNPX,,id:1477 class:im,,
UP,G4SI%-##,"Global 4, grouped by destination within each block",leaving,Terminal Island,ILBNS1/2/3,"LA TICTF, LA Pier 400, LA Global South, Long Beach Pier T",id:1146 id:3098 id:1152 id:3100 id:1163 id:3099 id:1149 id:3101,,
UP,G4SI%-##,"Global 4, grouped by destination within each block",leaving,Long Beach,ILBNS1/2/3,"Long Beach ITS, Long Beach PCT, Long Beach Terminal A",id:2515 id:3094 id:2514 id:3093 id:2517 id:3091,,
UP,G4SI%-##,"Global 4, grouped by destination within each block",leaving,LA Harbor,ILBNS1/2/3,"TRAPAC [TriPac], West Basin",id:3104 id:3102 id:3103,,
UP,G4SI%-##,"Global 4, grouped by destination within each block",leaving,Dolores ICTF,ILBNS1/2/3,,id:1001,,
UP,SELC-##,"Seattle, grouped by destination within each block",leaving,Mesquite,ZLAMQ,,id:1845,,
UP,SELC-##,"Seattle, grouped by destination within each block",leaving,LATC,,,id:1203,,
UP,SELC-##,"Seattle, grouped by destination within each block",leaving,Bremerton,,PSAP IM,rr:PSAP class:im,,
UP,SELC-##,"Seattle, grouped by destination within each block",leaving,Global 4,ZBRG2/YPD81,,id:2183,,
UP,SELC-##,"Seattle, grouped by destination within each block",leaving,"Northwest Ohio ICTF, South Kearney, W. Springfield, Chambersburg, Misc CSX Northeast",ZBRG2,,,,"Northwest Ohio ICTF, South Kearney, W. Springfield, Chambersburg, Misc CSX Northeast"
UP,SELC-##,"Seattle, grouped by destination within each block",leaving,"Harrisburg, Jersey City Croxton, Cleveland Heights, Mechanicville, Misc NS Northeast",ZBRG2,,,,"Harrisburg, Jersey City Croxton, Cleveland Heights, Mechanicville, Misc NS Northeast"
UP,SELC-##,"Seattle, grouped by destination within each block",leaving,"KC Neff, Dupo, Marion",ZBRG2/YPD81,,,,"KC Neff, Dupo, Marion"
UP,SELC-##,"Seattle, grouped by destination within each block",leaving,"Port Laredo, Austell, Huntsville, Charleston IMF, Misc NS Southeast, Fairburn, Misc CSX Southeast",ZBRG2,,,,"Port Laredo, Austell, Huntsville, Charleston IMF, Misc NS Southeast, Fairburn, Misc CSX Southeast"
UP,SELC-##,"Seattle, grouped by destination within each block",leaving,Council Bluffs,ZBRG2,,id:1107 id:1115 id:1767 id:1768 id:2583 id:2584 id:3064,,
UP,G2LT%-##,Global 2,leaving,Lathrop,,53' containers,class:im,1595,
UP,LALA-##,East LA,leaving,LATC IM/baretables,,,class:im,,LATC IM/baretables
UP,LALA-##,East LA,leaving,Lathrop,ZLCLT,"Lathrop IM, Oakland IM",id:1857 class:im id:3767 class:im,,
UP,LALA-##,East LA,leaving,Portland Brooklyn IM,ZLCTM,,id:1866 class:im,,
UP,LALA-##,East LA,leaving,City of Industry 53' baretables,LOZ,,,,City of Industry 53' baretables
UP,LALA-##,East LA,leaving,Oxnard/Pt. Hueme Autos,LOF49,,id:1303 class:auto,,
UP,LALA-##,LATC,leaving,East LA IM,,,id:1588 class:im,,
UP,LALA-##,LATC,leaving,Mesquite IM,ZLAMQ,,id:1845 class:im,,
UP,TUAS%-##,Tuscon,leaving,Global 4 IM,ISLG4,"Global 4 IM, Austell IM, NS Northeast IM, CSX Northeast IM",id:2183 class:im id:1244 class:im region:NS:A1 region:NS:A2 region:NS:A3 class:im region:CSX:A class:im,,
UP,TUAS%-##,Tuscon,leaving,Santa Teresa,,"Santa Teresa IM, Austell IM->ILBNS",id:1403 class:im id:1244 class:im,,
UP,TUAS%-##,Tuscon,leaving,ALS,,"St Louis area, MER, ALS, DREI, Tuscola UP/Shelbyville IL/Villa Grove/Royal IL",id:1120 id:1212 id:1004 rr:MER rr:ALS rr:DREI id:2810 id:2812 id:2811 id:2813,,
UP,TUAS%-##,Tuscon,leaving,NS autoracks  northeast,MTPNS,,class:auto,,NS autoracks  northeast
UP,TUAS%-##,Tuscon,leaving,Council Bluffs,MHNCB,"OLB, NE, IA, MN, WI, CPKC SK, ND, SD, CPKC Regions 2/3/DMVW/RRVW, CN MB/Thunder Bay ON",rr:OLB st:NE st:IA st:MN st:WI rr:CPKC:SK st:ND st:SD region:CPKC:2 region:CPKC:3 rr:DMVW rr:RRVW,,CN MB/Thunder Bay ON
UP,TUAS%-##,Santa Teresa,created at,KC Neff IM,,Kansas City Neff IM,id:1301 class:im,1403,
UP,TUAS%-##,Herington,created at,KS ALS,,"All CSX, St Louis, ALS, TRRA, MER, Chicago UP, WSOR, CPKC Region 1, CN IL/Eastern US, CN Canada East of Thunder Bay ON, BNSF IL",all:CSX id:1004 id:1277 id:1562 id:1736 id:2045 id:2174 id:2391 id:3617 rr:ALS rr:TRRA rr:MER id:2038 rr:WSOR region:CPKC:1 region:CN:East_of_Thunder_Bay rr:BNSF:IL,3170,CN IL/Eastern US
UP,G4SE-##,"Global 4, grouped by destination within each block",leaving,Council Bluffs,,"Council Bluffs IM ->MCHCB, Twin Cities TCIT IM->MNPAL",id:1107 id:1115 id:1767 id:1768 id:2583 id:2584 id:3064 class:im class:im,,Twin Cities TCIT
UP,G4SE-##,"Global 4, grouped by destination within each block",leaving,North Platte,,"Portland Brooklyn ->ZG2BR, Oakland UP, Salt Lake ->INPOA, Denver ->MNPDV",id:1866 id:1566 id:1009 id:1325 id:2361 id:2362 id:3755 id:1718 id:1769 id:1770 id:1800 id:1976 id:1977 id:1978 id:1979 id:1980 id:1981 id:2407,,
UP,G4SE-##,"Global 4, grouped by destination within each block",leaving,Pocatello IM,,,id:1843 class:im,,
UP,G4SE-##,"Global 4, grouped by destination within each block",leaving,Wallula UP IM,MHKSK,,id:1495 class:im,,
UP,G4SE-##,"Global 4, grouped by destination within each block",leaving,Portland Terminal 6 UP,MHKPD/MHKEU,,id:2140,,
UP,G4SE-##,"Global 4, grouped by destination within each block",leaving,Tacoma IM,,"Tacoma Washington United , Tacoma Container Terminal",id:2711 id:3289 id:2712,,
UP,G4SE-##,"Global 4, grouped by destination within each block",leaving,Seattle,,"Seattle Argo, Seattle Harbor Island ->YSE21R",id:1481 id:1538,,
UP,G4SE-##,Council Bluffs,added at,LA Harbors IM,INPOA,"Dolores/ICTF, Long Beach, Terminal Island, TRAPAC [TriPac], West Basin",id:1001 id:1014 id:1149 id:2514 id:2515 id:2516 id:2517 id:3090 id:3091 id:3092 id:3093 id:3094 id:3095 id:1389 id:3097 id:3104 id:3102 id:3103,1107|1115|1767|1768|2583|2584,
UP,G4SE-##,Tacoma Fife,added at,Brooklyn IM,,"LATC, Mesquite",id:1203 id:1845,1502,
UP,G3CL-##,Global 3,leaving,Cincinnatti Gest IM,,,id:2048 class:im,1760,
UP,G3CL-##,Global 3,leaving,Cleveland Maple Heights IM,,,id:1451 class:im,1760,
UP,G3CL-##,Global 3,leaving,Austell IM,,,id:1244 class:im,1760,
UP,SALD-##,SAIT,leaving,Port Laredo IM,,,id:1285 class:im,,
UP,YCCN-##,Yard Center,leaving,CN IM,,"All outbound CN IM from ILDYC, grouped by destination",class:im,,
UP,YCCN-##,Markham,leaving,GMTX IM,,Mexico Eagle Pass Interchange UP IM,id:2447 class:im,1721,
UP,MQMQ-##,DIT,leaving,Dallas,,"Reisor Autos, Midlothian Autos, home shop IM wells",id:2398 class:auto id:2031 id:2032 id:2364 class:auto class:im,,home shop IM wells
UP,MQMQ-##,DIT,leaving,Mesquite Autos,,,id:1845 class:auto,,
UP,MQMQ%-##,Mesquite,leaving,Standard Priority LA IM,IDISI,,class:im,1845,Standard Priority LA
UP,MQMQ%-##,Mesquite,leaving,Mexico Laredo IM,MMNMX,,id:2482 id:2483 id:2484 class:im,1845,
UP,MQMQ%-##,Mesquite,leaving,Mexico Eagle Pass IM,MMNMX,,id:2446 id:2447 class:im,1845,
UP,MQMQ%-##,Mesquite,leaving,Dallas Intermodal Terminal IM,,,id:1938 class:im,1845,
UP,DIMX%-##,"Dallas Miller, with IM grouped by destination in each block",leaving,SAIT,ISALD/ZYCEG,"IM for Port Laredo, SAIT, Mexico Eagle Pass UP, Houston",id:1285 class:im id:3118 id:2447 id:1372 id:1374 id:1378 id:1383 id:1460 id:1812 id:1878 id:1879 id:1880 id:1935 id:1936 id:1937,,
UP,DIMX%-##,"Dallas Miller, with IM grouped by destination in each block",leaving,KCSM IM,,Mexico Laredo Interchange UP IM only,id:2482 class:im,,
UP,DIMX%-##,"Dallas Miller, with IM grouped by destination in each block",leaving,KCSM,,Autoracks/Manifest Mexico Laredo Interchange UP only,class:auto,,Autoracks/Manifest Mexico Laredo Interchange UP
UP,SLG4-##,"Dupo, grouped by destination in each block",leaving,Global 4,,ITUAS Global 4 IM,class:im,,ITUAS Global 4
UP,LTLB%-##,"Lathrop, with cars grouped by destination",leaving,Los Angeles,,"LATC->ILALA, East LA, Mesquite IM ->ZLAMQ",id:1203 id:1588 id:1845 class:im,,
UP,LTLB%-##,"Lathrop, with cars grouped by destination",leaving,NS Southeast IM,ZLAAI/ZLAMN,"Austell, Miami FEC, Jacksonville, Charlotte, misc NS southeast",id:1244 id:1077 id:1057 id:1118 id:1122 id:1431 id:1656 id:1679 id:2034 id:2035 id:2071 id:2072 id:2073 id:2715 id:3181 region:NS:B1 region:NS:B2 region:NS:B3,,
UP,LTLB%-##,"Lathrop, with cars grouped by destination",leaving,Santa Teresa,ILBHO,"Santa Teresa, Mexico El Paso, San Antonio, Port Laredo, Houston",id:1403 id:2486 id:2487 id:2239 id:2242 id:3118 id:3119 id:3432 id:1285 id:1372 id:1374 id:1378 id:1383 id:1460 id:1812 id:1878 id:1879 id:1880 id:1935 id:1936 id:1937,,
UP,LTLB%-##,"Lathrop, with cars grouped by destination",leaving,Mesquite Autos,ILBDI,,id:1845 class:auto,,
UP,LTLB%-##,"Lathrop, with cars grouped by destination",leaving,Terminal Island,,"Terminal Island ITCF, Long Beach Hanjin, APM Pier 400, Global South",id:1146 id:3098 id:1149 id:3101 id:1152 id:1163 id:3099,,
UP,LTLB%-##,"Lathrop, with cars grouped by destination",leaving,Long Beach,,"Long Beach ITF, Long Beach Container Terminal, Long Beach Pacific Container Terminal, Long Beach Pier A",id:2515 id:3094 id:2516 id:3092 id:2514 id:3093 id:2517 id:3091,,
UP,LTLB%-##,"Lathrop, with cars grouped by destination",leaving,LA Harbor,,,id:1103 id:1090,,
UP,LTLB%-##,"Lathrop, with cars grouped by destination",leaving,Dolores ICTF,,,id:1001,,
UP,SAMX-##,"SAIT, all billed for Mexico Laredo Interchange UP",leaving,KCSM IM,,,class:im,,KCSM
UP,SAMX-##,"SAIT, all billed for Mexico Laredo Interchange UP",leaving,KCSM Loaded Autos,,,class:auto class:loaded,,KCSM
UP,SAMX-##,"SAIT, all billed for Mexico Laredo Interchange UP",leaving,KCSM manifest,,,,,KCSM
UP,SAMX-##,"SAIT, all billed for Mexico Laredo Interchange UP",leaving,KCSM Empty Autos,,,class:auto class:empty,,KCSM
UP,G4LB-##,"Global 4, grouped by destination within each block",leaving,Terminal Island,,"LA TICTF, LA Pier 400, LA Global South, Long Beach Pier T",id:1146 id:3098 id:1152 id:3100 id:1163 id:3099 id:1149 id:3101,,
UP,G4LB-##,"Global 4, grouped by destination within each block",leaving,Long Beach,,"Long Beach ITS, Long Beach PCT, Long Beach Terminal A",id:2515 id:3094 id:2514 id:3093 id:2517 id:3091,,
UP,G4LB-##,"Global 4, grouped by destination within each block",leaving,LA Harbor,,"TRAPAC [TriPac], West Basin",id:3104 id:3102 id:3103,,
UP,G4LB-##,"Global 4, grouped by destination within each block",leaving,Dolores ICTF,,,id:1001,,
UP,DIMN%-##,"DIT, grouped by destination in each block",leaving,Marion IM,,Marion,id:1180 id:1448 id:1705,,
UP,DIMN%-##,"DIT, grouped by destination in each block",leaving,NS Southeast,IMNME,"Huntsville, Charleston NS, Charlotte NS, Miami FEC, Jacksonville, Austell, Misc NS Southeast",id:1432 id:1838 id:1274 id:1077 id:1057 id:1118 id:1122 id:1431 id:1656 id:1679 id:2034 id:2035 id:2071 id:2072 id:2073 id:2715 id:1244 region:NS:B1 region:NS:B2 region:NS:B3,,
UP,DIMN%-##,"DIT, grouped by destination in each block",leaving,CSX Southeast,MNLNV,"Fairburn, Charleston, Misc. CSX Southeast destinations",id:1261 id:1838,,Misc. CSX Southeast destinations
UP,SEBR%-##,"Seattle, grouped by destination within each block",leaving,Mesquite,ZBRLC,,id:1845,,
UP,SEBR%-##,"Seattle, grouped by destination within each block",leaving,LATC,ZBRLC,,id:1203,,
UP,SEBR%-##,"Seattle, grouped by destination within each block",leaving,Bremerton,,PSAP IM,rr:PSAP class:im,,
UP,SEBR%-##,"Seattle, grouped by destination within each block",leaving,Global 4,ZBRG2/YPD81,,id:2183,,
UP,SEBR%-##,"Seattle, grouped by destination within each block",leaving,"Northwest Ohio ICTF, South Kearney, W. Springfield, Chambersburg, Misc CSX Northeast",ZBRG2,,,,"Northwest Ohio ICTF, South Kearney, W. Springfield, Chambersburg, Misc CSX Northeast"
UP,SEBR%-##,"Seattle, grouped by destination within each block",leaving,"Harrisburg, Jersey City Croxton, Cleveland Heights, Mechanicville, Misc NS Northeast",ZBRG2,,,,"Harrisburg, Jersey City Croxton, Cleveland Heights, Mechanicville, Misc NS Northeast"
UP,SEBR%-##,"Seattle, grouped by destination within each block",leaving,"KC Neff, Dupo, Marion",ZBRG2/YPD81,,,,"KC Neff, Dupo, Marion"
UP,SEBR%-##,"Seattle, grouped by destination within each block",leaving,"Port Laredo, Austell, Huntsville, Charleston IMF, Misc NS Southeast, Fairburn, Misc CSX Southeast",ZBRG2,,,,"Port Laredo, Austell, Huntsville, Charleston IMF, Misc NS Southeast, Fairburn, Misc CSX Southeast"
UP,SEBR%-##,"Seattle, grouped by destination within each block",leaving,Council Bluffs,ZBRG2,,id:1107 id:1115 id:1767 id:1768 id:2583 id:2584 id:3064,,
UP,SEBR%-##,"Seattle, grouped by destination within each block",leaving,Brooklyn Baretables,,empty wells for Portland Brooklyn,,,empty wells for Portland Brooklyn
UP,SIEP%-##,Santa Teresa,leaving,Mexico El Paso IM,MEPST,,id:2486 id:2487 class:im,1403,
UP,SIEP%-##,Santa Teresa,leaving,Alfalfa,,All received manifest from passing trains,,1403,All received manifest from passing trains
UP,SIEP%-##,Santa Teresa,leaving,"Outbound Manifest from worked local industries,",,,,1403,"Outbound Manifest from worked local industries,"
UP,SIEP%-##,Dallas St,added at,Global 4 IM,,,id:2183 class:im,1779,
UP,SIEP%-##,Dallas St,added at,Dallas Alfalfa,,All outbound manifest from Mexico El Paso UP/El Paso UP,,1779,
UP,DIMX-##,"Dallas Miller, with IM grouped by destination in each block",leaving,SAIT IM,,"Port Laredo ->ISALD, SAIT, Mexico Eagle Pass UP ->ZYCEG",id:1285 id:3118 id:2447,,
UP,DIMX-##,"Dallas Miller, with IM grouped by destination in each block",leaving,Houston IM,ILBHO,"Houston, Houston Bourbour's Cut",id:1372 id:1374 id:1378 id:1383 id:1460 id:1812 id:1878 id:1879 id:1880 id:1935 id:1936 id:1937,,Houston Bourbour's Cut
UP,DIMX-##,"Dallas Miller, with IM grouped by destination in each block",leaving,KCSM IM,,Mexico Laredo Interchange UP IM only,id:2482 class:im,,
UP,DIMX-##,"Dallas Miller, with IM grouped by destination in each block",leaving,KCSM,,Autoracks/Manifest for Mexico Laredo Interchange UP only,class:auto,,Autoracks/Manifest for Mexico Laredo Interchange UP
UP,LBDI%-##,Dolores ICTF,leaving,Mesquite Autos,IMQMQ,Mesquite,id:1845,,
UP,LBDI%-##,Dolores ICTF,leaving,Reisor Autos,IMQMQ,Reisor,id:2398,,
UP,LBDI%-##,Dolores ICTF,leaving,Dallas Intermodal Terminal,,,id:1938,,
UP,LBDI%-##,Dolores ICTF,leaving,Marion IM,IDIMN,,id:1180 id:1448 id:1705 class:im,,
UP,LBDI%-##,Dolores ICTF,leaving,NS Southeast IM,IDIMN,"Hunstville, Charleston NS, Charlotte NS, Miami FEC, Austell, Misc NS Southeast",id:1432 id:1838 id:1274 id:1077 id:1244 region:NS:B1 region:NS:B2 region:NS:B3,,
UP,LBDI%-##,Dolores ICTF,leaving,CSX Southeast IM,IDIMN,"Charlotte CSX, Misc CSX Southeast",id:3181 region:CSX:B,,
UP,G4G2-##,"Global 4, grouped by destination within each block",leaving,Global 2 IM,,"Global 2 IM, stray Global 1 IM, LATC IM, East LA IM",id:1595 class:im class:im id:1203 class:im id:1588 class:im,,stray Global 1
UP,MNMX%-##,"Marion, with IM grouped by destination in each block",leaving,San Antonio IM,,"SAIT, Port Laredo IM, Houston Barbour's Cut, Houston Settegast",id:3118 id:1285 class:im id:1812 id:2528 id:3780 id:3480,,
UP,MNMX%-##,"Marion, with IM grouped by destination in each block",leaving,Eagle Pass IM,,IM for Mexico Eagle Pass Interchange UP,id:2447 class:im,,
UP,MNMX%-##,"Marion, with IM grouped by destination in each block",leaving,LATC IM,IDISI,IM for LATC,id:1203 class:im,,
UP,MNMX%-##,"Marion, with IM grouped by destination in each block",leaving,KCSM,,Autos/manifest for Mexico Laredo Interchange UP ONLY,class:auto,,Autos/manifest for Mexico Laredo Interchange UP
UP,MNMX%-##,"Marion, with IM grouped by destination in each block",leaving,Westfield Autos,,Loaded autoracks for Westfield,id:1375 class:auto,,
UP,MNMX%-##,"Marion, with IM grouped by destination in each block",leaving,NLR,,Overflow MSFNL NLR block,ref:MSFNL:NLR,,
UP,MNMX%-##,Reisor,created at,Ft Worth,,"TX, NM, AZ, CA, NV, UT",st:TX st:NM st:AZ st:CA st:NV st:UT,2398,
UP,MNMX%-##,Reisor,created at,Arlington Empty Autos,,Empty autoracks for Arlington TX,class:auto,2398,Empty autoracks for Arlington TX
UP,MNMX%-##,DIT,created at,KCSM Autos,,Autoracks for Mexico Laredo Interchange UP,id:2482 class:auto,,
UP,LBLA%-##,ICTF,leaving,Dupo IM,,,id:1578 class:im,,
UP,HOSA%-##,"Houston, with IM blocks grouped by destination",leaving,San Antonio IM,,"San Antonio SAIT, Port Laredo->ISALD, Dallas Intermodal Terminal->MLDDI, Tucson->ISALB",id:3118 id:1285 id:1938 id:1477,,
UP,HOSA%-##,"Houston, with IM blocks grouped by destination",leaving,Mexico Eagle Pass intermodal/baretables,MEWEG,,class:im,,Mexico Eagle Pass intermodal/baretables
UP,HOSA%-##,"Houston, with IM blocks grouped by destination",leaving,Lathrop,ISALB,,id:1857,,
UP,HOSA%-##,"Houston, with IM blocks grouped by destination",leaving,Terminal Island IM,ISALB,"Terminal Island ITCF, Long Beach Hanjin, APM, Pier 400, Global South",id:1146 id:3098 id:1149 id:3101 id:1152 id:1152 id:1163 id:3099,,
UP,HOSA%-##,"Houston, with IM blocks grouped by destination",leaving,Long Beach IM,ISALB,"Long Beach ITF, Long Beach Pacific Container Terminal, Long Beach Pier A",id:2515 id:3094 id:2514 id:3093 id:2517 id:3091,,
UP,HOSA%-##,"Houston, with IM blocks grouped by destination",leaving,"LA Harbor, Dolores ICTF IM",ISALB,,class:im,,"LA Harbor, Dolores ICTF"
UP,HOSA%-##,"Houston, with IM blocks grouped by destination",leaving,KCSM,IYCMX,Overflow Mexico Laredo UP,ref:Mexico:Laredo_UP,,
UP,HOSA%-##,"Houston, with IM blocks grouped by destination",leaving,San Antonio Manifest,,"San Antonio, Gardendale, Port Laredo, Gonzales, Halsted",id:2239 id:2242 id:3118 id:3119 id:3432 id:2481 id:1285 id:1160 id:2485,,
UP,G4SIB-##,"Global 4, grouped by destination within each block",leaving,City of Industry,ISALB,,id:1095,,
UP,G4SIB-##,"Global 4, grouped by destination within each block",leaving,Tuscon IM,MHNPX,,id:1477 class:im,,
UP,G4SIB-##,"Global 4, grouped by destination within each block",leaving,Terminal Island,,"LA TITCF, LA Pier 400, LA Global South, Long Beach Pier T",id:1146 id:3098 id:1152 id:3100 id:1163 id:3099 id:1149 id:3101,,
UP,G4SIB-##,"Global 4, grouped by destination within each block",leaving,Long Beach,,"Long Beach ITS, Long Beach Container Terminal, Long Beach PCT, Long Beach Terminal A",id:2515 id:3094 id:2516 id:3092 id:2514 id:3093 id:2517 id:3091,,
UP,G4SIB-##,"Global 4, grouped by destination within each block",leaving,LA Harbor,,"TRAPAC [TriPac], West Basin",id:3104 id:3102 id:3103,,
UP,G4SIB-##,"Global 4, grouped by destination within each block",leaving,Dolores ICTF,,,id:1001,,
UP,NLMN%-##,"NLR, grouped by destination in each block",leaving,Marion,,Marion IM only,id:1180 id:1448 id:1705 class:im,,
UP,NLMN%-##,"NLR, grouped by destination in each block",leaving,CSX Southeast,MNLNV,"Fairburn, Charleston, Misc. CSX Southeast destinations",id:1261 id:1838,,Misc. CSX Southeast destinations
UP,LBDI-##,Dolores ICTF,leaving,Mesquite Autos,IMQMQ,Mesquite,id:1845,,
UP,LBDI-##,Dolores ICTF,leaving,Reisor Autos,IMQMQ,Reisor,id:2398,,
UP,LBDI-##,Dolores ICTF,leaving,Dallas Intermodal Terminal,,,id:1938,,
UP,CBOA%-##,"Council Bluffs, with IM grouped by destination in each block",leaving,Oakland IM,,IM for Oakland UP,id:1566 class:im,,
UP,CBOA%-##,"Council Bluffs, with IM grouped by destination in each block",leaving,Seattle IM,MSSNP,"Pocatello, Portland Terminal 6 UP, Tacoma Washington United , Tacoma Container Terminal, Seattle Argo, Seattle Harbor Island",id:1843 id:2140 id:2711 id:3289 id:2712 id:1481 id:1538,,
UP,CBOA%-##,"Council Bluffs, with IM grouped by destination in each block",leaving,LA Harbors IM,MSSNP,"IM for Dolores/ICTF, Long Beach, Terminal Island, LA Harbor",id:1001 class:im id:1014 id:1149 id:2514 id:2515 id:2516 id:2517 id:3090 id:3091 id:3092 id:3093 id:3094 id:3095 id:1389 id:3097 id:1103 id:1090,,
UP,CBOA%-##,"Council Bluffs, with IM grouped by destination in each block",leaving,North Platte manifest,,"North Platte, Sidney UP, OR, ID, WA, MT, CO, WY, UT, CA, NV",id:1683 id:1199 st:OR st:ID st:WA st:MT st:CO st:WY not:RCPE st:UT st:CA st:NV,,
UP,CBOA%-##,"Council Bluffs, with IM grouped by destination in each block",leaving,Columbus,,"Grand Island, NCRC",id:2261 rr:NCRC,,
UP,DILB%-##,"Dallas Intermodal Terminal, grouped by destination in each block",leaving,Mira Loma Autos,MSIML,,id:1406 class:auto,,
UP,DILB%-##,"Dallas Intermodal Terminal, grouped by destination in each block",leaving,Terminal Island,,"LA TITCF, LA Pier 400, LA Global South, Long Beach Pier T",id:1146 id:3098 id:1152 id:3100 id:1163 id:3099 id:1149 id:3101,,
UP,DILB%-##,"Dallas Intermodal Terminal, grouped by destination in each block",leaving,Long Beach,,"Long Beach ITF, Long Beach Pacific Container Terminal, Long Beach Pier A",id:2515 id:3094 id:2514 id:3093 id:2517 id:3091,,
UP,DILB%-##,"Dallas Intermodal Terminal, grouped by destination in each block",leaving,LA Harbor,,"TRAPAC [TriPac], West Basin",id:3104 id:3102 id:3103,,
UP,DILB%-##,"Dallas Intermodal Terminal, grouped by destination in each block",leaving,"Dolores ICTF, Dolores Baretables",,,,,"Dolores ICTF, Dolores Baretables"
UP,DILB%-##,"Dallas Intermodal Terminal, grouped by destination in each block",leaving,LATC,ZSALB,"East LA, LATC",id:1588 id:1203,,
UP,DILB%-##,"Dallas Intermodal Terminal, grouped by destination in each block",leaving,Tuscon IM,MHNPX,,id:1477 class:im,,
UP,DILB%-##,"Dallas Intermodal Terminal, grouped by destination in each block",leaving,Santa Teresa Baretables,,Empty wells billed to Santa Teresa,,,Empty wells billed to Santa Teresa
UP,LBG4%-##,"ICTF, grouped by destination in each block",leaving,NS Northeast,IG4G3,"Bethlehem, Norfolk, Jersey City Croxton, Columbus NS, Harrisburg, misc NS northeast IM",id:1346 id:3558 id:3559 id:3561 id:1108 id:1447 id:1639 id:1453 id:1476 region:NS:A1 region:NS:A2 region:NS:A3 class:im,,
UP,LBG4%-##,"ICTF, grouped by destination in each block",leaving,CSX Northeast,IG4G3,"Detroit Livernois, Columbus CSX, Cleveland CSX, Cincinnati CSX, misc CSX Northeast IM",id:1697 id:2097 id:2098 id:1447 id:1639 id:3706 id:1455 id:2048 id:2445 region:CSX:A class:im,,
UP,LBG4%-##,"ICTF, grouped by destination in each block",leaving,Global 4,,Global 4 IM,id:2183 class:im,,
UP,LBG4%-##,"ICTF, grouped by destination in each block",leaving,Neff,,"KC Neff IM, Council Bluffs IM, Shell Rock IM, TCIT IM",id:1301 class:im id:1107 id:1115 id:1767 id:1768 id:2583 id:2584 id:3064 class:im id:2077 class:im class:im,,TCIT
UP,NPDU%-##,"North Platte, grouped by destination in each block",leaving,Neff IM,,,id:1301 class:im,,
UP,NPDU%-##,"North Platte, grouped by destination in each block",leaving,Dupo IM,,,id:1578 class:im,,
UP,NPDU%-##,"North Platte, grouped by destination in each block",leaving,Marion IM,IDUMN,,id:1180 id:1448 id:1705 class:im,,
UP,NPDU%-##,"North Platte, grouped by destination in each block",leaving,CSX Southeast,IDUMN,"Fairburn, Charlotte Pinoca, Charleston Bennett, Jacksonville Duval, Winter Haven,  other CSX southeast yards",id:1261 id:1907 id:1208 id:1679 id:1519,,other CSX southeast yards
UP,NPDU%-##,"North Platte, grouped by destination in each block",leaving,NS Southeast,IDUMN,"Huntsville, Austell, Miami FEC, other NS southeast",id:1432 id:1244 id:1077,,other NS southeast
UP,NPDU%-##,Neff,created at,Houston,IDUMN,"Houston Settegast IM, Houston Barbour's Cut UP IM",id:3480 class:im id:1812 class:im,,
UP,NPDU%-##,Neff,created at,Marion Autos,IDUMN,,id:1180 id:1448 id:1705 class:auto,,
UP,DUMN%-##,"Dupo, grouped by destination in each block",leaving,CSX Southeast IM,,"Fairburn, Winter Haven, Charlotte Pinoca, Charleston Bennett, Jacksonville Duval, misc. CSX Southeast",id:1261 id:1519 id:1907 id:1208 id:1679 region:CSX:B,,
UP,DUMN%-##,"Dupo, grouped by destination in each block",leaving,NS southeast IM,,"Huntsville, Charlotte IMF, Charleston Seven Mile, Austell, misc. NS Southeast",id:1432 id:1052 id:1991 id:1244 region:NS:B1 region:NS:B2 region:NS:B3,,
UP,DUMN%-##,"Dupo, grouped by destination in each block",leaving,Port Laredo,MMNMX,,id:1285,,
UP,DUMN%-##,"Dupo, grouped by destination in each block",leaving,"Marion IM, Marion Autos",,,class:auto class:im,,"Marion IM, Marion"
UP,DUMN%-##,"Dupo, grouped by destination in each block",leaving,CN Autos,,Canton MS,id:1084,,
UP,DUMN%-##,"Dupo, grouped by destination in each block",leaving,Terminal Island IM,IMNLB,"LA TITCF, LA Pier 400, LA Global South, Long Beach Pier T",id:1146 id:3098 id:1152 id:3100 id:1163 id:3099 id:1149 id:3101,,
UP,DUMN%-##,"Dupo, grouped by destination in each block",leaving,Long Beach IM,IMNLB,"Long Beach ITS, Long Beach Container Terminal, Long Beach PCT, Long Beach Pier A",id:2515 id:3094 id:2516 id:3092 id:2514 id:3093 id:2517 id:3091,,
UP,DUMN%-##,"Dupo, grouped by destination in each block",leaving,LA Harbor IM,IMNLB,"TRAPAC [TriPac], West Basin",id:3104 id:3102 id:3103,,
UP,DUMN%-##,"Dupo, grouped by destination in each block",leaving,Dolores ICTF baretables,IMNLB,,,,Dolores ICTF baretables
UP,NPOA%-##,"North Platte, grouped by destination in each block",leaving,Salt Lake City IM,,,id:1009 id:1325 id:2361 id:2362 id:3755 class:im,,
UP,NPOA%-##,"North Platte, grouped by destination in each block",leaving,CA IM,,"LATC, LA TITCF, LA Pier 400, LA Global South, Long Beach Pier T, Long Beach ITS, Long Beach Container Terminal, Long Beach PCT, Long Beach Terminal A, Los Angeles TRAPAC [TriPac], Los Angeles West Basin",id:1203 id:1146 id:3098 id:1152 id:3100 id:1163 id:3099 id:1149 id:3101 id:2515 id:3094 id:2516 id:3092 id:2514 id:3093 id:2517 id:3091 id:3102 id:3103,,Los Angeles TRAPAC [TriPac]
UP,NPOA%-##,"North Platte, grouped by destination in each block",leaving,Oakland IM,,"Oakland, Lathrop ->IOANP, Sparks IM ->IOANP",id:1566 id:2237 id:1857 id:1141 id:2338 class:im,,
UP,NPOA%-##,"North Platte, grouped by destination in each block",leaving,Oakland Reefers,,Refridgerated cars for Oakland UP,,,Refridgerated cars for Oakland UP
UP,NPOA%-##,Sparks,created at,Roseville,,Overflow MSPRV Roseville and I-5 Corridor as a single block,ref:MSPRV:Roseville_and_I-5_Corridor_as_a_single,1141|2338,
UP,MNME%-##,"Marion, grouped by destination in each block",leaving,Hunstville IM,,,id:1432 class:im,,
UP,MNME%-##,"Marion, grouped by destination in each block",leaving,Austell IM,,,id:1244 class:im,,
UP,MNME%-##,"Marion, grouped by destination in each block",leaving,Austell Connections IM,,"Charlotte IMF, Greensboro, Jacksonville, Miami FEC, Austell, Misc. NS Southeast IM",id:1052 id:1140 id:3198 id:1057 id:1118 id:1122 id:1431 id:1656 id:1679 id:2034 id:2035 id:2071 id:2072 id:2073 id:2715 id:1077 id:1244 region:NS:B1 region:NS:B2 region:NS:B3 class:im,,
UP,G4CL-##,"Global 3, IM grouped by destination in each block",leaving,Cincinatti Gest IM,,,class:im,,Cincinatti Gest
UP,G4CL-##,"Global 3, IM grouped by destination in each block",leaving,Austell IM,,,id:1244 class:im,,
UP,G4CL-##,"Global 3, IM grouped by destination in each block",leaving,Calumet,,"Louisville Buchel, Georgetown, misc NS Southeast IM",id:1132 region:NS:B1 region:NS:B2 region:NS:B3 class:im,,Louisville Buchel
UP,MNME-##,"Marion, grouped by destination in each block",leaving,Charlotte IFM IM,,,class:im,,Charlotte IFM
UP,MNME-##,"Marion, grouped by destination in each block",leaving,Austell IM,,,id:1244 class:im,,
UP,MNME-##,"Marion, grouped by destination in each block",leaving,Huntsville Autos,,Empty autoracks from Marion billed to Hunstville,class:auto,,Empty autoracks from Marion billed to Hunstville
UP,MNME-##,"Marion, grouped by destination in each block",leaving,Atlanta IM,,"Greensboro, Jacksonville, Miami FEC, Austell, Misc. NS Southeast IM",id:1140 id:3198 id:1057 id:1118 id:1122 id:1431 id:1656 id:1679 id:2034 id:2035 id:2071 id:2072 id:2073 id:2715 id:1077 id:1244 region:NS:B1 region:NS:B2 region:NS:B3 class:im,,
UP,MNME-##,"Marion, grouped by destination in each block",leaving,Jacksonville IM,,Jacksonville Simpson IM,id:1057 class:im,,
UP,MNME-##,"Marion, grouped by destination in each block",leaving,Hunstville IM,,,id:1432 class:im,,
UP,SILB2%-##,"Santa Teresa, grouped by destination within each block",leaving,Terminal Island,,"LA TITCF, LA Pier 400, LA Global South, Long Beach Pier T",id:1146 id:3098 id:1152 id:3100 id:1163 id:3099 id:1149 id:3101,,
UP,SILB2%-##,"Santa Teresa, grouped by destination within each block",leaving,Long Beach,,"Long Beach ITS, Long Beach Container Terminal, Long Beach PCT, Long Beach Terminal A",id:2515 id:3094 id:2516 id:3092 id:2514 id:3093 id:2517 id:3091,,
UP,SILB2%-##,"Santa Teresa, grouped by destination within each block",leaving,LA Harbor,,"TRAPAC [TriPac], West Basin",id:3104 id:3102 id:3103,,
UP,SILB2%-##,"Santa Teresa, grouped by destination within each block",leaving,Dolores ICTF,,,id:1001,,
UP,KCLB%-##,Kansas City,leaving,Mira Loma Autos,MSIML,,id:1406 class:auto,1059|1169|1200|1214|1218|1227,
UP,KCLB%-##,Kansas City,leaving,City of Industry IM,,53' wells,,1059|1169|1200|1214|1218|1227,
UP,KCLB%-##,Kansas City,leaving,Terminal Island IM,,"40/53' wells with international containers for LA TICTF, LA Pier 400, LA Global South, Long Beach Pier T",class:im id:1152 id:3100 id:1163 id:3099 id:1149 id:3101,1059|1169|1200|1214|1218|1227,40/53' wells with international containers for LA TICTF
UP,KCLB%-##,Kansas City,leaving,Long Beach IM,,"40/53' wells with international containers for Long Beach ITS, Long Beach PCT, Long Beach Terminal A",class:im id:2514 id:3093 id:2517 id:3091,1059|1169|1200|1214|1218|1227,40/53' wells with international containers for Long Beach ITS
UP,KCLB%-##,Kansas City,leaving,LA Harbor IM,,"40/53' wells with international containers for TRAPAC [TriPac], West Basin",class:im id:3102 id:3103,1059|1169|1200|1214|1218|1227,40/53' wells with international containers for TRAPAC [TriPac]
UP,KCLB%-##,Kansas City,leaving,ICTF,,"40/53' wells with international containers, 53' with domestic containers for Los Angeles Dolores Yard/ICTF",class:im class:im,1059|1169|1200|1214|1218|1227,40/53' wells with international containers
UP,KCLB%-##,Kansas City,leaving,ICTF Baretables,IKCLB,empty wells for ICTF,,1059|1169|1200|1214|1218|1227,empty wells for ICTF
UP,DISI-##,"Dallas Intermodal Terminal, grouped by destination in each block",leaving,Mira Loma Autos,MSIML,,id:1406 class:auto,,
UP,DISI-##,"Dallas Intermodal Terminal, grouped by destination in each block",leaving,Terminal Island,,"LA TITCF, LA Pier 400, LA Global South, Long Beach Pier T",id:1146 id:3098 id:1152 id:3100 id:1163 id:3099 id:1149 id:3101,,
UP,DISI-##,"Dallas Intermodal Terminal, grouped by destination in each block",leaving,Long Beach,,"Long Beach ITF, Long Beach Pacific Container Terminal, Long Beach Pier A",id:2515 id:3094 id:2514 id:3093 id:2517 id:3091,,
UP,DISI-##,"Dallas Intermodal Terminal, grouped by destination in each block",leaving,LA Harbor,,"TRAPAC [TriPac], West Basin",id:3104 id:3102 id:3103,,
UP,DISI-##,"Dallas Intermodal Terminal, grouped by destination in each block",leaving,"Dolores ICTF, Dolores Baretables",,,,,"Dolores ICTF, Dolores Baretables"
UP,DISI-##,"Dallas Intermodal Terminal, grouped by destination in each block",leaving,LATC,ZSALB,"East LA, LATC",id:1588 id:1203,,
UP,DISI-##,"Dallas Intermodal Terminal, grouped by destination in each block",leaving,Tuscon IM,MHNPX,,id:1477 class:im,,
UP,DISI-##,"Dallas Intermodal Terminal, grouped by destination in each block",leaving,Santa Teresa Baretables,,Empty wells billed to Santa Teresa,,,Empty wells billed to Santa Teresa
UP,NPMN-##,"North Platte, grouped by destination in each block",leaving,KCIT IM,YKS99,18th Street IM,id:1229 id:2046 class:im,,
UP,NPMN-##,"North Platte, grouped by destination in each block",leaving,Dupo IM,,,id:1578 class:im,,
UP,NPMN-##,"North Platte, grouped by destination in each block",leaving,Marion IM,IDUMN,,id:1180 id:1448 id:1705 class:im,,
UP,NPMN-##,"North Platte, grouped by destination in each block",leaving,CSX Southeast,IDUMN,"Fairburn, Charlotte Pinoca, Charleston Bennett, Jacksonville Duval, Winter Haven,  other CSX southeast yards",id:1261 id:1907 id:1208 id:1679 id:1519,,other CSX southeast yards
UP,NPMN-##,"North Platte, grouped by destination in each block",leaving,NS Southeast,IDUMN,"Huntsville, Austell, Miami FEC, other NS southeast",id:1432 id:1244 id:1077,,other NS southeast
UP,LBG4-##,"ICTF, grouped by destination in each block",leaving,NS Ashland,IG3AH,"Bethlehem, Norfolk, Jersey City Croxton, Columbus NS, Harrisburg, misc NS northeast IM",id:1346 id:3558 id:3559 id:3561 id:1108 id:1447 id:1639 id:1453 id:1476 region:NS:A1 region:NS:A2 region:NS:A3 class:im,,
UP,LBG4-##,"ICTF, grouped by destination in each block",leaving,NS Calumet,IG3CL,"Cincinnatti Gest, Cleveland Maple Heights",id:2048 id:1451,,
UP,LBG4-##,"ICTF, grouped by destination in each block",leaving,CSX Northeast,IG3SK,"Detroit Livernois, Columbus CSX, Cleveland CSX, Cincinnati CSX, misc CSX Northeast IM",id:1697 id:2097 id:2098 id:1447 id:1639 id:3706 id:1455 id:2048 id:2445 region:CSX:A class:im,,
UP,LBG4-##,"ICTF, grouped by destination in each block",leaving,Global 4,,Global 4 IM,id:2183 class:im,,
UP,LBG4-##,Global 3,created at,Houston IM,,"Houston Settegast, Houston Barbour's Cut",id:3480 id:1812 id:2528 id:3780,1760,
UP,G4SE-##,"Global 4, grouped by destination within each block",leaving,Seattle,,"Seattle Argo, Seattle Harbor Island ->YSE21R",id:1481 id:1538,,
UP,G4SE-##,"Global 4, grouped by destination within each block",leaving,Tacoma IM,,"Tacoma Washington United , Tacoma Container Terminal",id:2711 id:3289 id:2712,,
UP,G4SE-##,"Global 4, grouped by destination within each block",leaving,Wallula UP IM,MHKSK,,id:1495 class:im,,
UP,G4SE-##,"Global 4, grouped by destination within each block",leaving,North Platte,,"Portland Brooklyn ->ZG2BR, Oakland UP, Salt Lake ->INPOA, Denver ->MNPDV",id:1866 id:1566 id:1009 id:1325 id:2361 id:2362 id:3755 id:1718 id:1769 id:1770 id:1800 id:1976 id:1977 id:1978 id:1979 id:1980 id:1981 id:2407,,
UP,G4SE-##,"Global 4, grouped by destination within each block",leaving,Pocatello IM,,,id:1843 class:im,,
UP,G4SE-##,"Global 4, grouped by destination within each block",leaving,NS Ashland,IG3AH,"Bethlehem, Norfolk, Jersey City Croxton, Columbus NS, Harrisburg, misc NS northeast IM",id:1346 id:3558 id:3559 id:3561 id:1108 id:1447 id:1639 id:1453 id:1476 region:NS:A1 region:NS:A2 region:NS:A3 class:im,,
UP,G4SE-##,"Global 4, grouped by destination within each block",leaving,NS Calumet,IG3CL,"Cincinnatti Gest, Cleveland Maple Heights",id:2048 id:1451,,
UP,G4SE-##,"Global 4, grouped by destination within each block",leaving,CSX Northeast,IG3SK,"Detroit Livernois, Columbus CSX, Cleveland CSX, Cincinnati CSX, misc CSX Northeast IM",id:1697 id:2097 id:2098 id:1447 id:1639 id:3706 id:1455 id:2048 id:2445 region:CSX:A class:im,,
UP,TAG4%-##,"Tacoma, grouped by destination in each block",leaving,Global 4,,,id:2183,,
UP,TAG4%-##,"Tacoma, grouped by destination in each block",leaving,NS Landers,I34CL,"Georgetown KY, Louisville Buechel, Cincinnati Gest St, Cleveland Maple Heights, Austell, Misc NS southeast IM",id:1132 id:2048 id:1451 id:1244 region:NS:B1 region:NS:B2 region:NS:B3 class:im,,Louisville Buechel
UP,TAG4%-##,"Tacoma, grouped by destination in each block",leaving,NS Ashland,IG3AH,"Detroit Livernois NS, Mechanicville, Columbus Rickenbacker, Msc NS Northeast IM",id:2098 id:2057 id:2433 class:im,,Msc NS Northeast
UP,TAG4%-##,"Tacoma, grouped by destination in each block",leaving,Global 2,ILCG2,,id:1595,,
UP,TAG4%-##,"Tacoma, grouped by destination in each block",leaving,CSX IM,IG3SK,"Jersey City Kearney, W. Springfield, Chambersburg, Misc CSX Northeast IM",id:3294 id:3600 id:1002 id:1674 region:CSX:A class:im,,
UP,TAG4%-##,"Tacoma, grouped by destination in each block",leaving,North Platte IM,INPDU,"Huntsville, Marion, KC Neff, Dupo, Charlotte IMF, Council Bluffs, Twin Citties IT",id:1432 id:1180 id:1301 id:1578 id:1052 id:1107 id:1115 id:1767 id:1768 id:2583 id:2584 id:3064,,Twin Citties IT
UP,TAG4%-##,North Platte,created at,Houston IM,ZG4MQ,"Houston Englewood, Houston Barbour's Cut UP",id:1372 id:3784 id:1812,1683,
UP,G3SK-##,"Global 3, with IM grouped by destination",leaving,CSX IM,,"Worcester, Springfield MA, Northwest Ohio, Louisvilles Osborne, Kearny, Detroit Livernois CSX, Columbus Van, Cincinnatti Queensgate, Chambersburg PA, Misc CSX IM",id:1006 id:1870 id:2104 id:2047 id:3294 id:3600 id:2097 id:2049 id:1674 class:im,,Louisvilles Osborne; Cincinnatti Queensgate; Misc CSX
UP,COG4%-##,Bedford Park,leaving,Tuscon,,,id:1477,2172,
UP,COG4%-##,Bedford Park,leaving,Santa Teresa,,,id:1403,2172,
UP,COG4%-##,Bedford Park,leaving,Terminal Island,,"Long Beach Pier T UP, LA Pier 400 UP",id:3101 id:3100,2172,
UP,COG4%-##,Bedford Park,leaving,Mesquite,,,id:1845,2172,
UP,COG4%-##,Bedford Park,leaving,Houston,,,id:1372 id:1374 id:1378 id:1383 id:1460 id:1812 id:1878 id:1879 id:1880 id:1935 id:1936 id:1937,2172,
UP,COG4%-##,Bedford Park,leaving,City of Industry,,,id:1095,2172,
UP,HOSA-##,"Houston, with IM blocks grouped by destination",leaving,San Antonio IM,,"San Antonio SAIT, Port Laredo->ISALD, Dallas Intermodal Terminal->MLDDI, Tucson->ISALB",id:3118 id:1285 id:1938 id:1477,,
UP,HOSA-##,"Houston, with IM blocks grouped by destination",leaving,Mexico Eagle Pass intermodal/baretables,MEWEG,,class:im,,Mexico Eagle Pass intermodal/baretables
UP,HOSA-##,"Houston, with IM blocks grouped by destination",leaving,LATC IM,ZSALB,"LATC, Lathrop",id:1203 id:1857,,
UP,HOSA-##,"Houston, with IM blocks grouped by destination",leaving,Terminal Island IM,ZSALB,"Terminal Island ITCF, Long Beach Hanjin, APM, Pier 400, Global South",id:1146 id:3098 id:1149 id:3101 id:1152 id:1152 id:1163 id:3099,,
UP,HOSA-##,"Houston, with IM blocks grouped by destination",leaving,Long Beach IM,ZSALB,"Long Beach ITF, Long Beach Pacific Container Terminal, Long Beach Pier A",id:2515 id:3094 id:2514 id:3093 id:2517 id:3091,,
UP,HOSA-##,"Houston, with IM blocks grouped by destination",leaving,"LA Harbor, Dolores ICTF IM",ZSALB,,class:im,,"LA Harbor, Dolores ICTF"
UP,HOSA-##,"Houston, with IM blocks grouped by destination",leaving,KCSM,IYCMX,Overflow Mexico Laredo UP,ref:Mexico:Laredo_UP,,
UP,HOSA-##,"Houston, with IM blocks grouped by destination",leaving,San Antonio Manifest,,"San Antonio, Gardendale, Port Laredo, Gonzales, Halsted",id:2239 id:2242 id:3118 id:3119 id:3432 id:2481 id:1285 id:1160 id:2485,,
UP,MNSI-##,Marion,leaving,Mira Loma Autos,MSIML,,id:1406 class:auto,1180|1448|1705,
UP,MNSI-##,Marion,leaving,Phoenix Autos,MHNPX,,id:1345 id:1536 id:1537 id:1565 id:2707 class:auto,1180|1448|1705,
UP,MNSI-##,Marion,leaving,Terminal Island IM,ISILB,"LA TITCF, LA Pier 400, LA Global South, Long Beach Pier T",id:1146 id:3098 id:1152 id:3100 id:1163 id:3099 id:1149 id:3101,1180|1448|1705,
UP,MNSI-##,Marion,leaving,Long Beach IM,ISILB,"Long Beach ITS, Long Beach Container Terminal, Long Beach Pacific Container Terminal, Long Beach Pier A",id:2515 id:3094 id:2516 id:3092 id:2514 id:3093 id:2517 id:3091,1180|1448|1705,
UP,MNSI-##,Marion,leaving,LA Harbor IM,ISILB,"TRAPAC [TriPac], West Basin",id:3104 id:3102 id:3103,1180|1448|1705,
UP,MNSI-##,Marion,leaving,Dolores ICTF,ISILB,,id:1001,1180|1448|1705,
UP,MNSI-##,Marion,leaving,Santa Teresa,,"Santa Teresa, Santa Teresa baretables",id:1403,1180|1448|1705,Santa Teresa baretables
UP,MNSI-##,Marion,leaving,LATC Baretables,ZSALB,empty spines billed to LATC,,1180|1448|1705,empty spines billed to LATC
UP,LBMN%-##,"ICTF, grouped by destination in each block",leaving,Marion IM,,Marion,id:1180 id:1448 id:1705,,
UP,LBMN%-##,"ICTF, grouped by destination in each block",leaving,NS Southeast IM,IMNME,"Hunstville, Charleston NS, Charlotte IMF, Miami FEC, Austell, Misc NS Southeast",id:1432 id:1838 id:1052 id:1077 id:1244 region:NS:B1 region:NS:B2 region:NS:B3,,
UP,LBMN%-##,"ICTF, grouped by destination in each block",leaving,CSX Southeast IM,IMEME,"Winter Haven, Charlotte Pinoca, Jacksonville Duval, Fairburn, North Charleston Bennett, Misc CSX Southeast",id:1519 id:1907 id:1679 id:1261 id:1208 region:CSX:B,,
UP,LBMN%-##,"ICTF, grouped by destination in each block",leaving,Dupo IM,ZMNNP,Dupo,id:1578,,
UP,LTLB-##,"Lathrop, with cars grouped by destination",leaving,Los Angeles,,"LATC->ILALA, East LA",id:1203 id:1588,,
UP,LTLB-##,"Lathrop, with cars grouped by destination",leaving,Mesquite IM,,Max 2kft for Mesquite) -> ZLAMQ,,,Max 2kft for Mesquite)
UP,LTLB-##,"Lathrop, with cars grouped by destination",leaving,NS Southeast IM,ZLAAI/ZLAMN,"Max 3kft for Austell, Miami FEC, Jacksonville, Charlotte, misc NS southeast",id:1077 id:1057 id:1118 id:1122 id:1431 id:1656 id:1679 id:2034 id:2035 id:2071 id:2072 id:2073 id:2715 id:3181 region:NS:B1 region:NS:B2 region:NS:B3,,Max 3kft for Austell
UP,LTLB-##,"Lathrop, with cars grouped by destination",leaving,Marion,ZLAMN,Max 2kft for Marion,,,Max 2kft for Marion
UP,LTLB-##,"Lathrop, with cars grouped by destination",leaving,Santa Teresa,ILBHO,"Santa Teresa, Mexico El Paso",id:1403 id:2486 id:2487,,
UP,LTLB-##,"Lathrop, with cars grouped by destination",leaving,Houston,,"San Antonio, Port Laredo, Houston Settegast, Houston Barbour's Cut",id:2239 id:2242 id:3118 id:3119 id:3432 id:1285 id:3480 id:1812 id:2528 id:3780,,
UP,LTLB-##,"Lathrop, with cars grouped by destination",leaving,Mesquite Autos,ILBDI,,id:1845 class:auto,,
UP,LTLB-##,"Lathrop, with cars grouped by destination",leaving,CSX Southeast IM,ILBMN,"Winter Haven, Charlotte Pinoca, Jacksonville Duval, Fairburn, North Charleston Bennett, Misc CSX Southeast",id:1519 id:1907 id:1679 id:1261 id:1208 region:CSX:B,,
UP,LTLB-##,"Lathrop, with cars grouped by destination",leaving,Terminal Island,,"Terminal Island ITCF, Long Beach Hanjin, APM Pier 400, Global South",id:1146 id:3098 id:1149 id:3101 id:1152 id:1163 id:3099,,
UP,LTLB-##,"Lathrop, with cars grouped by destination",leaving,Long Beach,,"Long Beach ITF, Long Beach Container Terminal, Long Beach Pacific Container Terminal, Long Beach Pier A",id:2515 id:3094 id:2516 id:3092 id:2514 id:3093 id:2517 id:3091,,
UP,LTLB-##,"Lathrop, with cars grouped by destination",leaving,LA Harbor,,"Los Angeles West Basin UP, Los Angeles TriPac",id:3103 id:3104,,
UP,LTLB-##,"Lathrop, with cars grouped by destination",leaving,Dolores ICTF,,,id:1001,,
UP,OANP-##,"Oakland, grouped by destination in each block",leaving,Lathrop,,Lathrop IM,id:1857 class:im,,
UP,OANP-##,"Oakland, grouped by destination in each block",leaving,"Houston (Houston Settegast IM, Houston Barbour's Cut UP IM) ->ILTLB from Oakland,",ITAG4 from SCIT,,class:im,,"Houston (Houston Settegast IM, Houston Barbour's Cut UP IM) ->ILTLB from Oakland,"
UP,OANP-##,"Oakland, grouped by destination in each block",leaving,Sparks,,"Empty 53' wells for Sparks, max 20",,,Empty 53' wells for Sparks; max 20
UP,OANP-##,"Oakland, grouped by destination in each block",leaving,SCIT,,"Salt Lake IM, Denver IM",id:1009 id:1325 id:2361 id:2362 id:3755 class:im id:1718 id:1769 id:1770 id:1800 id:1976 id:1977 id:1978 id:1979 id:1980 id:1981 id:2407 class:im,,
UP,OANP-##,"Oakland, grouped by destination in each block",leaving,Global 2 IM,ZSCG2,,id:1595 class:im,,
UP,OANP-##,"Oakland, grouped by destination in each block",leaving,Twin Cities TICT,MNPAL,,,,Twin Cities TICT
UP,OANP-##,"Oakland, grouped by destination in each block",leaving,Global 4 IM,ITAG4/MNPCH,,id:2183 class:im,,
UP,OANP-##,Centennial Park,created at,North Platte IM,,"KC 18th St IM, St. Louis Dupo IM, Port Laredo IM, Marion IM, Council Bluffs IM, Shell Rock IM",id:1229 id:2046 class:im class:im id:1285 class:im id:1180 id:1448 id:1705 class:im id:1107 id:1115 id:1767 id:1768 id:2583 id:2584 id:3064 class:im id:2077 class:im,1325,St. Louis Dupo
UP,MEME-##,Marion,leaving,CSX Southeast IM,,"Jaxonville, Winter Haven, Charlotte, Charleston, Nashville, Fairburn, misc southeast CSX IM",id:1519 id:1052 id:1112 id:1274 id:1907 id:1910 id:1838 id:1865 id:1261 class:im,1180|1448|1705,Jaxonville; misc southeast CSX
UP,MEME-##,Memphis,leaving,UP IM,,,rr:UP class:im,1165|1172|1435|1445|1446|1449,
UP,MEME-##,Memphis,leaving,UP Autos,,,rr:UP class:auto,1165|1172|1435|1445|1446|1449,
UP,TUG4%-##,Tuscon,leaving,ALS,,"St Louis area, MER, ALS, DREI, Tuscola UP/Shelbyville IL/Villa Grove/Royal IL, KBSR, TZPR, TPW, IMRR",id:1120 id:1212 id:1004 rr:MER rr:ALS rr:DREI id:2810 id:2812 id:2811 id:2813 rr:KBSR rr:TZPR rr:TPW rr:IMRR,,
UP,TUG4%-##,Tuscon,leaving,Council Bluffs,MHNCB,"IA, MN, ND, SD, OLB, Fremont UP/BNSF, NCRC, Omaha, UP WI, CPKC Regions 2/3, CN Thunder Bay/MB, RCPE",st:IA st:MN st:ND st:SD rr:OLB id:3021 id:3572 rr:NCRC id:2203 rr:UP:WI region:CPKC:2 region:CPKC:3 rr:RCPE,,CN Thunder Bay/MB
UP,TUG4%-##,Tuscon,leaving,Global 4 IM,,"Global 4 IM, NS Northeast IM, CSX Northeast IM",id:2183 class:im region:NS:A1 region:NS:A2 region:NS:A3 class:im region:CSX:A class:im,,
UP,TUG4%-##,Tuscon,leaving,KCIT IM,,Kansas City 18th Street,id:1229 id:2046,,
UP,TUG4%-##,Tuscon,leaving,Santa Teresa IM,,"Santa Teresa IM, Austell IM->ILBMN, Barbour's Cut IM->ZLBHO",id:1403 class:im id:1244 class:im id:1812 id:2528 id:3780 class:im,,
UP,TUG4%-##,Herington,created at,KS ALS,,All CSX plus ALS block above,,3170,All CSX plus ALS block above
UP,SIEP-##,Santa Teresa,leaving,Mexico El Paso IM,MEPST,,id:2486 id:2487 class:im,1403,
UP,SIEP-##,Santa Teresa,leaving,Alfalfa,,All received manifest from passing trains,,1403,All received manifest from passing trains
UP,SIEP-##,Santa Teresa,leaving,"Outbound Manifest from worked local industries,",,,,1403,"Outbound Manifest from worked local industries,"
UP,SIEP-##,Dallas St,added at,West Colton,,MEPLA West Colton block,ref:MEPLA:West_Colton,1779,
UP,SIEP-##,Dallas St,added at,Tucson,,MEPLA Tucson block,ref:MEPLA:Tucson,1779,
UP,SIEP-##,Dallas St,added at,Global 4 IM,,,id:2183 class:im,1779,
UP,SIEP-##,Dallas St,added at,Dallas Alfalfa,,All outbound manifest from Mexico El Paso UP/El Paso UP not covered by other blocks,,1779,
UP,TMBR-##,"TACSIM, grouped by destination within each block",leaving,Mesquite,ZBRLC,53' domestic containers only,class:im,,
UP,TMBR-##,"TACSIM, grouped by destination within each block",leaving,LATC,ZBRLC,"53' wells, domestic/international containers",class:im,,domestic/international containers
UP,TMBR-##,"TACSIM, grouped by destination within each block",leaving,Bremerton,YPD81,PSAP IM,rr:PSAP class:im,,
UP,TMBR-##,"TACSIM, grouped by destination within each block",leaving,Global 4,ZBRG2,,id:2183,,
UP,TMBR-##,"TACSIM, grouped by destination within each block",leaving,Global 2,ZBRG2,,id:1595,,
UP,TMBR-##,"TACSIM, grouped by destination within each block",leaving,"CSX Northeast (Northwest Ohio ICTF, South Kearney, W. Springfield, Chambersburg, Misc CSX Northeast",ZBRG2,,,,"CSX Northeast (Northwest Ohio ICTF, South Kearney, W. Springfield, Chambersburg, Misc CSX Northeast"
UP,TMBR-##,"TACSIM, grouped by destination within each block",leaving,"NS Ashland (Harrisburg, Jersey City Croxton, Cleveland Heights, Mechanicville, Misc NS Northeast",ZBRG2,,,,"NS Ashland (Harrisburg, Jersey City Croxton, Cleveland Heights, Mechanicville, Misc NS Northeast"
UP,TMBR-##,"TACSIM, grouped by destination within each block",leaving,NS Calumet,ZBRG2,"Cleveland Maple Heights, Cincinnatti Gest",id:1451 id:2048,,
UP,TMBR-##,"TACSIM, grouped by destination within each block",leaving,North Platte IM,ZBRG2,"KC Neff, Dupo, Marion",id:1301 id:1578 id:1180,,
UP,TMBR-##,"TACSIM, grouped by destination within each block",leaving,"Port Laredo, Austell, Huntsville, Charleston IMF, Misc NS Southeast, Fairburn, Misc CSX Southeast",ZBRG2,,,,"Port Laredo, Austell, Huntsville, Charleston IMF, Misc NS Southeast, Fairburn, Misc CSX Southeast"
UP,TMBR-##,"TACSIM, grouped by destination within each block",leaving,Council Bluffs,ZBRG2,,id:1107 id:1115 id:1767 id:1768 id:2583 id:2584 id:3064,,
UP,TMBR-##,"TACSIM, grouped by destination within each block",leaving,Brooklyn Baretables,,empty 53' wells for Portland Brooklyn,,,empty 53' wells for Portland Brooklyn
UP,CBOA-##,"Council Bluffs, with IM grouped by destination in each block",leaving,Oakland IM,,IM for Oakland UP,id:1566 class:im,,
UP,CBOA-##,"Council Bluffs, with IM grouped by destination in each block",leaving,Seattle IM,MSSNP,"Pocatello, Portland Terminal 6 UP, Tacoma Washington United , Tacoma Container Terminal, Seattle Argo, Seattle Harbor Island",id:1843 id:2140 id:2711 id:3289 id:2712 id:1481 id:1538,,
UP,CBOA-##,"Council Bluffs, with IM grouped by destination in each block",leaving,LA Harbors IM,MSSNP,"IM for Dolores/ICTF, Long Beach, Terminal Island, LA Harbor",id:1001 class:im id:1014 id:1149 id:2514 id:2515 id:2516 id:2517 id:3090 id:3091 id:3092 id:3093 id:3094 id:3095 id:1389 id:3097 id:1103 id:1090,,
UP,CBOA-##,"Council Bluffs, with IM grouped by destination in each block",leaving,North Platte manifest,,"North Platte, Sidney UP, OR, ID, WA, MT, CO, WY, UT, CA, NV",id:1683 id:1199 st:OR st:ID st:WA st:MT st:CO st:WY not:RCPE st:UT st:CA st:NV,,
UP,MQMQ-##,Mesquite,leaving,Dallas,,"Outbound mesquite manifest, home shop wells",,1845,Outbound mesquite; home shop wells
UP,MQMQ-##,Mesquite,leaving,Standard Priority 53' domestics for LATC/East LA,IDISI,,,1845,Standard Priority 53' domestics for LATC/East LA
UP,MQMQ-##,Mesquite,leaving,Mexico Laredo IM,MMNMX,53' domestics,,1845,
UP,MQMQ-##,Mesquite,leaving,Mexico Eagle Pass IM,MMNMX,53' domestics,,1845,
UP,MQMQ-##,Mesquite,leaving,FXE Baretables,MMNMX,Empty 53' and 40' wells billed to Mexico Eagle Pass,,1845,Empty 53' and 40' wells billed to Mexico Eagle Pass
UP,MQMQ-##,Mesquite,leaving,Santa Teresa Baretables,IDISI,All unloaded 40' wells for distribution from Santa Teresa; Mesquite only loads 53' wells and spines,,1845,All unloaded 40' wells for distribution from Santa Teresa; Mesquite only loads 53' wells and spines
UP,SEG4-##,"Argo Yard, grouped by destination in each block",leaving,Global 4,,,id:2183,,
UP,SEG4-##,"Argo Yard, grouped by destination in each block",leaving,NS Calumet,IG3CL,"Georgetown KY, Louisville Buechel, Cincinnati Gest St, Cleveland Maple Heights, Austell, Misc NS southeast IM",id:1132 id:2048 id:1451 id:1244 region:NS:B1 region:NS:B2 region:NS:B3 class:im,,Louisville Buechel
UP,SEG4-##,"Argo Yard, grouped by destination in each block",leaving,NS Ashland,IG3AH,"Detroit Livernois NS, Mechanicville, Columbus Rickenbacker, Msc NS Northeast IM",id:2098 id:2057 id:2433 class:im,,Msc NS Northeast
UP,SEG4-##,"Argo Yard, grouped by destination in each block",leaving,Global 2,ZLCG2,,id:1595,,
UP,SEG4-##,"Argo Yard, grouped by destination in each block",leaving,CSX IM,IG3SK,"Jersey City Kearney, W. Springfield, Chambersburg, Louisville CSX IM, Misc CSX Northeast IM",id:3294 id:3600 id:1002 id:1674 id:2900 class:im region:CSX:A class:im,,
UP,SEG4-##,"Argo Yard, grouped by destination in each block",leaving,North Platte IM,,"Huntsville, Marion, KC Neff, Dupo, Charlotte IMF, Council Bluffs, Twin Cities IT",id:1432 id:1180 id:1301 id:1578 id:1052 id:1107 id:1115 id:1767 id:1768 id:2583 id:2584 id:3064,,Twin Cities IT
UP,SEG4-##,North Platte,created at,Houston IM,ZG4MQ,"Houston Settegast, Houston Barbour's Cut UP",id:3480 id:1812,1683,
UP,COG4-##,Bedford Park,leaving,Tuscon,,,id:1477,2172,
UP,COG4-##,Bedford Park,leaving,Santa Teresa,,,id:1403,2172,
UP,COG4-##,Bedford Park,leaving,Terminal Island,,"Long Beach Pier T UP, LA Pier 400 UP, etc.",id:3101 id:3100,2172,etc
UP,COG4-##,Bedford Park,leaving,Mesquite,,,id:1845,2172,
UP,COG4-##,Bedford Park,leaving,ICTF,,,id:1001,2172,
UP,COG4-##,Bedford Park,leaving,Houston,,,id:1372 id:1374 id:1378 id:1383 id:1460 id:1812 id:1878 id:1879 id:1880 id:1935 id:1936 id:1937,2172,
UP,COG4-##,Bedford Park,leaving,Global 4,,,id:2183,2172,
UP,COG4-##,Bedford Park,leaving,Mexico Nogales,,,id:2489,2172,
UP,COG4-##,Bedford Park,leaving,City of Industry,,,id:1095,2172,
UP,SILB-##,"Santa Teresa, grouped by destination within each block",leaving,Terminal Island,,"LA TITCF, LA Pier 400, LA Global South, Long Beach Pier T",id:1146 id:3098 id:1152 id:3100 id:1163 id:3099 id:1149 id:3101,,
UP,SILB-##,"Santa Teresa, grouped by destination within each block",leaving,Long Beach,,"Long Beach ITS, Long Beach Container Terminal, Long Beach PCT, Long Beach Terminal A",id:2515 id:3094 id:2516 id:3092 id:2514 id:3093 id:2517 id:3091,,
UP,SILB-##,"Santa Teresa, grouped by destination within each block",leaving,LA Harbor,,"TRAPAC [TriPac], West Basin",id:3104 id:3102 id:3103,,
UP,SILB-##,"Santa Teresa, grouped by destination within each block",leaving,Dolores ICTF,,,id:1001,,
UP,KCLB-##,Kansas City,leaving,Mira Loma Autos,MSIML,,id:1406 class:auto,1059|1169|1200|1214|1218|1227,
UP,KCLB-##,Kansas City,leaving,City of Industry IM,,53' wells,,1059|1169|1200|1214|1218|1227,
UP,KCLB-##,Kansas City,leaving,Terminal Island IM,,"40/53' wells with international containers for LA TICTF, LA Pier 400, LA Global South, Long Beach Pier T",class:im id:1152 id:3100 id:1163 id:3099 id:1149 id:3101,1059|1169|1200|1214|1218|1227,40/53' wells with international containers for LA TICTF
UP,KCLB-##,Kansas City,leaving,Long Beach IM,,"40/53' wells with international containers for Long Beach ITS, Long Beach PCT, Long Beach Terminal A",class:im id:2514 id:3093 id:2517 id:3091,1059|1169|1200|1214|1218|1227,40/53' wells with international containers for Long Beach ITS
UP,KCLB-##,Kansas City,leaving,LA Harbor IM,,"40/53' wells with international containers for TRAPAC [TriPac], West Basin",class:im id:3102 id:3103,1059|1169|1200|1214|1218|1227,40/53' wells with international containers for TRAPAC [TriPac]
UP,KCLB-##,Kansas City,leaving,ICTF,,"40/53' wells with international containers, 53' with domestic containers for Los Angeles Dolores Yard/ICTF",class:im class:im,1059|1169|1200|1214|1218|1227,40/53' wells with international containers
UP,KCLB-##,Kansas City,leaving,ICTF Baretables,,empty wells for ICTF,,1059|1169|1200|1214|1218|1227,empty wells for ICTF
UP,NPOA-##,"North Platte, grouped by destination in each block",leaving,Rodeo empty tank cars,YOA88,,,,Rodeo empty tank cars
UP,NPOA-##,"North Platte, grouped by destination in each block",leaving,Oakland Reefers,,Loaded/Empty Refridgerated cars for Oakland UP,,,Loaded/Empty Refridgerated cars for Oakland UP
UP,NPOA-##,"North Platte, grouped by destination in each block",leaving,Salt Lake City IM,,,id:1009 id:1325 id:2361 id:2362 id:3755 class:im,,
UP,NPOA-##,"North Platte, grouped by destination in each block",leaving,Denver IM,ZLBDV,,id:1718 id:1769 id:1770 id:1800 id:1976 id:1977 id:1978 id:1979 id:1980 id:1981 id:2407 class:im,,
UP,NPOA-##,"North Platte, grouped by destination in each block",leaving,CA IM,,"LATC, LA TITCF, LA Pier 400, LA Global South, Long Beach Pier T, Long Beach ITS, Long Beach Container Terminal, Long Beach PCT, 5. Long Beach Terminal A, Los Angeles TRAPAC [TriPac], Los Angeles West Basin. Includes all connecting IM from ICBOA, MCBNP, and MVPSS",id:1203 id:1146 id:3098 id:1152 id:3100 id:1163 id:3099 id:1149 id:3101 id:2515 id:3094 id:2516 id:3092 id:2514 id:3093 class:im,,5. Long Beach Terminal A; Los Angeles TRAPAC [TriPac]; Los Angeles West Basin. Includes all connecting IM from ICBOA; MCBNP; and MVPSS
UP,NPOA-##,"North Platte, grouped by destination in each block",leaving,Oakland IM,,"Oakland, Lathrop ->IOANP, Sparks IM ->IOANP",id:1566 id:2237 id:1857 id:1141 id:2338 class:im,,
UP,NPOA-##,"North Platte, grouped by destination in each block",leaving,Lathrop IM,,,id:1857 class:im,,
UP,NPOA-##,"North Platte, grouped by destination in each block",leaving,Lathrop Baretables,,Empty 53' wells and spines billed to Lathrop,,,Empty 53' wells and spines billed to Lathrop
UP,NPOA-##,Sparks,created at,Roseville,,Overflow MSPRV Roseville and I-5 Corridor as a single block,ref:MSPRV:Roseville_and_I-5_Corridor_as_a_single,1141|2338,
UP,NPOA-##,Lathrop,created at,Oakland Baretables,,All 40' wells unloaded at Lathrop; Lathrop only loads 53' wells and spines,,1857,All 40' wells unloaded at Lathrop; Lathrop only loads 53' wells and spines
UP,TUG4-##,Tuscon,leaving,ALS,,"St Louis area, MER, ALS, DREI, Tuscola UP/Shelbyville IL/Villa Grove/Royal IL, KBSR, TZPR, TPW, IMRR",id:1120 id:1212 id:1004 rr:MER rr:ALS rr:DREI id:2810 id:2812 id:2811 id:2813 rr:KBSR rr:TZPR rr:TPW rr:IMRR,,
UP,TUG4-##,Tuscon,leaving,Council Bluffs,MHNCB,"IA, MN, ND, SD, OLB, Fremont UP/BNSF, NCRC, Omaha, UP WI, CPKC Regions 2/3, CN Thunder Bay/MB, RCPE",st:IA st:MN st:ND st:SD rr:OLB id:3021 id:3572 rr:NCRC id:2203 rr:UP:WI region:CPKC:2 region:CPKC:3 rr:RCPE,,CN Thunder Bay/MB
UP,TUG4-##,Tuscon,leaving,Global 4 IM,,"Global 4 IM, NS Northeast IM, CSX Northeast IM",id:2183 class:im region:NS:A1 region:NS:A2 region:NS:A3 class:im region:CSX:A class:im,,
UP,TUG4-##,Tuscon,leaving,KCIT IM,,Kansas City 18th Street,id:1229 id:2046,,
UP,TUG4-##,Tuscon,leaving,Santa Teresa IM,,"Santa Teresa IM, Marion IM -> ILBMN, Austell IM->ILBMN, Charlotte Pinoca ->ILBMN Houston Barbour's Cut IM->ZLBHO, Houston Settegast -> ZLBHO, Tacoma TACSIM->ZSALB, Portland Brooklyn IM -> ZSALB",id:1403 class:im id:1180 id:1448 id:1705 class:im id:1244 class:im class:im id:3480 id:2714 id:1866 class:im,,Charlotte Pinoca ->ILBMN Houston Barbour's Cut
UP,TUG4-##,Herington,created at,KS ALS,,All CSX plus ALS block above,,3170,All CSX plus ALS block above
UP,LBMN-##,"ICTF, grouped by destination in each block",leaving,Marion IM,,Marion,id:1180 id:1448 id:1705,,
UP,LBMN-##,"ICTF, grouped by destination in each block",leaving,NS Southeast IM,IMNME,"Hunstville, Charleston NS, Charlotte IMF, Miami FEC, Austell, Misc NS Southeast",id:1432 id:1838 id:1052 id:1077 id:1244 region:NS:B1 region:NS:B2 region:NS:B3,,
UP,LBMN-##,"ICTF, grouped by destination in each block",leaving,CSX Southeast IM,IMEME,"Winter Haven, Charlotte Pinoca, Jacksonville Duval, Fairburn, North Charleston Bennett, Misc CSX Southeast",id:1519 id:1907 id:1679 id:1261 id:1208 region:CSX:B,,
UP,LBMN-##,"ICTF, grouped by destination in each block",leaving,Dupo IM,ZMNNP,Dupo,id:1578,,
UP,SJ58-##,Neff,leaving,Jefferson City,,"Jefferson City, Lees Summit, Algoa",id:1323 id:3354 id:3355,,
UP,UM49-##,Arden,leaving,Valley,,Las Vegas Valley,id:1492,3955,
UP,UM49-##,Arden,leaving,Apex,,Apex,id:1136 id:2705 id:3062,3955,
UP,IS44R-##,Fife,leaving,Tacoma,,"Tacoma Yard 5, Tacoma BNSF",id:2626 id:1503 id:2710 id:2711 id:2712 id:3288,,
UP,KK10-##,Phoenix UP Yard,leaving,Phoenix Union Station UP,,,id:1536,1537,
UP,KK10-##,Phoenix UP Yard,leaving,BNSF,,"BNSF AZ, Glendale UP",rr:BNSF:AZ id:3437,1537,
UP,OF67-##,Oxnard,leaving,Guadalupe,,"Guadalupe, SMV, White Hills",id:1035 rr:SMV id:1784,,
UP,OF67-##,Oxnard,leaving,Callendar Siding,,Callendar Siding,,,Callendar Siding
UP,OQ35%-##,West Colton,leaving,East LA,,"East Los Angeles, Vernon UP, LAJ, Los Angeles J Yard, LATC, overflow MWCML City of Industry",id:1588 id:1439 rr:LAJ id:1190 id:1203 ref:MWCML:City_of_Industry,1255,
UP,OQ35%-##,West Colton,leaving,Gemco,,"Oxnard/Pt Hueme, White Hils, SMV, Guadalupe",id:1303 rr:SMV id:1035,1255,White Hils
UP,OF49%-##,Oxnard,leaving,Shreveport Autos,ISILB2/3/4,Autoracks for Shreveport,id:1153 id:1282 id:1401 id:2398 class:auto,,
UP,OF49%-##,Oxnard,leaving,LATC,,"hyper-local traffic for LATC/J Yard, LA/Long Beach autos, Vernon UP/LAJ, East LA, Mesquite Autos ->YJY68",id:1146 id:1152 id:1163 id:1215 id:1217 id:1219 id:2636 id:3053 id:3098 id:3099 id:3100 id:3452 id:1014 id:1149 id:2514 id:2515 id:2516 id:2517 id:3090 id:3091 id:3092 id:3093 id:3094 id:3095 class:auto id:1439 id:1399 id:1588 id:1845 class:auto,,hyper-local traffic for LATC/J Yard
UP,OG44-##,Long Beach,leaving,ICTF,,"ICTF from manifest, Rolla racks ->ZLBDV, Reisor/Mesquite racks -> ILBDI",,1014|1149|2514|2515|2516|2517,ICTF from; Rolla racks; Reisor/Mesquite racks
UP,OG44-##,Long Beach,leaving,East LA,,"High priority IM for CSX/NS Southeast/FEC Miami/Marion, Midlothian Autos, Mesquite IM, City of Industry baretables",class:im id:2031 id:2032 id:2364 class:auto id:1845 class:im,1014|1149|2514|2515|2516|2517,High priority IM for CSX/NS Southeast/FEC Miami/Marion; City of Industry baretables
UP,OG44-##,ICTF,added at,Los Angeles,,East LA block from IDILB,,,East LA block from IDILB
UP,HN40-##,Spring,leaving,Englewood,,All outbound traffic not covered by auto trains,class:auto,2531,
UP,RF80-##,Fresno,leaving,Tulare,,LRF84 Tulare,,1021|1201|2321,LRF84 Tulare
UP,RF80-##,Fresno,leaving,SJVR,,"Visalia, Lemoore",id:2460 id:2459,1021|1201|2321,
UP,RF80-##,Fresno,leaving,Western Milling,,"Goshen, grouped by siding",id:1651,1021|1201|2321,
UP,RF84-##,Goshen,leaving,Fresno,,all outbound traffic,,1651,
UP,RJ49-##,Ozol yard,leaving,Pittsburg,,Pittsburg UP traffic,,,Pittsburg UP traffic
UP,RJ49-##,Ozol yard,leaving,BNSF,,"Pittsburg BNSF, North Bay",id:1420 id:1419,,
UP,RF80-##,Goshen,leaving,Fresno,,all outbound UP traffic,,1651,
UP,UM49-##,Apex,leaving,Arden,,all outbound traffic,,1136|2705|3062,
UP,KK10-##,Phoenix Union Station UP,leaving,Phoenix,,All outbound traffic form Union Station UP,,1536,
UP,KK10-##,Phoenix Union Station UP,leaving,"UP (UP AZ, All outbound traffic from Glendale UP) - ALL OTHERS STAY ON BNSF",,,,1536,"UP (UP AZ, All outbound traffic from Glendale UP) - ALL OTHERS STAY ON BNSF"
UP,OF66-##,Guadalupe,leaving,Gemco,,All outbound traffic,,1035,
UP,RJ49-##,Pittsburg UP,leaving,Roseville,,All outbound traffic from Pittsburg UP,,2176,
UP,RA61-##,Sparks,leaving,UP,,Sparks UP,id:1141,1141|2338,
UP,RA61-##,Sparks,leaving,BNSF,,all cars for Sparks BNSF reciprocal switched by UP,,1141|2338,all cars for Sparks BNSF reciprocal switched by UP
UP,RA61-##,Sparks UP,leaving,UP,,All outbound traffic from Sparks UP,,1141,
UP,RA61-##,Sparks UP,leaving,BNSF,,All outbound traffic from Sparks BNSF,,1141,
UP,BC42-##,Ennis,leaving,Midlothian Railport UP,,,id:2364,2037,
UP,BC42-##,Ennis,leaving,TCB,,Midlothian,id:2031 id:2032 id:2364,2037,
UP,SG54-##,Salem,leaving,Mt Vernon,,Mt. Vernon UP,id:3002,1892,
UP,SG54-##,Salem,leaving,EVWR,,All EVWR traffic,,1892,All EVWR traffic
UP,SG54-##,Salem,leaving,NS,,Mt. Vernon NS,id:3003,1892,
UP,SG54-##,Salem,leaving,COER,,All COER traffic,,1892,All COER traffic
UP,VA74-##,Muskogee,leaving,Tulsa,,"Tulsa UP, SKOL, TSU, SS",id:2184 id:3038 id:3039 rr:SKOL rr:TSU rr:SS,1231|2110,
UP,VA74-##,Muskogee,leaving,BNSF,,BNSF OK,rr:BNSF:OK,1231|2110,
UP,VT41-##,Pryor,leaving,Muskogee,,"Coffeyville, SKOL, Tulsa, West/Central/South TX, NM, AZ, CA, Northern MN, Northern WI",id:2831 id:2832 rr:SKOL id:2184 id:3038 id:3039 id:1002 id:1005 id:1022 id:2442 id:1030 id:1170 id:1255 id:1355 id:1387 id:1580 id:1604 id:1626 id:1445 id:1613 id:2902 id:1466 id:2241 id:2490 id:3123 id:3431 st:NM st:AZ st:CA,1230,Northern MN; Northern WI
UP,VT41-##,Pryor,leaving,Coffeyville,,"Coffeyville, IA, SD, Kansas City, UP KS",id:2831 id:2832 st:IA st:SD id:1169 id:1200 id:1229 id:1620 id:1889 rr:UP:KS,1230,
UP,VT41-##,Pryor,leaving,Overflow NLR,,all other destinations,catchall,1230,
UP,WJ72-##,Warm Springs,leaving,Watsonville Jct,,"Watsonville Jct, Salinas, Hollister, SPP, Redwood City",id:1790 id:2601 id:2600 rr:SPP id:2535,1789,
UP,IC51-##,Kalama,leaving,Centralia BNSF,,"Centralia, Chehalis",id:2618 id:3335 id:3337,1853|2617,
UP,RS57-##,Roseville,leaving,Stockton,,"Stockton, STE, CCT, Mariposa, Rivebank, Modesto UP, Lathrop, SERA",id:1353 id:1354 id:2377 id:2934 rr:STE rr:CCT id:1313 id:3462 id:1857 rr:SERA,3503,Rivebank
UP,RS57-##,Roseville,leaving,Tracy,,"Tracy, Lathrop",id:1783 id:1857,3503,
UP,RS57-##,Roseville,leaving,Metra,,MET,rr:MET,3503,
UP,RS57-##,Roseville,leaving,"BNSF (Stockton Mormon, Mariposa, Riverbank, Modesto BNSF, BNSF outbounds from West Sacramento SERA) - ALL OTHERS STAY ON UP",,,,3503,"BNSF (Stockton Mormon, Mariposa, Riverbank, Modesto BNSF, BNSF outbounds from West Sacramento SERA) - ALL OTHERS STAY ON UP"
UP,RJ90-##,Suisun-Fairfield,leaving,Roseville,,All outbound traffic,,1713,
UP,RJ90-##,Roseville,leaving,CF North,,"Davis, Woodland, Corning",id:1833 id:1832 id:2681,3503,
UP,RJ90-##,Roseville,leaving,CFN,,"Suisun Fairfield, Lombard",,3503,Suisun Fairfield; Lombard
UP,RJ92-##,Roseville,leaving,CFNR Davis,,"Davis, Woodland, Corning",id:1833 id:1832 id:2681,3503,
UP,RJ92-##,Roseville,leaving,CFNR Suisun,,"Suisun-Fairfield, Lombard",id:1713,3503,Lombard
UP,RJ92-##,Roseville,leaving,Benicia,,Benicia Autos/manifest,class:auto,3503,Benicia Autos/manifest
UP,RS99-##,Modesto,leaving,Roseville,,All outbound UP traffic,,2154|3461|3462,
UP,RS99-##,Modesto,leaving,BNSF,BNSF T-STOUP,All outbound traffic from Rogers BNSF,,2154|3461|3462,
UP,RF94-##,Fresno Calwa UP,leaving,Calwa,,Fresno Calwa UP,id:2321,2321,
UP,RF94-##,Fresno Calwa UP,leaving,BNSF,,"Fresno Calwa BNSF, All outbound BNSF traffic from Helm/Visalia/Lemoore",id:1201,2321,
UP,RF94-##,Fresno Calwa UP,leaving,Fresno,,"all outbound traffic from Fresno Calwa UP, interchange traffic from BNSF for Fresno UP/Goshen/Tulare",,2321,interchange traffic from BNSF for Fresno UP/Goshen/Tulare
UP,RF94-##,Fresno Calwa UP,leaving,BNSF SJVR,,"BNSF traffic for Helm ->SJVR Burrell Job, Visalia/Lemoore->SJVR Goshen Job",,2321,BNSF traffic for Helm ->SJVR Burrell Job; Visalia/Lemoore->SJVR Goshen Job
UP,VP07-##,Savage,leaving,UP,,All outbound traffic from UP MIM for classifying at Shakopee,,2357|3272|3273,
UP,VP07-##,Savage,leaving,TCWR,,All outbound traffic from TCWR MIM to join MVPSS TCWR Outbounds block,,2357|3272|3273,
UP,VP07-##,Shakopee,leaving,Savage UP/CPKC,,,id:2357 id:3272 id:3273,2356|3270,
UP,VP07-##,Shakopee,leaving,Savage TCWR,,,id:3273,2356|3270,
UP,HN40-##,Englewood,leaving,Spring,,"Spring, Westfield, Conroe",id:2531 id:1375 id:1601,1372|3784,
UP,VA49-##,Tulsa,leaving,Muskogee,,all outbound traffic for UP,,2184|3038|3039,
UP,VA51-##,Coffeville,leaving,Mukogee,,"Muskogee, Pyror, Tulsa, connections to NLR sorted at Muskogee",id:1231 id:2110 id:2184 id:3038 id:3039,,Pyror; connections to NLR sorted at Muskogee
UP,VA51-##,Muskogee UP,leaving,North Little Rock,,"AR, LA, Poplar Bluff MO, Dexter MO, Annapolis MO, Tenaha TX, Waskom TX, Texarkana UP/CPKC, CPKC OK/MS, CN MS/TN, BNSF TN/MS/AL, CSX Regions B/C/D, NS Regions B1/B2/B3/D1/D2",st:AR st:LA id:1728 id:2997 id:2238 id:2393 id:2394 id:2399 id:1251 id:1729 rr:CPKC:OK/MS rr:CN:MS/TN rr:BNSF:TN/MS/AL region:CSX:B region:CSX:C region:CSX:D region:NS:B1 region:NS:B2 region:NS:B3 region:NS:D1 region:NS:D2,1231,
UP,VR52-##,NLR,leaving,Coffeyville,,"Coffeyville UP, Coffevyille SKOL, Pittsburg SKOL",id:2831 rr:SKOL:KS,,Coffevyille SKOL
UP,VR52-##,NLR,leaving,Muskogee,,"Muskogee, Pryor, BNSF OK, Sand Springs, TSU",id:1231 id:2110 id:1230 rr:BNSF:OK id:3037 rr:TSU,,
UP,VR52-##,Muskogee,created at,18th Street,,"KS, MO, IL, UP/WSOR South of Milwaukee WI, CPKC Region 1, NS Regions A1/A2/A3/C1/D1/D2, CSX Regions A/E",st:KS st:MO st:IL region:CPKC:1 region:NS:A1 region:NS:A2 region:NS:A3 region:NS:C1 region:NS:D1 region:NS:D2 region:CSX:A region:CSX:E,1231|2110,UP/WSOR South of Milwaukee WI
UP,VR52-##,Muskogee,created at,North Platte,,"OR, WA, CA, ID, WY, CO, UT, NV, MT, North Platte, Sidney, Alliance NE, Bridgeport",st:OR st:WA st:CA st:ID st:WY not:RCPE st:CO st:UT st:NV st:MT id:1683 id:1199 id:2074 id:1356 id:1184,1231|2110,
UP,VR52-##,Muskogee,created at,Council Bluffs,,"IA, NE, OLB, Welcome UP, Winnebago MN, Fairmont MN, Sioux City, ND, SD, RCPE, WI, MN, CN West Canada/Thunder Bay ON, CPKC Region 2/3/4/5/6, DMVW, RRVW",st:IA st:NE rr:OLB id:2186 id:2187 id:1660 id:1351 id:2610 id:2611 id:2612 id:2613 st:ND st:SD rr:RCPE st:WI st:MN region:CPKC:2 region:CPKC:3 region:CPKC:4 region:CPKC:5 region:CPKC:6 rr:DMVW rr:RRVW,1231|2110,CN West Canada/Thunder Bay ON
UP,RE51-##,Reisor,leaving,Shreveport,,Shreveport Hollywood,id:1282,2398,
UP,RE51-##,Hollywood,leaving,Reisor,,All outbound cars from Hollywood,,1165|1282,
UP,RS99-##,Stockton,leaving,Modesto,,Modesto UP siding 1,,1353|1354|2377|2934,Modesto UP siding 1
UP,RS99-##,Stockton,leaving,MET,,All other Modesto UP/MET traffic,catchall,1353|1354|2377|2934,
UP,RS99-##,Stockton,leaving,Rogers,,Traffic for Rogers UP/BNSF,,1353|1354|2377|2934,
UP,IT42-##,Spokane UP yard,leaving,Plummer,,"Plummer, STMA",id:2199 rr:STMA,3646,
UP,OP82-##,Mojave,leaving,TRC,,Creal,id:2491,1010,
UP,OP82-##,Creal,leaving,West Colton,,All other traffic,catchall,2491,
UP,OP82-##,Creal,leaving,Stockton,,MWCFR Stockton block,ref:MWCFR:Stockton,2491,
UP,ID48-##,Hinkle,leaving,Wallula,,"Wallula UP, Richland UP",id:1495 id:2850,1895,
UP,ID48-##,Hinkle,leaving,BNSF,,"Pasco, Richland BNSF, Connell",id:1573 id:2851 id:2853,1895,
UP,RB50-##,Warm Springs,leaving,Newark,,Newark,id:1206 id:1352 id:3492,1789,
UP,RB50-##,Warm Springs,leaving,Oakland,,Overflow MOAOA ->LOA55,catchall,1789,
UP,RB50-##,Newark,leaving,Warm Springs,,Overflow MOAOA traffic from LOA55,ref:MOAOA:traffic_from_LOA55,1206|1352|3492,
UP,MI38-##,Amarillo North Yard UP,leaving,Industry,,"Amarillo South Yard UP sidings, grouped by siding number",,2632,Amarillo South Yard UP sidings
UP,MI38-##,Amarillo North Yard UP,leaving,Amarillo South,,Amarillo South UP vID,,2632,Amarillo South UP vID
UP,MI38-##,Amarillo North Yard UP,leaving,BNSF interchange,,"BNSF NM, Amarillo North Yard BNSF, Amarillo South Yard BNSF",rr:BNSF:NM id:1394 id:1716,2632,
UP,MI38-##,Amarillo South Yard BNSF,leaving,Amarillo,,all outbound Amarillo South UP cars,,1716,
UP,MI38-##,Amarillo South Yard BNSF,leaving,UP interchange,,Amarillo North/South UP cars,,1716,Amarillo North/South UP cars
UP,BE48-##,Denison,leaving,KRR,,All KRR traffic,,2841,All KRR traffic
UP,BE48-##,Valliant KRR,leaving,Denison,,All outbound KRR traffic for UP,,2210,
UP,G2G2-##,Global 3,leaving,Global 2,,"Overflow G2 IM, otherwise returns engine light",catchall class:im,1760,otherwise returns engine light
UP,IS48-##,Fife,leaving,Seattle,,All outbound manifest,,,
UP,SG54-##,Marion,leaving,Mt Vernon,,NS/EVWR outbounds via UP,,1180|1448|1705,NS/EVWR outbounds via UP
UP,SG54-##,Marion,leaving,Salem,,All other outbound traffic running via UP,catchall,1180|1448|1705,
UP,MK55-##,Muskogee,leaving,Pryor,,"Pryor Ok only, no NLR",,1231|2110,Pryor Ok; no NLR
UP,MK55-##,Pryor,leaving,Muskogee,,"Muskogee, Tulsa, West/Central/South TX, NM, AZ, CA, Northern MN, Northern WI",id:1231 id:2110 id:2184 id:3038 id:3039 id:1002 id:1005 id:1022 id:2442 id:1030 id:1170 id:1255 id:1355 id:1387 id:1580 id:1604 id:1626 id:1445 id:1613 id:2902 id:1466 id:2241 id:2490 id:3123 id:3431 st:NM st:AZ st:CA,1230,Northern MN; Northern WI
UP,MK55-##,Pryor,leaving,Coffeyville,,"Coffeyville, SKOL, IA, SD, Kansas City, UP KS",id:2831 id:2832 rr:SKOL st:IA st:SD id:1169 id:1200 id:1229 id:1620 id:1889 rr:UP:KS,1230,
UP,MK55-##,Pryor,leaving,Overflow NLR,,all other destinations,catchall,1230,
UP,VA74-##,Tulsa,leaving,Muskogee,,All outbound UP traffic,,2184|3038|3039,
UP,IT42-##,Spokane UP yard,leaving,BNSF,,"Spokane Yardley, Spokane Erie Street UP/BNSF, Spokane Trentwood, Chewelah, Lind, BNSF MT, Dore ND",id:1742 id:1741 id:3646 id:2212 id:2838 id:2837 rr:BNSF:MT id:2230,3646,
UP,IT42-##,Spokane Yardley yard,leaving,UP,,"UP empties, Spokane Yardley, Spokane Millwood, Plummer ID, STMA, Spokane Velox, cars billed from Spokane Erie St UP",rr:UP class:empty id:1742 id:2202 id:2199 rr:STMA id:1876,1742,cars billed from Spokane Erie St UP
UP,IT42-##,Spokane UP yard,leaving,Velox,,"Spokane Velox, Spokane Millwood",id:1876 id:2202,3646,
UP,IT42-##,Spokane Velox yard,leaving,Spokane,,All outbound Spokane Velox/Millwood traffic,,1876,
UP,PG04-##,Global 3,leaving,CIR,,All industry traffic,,1760,All industry traffic
UP,DV08-##,North Yard,leaving,Denver,,All outbound manifest traffic,,,
UP,DV08-##,North Yard,leaving,Denver,,"Denver 36th Street, Rolla",id:1769 id:1917,,
UP,DV08-##,North Yard,leaving,Sand Creek,,Sand Creek,id:1976,,
UP,RR45-##,Roseville,leaving,Industry,,"West Sacremento UP, ordered by siding #",,3503,West Sacremento UP; ordered by siding #
UP,RR45-##,Roseville,leaving,SERA,,"West Sacremento SERA, Woodland SERA",id:3115,3503,West Sacremento SERA
UP,RR45-##,West Sacremento UP,leaving,Roseville,,All outbound UP traffic and SERA traffic for UP,,,
UP,RR45-##,West Sacremento UP,leaving,BNSF,LRS57,All outbound SERA traffic for BNSF,,,
UP,MS53-##,Herington,leaving,[Head end] McPherson CHS Sidings 10/11,,,,3170,[Head end] McPherson CHS Sidings 10/11
UP,MS53-##,Herington,leaving,"McPherson KO (McPherson KO, McPherson UP siding 21, Conway KS) - KO switches Siding 21 for UP.",,,,3170,"McPherson KO (McPherson KO, McPherson UP siding 21, Conway KS) - KO switches Siding 21 for UP"
UP,MS53-##,Herington,leaving,[Rear end] Engines,,,,3170,[Rear end] Engines
UP,MS53-##,Herington,leaving,[Head end] McPherson CHS Sidings 10/11,,,,3170,[Head end] McPherson CHS Sidings 10/11
UP,MS53-##,Herington,leaving,"McPherson KO (McPherson KO, McPherson UP siding 21, Conway KS) - KO switches Siding 21 for UP.",,,,3170,"McPherson KO (McPherson KO, McPherson UP siding 21, Conway KS) - KO switches Siding 21 for UP"
UP,MS53-##,Herington,leaving,[Rear end] Engines,,,,3170,[Rear end] Engines
UP,OG09R-##,Long Beach UP,leaving,Dolores Siding 11 - Max 4 cars,,,,3090,Dolores Siding 11 - Max 4 cars
UP,OG09R-##,Long Beach UP,leaving,Dolores Siding 32 - Max 5 cars,,,,3090,Dolores Siding 32 - Max 5 cars
UP,OG09R-##,Long Beach UP,leaving,Dolores Siding 33 - Max 2 cars,,,,3090,Dolores Siding 33 - Max 2 cars
UP,OG09R-##,Long Beach UP,leaving,Dolores Siding 34 - Max 15 cars,,,,3090,Dolores Siding 34 - Max 15 cars
UP,OG16-##,Long Beach UP,leaving,"Dolores sidings 12-14, 18",,,,3090,"Dolores sidings 12-14, 18"
UP,OG16-##,Long Beach UP,leaving,Dolores siding 15-20,,,,3090,Dolores siding 15-20
UP,OG16-##,Long Beach UP,leaving,Carson Lead South,,,id:3156,3090,
UP,OG16-##,Long Beach UP,leaving,Dolores Siding 22-31,,,,3090,Dolores Siding 22-31
UP,OG16-##,Long Beach UP,leaving,Carson Lead North,,,id:3157,3090,
UP,OG16-##,Long Beach UP,leaving,Phillips 66 Carson Refinery,,,id:2513,3090,
UP,G2G2-##,"Global 2, grouped by destination in each block",leaving,Southeast CSX,IG3SK,"Fairburn, Charlotte Pinoca, other CSX southeast",id:1261 id:1907,,other CSX southeast
UP,G2G2-##,"Global 2, grouped by destination in each block",leaving,North Platte IM,MCHNP/MNSNP/MPRNP,"Standard priority Las Vegas, overflow Denver",catchall,,Standard priority Las Vegas
UP,OB31-##,City of Industry,leaving,Kaiser,,"Kaiser UP, CSI",id:1407 rr:CSI,1095,
UP,OB86-##,Montclair,leaving,Beaumont empty scrap gons,,max 6,,3806,max 6
UP,OB86-##,Montclair,leaving,Beaumont misc cars,,,,3806,Beaumont misc cars
UP,OB86%-##,Old Colton,leaving,Montclair,,All outbound traffic,,,
UP,OP51-##,Mojave,leaving,West Colton,,All outbound manifest traffic,,1010,
UP,OP51-##,West Colton,leaving,Mojave,,"Mojave, Creal, Trona",id:1010 id:2491 id:2492,1255,
UP,OB33-##,City of Industry,leaving,PHL,,"All PHL traffic, Long Beach siding 1, Los Angeles Compton",,1095,All PHL traffic; Long Beach siding 1; Los Angeles Compton
UP,OB33-##,City of Industry,leaving,LA Global South IM,,IM for LA Global South only,id:1163 id:3099 class:im,1095,
UP,OB33-##,City of Industry,leaving,Long Beach,,"Long Beach, Terminal Island, PHL, Wilmington Wye, Dolores/ICTF, Carson North/South Lead, Phillips 66 Carson Refinery, Los Angeles Paramount",id:1014 id:1149 id:2514 id:2515 id:2516 id:2517 id:3090 id:3091 id:3092 id:3093 id:3094 id:3095 id:1389 id:3097 rr:PHL id:2512 id:1001 id:3157 id:3156 id:2513 id:3158,1095,
UP,OA44-##,City of Industry,leaving,Anaheim,,,id:2702,1095,
UP,OA44-##,City of Industry,leaving,Los Nietos,,,id:1016,1095,
UP,OA44-##,Anaheim,leaving,West Colton,YLZ52,All outbound traffic,,2702,
UP,OQ25%-##,City of Industry,leaving,Los Angeles,,Los Angeles block from MRVLB,,1095,Los Angeles block from MRVLB
UP,LG16-##,Lake Charles UP,leaving,Port Arthur,,Port Arthur UP/BNSF/CPKC,id:1241 id:1617 id:2217 id:2333,3277,
UP,LG16-##,Lake Charles UP,leaving,Williams,,Port Arthur Williams,,3277,Port Arthur Williams
UP,LG16-##,Port Arthur UP,leaving,Beaumont,,All outbound traffic for sorting at Lake Charles,,1617,
UP,CF50-##,Pocatello,leaving,EIRR,,All EIRR traffic,,1843,All EIRR traffic
UP,CF50-##,Rupert,leaving,Pocatello,,All outbound manifest,,3467,
UP,WG55-##,North Little Rock,leaving,Newport,,"Newport, Diaz",id:3490 id:1069 id:3491,1920|2621|3424,
UP,WG55-##,North Little Rock,leaving,MNA,,"Newport, Diaz, Magness, Batesville, Aurora, Springfield MNA, Carthage, Webb City, Nevada, Harrisonville, Deerfield, Clinton MO",id:3490 id:1069 id:3491 id:3496 id:3493 id:2869 id:2870 id:2865 id:2866 id:2867 id:2868 id:2871 id:2872 id:2874 id:2873,1920|2621|3424,
UP,WG55-##,North Little Rock,leaving,Poplar Bluff,,"Poplar Bluff, Dexter, Annapolis",id:1728 id:2997 id:2238,1920|2621|3424,
UP,BZ12-##,Hearne,leaving,Englewood,,MNPEW Englewood,ref:MNPEW:Englewood,2033,
UP,BZ12-##,Hearne,leaving,KCSM,,Mexico Laredo Interchange UP,id:2482,2033,
UP,WG55-##,Poplar Bluff,leaving,North Little Rock,,All outbound manifest traffic,,1728,
UP,SH64-##,Reisor,leaving,Port of Caddo-Bossier,,Port of Caddo-Bossier grouped by destination siding,,2398,Port of Caddo-Bossier grouped by destination siding
UP,SH64-##,Reisor,leaving,Mansfield Paper Mill,,Mansfield Paper Mill UP/CPKC grouped by destination siding,,2398,Mansfield Paper Mill UP/CPKC grouped by destination siding
UP,OY30%-##,West Colton,leaving,Mojave,,"Mojave, Creal, Trona",id:1010 id:2491 id:2492,1255,
UP,OY30%-##,West Colton,leaving,Yermo,,All outbound manifest,,1255,
UP,SB54-##,Villa Grove,leaving,KBSR,,All traffic for KBSR,,2811,
UP,SB54-##,Iroquois,leaving,UP,,All traffic for UP from KBSR,,3653,
UP,PD01-##,Adams St Yard,leaving,Bartonville,,"TPW, KJRY, Mapleton UP",rr:TPW rr:KJRY id:3665,3662,
UP,PD01-##,Adams St Yard,leaving,Peoria,,"Peoria/East Peoria TZPR, East Peoria TPW",id:3661 id:3662 id:3658 id:3659,3662,
UP,PD01-##,Adams St Yard,leaving,Pekin,,"Pekin TZPR, IMRR",id:2093 rr:IMRR,3662,
UP,PD01-##,Pekin,leaving,Peoria,,Outbound UP traffic from Pekin/IMRR,,1509|2092|2093,Outbound UP traffic from Pekin/IMRR
UP,SB54-##,Villa Grove,leaving,TPW,,All traffic for TPW,,2811,
UP,SB54-##,Watseka,leaving,UP,,"TPW traffic for UP and partner shortlines in St Louis, AR, MO, OK, LA, KS, TX, AZ, NM, Los Angeles Basin",st:AR st:MO st:OK st:LA st:KS st:TX st:AZ st:NM id:3102 id:3103,3687,TPW traffic for UP and partner shortlines in St Louis
UP,OY30-##,Mojave,leaving,Yermo,,All outbound manifest not covered by other trains,,1010,
UP,PG04-##,Beverly Yard,leaving,Sterling,,"Rochelle Global 3, Rochelle BNSF, West Chicago UP/CN, St. Charles, Troy Grove, Belvidere, GRW",id:1760 id:2112 id:2028 id:2029 id:2451 id:2559 id:3089 id:2558 rr:GRW,1753,
UP,OH45-##,Kaiser UP Yard,leaving,West Colton,,All outbound UP manifest from Fontana UP/CSI,,1407,
UP,OH45-##,West Colton,leaving,Kaiser,,"Fontana Kaiser UP, CSI",id:1407 rr:CSI,1255,
UP,OA35%-##,East Los Angeles,leaving,Gemco,,"Oxnard/Pt Hueme, White Hils, SMV, Guadalupe",id:1303 rr:SMV id:1035,1588,White Hils
UP,OA35%-##,East Los Angeles,leaving,4th Street,,"Los Angeles LATC manifest, El Segundo",id:1203 id:1038,1588,
UP,OF74%-##,Oxnard,leaving,West Colton,MLAWC,All return traffic not on LOF49,,,All return traffic not on LOF49
UP,CF33-##,American Falls,leaving,Pocatello,,All outbound manifest,,3466,
UP,CF39-##,Pocatello,leaving,"American Falls industry, blocked as follows",,,,1843,"American Falls industry, blocked as follows"
UP,HU25-##,Bayport,leaving,Strang,,All outbound traffic from Seabrook UP,,1672,
UP,HU25-##,Bayport,leaving,BNSF,M-SRGHOU,All outbound traffic from Seabrook BNSF,,1672,
UP,HU09-##,Strang,leaving,Houston Pasadena UP siding 14,,max 5 cars,,1982|3778|3779,max 5 cars
UP,HU09-##,Strang,leaving,Houston Pasadena UP siding 15,,max 5 cars,,1982|3778|3779,max 5 cars
UP,HU09-##,Strang,leaving,Industry,,"Houston Barbour's Cut traffic, grouped by destination industry",,1982|3778|3779,Houston Barbour's Cut traffic
UP,HU09-##,Houston Barbours Cut PTRA,leaving,Strang,,"All outbound manifest traffic, divided between UP and BNSF as appropriate",,3780,divided between UP and BNSF as appropriate
UP,HU20E-##,Strang,leaving,Bayport,,"Houston Seabrook UP/BNSF, Houston Bayport UP/BNSF not covered by LHU20W",id:3773 id:3774,1982|3778|3779,Houston Bayport UP/BNSF not covered by LHU20W
UP,HU20W-##,Strang,leaving,West Bayport,,Houston Bayport UP Sidings 1-14,,1982|3778|3779,Houston Bayport UP Sidings 1-14
UP,HU20W-##,Strang,leaving,Bayport,,"Overflow LHU20E, this train runs 30 minutes after it",catchall,1982|3778|3779,this train runs 30 minutes after it
UP,HU11-##,Houston Bayport,leaving,Strang,,"Outbound traffic from Seabrook UP, Bayport UP sidings 1-14",,2530|3772,Outbound traffic from Seabrook UP; Bayport UP sidings 1-14
UP,HU11-##,Houston Bayport,leaving,BNSF,M-SRGHOU,"Outbound traffic from Seabrook BNSF, Bayport BNSF siding 1-14",,2530|3772,Outbound traffic from Seabrook BNSF; Bayport BNSF siding 1-14
UP,HU03-##,Houston Bayport,leaving,Strang,,Outbound traffic from Bayport UP from the above sidings,,2530|3772,Outbound traffic from Bayport UP from the above sidings
UP,HU03-##,Houston Bayport,leaving,BNSF,M-STRHOU,Outbound traffic from Bayport BNSF from the above sidings,,2530|3772,Outbound traffic from Bayport BNSF from the above sidings
UP,OB86%-##,City of Industry,leaving,Colton,,Old colton,,1095,Old colton
UP,LD51S-##,New Orleans Avondale,leaving,New Ibera,,"New Ibera, Breau Bridge",,1423,New Ibera; Breau Bridge
UP,LD51S-##,New Orleans Avondale,leaving,Schriever,,"Morbihan, Raceland",id:3882 id:3883,1423,
UP,LD51P-##,New Iberia,leaving,Avondale,,All outbound UP traffic from LDRR,,3880,
UP,IA43-##,Salem,leaving,Millersburg,,"manifest for Millersburg, set out on the return leg",,1892,manifest for Millersburg; set out on the return leg
UP,IA43-##,Albany,leaving,Millersburg PNWR,,Outbound UP traffic from PNWR/AERC not on Eugene Hauler,,1823,Outbound UP traffic from PNWR/AERC not on Eugene Hauler
UP,IA43-##,Albany,leaving,Millersburg,,As-is Millersburg block from inbound LIA43,,1823,As-is Millersburg block from inbound LIA43
UP,IA43-##,Millersburg,leaving,Salem,,"Salem UP, CA, AZ, El Paso",id:1820 id:1821 st:CA st:AZ id:1779 id:1799 id:2099,1822,
UP,IL50-##,Albina Yard,leaving,Port of Vancouver UP,,,id:3059,1302,
UP,IL50-##,Albina Yard,leaving,BNSF,,"Vancouver UP, Albany OE, AERC, McMinnville, Willamina, Albany PNWR, Toledo",id:3056 id:1179 rr:AERC id:2002 id:3860 id:2132,1302,Albany PNWR
UP,YROG-##,Yermo,leaving,Arden,,"Las Vegas, Apex, Henderson",id:1400 id:1492 id:2705 id:1402,,
UP,YROG-##,Yermo,leaving,Ogden,,"CO, WY, UT, Loaded cars for Billings MT/Fairview MT/Dore ND, [From Arden only: Milpitas autos, overflow North Platte]",st:CO st:WY not:RCPE st:UT class:auto catchall,,Loaded cars for Billings MT/Fairview MT/Dore ND; [From Arden only: Milpitas
UP,YROG-##,Yermo,leaving,Pocatello,MOGPD,MOGPD Pocatello block,ref:MOGPD:Pocatello,,
UP,YROG-##,Las Vegas Arden yard,created at,Global 2 IM,ZSCG2,,id:1595 class:im,1400,
UP,YROG-##,Las Vegas Arden yard,created at,I-5 Corridor,MOGPD,Overflow MNPWC I-5 Corridor,ref:MNPWC:I-5_Corridor,1400,
UP,CHAL-##,Clearing,leaving,Proviso,,"UP Chicago, Belvidere, Anderson UP, Janesville UP, Marshalltown, Eddyville, Tama, Cedar Rapids, CIC, AR, LA, TX, overflow Yard Center, overflow MCHNP, overflow MCHCB",rr:UP@1055 rr:UP@1066 rr:UP@1072 rr:UP@1088 rr:UP@1092 rr:UP@1094 id:1316 id:2558 id:2819 id:2816 id:1287 id:1708 id:3311 id:1134 id:1753 rr:CIC st:AR st:LA st:TX catchall catchall catchall,1473,
UP,CHAL-##,Clearing,leaving,Butler,,"Milwaukee, Sheboygan, Edgewater Generating Station, Wisconsin Rapids UP, Nekoosa UP, Pleasant Prarie UP",id:1681 id:2420 id:2421 id:2422 id:3049 id:3051,1473,Pleasant Prarie UP
UP,CHAL-##,Clearing,leaving,Altoona,,"UP MN, RCPE, MNNR, TCWR, Port Superior UP, [From Proviso]: BNSF MN/ND, overflow North Platte, overflow IA/NE",rr:UP:MN rr:RCPE rr:MNNR rr:TCWR catchall catchall,1473,Port Superior UP; [From Proviso]: BNSF MN/ND
UP,CHAL-##,Proviso,added at,Butler WSOR,,"Ackerville, Horicon, Cambria, Oshkosh, Utley, Markesan",id:1707 id:2801 id:2802 id:2803 id:3520 id:1717 id:1719,1595,
UP,OARV-##,Oakland UP,leaving,Inland Empire IM,,,id:1102 id:1255 id:3723 class:im,1566,
UP,OARV-##,Oakland UP,leaving,Roseville,,"CA, OR, ID, WA, UT, NV, WY, CO, MT, TX, Dore ND, CN BC/AB/SK, CPKC Canda Thunder Bay Westward, CPKC WI/ND/MN",st:CA st:OR st:ID st:WA st:UT st:NV st:WY not:RCPE st:CO st:MT st:TX id:2230 rr:CN:BC/AB/SK region:CPKC:3 region:CPKC:4 region:CPKC:5 region:CPKC:6 rr:CPKC:WI/ND/MN,1566,
UP,OARV-##,Oakland UP,leaving,West Colton,,"NM, AZ, BNSF LA Basin, SDIY, West Colton, Oxnard/Pt. Hueme, Guadalupe, Los Nietos, Anaheim, White Hills, El Centro, Las Vegas",st:NM st:AZ rr:BNSF@1007 rr:BNSF@1102 rr:BNSF@1029 rr:SDIY id:1255 id:1303 id:1035 id:1016 id:2702 id:1784 id:1581 id:1400 id:1492,1566,
UP,OARV-##,Oakland UP,leaving,North Platte,,"NE, IA, ND, SD, WI, MN, IL, KS, MO, OK, Tenaha UP, TN, LA, RCPE, BNSF MS/AL, CSX, NS, CPKC Canada East of Thunder Bay, CN East of SK, CP/CN Eastern US, CN LA/TN/MS/AL",st:NE st:IA st:ND st:SD st:WI st:MN st:IL st:KS st:MO st:OK id:2394 st:TN st:LA rr:RCPE rr:BNSF:MS/AL rr:CSX st:NS rr:CN:LA/TN/MS/AL,1566,CPKC Canada East of Thunder Bay; CN East of SK; CP/CN Eastern US
UP,OARV-##,Martinez,added at,Roseville,,All outbound manifest,,1772,
UP,RONP%-##,Roper,leaving,Green River,,"WY, CO, Potash UT",st:WY not:RCPE st:CO id:2782,1009,
UP,RONP%-##,Roper,leaving,Cheyenne,,"Cheyenne, SRRR, BNSF WY, Billings MT, Fairview MT, Dore ND",id:1874 id:2844 rr:SRRR rr:BNSF:WY id:1893 id:2335 id:2230,1009,
UP,RONP%-##,Roper,leaving,North Platte Loaded Autos,,Loaded autoracks for destinations in the North Platte block,ref:MSSNP:North_Platte class:auto,1009,
UP,RONP%-##,Roper,leaving,North Platte,,"CPKC Regions 1/2/3, CN Canada MB Eastward, CN US, NE, IA, ND, SD, MN, WI, IL, KS, MO, AR, OK, TX, LA, All NS, All CSX",region:CPKC:1 region:CPKC:2 region:CPKC:3 rr:CN:MB region:CN:East_of_Thunder_Bay region:CN:US st:NE st:IA st:ND st:SD st:MN st:WI st:IL st:KS st:MO st:AR st:OK st:TX st:LA all:NS all:CSX,1009,
UP,RONP%-##,Roper,leaving,North Platte Empty Autos,,Empty autoracks for destinations in the North Platte block,class:auto,1009,Empty autoracks for destinations in the North Platte block
UP,NPML%-##,North Platte,leaving,Valley,,Las Vegas Valley IM/Autos/manifest,class:auto class:im,1683,Las Vegas Valley IM/Autos/manifest
UP,NPML%-##,North Platte,leaving,Arden,,"Las Vegas Arden, Henderson, Apex",id:1400 id:1402 id:2705,1683,
UP,NPML%-##,North Platte,leaving,Mira Loma racks,,,,1683,Mira Loma racks
UP,LVPD-##,Longview Junction,leaving,North Platte,,MPDNP North Platte blocks,ref:MPDNP:North_Platte,3645,
UP,LVPD-##,Longview Junction,leaving,Roseville,,MPDRV Roseville block,ref:MPDRV:Roseville,3645,
UP,LVPD-##,Longview Junction,leaving,Albina,,All other destinations for sorting at Albina yard,catchall,3645,
UP,NPTGS%-##,North Platte,leaving,Westvaco Trona,,,id:1875,1683,
UP,NLTT-##,North Little Rock,leaving,Poplar Bluff,,,id:1728,1920|2621|3424,
UP,NLTT-##,North Little Rock,leaving,Champaign,,CN IL,rr:CN:IL,1920|2621|3424,
UP,NLTT-##,North Little Rock,leaving,Battle Battle Creek:,,"CN MI, CN Toledo, CN interchange to WE/AA",rr:CN:MI rr:CN@2132,1920|2621|3424,CN interchange to WE/AA
UP,NLTT-##,North Little Rock,leaving,Toronto,,"CN Canada East of Thunder Bay ON, Conneaut OH, Eastern CN US",region:CN:East_of_Thunder_Bay id:3107,1920|2621|3424,Eastern CN US
UP,HKET%-##,Hinkle,leaving,CPKC Manifest,,CPKC ND/MN/AB/SK/MB/Thunder Bay and Western ON,,1895,CPKC ND/MN/AB/SK/MB/Thunder Bay and Western ON
UP,HKET%-##,Hinkle,leaving,CPKC Loaded Autoracks,,Autoracks for above areas,class:auto,1895,above areas
UP,HKSK%-##,Hinkle,leaving,Wallula,,Wallula UP,id:1495,1895,
UP,HKSK%-##,Hinkle,leaving,Richland,LID52,Richland UP,id:2850,1895,
UP,HKSK%-##,Hinkle,leaving,BNSF,LID40,"Pasco, Richland BNSF, Connell",id:1573 id:2851 id:2853,1895,
UP,HKSK%-##,Hinkle,leaving,Spokane Autos,,,id:1741 id:1742 id:1743 id:1876 id:2202 id:2212 id:3179 id:3646 class:auto,1895,
UP,HKSK%-##,Hinkle,leaving,Spokane,,"Spokane UP, Spokane Yardley, Spokane Erie St. Yard, Lind, Chewelah, Billings MT, Fairview MT, Dore ND Plummer ID, STMA, Spokane Velox, Spokane Millwood, Coeur d'Alene",id:3646 id:1742 id:1741 id:3646 id:2837 id:2838 id:1893 id:2335 rr:STMA id:1876 id:2202 id:3460,1895,Dore ND Plummer ID
UP,SKHK-##,Spokane UP yard,leaving,Pocatello,MHKGR,"Pocatello, Conda, Aberdeen, Collins, Blackfoot, CO. WY, Eastern MT",id:1843 id:2779 id:2887 id:2886 id:2885,3646,CO. WY; Eastern MT
UP,SKHK-##,Spokane UP yard,leaving,Ogden,MHKOG,"NV, UT",st:NV st:UT,3646,
UP,SKHK-##,Spokane UP yard,leaving,North Platte,MHKNP,"NE, IA, KS, ND, SD, MN, WI, IL, MO, AR, OK, TX, LA, TN, BNSF AL/MS, All CSX, All NS, CPKC Region 1",st:NE st:IA st:KS st:ND st:SD st:MN st:WI st:IL st:MO st:AR st:OK st:TX st:LA st:TN rr:BNSF:AL/MS all:CSX all:NS region:CPKC:1,3646,
UP,SKHK-##,Spokane UP yard,leaving,Roseville,MHKEU,CA,st:CA,3646,
UP,SKHK-##,Spokane UP yard,leaving,CPKC Interchange,MHKET,CPKC Regions 2/3/4/5/6,region:CPKC:2 region:CPKC:3 region:CPKC:4 region:CPKC:5 region:CPKC:6,3646,
UP,SKHK-##,Spokane UP yard,leaving,Green River,MHKGR,"CO, WY",st:CO st:WY not:RCPE,3646,
UP,SKHK-##,Spokane UP yard,leaving,Hinkle,,"WA, OR, AZ, NM, El Paso, Amarillo",st:WA st:OR st:AZ st:NM id:1779 id:1799 id:2099 id:1394 id:1443 id:1716 id:2632 id:2633 id:3126 id:3127 id:3128 id:3129,3646,
UP,SKHK-##,Walla UP,created at,Seattle Harbor Island IM,MOGPD,,id:1538 class:im,,
UP,BTEW%-##,Port Arthur,leaving,Englewood,,"Southern TX, AZ, CA, OK, UT, NV, Houston Englewood, Houston Eureka, Houston Pasadena, Houston Deer Park, Overflow MBTHO",st:AZ st:CA st:OK st:UT st:NV id:1372 id:3784 id:1460 id:2529 id:3334 id:3343 id:3351 catchall,1241|1617|2217|2333,Southern TX
UP,LIFW%-##,Livonia,leaving,Reisor,,"Shreveport, CPKC LA/MS/OK, Tenaha, Waskom, Longview UP, Longview Eastman UP, Longview Greggton, Texarkana, Bodie, overflow MLINL",id:1153 id:1282 id:1401 id:2398 rr:CPKC:LA/MS/OK id:2393 id:2394 id:2399 id:1044 id:2734 id:3154 id:1251 id:3155 catchall,1959|3833,
UP,LIFW%-##,Livonia,leaving,Ft Worth,,"Dallas/Ft Worth/Arlington, Grand Prairie, DGNO, Denison, CA, NV, NM, AZ, El Paso, Amarillo",id:1795 id:1797 id:1846 id:1938 id:3748 id:1023 id:1847 id:1888 id:1904 id:3248 id:3249 id:3250 id:3251 id:3252 id:3532 id:3535 id:2630 id:3029 id:2755 rr:DGNO id:1232 st:CA st:NV st:NM st:AZ id:1779 id:1799 id:2099 id:1394 id:1443 id:1716 id:2632 id:2633 id:3126 id:3127 id:3128 id:3129,1959|3833,
UP,NLAS%-##,North Little Rock,leaving,TRRA,ALS YAS304,"TRRA, MER, BNSF St Louis, NS Region A1/A2/A3/C1, overflow MNLTT",rr:TRRA rr:MER rr:BNSF@1004 rr:BNSF@1277 rr:BNSF@1562 rr:BNSF@1736 rr:BNSF@2045 rr:BNSF@2174 region:NS:A1 region:NS:A2 region:NS:A3 region:NS:C1 catchall,1920|2621|3424,
UP,NLAS%-##,North Little Rock,leaving,Avon,ALS YAS101,CSX Region A/E,region:CSX:A region:CSX:E,1920|2621|3424,
UP,NLAS%-##,North Little Rock,leaving,Avon Autos,ALS YAS101,Autoracks for CSX Midwest/Northeast,class:auto,1920|2621|3424,CSX Midwest/Northeast
UP,NLAS%-##,North Little Rock,leaving,Proviso,,Overflow MNLCH Proviso,ref:MNLCH:Proviso,1920|2621|3424,
UP,NLAS%-##,North Little Rock,leaving,ALS,,"St. Louis local cars, ALS, West Labadie, Villa Grove, DREI, COER, TPW, Overflow MNLCH BRC/Yard Center",id:1120 rr:ALS id:1867 id:2811 rr:DREI rr:COER rr:TPW ref:MNLCH:BRC/Yard_Center,1920|2621|3424,
UP,NLAS%-##,North Little Rock,leaving,ALS Autos,,North/East autos for sorting at Gateway,class:auto,1920|2621|3424,North/East autos for sorting at Gateway
UP,NVNL%-##,Sargent Yard,leaving,Marion,,"All intermodal, Marion Autos",class:im id:1180 id:1448 id:1705 class:auto,1446,All
UP,NVNL%-##,Sargent Yard,leaving,NLR,,All outbound manifest not interchanging in Memphis,,1446,
UP,LIEW%-##,"Livonia, with IM grouped by destination in each block",leaving,Houston,,"Houston, Laredo, San Antonio, Eagle Pass, Laredo CPKC, BNSF/CPKC Laredo, Kendleton, Port Arthur BNSF",id:1372 id:1374 id:1378 id:1383 id:1460 id:1812 id:1878 id:1879 id:1880 id:1935 id:1936 id:1937 id:2050 id:2239 id:2242 id:3118 id:3119 id:3432 id:1608 id:2050 id:2557 id:2217,,BNSF/CPKC Laredo
UP,LIEW%-##,"Livonia, with IM grouped by destination in each block",leaving,Terminal Island IM,,"Terminal Island ITCF, Long Beach Hanjin, APM Pier 400, Global South",id:1146 id:3098 id:1149 id:3101 id:1152 id:1163 id:3099,,
UP,LIEW%-##,"Livonia, with IM grouped by destination in each block",leaving,Long Beach IM,,"Long Beach ITF, Long Beach Container Terminal, Long Beach Pacific Container Terminal, Long Beach Pier A",id:2515 id:3094 id:2516 id:3092 id:2514 id:3093 id:2517 id:3091,,
UP,LIEW%-##,"Livonia, with IM grouped by destination in each block",leaving,LA Harbor IM,,"TRAPAC [TriPac], West Basin",id:3104 id:3102 id:3103,,
UP,LIEW%-##,"Livonia, with IM grouped by destination in each block",leaving,Dolores ICTF IM,,,id:1001 class:im,,
UP,CLPE-##,Cedar Rapids,leaving,Peoria,,"TZPR, IMRR, TPW, KJRY",rr:TZPR rr:IMRR rr:TPW rr:KJRY,1134|1753,
UP,PECL-##,Pekin,leaving,North Platte,MCHNP,"North Platte, Sidney UP, MT, WY, CO, UT, ID, OR, WA, CA, NV",id:1683 id:1199 st:MT st:WY not:RCPE st:CO st:UT st:ID st:OR st:WA st:CA st:NV,1509|2092|2093,
UP,PECL-##,Pekin,leaving,Marshalltown,MPRMT,"IA, AZ, NM, KS, TX, Kansas City MO, Lees Summit MO, Limedale UP/CPKC AR, Batesville AR, Magness AR, Springfield UP MO, Aurora MO, Carthage MO, Webb City MO",st:IA st:AZ st:NM st:KS st:TX id:1059 id:1214 id:1218 id:1227 id:1301 id:1817 id:2011 id:2192 id:2193 id:2194 id:2195 id:2196 id:3354 id:3493 id:3496 id:2869 id:2870 id:2867 id:2868,1509|2092|2093,Limedale UP/CPKC AR; Springfield UP MO
UP,PECL-##,Pekin,leaving,Proviso,MMTPR,"IL, CPKC/CSX/NS/CN traffic from UP, IHB, BRC, SCIH, CSS, KBSR, Villa Grove, DREI, COER",st:IL rr:IHB rr:BRC rr:SCIH rr:CSS rr:KBSR id:2811 rr:DREI rr:COER,1509|2092|2093,CPKC/CSX/NS/CN traffic from UP
UP,PECL-##,Pekin,leaving,ALS,,"St Louis UP, MER, TRRA, ALS, MO, AR, LA, Waskom TX, Tenaha UP TX",id:1004 id:1277 id:1562 id:1736 id:2045 id:2174 id:2391 id:3617 rr:MER rr:TRRA rr:ALS st:MO st:AR st:LA id:2399 id:2394,1509|2092|2093,
UP,PECL-##,Pekin,leaving,Clinton,,"Clinton, CIC, Cedar Rapids Beverly, Shell Rock, Osage Subdivision, Armour, Waterloo Bryant Yard, Oelwein, Forest City, IATR, All other UP-bound traffic for sorting at Clinton",id:2873 id:3689 rr:CIC id:1753 id:2077 id:2650 id:1737 id:2651 id:2078 id:3071 rr:IATR catchall,1509|2092|2093,
UP,NOEWB%-##,Oliver,leaving,Interchange Englewood,,"Houston, San Antonio, Port Laredo, Mexico Laredo UP, Eagle Pass UP, Mexico Eagle Pass UP",id:1372 id:1374 id:1378 id:1383 id:1460 id:1812 id:1878 id:1879 id:1880 id:1935 id:1936 id:1937 id:2239 id:2242 id:3118 id:3119 id:3432 id:1285 id:2482 id:1608 id:2447,1426,
UP,NOEWB%-##,Avondale,added at,Englewood,,"Houston, San Antonio, Laredo, CA, Eagle Pass, Mexico Eagle Pass Interchange UP",id:1372 id:1374 id:1378 id:1383 id:1460 id:1812 id:1878 id:1879 id:1880 id:1935 id:1936 id:1937 id:2239 id:2242 id:3118 id:3119 id:3432 id:2050 st:CA id:1608 id:2447,3533,
UP,TTPB%-##,Salem,leaving,CN NL,,AR/LA/TX,st:AR st:LA st:TX,1892,
UP,TTPB%-##,Salem,leaving,UP Pine Bluff,,"overflow MSMAS/MNLCH, All other outbound UP manifest traffic",catchall catchall,1892,
UP,PTLV%-##,Lake,leaving,Longview Junction,,Kalama UP,id:2617,2602|3147|3277|3278,
UP,PTLV%-##,Lake,leaving,LVSW,,"Longview, CLC",id:1044 id:2208 id:2733 id:2734 id:2735 id:3154 id:3645 id:3725 rr:CLC,2602|3147|3277|3278,
UP,PTLV%-##,Lake,leaving,PSAP,LIC55,All PSAP traffic,,2602|3147|3277|3278,All PSAP traffic
UP,FWDN-##,Davidson,leaving,Denison,,"Denison, OK, KRR, Muskogee, Coffeyville UP/SKOL, Pittsburg SKOL",id:2841 st:OK rr:KRR id:1231 id:2110 id:2831 id:2832 rr:SKOL:KS,2973,
UP,LICN-##,Baton Rouge CN,leaving,Port Allen CN,,Port Allen CN ONLY,id:3231,1931,
UP,LICN-##,Baton Rouge CN,leaving,Englewood,,"Houston, Laredo, Eagle Pass, San Antonio",id:1372 id:1374 id:1378 id:1383 id:1460 id:1812 id:1878 id:1879 id:1880 id:1935 id:1936 id:1937 id:2050 id:1608 id:2239 id:2242 id:3118 id:3119 id:3432,1931,
UP,LICN-##,Baton Rouge CN,leaving,Livonia,,everything else UP,catchall,1931,
UP,LICN-##,Livonia,leaving,CN Baton Rouge,,"Baton Rouge CN, Baton Rouge Mayland, GOGR",id:1931 rr:GOGR,1959|3833,Baton Rouge Mayland
UP,LICN-##,Livonia,leaving,CN Geismar,,"Geismar CN service area, Reserve CN",id:1695 id:2012,1959|3833,
UP,LICN-##,Port Allen,created at,Port Allen CN Outbounds,,All outbound traffic from Port Allen CN regardless of destination,,1678,
UP,NLNP%-##,North Little Rock,leaving,North Platte,,"OR, WA, CA, ID, WY, CO, UT, NV, MT, North Platte, Sidney, Alliance NE, Bridgeport",st:OR st:WA st:CA st:ID st:WY not:RCPE st:CO st:UT st:NV st:MT id:1683 id:1199 id:2074 id:1356 id:1184,1920|2621|3424,
UP,NLNP%-##,North Little Rock,leaving,North Platte Autos,,,id:1683 class:auto,1920|2621|3424,
UP,BFNPS%-##,Westvaco,leaving,Green River,,All outbound traffic not for North Platte,,1875,
UP,BFNPS%-##,Westvaco,leaving,North Platte,,"NE, IA, ND, SD, MN, WI, IL, MO, KS, OK, AR, TX, LA, All CP, All CN, All NS, All CSX",st:NE st:IA st:ND st:SD st:MN st:WI st:IL st:MO st:KS st:OK st:AR st:TX st:LA all:CP all:CN all:NS all:CSX,1875,
UP,BFNPS%-##,Green River,added at,North Platte Empty Autos,,Empty autoracks for destinations in the North Platte block,class:auto,1393,Empty autoracks for destinations in the North Platte block
UP,LINL-##,Livonia,leaving,NLR,,"DQE, AR, OK, IL, MO, KS, CO, UT, NV, IA, NE, WY, ID, OR, WA, MT, ND, SD, MN, WI, UP TN, BNSF TN/MS/AL, CSX Regions A/C/E, BNSF TN/MS/AL, CN TN/MS/AL, CPKC IL/KS/MO/IA, All CN except LA",rr:DQE st:AR st:OK st:IL st:MO st:KS st:CO st:UT st:NV st:IA st:NE st:WY not:RCPE st:ID st:OR st:WA st:MT st:ND st:SD st:MN st:WI rr:UP:TN rr:BNSF:TN/MS/AL region:CSX:A region:CSX:C region:CSX:E rr:BNSF:TN/MS/AL rr:CN:TN/MS/AL rr:CPKC:IL/KS/MO/IA all:CN not:CN:LA,1959|3833,
UP,RENL-##,Reisor,leaving,Texarkana,,"Texarkana UP/CPKC, S Texarkana, TNER, Queen City UP/CPKC, Mt Pleasant TX",id:1251 id:1729 id:3670 rr:TNER id:3673 id:3674 id:3675,2398,
UP,RENL-##,Reisor,leaving,NLR,,"DQE, AR, LA, KS, MO, IA, SD, ND, MN, WI, IL, IN, NE, CO, UT, OR, WA, ID, MT, All CP, CSX Regions A/C/E, BNSF TN/MS/AL, All CN except LA, Tenaha UP",rr:DQE st:AR st:LA st:KS st:MO st:IA st:SD st:ND st:MN st:WI st:IL st:IN st:NE st:CO st:UT st:OR st:WA st:ID st:MT all:CP region:CSX:A region:CSX:C region:CSX:E rr:BNSF:TN/MS/AL all:CN not:CN:LA id:2394,2398,
UP,RENL-##,Reisor,leaving,TRRA,,"All TRRA yards, All NS except Region B3",all:NS not:region:NS:B3,2398,All TRRA yards
UP,RENL-##,Texarkana UP,added at,Little Rock,,"All NS, All CSX, Combined NLR+TRRA block for sorting at North Little Rock",all:NS all:CSX,1251|1729,Combined NLR+TRRA block for sorting at North Little Rock
UP,LIGN-##,Livonia,leaving,CSX New Orleans,,CSX AL/MS,rr:CSX:AL/MS,1959|3833,
UP,LIGN-##,Livonia,leaving,CSX,,Overflow MLIWX,catchall,1959|3833,
UP,LINSB-##,Livonia,leaving,Birmingham Norris NS,run through on NS 344,"NS Regions B1/B2/B3, overflow MLINSL",region:NS:B1 region:NS:B2 region:NS:B3 catchall,1959|3833,
UP,LINSL-##,Livonia,leaving,"Chattanooga NS (NS Regions A1, D1, D2) - No Taylor/DL",,,,1959|3833,"Chattanooga NS (NS Regions A1, D1, D2) - No Taylor/DL"
UP,LINSL-##,Livonia,leaving,Austell IM,,,id:1244 class:im,1959|3833,
UP,TUPX-##,Tuscon,leaving,Phoenix,,"All Phoenix traffic, BNSF AZ",rr:BNSF:AZ,,All Phoenix traffic
UP,TUPX-##,Tuscon,leaving,Phoenix Autos,,Autoracks for Phoenix,id:1345 id:1536 id:1537 id:1565 id:2707 class:auto,,
UP,PDOG%-##,Albina,leaving,Hinkle,,Overflow MRVHK Albina Hinkle,ref:MRVHK:Albina_Hinkle,1302,
UP,PDOG%-##,Albina,leaving,CPKC Interchange,MHKET,Overflow MRVHK CPKC Interchange,ref:MRVHK:CPKC_Interchange,1302,
UP,PDOG%-##,Albina,leaving,Green River,MHKGR,Overflow MRVHK Green River,ref:MRVHK:Green_River,1302,
UP,PDOG%-##,Albina,leaving,Ogden,,"UT, overflow CA/NV",st:UT catchall,1302,
UP,PDOG%-##,Albina,leaving,Roper Yard,,"Salt Lake City, UTAH RR",id:1009 id:1325 id:2361 id:2362 id:3755 rr:UTAH,1302,
UP,SEPD%-##,Argo,leaving,North Platte,,MPDNP North Platte blocks,ref:MPDNP:North_Platte,,
UP,SEPD%-##,Argo,leaving,Roseville,,MPDRV Roseville block,ref:MPDRV:Roseville,,
UP,SEPD%-##,Argo,leaving,Albina,,All other destinations for sorting at Albina yard,catchall,,
UP,FRRV-##,Fresno,leaving,Stockton,,Overflow MFRSP Stockton block,ref:MFRSP:Stockton,1021|1201|2321,
UP,FRRV-##,Fresno,leaving,Roseville,,"All other Northern California, OR, ID, WA, UT, NV, WY, CO, MT, Dore ND, CN BC/AB/SK, CPKC Canda Thunder Bay Westward, CPKC WI/ND/MN",catchall st:OR st:ID st:WA st:UT st:NV st:WY not:RCPE st:CO st:MT id:2230 rr:CN:BC/AB/SK region:CPKC:3 region:CPKC:4 region:CPKC:5 region:CPKC:6 rr:CPKC:WI/ND/MN,1021|1201|2321,
UP,FRRV-##,Fresno,leaving,North Platte,,Overflow MFRSP North Platte block,ref:MFRSP:North_Platte,1021|1201|2321,
UP,FRRV-##,Fresno,leaving,North Platte Loaded Autos,,Loaded autoracks for desinations in the North Platte block,class:auto,1021|1201|2321,desinations in the North Platte block
UP,FRRV-##,Stockton,added at,Stockton Roseville,,All outbound traffic not for North Platte,,1353|1354|2377|2934,
UP,SPFW%-##,Spring,leaving,Hearne,,"Hearne, Benchley, Bryan, Easterly",id:2033 id:2553 id:2554 id:2555,2531,
UP,SPFW%-##,Spring,leaving,Ft Worth,,"Dallas/Ft. Worth/Arlington, AZ, NM, El Paso, Amarillo, CA South of Stockton/Watsonville Jct, OK, KS, IA, Welcome MN, Winnebago MN, Fairmount MN, overflow MHOCBB traffic",id:1795 id:1797 id:1846 id:1938 id:3748 id:1023 id:1847 id:1888 id:1904 id:3248 id:3249 id:3250 id:3251 id:3252 id:3532 id:3535 id:2630 id:3029 st:AZ st:NM id:1779 id:1799 id:2099 id:1394 id:1443 id:1716 id:2632 id:2633 id:3126 id:3127 id:3128 id:3129 st:OK st:KS st:IA id:2185 id:2186 id:2187 id:1660 ref:MHOCBB:traffic,2531,CA South of Stockton/Watsonville Jct
UP,SPFW%-##,Tower 55,added at,Tower Ft Worth,,overflow YFW63/82 outbound traffic,catchall,1023|1847,
UP,EWPT-##,Englewood,leaving,Pasadena,,"Houston Pasadena, Houston Deer Park",id:2529 id:3334 id:3343 id:3351,1372|3784,
UP,PTEW-##,Pasadena Yard,leaving,Englewood,,All outbound traffic for UP not covered by other trains,,2529|3334|3343,
UP,PTEW-##,Pasadena Yard,leaving,Settegast,,Overflow MPTHO,catchall,2529|3334|3343,
UP,NOEW-##,Gentilly Yard,leaving,Interchange Englewood,,"Houston, San Antonio, Port Laredo, Mexico Laredo UP, Eagle Pass UP, Mexico Eagle Pass UP",id:1372 id:1374 id:1378 id:1383 id:1460 id:1812 id:1878 id:1879 id:1880 id:1935 id:1936 id:1937 id:2239 id:2242 id:3118 id:3119 id:3432 id:1285 id:2482 id:1608 id:2447,1425,
UP,NOEW-##,Avondale,added at,Englewood,,"Houston, San Antonio, Laredo, CA, Eagle Pass, Mexico Eagle Pass Interchange UP",id:1372 id:1374 id:1378 id:1383 id:1460 id:1812 id:1878 id:1879 id:1880 id:1935 id:1936 id:1937 id:2239 id:2242 id:3118 id:3119 id:3432 id:2050 st:CA id:1608 id:2447,3533,
UP,NOLIB%-##,Gentilly Yard,leaving,Interchange Livonia,,misc traffic from NS for sorting,,1425,misc traffic from NS for sorting
UP,NOLIB%-##,Avondale,added at,Livonia,MLINL,"LA, TX, NM, AZ, AR, OK, KS, IA, MN, IL, KS, MO, OR, ID, WA, MT, NE, WI, MN, ND, SD, CO, UT, NS Regions A2/A3/C1/C2/C3, CSX Regions A/C/E, BNSF TN/MS/AL,  CPKC Regions 1/2/3/4/5/6, DMVW. RRVW, All CN except LA",st:LA st:TX st:NM st:AZ st:AR st:OK st:KS st:IA st:MN st:IL st:KS st:MO st:OR st:ID st:WA st:MT st:NE st:WI st:MN st:ND st:SD st:CO st:UT region:NS:A2 region:NS:A3 region:NS:C1 region:NS:C2 region:NS:C3 region:CSX:A region:CSX:C region:CSX:E rr:BNSF:TN/MS/AL region:CPKC:1 region:CPKC:2 region:CPKC:3 region:CPKC:4 region:CPKC:5 region:CPKC:6 rr:DMVW rr:RRVW all:CN not:CN:LA,3533,
UP,NOLIB%-##,Avondale,added at,Houston IM,MLIEW,Englewood/Settegast,id:1372 id:3784 id:3480,3533,
UP,NOLIB%-##,Avondale,added at,"LA Basin IM, grouped by destination",MLIEW,"Dolores ICTF, TRAPAC [TriPac], West Basin, Terminal Island ITCF, Long Beach Hanjin, APM, Pier 400, Global South, Long Beach ITF, Long Beach Pacific Container Terminal, Long Beach Pier A",id:1001 id:3104 id:3102 id:3103 id:1146 id:3098 id:1149 id:3101 id:1152 id:1152 id:1163 id:3099 id:2515 id:3094 id:2514 id:3093 id:2517 id:3091,3533,
UP,NOLIB%-##,Avondale,added at,Houston,,Overflow MNOEW Englewood,ref:MNOEW:Englewood,3533,
UP,DUDU%-##,Dupo,leaving,Lesperance,,"St Louis Lesperance, St Louis Miller, West Labadie, Meramec",id:2045 id:2391 id:1867,1578,Meramec
UP,DUDU%-##,Dupo,leaving,North Platte,,"North Platte, Sidney UP, WY [No RCPE], CO, MT, UT, OR, ID, WA, CA",id:1683 id:1199 st:WY not:RCPE st:CO st:MT st:UT st:OR st:ID st:WA st:CA,1578,
UP,DUDU%-##,Dupo,leaving,North Platte Autos,,Autoracks for destinations in the north Platte block,ref:MSSNP:North_Platte class:auto,1578,
UP,OAOA-##,Oakland,leaving,Warm Springs,,"Warm Springs, Permanente, Newark",id:1789 id:2534 id:1352,3767,
UP,OAOA-##,Oakland,leaving,San Jose,,"San Jose, Watsonville, Watsonville Jct, Hollister, Salinas, Redwood City",id:2536 id:2608 id:1790 id:2600 id:2601 id:2535,3767,
UP,OAOA-##,Oakland,leaving,Milpitas,,"Milpitas, North San Jose",id:1213 id:3163,3767,
UP,OAOA-##,Milpitas,leaving,Oakland,,"Oakland, Richmond RPRC",id:1566 id:2237 id:2293,1213,
UP,OAOA-##,Milpitas,leaving,Roseville,MOARV,MOARV Roseville,ref:MOARV:Roseville,1213,
UP,OAOA-##,Milpitas,leaving,West Colton,MOARV,MOARV West Colton,ref:MOARV:West_Colton,1213,
UP,OAOA-##,Milpitas,leaving,North Platte,MOARV,MOARV North Platte,ref:MOARV:North_Platte,1213,
UP,OAOA-##,Milpitas,leaving,Marion Autos,IOANP,Loaded autoracks for Marion,id:1180 id:1448 id:1705 class:auto,1213,
UP,OAOA-##,Milpitas,leaving,Empty Autoracks,,"Mostly Benicia, Mexico Nogales, Los Angeles Nissan UP, Long Beach Toyota UP",id:2489 id:3106 id:3096,1213,Mostly Benicia
UP,LILI-##,CPKC,leaving,Port Allen CPKC,LLD65,Port Allen CPKC ONLY,id:3232,,
UP,LILI-##,CPKC,leaving,Livonia,,All outbound UP manifest,,,
UP,LILI-##,Livonia,leaving,"KCS (CPKC Baton Rouge, D Line, Reserve CPKC, Geismar CPKC, Port Hudson) - No other destinations.",,,,1959|3833,"KCS (CPKC Baton Rouge, D Line, Reserve CPKC, Geismar CPKC, Port Hudson) - No other destinations"
UP,LILI-##,Port Allen,created at,Port Allen CPKC Outbounds,,All outbound traffic from Port Allen CPKC regardless of destination,,1678,
UP,CBSX-##,Council Buffs,leaving,Sioux City,,"Sioux City UP/BNSF/CN, Sargeant Bluff, RWRR, DAIR, EE, all BNSF SD traffic, overflow MNPVP",id:1351 id:2610 id:2611 id:2612 id:2613 id:2609 rr:RWRR rr:DAIR rr:EE catchall,,all BNSF SD traffic
UP,SXCB-##,Sioux City,leaving,BRC,,"CSX, BRC, CSS, CRL",rr:CSX rr:BRC rr:CSS rr:CRL,1351|2610|2611|2612|2613,
UP,SXCB-##,Sioux City,leaving,Valley Park,,"MN, RCPE",st:MN rr:RCPE,1351|2610|2611|2612|2613,
UP,SXCB-##,Sioux City,leaving,Englewood,MCBDM,MCBDM Englewood block,ref:MCBDM:Englewood,1351|2610|2611|2612|2613,
UP,SXCB-##,Sioux City,leaving,Council Bluffs,,"NE, IA, South St Paul, overflow North Platte, all other destinations not covered by other trains/blocks",st:NE st:IA id:1658 id:3274 id:4018 id:4019 catchall catchall,1351|2610|2611|2612|2613,
UP,CBNP-##,"Council Bluffs, with IM grouped by destination in each block",leaving,North Platte,,"North Platte, Sidney UP, OR, ID, WA, MT, CO, WY, UT, CA, NV",id:1683 id:1199 st:OR st:ID st:WA st:MT st:CO st:WY not:RCPE st:UT st:CA st:NV,,
UP,CBNP-##,"Council Bluffs, with IM grouped by destination in each block",leaving,Columbus,,"Grand Island, NCRC",id:2261 rr:NCRC,,
UP,CBNP-##,"Council Bluffs, with IM grouped by destination in each block",leaving,Seattle IM,MSSNP,"Pocatello, Portland Terminal 6 UP, Tacoma Washington United , Tacoma Container Terminal, Seattle Argo, Seattle Harbor Island",id:1843 id:2140 id:2711 id:3289 id:2712 id:1481 id:1538,,
UP,CBNP-##,"Council Bluffs, with IM grouped by destination in each block",leaving,LA Harbors IM,MSSNP,"Dolores/ICTF, Long Beach, Terminal Island, LA Harbor",id:1001 id:1014 id:1149 id:2514 id:2515 id:2516 id:2517 id:3090 id:3091 id:3092 id:3093 id:3094 id:3095 id:1389 id:3097 id:1103 id:1090,,
UP,EPST%-##,El Paso,leaving,Dallas St,,"El Paso Dallas St, Mexico El Paso BNSF, El Paso BNSF",id:1779 id:2486 id:2099,1779|1799|2099,
UP,EPST%-##,El Paso,leaving,Mexico,,Mexico El Paso UP,id:2487,1779|1799|2099,
UP,EPST%-##,El Paso,leaving,Global 4 IM,,,id:2183 class:im,1779|1799|2099,
UP,EPST%-##,El Paso,leaving,Outbound Mexico El Paso IM for sorting at Santa Teresa,,,class:im,1779|1799|2099,Outbound Mexico El Paso IM for sorting at Santa Teresa
UP,EPST%-##,El Paso,leaving,San Antonio TMMTX,ILBHO,Manifest for San Antonio TMMTX,,1779|1799|2099,Manifest for San Antonio TMMTX
UP,EPST%-##,El Paso,leaving,Santa Teresa,MHNPX,"Phoenix, Phoenix autoracks, BNSF AZ, Mexico Nogales IM",id:1345 id:1536 id:1537 id:1565 id:2707 id:1345 id:1536 id:1537 id:1565 id:2707 class:auto rr:BNSF:AZ id:2489 class:im,1779|1799|2099,
UP,EPST%-##,El Paso,leaving,Santa Teresa Industrial Park,,Sidings 1-5,,1779|1799|2099,Sidings 1-5
UP,EPST%-##,El Paso,leaving,Santa Teresa Verde Logistics Park,,Sidings 6-10,,1779|1799|2099,Sidings 6-10
UP,KSNPB-##,18th Street,leaving,North Platte,,"North Platte, Sidney UP, OR, ID, WA, MT, WY, CO, NV, CA, BNSF Gurley/Bridgeport/Alliance",id:1683 id:1199 st:OR st:ID st:WA st:MT st:WY not:RCPE st:CO st:NV st:CA,1229|2046,BNSF Gurley/Bridgeport/Alliance
UP,KSNPB-##,18th Street,leaving,North Platte Autos,,Autoracks for above areas,class:auto,1229|2046,above areas
UP,BEBE%-##,Proviso,leaving,West Chicago,,"West Chicago UP/CN, Belvidere, St Charles",id:2028 id:2029 id:2451 id:2558 id:2559,1595,
UP,NOLI-OLD-##,Oliver Yard,leaving,Interchange Livonia,,misc traffic from NS for sorting,,1426,misc traffic from NS for sorting
UP,NOLI-OLD-##,Avondale,added at,Livonia,MLINL,"LA, TX, NM, AZ, AR, OK, KS, IA, MN, IL, KS, MO, OR, ID, WA, MT, NE, WI, MN, ND, SD, CO, UT, NS Regions A2/A3/C1/C2/C3, CSX Regions A/C/E, BNSF TN/MS/AL,  CPKC Regions 1/2/3/4/5/6, DMVW. RRVW, All CN except LA",st:LA st:TX st:NM st:AZ st:AR st:OK st:KS st:IA st:MN st:IL st:KS st:MO st:OR st:ID st:WA st:MT st:NE st:WI st:MN st:ND st:SD st:CO st:UT region:NS:A2 region:NS:A3 region:NS:C1 region:NS:C2 region:NS:C3 region:CSX:A region:CSX:C region:CSX:E rr:BNSF:TN/MS/AL region:CPKC:1 region:CPKC:2 region:CPKC:3 region:CPKC:4 region:CPKC:5 region:CPKC:6 rr:DMVW rr:RRVW all:CN not:CN:LA,3533,
UP,NOLI-OLD-##,Avondale,added at,Houston IM,MLIEW,Englewood/Settegast,id:1372 id:3784 id:3480,3533,
UP,NOLI-OLD-##,Avondale,added at,"LA Basin IM, grouped by destination",MLIEW,"Dolores ICTF, TRAPAC [TriPac], West Basin, Terminal Island TICTF, Long Beach Pier T, Pier 400, Global South, Long Beach ITS, Long Beach Pacific Container Terminal, Long Beach Terminal A",id:1001 id:3104 id:3102 id:3103 id:1149 id:3101 id:1152 id:1163 id:3099 id:2515 id:3094 id:2514 id:3093 id:2517 id:3091,3533,Terminal Island TICTF
UP,NOLI-OLD-##,Avondale,added at,Houston,,Overflow MNOEW Englewood,ref:MNOEW:Englewood,3533,
UP,LFRS%-##,Laughlin yard,leaving,Eagle Pass,,,id:1608,,
UP,LFRS%-##,Laughlin yard,leaving,FXE,,Mexico Egle Pass UP interchange,,,Mexico Egle Pass UP interchange
UP,DNFW-##,Denison,leaving,Ft Worth,,All traffic not covered by other blocks,,2841,
UP,PCNP-##,Pocatello,leaving,"North Platte (NE, IA, ND, SD, MN, WI, IL, MO, KS, OK, AR, TX, LA, CPKC Regions 1/2, CN MB Eastward, CN US, All NS, All CSX",,,,1843,"North Platte (NE, IA, ND, SD, MN, WI, IL, MO, KS, OK, AR, TX, LA, CPKC Regions 1/2, CN MB Eastward, CN US, All NS, All CSX"
UP,PCNP-##,Pocatello,leaving,North Platte Empties,,Empty cars for destinations in the North Platte Loads block,,1843,Empty cars for destinations in the North Platte Loads block
UP,GRHK-##,Green River,leaving,Pocatello,,"Pocatello, Conda, Blackfoot, Collins, Aberdeen ID",id:1843 id:2779 id:2885 id:2886 id:2887,1393,
UP,GRHK-##,Green River,leaving,I-5 Corridor,MOGPD,I-5 Corridor block from MNYGR - do not add/remove from this block,,1393,I-5 Corridor block from MNYGR - do not add/remove from this block
UP,GRHK-##,Green River,leaving,Hinkle,,"Spokane, BNSF Eastern WA, Vancouver WA, Kalama WA, Seattle/Tacoma",id:1741 id:1742 id:1743 id:1876 id:2202 id:2212 id:3179 id:3646 id:1702 id:3056 id:1712 id:3059 id:1853 id:2617 id:1481 id:1538 id:1803 id:2008 id:1502 id:1503 id:1554 id:1555 id:2626 id:2710 id:2711 id:2712 id:2714 id:3286 id:3287 id:3288,1393,BNSF Eastern WA
UP,GRHK-##,Green River,leaving,Albina,,"Portland, Salem, Eugene, PNWR, AERC, OPR, LVSW, PSAP, CLC, Loaded BNSF OR",id:1302 id:1866 id:1868 id:1877 id:2137 id:2138 id:2140 id:2141 id:2995 id:2996 id:3275 id:3276 id:1665 id:1820 id:1821 id:3846 id:3847 id:1024 id:1548 id:3919 id:3920 id:3921 rr:PNWR rr:AERC rr:OPR rr:LVSW rr:PSAP rr:CLC,1393,Loaded BNSF OR
UP,GRHK-##,Green River,leaving,CPKC Interchange,,CPKC Regions 5/6,region:CPKC:5 region:CPKC:6,1393,
UP,GRHK-##,Pocatello,added at,Pocatello CPKC,,CPKC Regions 3/4/5/6,region:CPKC:3 region:CPKC:4 region:CPKC:5 region:CPKC:6,1843,
UP,SMPB%-##,Salem,leaving,UP Pine Bluff,,"Pine Bluff, LA, overflow MTTNL Salem NLR",id:1081 id:3340 st:LA ref:MTTNL:Salem_NLR,1892,
UP,GJNY-##,Grand Junction,leaving,North Platte,,MNYNP North Platte block,ref:MNYNP:North_Platte,1332,
UP,GJNY-##,Grand Junction,leaving,Coal,,Non-unit train loose manifest coal cars,,1332,Non-unit train loose manifest coal cars
UP,GJNY-##,Grand Junction,leaving,North Yard,,All other destinations,catchall,1332,
UP,DMDM-##,Des Moines,leaving,Marshalltown,,"Marshalltown, Tama, Eddyville, IMRR, TZPR, Pekin CN, Decatur CN, IL, Chicago, CPKC Region 1, CN East of Thunder Bay ON, WSOR, Cedar Rapids Beverly, CIC, NS Regions A1/A2/A3/B1/C1/D1/D2",id:1287 id:3311 id:1708 rr:IMRR rr:TZPR id:2092 id:2462 st:IL id:1055 id:1066 id:1072 id:1088 id:1092 id:1094 id:1098 id:1161 id:1222 id:1278 id:1279 id:1305 region:CPKC:1 rr:WSOR id:1753 rr:CIC region:NS:A1 region:NS:A2 region:NS:A3 region:NS:B1 region:NS:C1 region:NS:D1 region:NS:D2,1046|2719|2720|2721|2726|3693,CN East of Thunder Bay ON
UP,DMDM-##,Des Moines,leaving,Boone,MBOBO,"CA, OR, ID, WA, NV, UT, WY, MT, CO, IA, NE, MN, ND, SD, WI, CPKC Regions 2/3/4/5/6, CN WI/MN/Canada Thunder Bay Westward",st:CA st:OR st:ID st:WA st:NV st:UT st:WY not:RCPE st:MT st:CO st:IA st:NE st:MN st:ND st:SD st:WI region:CPKC:2 region:CPKC:3 region:CPKC:4 region:CPKC:5 region:CPKC:6 rr:CN:WI/MN region:CN:Thunder_Bay_Westward,1046|2719|2720|2721|2726|3693,
UP,DMDM-##,Des Moines,leaving,BRC,MNPCH,"All CSX, BRC, CSS, CRL, BNSF Chicago area",all:CSX rr:BRC rr:CSS rr:CRL rr:BNSF@1055 rr:BNSF@1066 rr:BNSF@1072 rr:BNSF@1088 rr:BNSF@1092 rr:BNSF@1094,1046|2719|2720|2721|2726|3693,
UP,NYGJ%-##,North Yard,leaving,Grand Junction,,"Grand Junction, Potash UT, Glenwood Springs, Montrose, Somerset",id:1332 id:2782 id:2942 id:2940 id:1162,,
UP,SAEW-##,South San Antonio,leaving,Englewood,,"Houston Sinco, Houston Englewood, Houston Eureka, Houston Melendy, Houston Fairbanks, Houston Galena, Houston Pasadena, Houston Deer Park, Spring, Westfield, Hearne, Port Aurthur, Westlake/Mossville LA, BNSF Houston, AZ, overflow CA",id:2322 id:1372 id:3784 id:1460 id:1372 id:1372 id:1878 id:3729 id:2529 id:3334 id:3343 id:3351 id:2531 id:1375 id:2033 id:1241 id:1617 id:2217 id:1563 id:1987 id:2358 rr:BNSF@1372 rr:BNSF@1374 rr:BNSF@1378 rr:BNSF@1383 rr:BNSF@1460 rr:BNSF@1812 st:AZ catchall,2241|2490|3431,
UP,SAEW-##,South San Antonio,leaving,Spring/Westfield Autos,,from connecting trains,,2241|2490|3431,from connecting trains
UP,ECWC-##,El Centro,leaving,West Colton,,All outbound traffic,,1581,
UP,FWNL-##,Davidson,leaving,North Little Rock,,"AR, DQE, CSX Region C, NS Regions B1/B2/D1/D2, Iuka MS, BNSF TN/MS/AL, CN IL/TN/MS/Eastern US/Canada East of Thunder Bay, CSX/NS/FEC Southeast Autos",st:AR rr:DQE region:CSX:C region:NS:B1 region:NS:B2 region:NS:D1 region:NS:D2 id:2835 rr:BNSF:TN/MS/AL class:auto,2973,CN IL/TN/MS/Eastern US/Canada East of Thunder Bay; CSX/NS/FEC Southeast
UP,RVEU%-##,Roseville,leaving,Eugene,,"Eugene UP, overflow Portland, overflow MRVPT Lake Yard, overflow MRVHK Albina",id:1024 id:1548 id:3919 id:3920 id:3921 catchall ref:MRVPT:Lake_Yard ref:MRVHK:Albina,3503,
UP,RVEU%-##,Roseville,leaving,Eugene Loaded Autos,,overflow loaded autoracks for Barnes/T6/PSAP/Kent,catchall class:auto,3503,
UP,RVEU%-##,Roseville,leaving,CORP,,All CORP,all:CORP,3503,
UP,RVEU%-##,Roseville,leaving,PNWR,,All PNWR except Rainier,,3503,All PNWR except Rainier
UP,RVEU%-##,Roseville,leaving,I-5 Corridor,,Overflow MRVPT I-5 Corridor,ref:MRVPT:I-5_Corridor,3503,
UP,SPNL%-##,Spring,leaving,North Little Rock,,"AR, MO, Texarkana, Waskom, Shreveport, CPKC OK/TX/MS/AL, CSX Region C, NS Region B2, CN IL/TN/MS/AL/Eastern US/Canada East of Thunder Bay ON, CPKC Region 1, BNSF TN/MS/AL, Shreveport, Overflow MSPAS",st:AR st:MO id:1251 id:1729 id:2399 id:1153 id:1282 id:1401 id:2398 rr:CPKC:OK/TX/MS/AL region:CSX:C region:NS:B2 region:CPKC:1 rr:BNSF:TN/MS/AL id:1153 id:1282 id:1401 id:2398 catchall,2531,CN IL/TN/MS/AL/Eastern US/Canada East of Thunder Bay ON
UP,SPNL%-##,Spring,leaving,North Little Rock Empties,,Empty autoracks for CN/CP/CSX/NS,class:auto,2531,Empty autoracks for CN/CP/CSX/NS
UP,SPNL%-##,Longview UP,added at,LV Little Rock,,"AR, LA, KS, MO, IA, SD, ND, MN, WI, IL, IN, OR, WA, ID, MT, NE, CO, WY, NV, UT, All CP, CSX Regions A/C/E, BNSF TN/MS/AL, All CN, All NS",st:AR st:LA st:KS st:MO st:IA st:SD st:ND st:MN st:WI st:IL st:IN st:OR st:WA st:ID st:MT st:NE st:CO st:WY not:RCPE st:NV st:UT all:CP region:CSX:A region:CSX:C region:CSX:E rr:BNSF:TN/MS/AL all:CN all:NS,1044,
UP,FWDAB%-##,Davidson,leaving,Arlington,,"Arlington Garrett, Arlington Great Southwest Lead, Grand Prairie, MARAS ALS, ALS Autos, NS Avondale Autos blocks",id:1918 id:1110 id:2755 ref:MARAS:ALS rr:ALS class:auto class:auto,2973,NS Avondale Autos blocks
UP,FWDAB%-##,Davidson,leaving,Dallas,,"Dallas, Dallas Intermodal, Shreveport LA, Mansfield, LA, CPKC OK/MS/AL/LA, Waskom, Tenaha, Longview, Texarkana, Port of Caddo-Bossier, Mansfield LA,  overflow Mexico Laredo/Eagle Pass UP",id:1795 id:1797 id:1846 id:1938 id:3748 id:1795 id:1797 id:1846 id:1938 id:3748 id:1153 id:1282 id:1401 id:2398 id:2395 id:2396 st:LA rr:CPKC:OK/MS/AL/LA id:2399 id:2393 id:2394 id:1044 id:2733 id:2734 id:2735 id:3154 id:1251 id:2397 id:2395 id:2396 ref:Mexico:Laredo/Eagle_Pass_UP,2973,
UP,FWDAB%-##,Davidson,leaving,DGNO,,"All DGNO traffic,  CPKC Dallas",rr:CPKC@1795 rr:CPKC@1797 rr:CPKC@1846 rr:CPKC@1938 rr:CPKC@3748,2973,All DGNO traffic
UP,NPHK%-##,North Platte,leaving,Hinkle,,"OR, WA, overflow MNPPD Albina/Lake",st:OR st:WA ref:MNPPD:Albina/Lake,1683,
UP,BKBK-##,Bakersfield,leaving,Roseville,,"Northern California, OR, ID, WA, BC, AB, SK, WY, CO, UT, Sparks NV",st:CA st:OR st:ID st:WA st:BC st:AB st:SK st:WY not:RCPE st:CO st:UT id:1141 id:2338,1013|1015|1133|1984,
UP,BKBK-##,Bakersfield,leaving,North Platte,,"NE, IA, ND, SD, MN, WI, IL, MO, AR, KS, All CSX, All NS, CN MB/ON/QC/NF/NS, CPKC Regions 1/2/3, BNSF TN/MS/AL",st:NE st:IA st:ND st:SD st:MN st:WI st:IL st:MO st:AR st:KS all:CSX all:NS region:CPKC:1 region:CPKC:2 region:CPKC:3 rr:BNSF:TN/MS/AL,1013|1015|1133|1984,CN MB/ON/QC/NF/NS
UP,BKBK-##,Bakersfield,leaving,Fresno,,All other traffic for sorting at Fresno,catchall,1013|1015|1133|1984,
UP,BKBK-##,Fresno UP,leaving,SJVR,,All Bakersfield area SJVR traffic,,1021|2321,All Bakersfield area SJVR traffic
UP,BKBK-##,Fresno UP,leaving,Bakserfield,,"Bakersfield Kern Jct, Bakersfield BNSF",id:1013 id:1015,1021|2321,
UP,EABOB-##,Callender,leaving,Proviso,,Chicago UP + IHB,,2986,Chicago UP + IHB
UP,EABOB-##,Callender,leaving,Marshalltown,,"Marshalltown, Eddyville, Tama, Cedar Rapids, CIC, NS Elkhart interchange, Chicago interchange, all CSX interchange",id:1287 id:1708 id:3311 id:1134 id:1753 rr:CIC,2986,NS Elkhart interchange; Chicago interchange; all CSX interchange
UP,EABOB-##,Callender,leaving,Des Moines,,"Des Moines, IAIS, AZ/NM/TX/KS/MO/OK/AR/LA, NS New Orleans and Memphis interchange",id:1046 id:2719 id:2720 id:2721 id:2726 id:3693 rr:IAIS st:AZ st:NM st:TX st:KS st:MO st:OK st:AR st:LA,2986,NS New Orleans and Memphis interchange
UP,VPNP-##,Valley Park,leaving,Sioux City,,"Sioux City, DAIR, EE, RWRR, OLB, Council Bluffs, NE, overflow Des Moines",id:1351 id:2610 id:2611 id:2612 id:2613 rr:DAIR rr:EE rr:RWRR rr:OLB id:1107 id:1115 id:1767 id:1768 id:2583 id:2584 id:3064 st:NE catchall,2356,
UP,VPNP-##,Valley Park,leaving,North Platte,,"North Platte, Sidney UP, OR, WA, ID, Western MT, WY, CO, CA, NV, UT",id:1683 id:1199 st:OR st:WA st:ID st:MT st:WY not:RCPE st:CO st:CA st:NV st:UT,2356,
UP,G3AH%-##,Global 3,leaving,Elkhart,,NS Regions A1/A2/A3/B1/C1/D1/D2,region:NS:A1 region:NS:A2 region:NS:A3 region:NS:B1 region:NS:C1 region:NS:D1 region:NS:D2,1760,
UP,LIAV-##,Livonia,leaving,Avondale,,"Avondale IM, New Orleans local traffic, Chalmette, Braithwaite",id:3533 class:im id:2201 id:2744,1959|3833,New Orleans local traffic
UP,LIAV-##,Livonia,leaving,NOGC,,NOGC,rr:NOGC,1959|3833,
UP,RVPT%-##,Roseville,leaving,Eugene,,Overflow MRVPD Eugene/Albina blocks,ref:MRVPD:Eugene/Albina,3503,
UP,RVPT%-##,Roseville,leaving,PNWR,,Overflow MRVEU PNWR block,ref:MRVEU:PNWR,3503,
UP,RVPT%-##,Roseville,leaving,Lake Yard,,"PTRC, Rainier OR, Vancouver BNSF, LVSW, PSAP, Kalama UP, BNSF Portland/Vancouver, overflow Albina",rr:PTRC id:2649 id:1702 rr:LVSW rr:PSAP id:2617 id:1877 id:2138 id:3275 id:3415 id:1587 id:1597 id:1613 id:1616 id:1621 id:1622 id:1663 id:1702 id:1854 id:2065 id:2854 id:3056 catchall,3503,
UP,RVPT%-##,Roseville,leaving,I-5 Corridor,BNSF H-LYDVBT/H-PTLPAS/Y-VAW3052,"BNSF WA/ID/MT West of Billings, CN BC/AB/SK, CPKC BC",rr:BNSF:WA/ID/MT rr:CN:BC/AB/SK rr:CPKC:BC,3503,
UP,FRSP-##,Fresno,leaving,Stockton,,"Stockton UP/BNSF, CCT, STE, MET, SERA, Lathrop, Tracy, Mariposa, Riverbank, Modesto UP/BNSF",id:1353 id:1354 id:2377 id:2934 rr:CCT rr:STE rr:MET rr:SERA id:1857 id:1783 id:1313 id:2023 id:2154 id:3461 id:3462,1021|1201|2321,
UP,FRSP-##,Fresno,leaving,Roseville,,Overflow MFRRV Roseville,ref:MFRRV:Roseville,1021|1201|2321,
UP,FRSP-##,Fresno,leaving,North Platte,MRVNP Extra section,"NE, IA, ND, SD, WI, MN, IL, KS, MO, OK, TN, BNSF MS/AL, CSX, NS, CN US, CN Canada East of Thunder Bay ON",st:NE st:IA st:ND st:SD st:WI st:MN st:IL st:KS st:MO st:OK st:TN rr:BNSF:MS/AL rr:CSX st:NS region:CN:US region:CN:East_of_Thunder_Bay,1021|1201|2321,
UP,FRSP-##,Fresno,leaving,North Platte Loaded Autos,MRVNP Extra section,Loaded autoracks for destinations in the North Platte block,ref:MSSNP:North_Platte class:auto,1021|1201|2321,
UP,RVSP%-##,Roseville,leaving,Sparks,,"Sparks, Fernley, North Reno",id:1141 id:2338 id:1131 id:2337 id:2213,3503,
UP,RVSP%-##,Roseville,leaving,North Platte,MRVNP extra section from Sparks,Overflow MRVNP North Platte block,ref:MRVNP:North_Platte,3503,
UP,RVSP%-##,Roseville,leaving,North Platte Loaded Autos,MRVNP extra section from Sparks,Loaded autoracks for destinations in the North Platte block,ref:MSSNP:North_Platte class:auto,3503,
UP,PBFW%-##,Pine Bluff,leaving,Fort Worth Autos,,"Autoracks for Midlothian, Mesquite, Arlington",id:2031 id:2032 id:2364 class:auto id:1845 id:1110 id:1918,1081|3340,
UP,PBFW%-##,Pine Bluff,leaving,Fort Worth,,"Fort Worth, Dallas, El Paso, Amarillo, NM, AZ, overflow Englewood, overflow Arlington",id:1023 id:1847 id:1888 id:1904 id:3248 id:3249 id:3250 id:3251 id:3252 id:3532 id:3535 id:1795 id:1797 id:1846 id:1938 id:3748 id:1779 id:1799 id:2099 id:1394 id:1443 id:1716 id:2632 id:2633 id:3126 id:3127 id:3128 id:3129 st:NM st:AZ catchall catchall,1081|3340,
UP,PBFW%-##,Pine Bluff,leaving,NLR Ft Worth,,NLR Ft Worth block from MNLPB,,1081|3340,NLR Ft Worth block from MNLPB
UP,DUDU%-##,Gateway,leaving,Dupo,,"Dupo, overflow CSX Avon interchange",id:1578 catchall,1300|2336,
UP,DUDU%-##,Gateway,leaving,CN Autos,IDUMN,Empty autoracks for Canton MS,class:auto,1300|2336,Empty autoracks for Canton MS
UP,BOPH-##,North Yard,leaving,Phippsburg,,"Craig, Axial",id:2121 id:2122,,
UP,PHBO-##,Craig,leaving,North Platte,,"NE, IA, ND, SD, WI, MN, KS, OK, AR, LA, MO, IL, TX, NM, All CSX, All NS, CN Canada MB Eastward, CPKC Regions 1/2/3/4, CN US",st:NE st:IA st:ND st:SD st:WI st:MN st:KS st:OK st:AR st:LA st:MO st:IL st:TX st:NM all:CSX all:NS rr:CN:MB region:CN:East_of_Thunder_Bay region:CPKC:1 region:CPKC:2 region:CPKC:3 region:CPKC:4 region:CN:US,2121,
UP,PHBO-##,Craig,leaving,North Yard,,All other traffic,catchall,2121,
UP,WCOG%-##,West Colton,leaving,Arden,,"Las Vegas, Apex, Henderson",id:1400 id:1492 id:2705 id:1402,1255,
UP,WCOG%-##,West Colton,leaving,Ogden,,"CO, WY, UT, ID, Loaded cars for Billings MT/Fairview MT/Dore ND, overflow Roseville, overflow Sparks, overflow Green River",st:CO st:WY not:RCPE st:UT st:ID catchall catchall catchall,1255,Loaded cars for Billings MT/Fairview MT/Dore ND
UP,WCOG%-##,West Colton,leaving,North Platte,MRVGR,Overflow MWCNP North Platte block,ref:MWCNP:North_Platte,1255,
UP,WCOG%-##,Las Vegas Arden yard,created at,Global 2 IM,ZSCG2,,id:1595 class:im,1400,
UP,WCOG%-##,Las Vegas Arden yard,created at,Pocatello,MOGPD,Southern ID,,1400,Southern ID
UP,WCOG%-##,Las Vegas Arden yard,created at,I-5 Corridor,MOGPD,Overflow MNPWC I-5 Corridor,ref:MNPWC:I-5_Corridor,1400,
UP,HOAS%-##,"Houston, with IM grouped by destination",leaving,Dupo IM,,"Dupo IM, Marion IM ->IDUMN, Global 4 ->IDUG4",id:1578 class:im id:1180 class:im id:2183,,
UP,HOAS%-##,"Houston, with IM grouped by destination",leaving,North Platte IM,ZDUNP,"Denver IM, Salt Lake City IM, Oakland IM, Seattle IM, Tacoma IM, 18th Street IM",id:1718 id:1769 id:1770 id:1800 id:1976 id:1977 id:1978 id:1979 id:1980 id:1981 id:2407 class:im id:1009 id:1325 id:2361 id:2362 id:3755 class:im id:3767 class:im id:1481 id:1538 id:1803 id:2008 class:im id:1502 id:1503 id:1554 id:1555 id:2626 id:2710 id:2711 id:2712 id:2714 id:3286 id:3287 id:3288 class:im id:1229 id:2046 class:im,,
UP,HOAS%-##,"Houston, with IM grouped by destination",leaving,ALS,,"St. Louis local cars, ALS, MER, IL, Janesville UP, Aderson UP, Evansville WI, Southern WSOR",id:1120 rr:ALS rr:MER st:IL id:2816 id:2821,,Aderson UP; Southern WSOR
UP,EGAS%-##,Eagle Pass,leaving,ALS,,"St. Louis local UP/BNSF/CSX/CN, ALS, MER, TRRA, Villa Grove, Dupo, DREI, Salem, Mt Vernon, Chicago, CPKC Region 1, NS Regions A1/A2/A3/C1, CSX Regions A/E",rr:ALS rr:MER rr:TRRA id:2811 id:1578 rr:DREI id:1892 id:3002 id:3003 id:3004 id:1055 id:1066 id:1072 id:1088 id:1092 id:1094 id:1098 id:1161 id:1222 id:1278 id:1279 id:1305 region:CPKC:1 region:NS:A1 region:NS:A2 region:NS:A3 region:NS:C1 region:CSX:A region:CSX:E,1608,St. Louis local
UP,NLPB%-##,North Little Rock,leaving,Pine Bluff,,"Pine Bluff, McGehee, Dierks Yard, Longview, Texarkana, overflow Englewood/Livonia, overflow MNLEW Reisor",id:1081 id:3340 id:2843 id:1044 id:2208 id:2733 id:2734 id:2735 id:3154 id:3645 id:3725 id:1729 catchall ref:MNLEW:Reisor,1920|2621|3424,Dierks Yard
UP,NLPB%-##,North Little Rock,leaving,NLR Ft Worth,MPBFW,"Dallas/Ft Worth, Arilington, Grand Prairie, Miller, DGNO, CPKC Dallas, Ennis, Hearne, Mesquite, CA, NM, AZ, El Paso, Amarillo, BNSF Dallas/Temple, San Antonio, Gardendale, Port Laredo",id:1795 id:1797 id:1846 id:1938 id:3748 id:1023 id:1847 id:1888 id:1904 id:3248 id:3249 id:3250 id:3251 id:3252 id:3532 id:3535 id:2755 id:1846 rr:DGNO rr:CPKC@1795 rr:CPKC@1797 rr:CPKC@1846 rr:CPKC@1938 rr:CPKC@3748 id:2037 id:2033 id:1845 st:CA st:NM st:AZ id:1779 id:1799 id:2099 id:1394 id:1443 id:1716 id:2632 id:2633 id:3126 id:3127 id:3128 id:3129 id:2239 id:2242 id:3118 id:3119 id:3432 id:2481 id:1285,1920|2621|3424,Arilington; BNSF Dallas/Temple
UP,OGPD%-##,Ogden,leaving,Pocatello,,"Pocatello, Conda, Aberdeen, Blackfoot, Collins, EIRR, American Falls, Don",id:1843 id:2779 id:2887 id:2885 id:2886 rr:EIRR id:3466 id:3465,1842|2168,
UP,OGPD%-##,Ogden,leaving,Hinkle,,"Eugene, Eastern OR, WA, CPKC Regions  4/5/6, STMA, Plummer ID",id:1024 id:1548 id:3919 id:3920 id:3921 st:WA region:CPKC:4 region:CPKC:5 region:CPKC:6 rr:STMA id:2199,1842|2168,Eastern OR
UP,OGPD%-##,Ogden,leaving,Albina,,"Portland, Salem, Albany, Vancouver WA, Seattle/Tacoma, TMBL, PNWR, AERC, OPR, CORP, LVSW, Kalama UP",id:1302 id:1866 id:1868 id:1877 id:2137 id:2138 id:2140 id:2141 id:2995 id:2996 id:3275 id:3276 id:1665 id:1820 id:1821 id:3846 id:3847 id:1823 id:1702 id:3056 id:1712 id:3059 id:1481 id:1538 id:1803 id:2008 id:1502 id:1503 id:1554 id:1555 id:2626 id:2710 id:2711 id:2712 id:2714 id:3286 id:3287 id:3288 rr:TMBL rr:PNWR rr:AERC rr:OPR rr:CORP rr:LVSW id:2617,1842|2168,
UP,OGPD%-##,Ogden,leaving,I-5 Corridor,MPDPT,"BNSF WA/ID/MT West of Billings, CN BC/AB/SK",rr:BNSF:WA/ID/MT rr:CN:BC/AB/SK,1842|2168,
UP,OGPD%-##,Pocatello,created at,Pocatello Hinkle,,"OR, WA",st:OR st:WA,1843,
UP,OGPD%-##,Pocatello,created at,CPKC,,CPKC Regions  3/4/5/6,region:CPKC:3 region:CPKC:4 region:CPKC:5 region:CPKC:6,1843,
UP,OGPD%-##,Pocatello,created at,Pocatello Albina,,"Portland, Salem, Albany, Vancouver WA, PNWR, AERC, OPR, CORP",id:1302 id:1866 id:1868 id:1877 id:2137 id:2138 id:2140 id:2141 id:2995 id:2996 id:3275 id:3276 id:1665 id:1820 id:1821 id:3846 id:3847 id:1823 id:1702 id:3056 id:1712 id:3059 rr:PNWR rr:AERC rr:OPR rr:CORP,1843,
UP,OGPD%-##,Pocatello,created at,Pocatello I-5 Corridor,MPDPT,I-5 Corridor block from MGRHK - do not add to this block,,1843,I-5 Corridor block from MGRHK - do not add to this block
UP,OGPD%-##,Hinkle,created at,The Dalles,,"The Dalles, Hood River, Arlington OR",id:1777 id:3161 id:2630,1895,
UP,OGPD%-##,Hinkle,created at,Tacoma IM,MPDFI,IM for Tacoma and Seattle,class:im,1895,Tacoma and Seattle
UP,HDHD-##,Kirby,leaving,Harwood,,Gonzales TXGN,,2239,Gonzales TXGN
UP,HDHD-##,Kirby,leaving,Halsted,LAK05,,id:2485,2239,
UP,HDHD-##,Gonzalez,leaving,East Yard,,All outbound traffic,,,
UP,NLNPB%-##,North Little Rock,leaving,Van Buren,,"Coffeyville, Pittsburg SKOL",id:2831 id:2832 rr:SKOL:KS,1920|2621|3424,
UP,NLNPB%-##,North Little Rock,leaving,18th Street,,"Kansas City, Kansas City interchange, St Joseph, Jefferson City",id:1059 id:1214 id:1218 id:1227 id:1301 id:1817 id:2011 id:2194 id:2195 id:1310 id:2109 id:1323,1920|2621|3424,
UP,NLNPB%-##,North Little Rock,leaving,Herington,,"Wichita, overflow AZ/NM/El Paso",id:2824 id:2825 id:2826 id:2829 catchall,1920|2621|3424,
UP,NLNPB%-##,North Little Rock,leaving,North Platte,,Overflow MNLNP North Platte,ref:MNLNP:North_Platte,1920|2621|3424,
UP,WTFW-##,Wichita,leaving,Fort Worth,,"TX, Westlake, Mossville",st:TX id:1563 id:1987 id:2358,2824|2825|2826|2829,Mossville
UP,WTFW-##,Wichita,leaving,San Antonio,,"San Antonio, Gardendale, Mexico Laredo UP, Mexico Eagle Pass UP, Port Laredo, Mexico Laredo UP",id:2239 id:2242 id:3118 id:3119 id:3432 id:2481 id:2482 id:2447 id:1285 id:2482,2824|2825|2826|2829,
UP,WTFW-##,Wichita,leaving,East Yard,,"San Antonio Kirby, Spruce 2 Calaveras, Gonzales, Halsted, San Antonio TMMTX",id:2239 id:2240 id:1160 id:2485 id:2242 id:3432,2824|2825|2826|2829,
UP,GBG3-##,Hammond Gibson,leaving,North Platte Autos,MNSNP/MPRNP/MCHNP,"UP autoracks for  CA, UT, NV, WA, OR, CO",class:auto st:UT st:NV st:WA st:OR st:CO,1863,UP autoracks for  CA
UP,GBG3-##,Hammond Gibson,leaving,Mira Loma Autos,IG2LC,Autoracks for Mira Loma,id:1406 class:auto,1863,
UP,PBEW%-##,Pine Bluff,leaving,Reisor,,Overflow MPBDI Reisor block,ref:MPBDI:Reisor,1081|3340,
UP,PBEW%-##,Pine Bluff,leaving,Reisor Autos,,Overflow MPBDI Reisor Autos block,ref:MPBDI:Reisor_Autos class:auto,1081|3340,
UP,PBEW%-##,Pine Bluff,leaving,Englewood,,"Houston Sinco, Houston Englewood, Houston Eureka, Houston Melendy, Houston Fairbanks, Houston Galena, Houston Deer Park, Spring, Westfield, Mexico Laredo BNSF/CPKC, Laredo CPKC, Kendleton, Longview BNSF, Longview Eastman BNSF, Mexico Eagle Pass BNSF, San Antonio, Gardendale, Halsted, Port Laredo, Tenaha BNSF",id:2322 id:1372 id:3784 id:1460 id:1372 id:1372 id:1878 id:3729 id:3351 id:2531 id:1375 id:2482 id:2483 id:2484 id:2050 id:2557 id:2733 id:2735 id:2446 id:2239 id:2242 id:3118 id:3119 id:3432 id:2481 id:2485 id:1285 id:2393,1081|3340,
UP,PBEW%-##,Pine Bluff,leaving,Galena Park,,Houston Galena Park,id:1878 id:3729,1081|3340,
UP,PBEW%-##,Pine Bluff,leaving,Westfield Autos,,Autoracks for Westfield,id:1375 class:auto,1081|3340,
UP,PBEW%-##,Reisor,created at,Settegast,,"PTRA, Houston Basin UP/BNSF/CPKC,  Houston Glass UP/BNSF/CPKC, Houston Tower 86, Houston Market St UP/BNSF/CPKC,  Houston Greens Bayou Pass, Channelview Smith Pass, Channelview Arco Ind Lead, Houston Old City [Booth], Houston Strang, Mexico Laredo Interchange CPKC, Laredo CPKC, Kendleton",rr:PTRA id:1374 id:3008 id:3009 id:3010 id:3011 id:3012 id:1383 id:1378 id:3017 id:3018 id:3013 id:3014 id:3015 id:1935 id:1982 id:3778 id:3779 id:2484 id:2050 id:2557,2398,
UP,CLPR%-##,Cedar Rapids,leaving,Sterling,,"Rochelle Global 3, Rochelle BNSF, West Chicago, St Charles, Belvidere",id:1760 id:2112 id:2028 id:2029 id:2451 id:2559 id:2558,1134|1753,
UP,CLPR%-##,Cedar Rapids,leaving,Proviso,,"CPKC Region 1, UP Chicago, Janesville UP/Anderson UP and adjacent WSOR, Evansville UP, Pleasant Prairie UP, Salem, Tuscola, DREI, GRW, IHB, CFE, CN Canada East of Thunder bay, US IL Eastward, NS Region B3",region:CPKC:1 rr:UP@1055 rr:UP@1066 rr:UP@1072 rr:UP@1088 rr:UP@1092 rr:UP@1094 id:2821 id:3296 id:1247 id:1892 id:1018 id:2810 rr:DREI rr:GRW rr:IHB rr:CFE region:CN:East_of_Thunder_Bay region:NS:B3,1134|1753,Janesville UP/Anderson UP and adjacent WSOR; US IL Eastward
UP,CLPR%-##,Global 3,added at,IHB,MPRNL,"IHB, CFE",rr:IHB rr:CFE,1760,
UP,CLPR%-##,Global 3,added at,CN Gary,YPRCN,"CN Canada East of Thunder bay, US IL Eastward",region:CN:East_of_Thunder_Bay,1760,US IL Eastward
UP,PRCL%-##,Proviso,leaving,Clinton,,"Decatur CN, Pekin CN, Rochelle Global 3 manifest, Rochelle BNSF",id:2462 id:2092 id:1760 id:2112,1595,
UP,PRCL%-##,Proviso,leaving,Peoria,,"IMRR, TZPR, TPW",rr:IMRR rr:TZPR rr:TPW,1595,
UP,PRCL%-##,Proviso,leaving,Marshalltown,,Overflow MPRNP Marshalltown,ref:MPRNP:Marshalltown,1595,
UP,FWSA%-##,Ft Worth,leaving,San Antonio,,"San Antonio, Port Laredo, Gardendale, Eagle Pass, Mexico Eagle Pass UP/BNSF, Mexico Eagle Pass BNSF, Overflow Mexico Laredo UP",id:2239 id:2242 id:3118 id:3119 id:3432 id:1285 id:2481 id:1608 id:2446 id:2447 id:2446 ref:Mexico:Laredo_UP,1023|1847|1888|1904|3248|3249,
UP,FWSA%-##,Ft Worth,leaving,East Yard,,"San Antonio Kirby, Spruce 2 Calaveras, TXGN, Halsted",id:2239 id:2240 rr:TXGN id:2485,1023|1847|1888|1904|3248|3249,
UP,MTMT-OLD-##,Marshalltown,leaving,Beverly,,"Cedar Rapids, CIC, overflow MNPCH Clinton/Elkhart/BRC",id:1134 id:1753 rr:CIC ref:MNPCH:Clinton/Elkhart/BRC,1287,
UP,MTMT-OLD-##,Marshalltown,leaving,Proviso,MCLPR,"IL, CPKC Region 1, CN IL+Eastern US/Canada East of Thunder Bay",st:IL region:CPKC:1 rr:CN:IL region:CN:Eastern_US region:CN:East_of_Thunder_Bay,1287,
UP,HOAS-##,"Houston, with IM grouped by destination",leaving,Dupo IM,,"Dupo IM, Marion IM ->IDUMN, Global 4 ->ZMQG4",id:1578 class:im id:1180 class:im id:2183,,
UP,HOAS-##,"Houston, with IM grouped by destination",leaving,North Platte IM,ZDUNP,"Denver IM, Salt Lake City IM, Oakland IM, Seattle IM, Tacoma IM",id:1718 id:1769 id:1770 id:1800 id:1976 id:1977 id:1978 id:1979 id:1980 id:1981 id:2407 class:im id:1009 id:1325 id:2361 id:2362 id:3755 class:im id:3767 class:im id:1481 id:1538 id:1803 id:2008 class:im id:1502 id:1503 id:1554 id:1555 id:2626 id:2710 id:2711 id:2712 id:2714 id:3286 id:3287 id:3288 class:im,,
UP,HOAS-##,"Houston, with IM grouped by destination",leaving,ALS,,"St. Louis local cars, ALS, MER, IL, TRRA, TPW, Janesville UP, Chicago UP/BNSF, BRC, IHB, CSS, IMRR, DREI, Villa Grove, Royal, Tuscola UP,Shelbyville IL, Evansville WI, WSOR, NS Regions A1/A2/A3/C1, CSX Regions A/E, CPCK Region 1",id:1120 rr:ALS rr:MER st:IL rr:TRRA rr:TPW id:2816 id:1055 id:1066 id:1072 id:1088 id:1092 id:1094 id:1098 id:1161 id:1222 id:1278 id:1279 id:1305 rr:BRC rr:IHB rr:CSS rr:IMRR rr:DREI id:2811 id:2813 id:2810 id:2812 id:2821 rr:WSOR region:NS:A1 region:NS:A2 region:NS:A3 region:NS:C1 region:CSX:A region:CSX:E region:CPKC:1,,
UP,HNWT-##,Herington,leaving,Wichita,,"Wichita UP/BNSF/SKOL, KO",id:2825 id:2824 id:2826 rr:KO,3170,
UP,HNWT-##,Herington,leaving,Ft Worth,,"Dallas/Ft Worth, Arlington, Grand Prarie, San Antonio, Gardendale, Port Laredo, Eagle Pass, Mexico Laredo UP, TXGN, Halsted, Spruce 2 Calveras Plant",id:1795 id:1797 id:1846 id:1938 id:3748 id:1023 id:1847 id:1888 id:1904 id:3248 id:3249 id:3250 id:3251 id:3252 id:3532 id:3535 id:1110 id:1918 id:2239 id:2242 id:3118 id:3119 id:3432 id:2481 id:1285 id:1608 id:2482 rr:TXGN id:2485,3170,Grand Prarie; Spruce 2 Calveras Plant
UP,ASHN%-##,Gateway,leaving,Wichta,MHNWT,"KO, Wichta, overflow Dallas/Ft Worth/San Antonio",rr:KO catchall,1300|2336,Wichta
UP,ASHN%-##,Gateway,leaving,Herington,MHNPX,"Herington, McPherson, El Paso, Amarillo, NM, AZ",id:3170 id:3171 id:3172 id:1779 id:1799 id:2099 id:1394 id:1443 id:1716 id:2632 id:2633 id:3126 id:3127 id:3128 id:3129 st:NM st:AZ,1300|2336,
UP,ASHN%-##,Gateway,leaving,Council Bluffs,MKSCB,"Council Bluffs, NE, SD, Sioux City, DAIR, EE, RWRR",id:1107 id:1115 id:1767 id:1768 id:2583 id:2584 id:3064 st:NE st:SD id:1351 id:2610 id:2611 id:2612 id:2613 rr:DAIR rr:EE rr:RWRR,1300|2336,
UP,ASHN%-##,Gateway,leaving,18th Street,,"UP KS, Kansas City, BNSF KS, CPKC MO/KS/OK, NS Regions C2/C3, overflow MASNP Neff/Fairfax",rr:UP:KS id:1059 id:1169 id:1200 id:1214 id:1218 id:1227 id:1229 id:1301 id:1620 id:1817 id:1889 id:2011 rr:BNSF:KS rr:CPKC:MO/KS/OK region:NS:C2 region:NS:C3 ref:MASNP:Neff/Fairfax,1300|2336,
UP,ASHN%-##,18th Street,created at,KC Herington,,"NM, AZ, El Paso, Mexico El Paso, Amarillo, San Antonio, Port Laredo, Gardendale, Ft Worth, Arlington, Grand Prairie, Phoenix UP, 2. Overflow Dallas/Eagle Pass/Mexico Eagle Pass UP/Mexico Laredo UP",st:NM st:AZ id:1779 id:1799 id:2099 id:2486 id:2487 id:1394 id:1443 id:1716 id:2632 id:2633 id:3126 id:3127 id:3128 id:3129 id:2239 id:2242 id:3118 id:3119 id:3432 id:1285 id:2481 id:1023 id:1847 id:1888 id:1904 id:3248 id:3249 id:3250 id:3251 id:3252 id:3532 id:3535 id:1110 id:1918 id:2755 id:1536 id:1537,1229|2046,2. Overflow Dallas/Eagle Pass/Mexico Eagle Pass UP/Mexico Laredo UP
UP,SJKC-##,St Joseph,leaving,North Platte,MKSNP,"North Platte, Sidney UP/BNSF, Alliance NE, MT, CO, NV, CA, OR, ID, WA, WY",id:1683 id:1199 id:2074 id:1356 st:MT st:CO st:NV st:CA st:OR st:ID st:WA st:WY not:RCPE,3130,
UP,SJKC-##,St Joseph,leaving,Neff,,"Neff, Fairfax, Jefferson City MO, KAW, KC State Line Junction, KC Glen Park Yard",id:1301 id:2641 id:1323 rr:KAW id:2197,3130,KC State Line Junction
UP,SJKC-##,St Joseph,leaving,ALS,,"St Louis, MER, Chicago-area traffic, All CSX, CP/CN Eastern WI/MI/ON points Eastward",id:1004 id:1277 id:1562 id:1736 id:2045 id:2174 id:2391 id:3617 rr:MER all:CSX,3130,Chicago-area traffic; CP/CN Eastern WI/MI/ON points Eastward
UP,SJKC-##,St Joseph,leaving,18th Street,YKS87,"All other outbound traffic, including all NS interchange",catchall,3130,including all NS interchange
UP,NPFR%-##,North Platte,leaving,Roseville,,"CA, West Sacramento SERA",st:CA id:3114,1683,
UP,NPFR%-##,North Platte,leaving,Stockton,,"Stockton UP, STE, MET, SERA, Modesto UP, Lathrop, Tracy, BNSF Mariposa/Rivebank/Modesto BNSF/Stockton BNSF/Pittsburg BNSF",id:1354 rr:STE rr:MET rr:SERA id:3462 id:1857 id:1783,1683,BNSF Mariposa/Rivebank/Modesto BNSF/Stockton BNSF/Pittsburg BNSF
UP,NPFR%-##,North Platte,leaving,CCT,,All CCT traffic,,1683,All CCT traffic
UP,NPFR%-##,North Platte,leaving,Fresno,,"Fresno, SJVR, Bakersfield, Goshen, Tulare",id:1021 id:1201 id:2321 rr:SJVR id:1013 id:1015 id:1133 id:1984 id:1651 id:1168,1683,
UP,NPFR%-##,Sparks,created at,Sparks Roseville,,"CA, OR, WA, MT, CPKC Regions 4/5",st:CA st:OR st:WA st:MT region:CPKC:4 region:CPKC:5,1141|2338,
UP,NPFR%-##,Sparks,created at,I-5 Corridor,MRVPT,"CPKC Region 6, CN BC/AB/SK, BNSF WA/ID/MT West of Billings",region:CPKC:6 rr:CN:BC/AB/SK rr:BNSF:WA/ID/MT,1141|2338,
UP,NPFR%-##,Sparks,created at,BNSF,,All BNSF traffic in the bay area,,1141|2338,All BNSF traffic in the bay
UP,NPFR%-##,Sparks,created at,MET,,All MET traffic,,1141|2338,All MET traffic
UP,NPTGS-##,North Platte,leaving,Green River,,"Green River, Rock Springs, overflow CA/NV/UT/OR/ID/WA",id:1393 id:1340 catchall,1683,
UP,NPTGS-##,North Platte,leaving,Westvaco Trona,,,id:1875,1683,
UP,SPRV-##,Sparks,leaving,Sparks Roseville,,"CA, OR, WA, MT, CPKC Regions 4/5, overflow Eastbound traffic",st:CA st:OR st:WA st:MT region:CPKC:4 region:CPKC:5 catchall,1141|2338,
UP,SPRV-##,Sparks,leaving,I-5 Corridor,MRVPT,"CPKC Region 6, CN BC/AB/SK, BNSF WA/ID/MT",region:CPKC:6 rr:CN:BC/AB/SK rr:BNSF:WA/ID/MT,1141|2338,
UP,WCFW%-##,West Colton,leaving,Alfalfa,,"El Paso Alfalfa/Dallas St, Amarillo North/South UP, Mexico El Paso Interchange UP/BNSF, BNSF NM/Amarillo North/South /El Paso, KS, MO, St Louis, PAL, NS Regions C1/C2, CSX Regions C/D/E",id:1799 id:1779 id:1394 id:2632 id:1658 id:3123 id:4018 id:2486 id:2487 st:KS st:MO id:1004 id:1277 id:1562 id:1736 id:2045 id:2174 id:2391 id:3617 rr:PAL region:NS:C1 region:NS:C2 region:CSX:C region:CSX:D region:CSX:E,1255,BNSF NM/Amarillo North/South /El Paso
UP,WCFW%-##,West Colton,leaving,San Antonio,MEPSI,"San Antonio, Temple, Mexico Laredo UP, Port Laredo, Mexio Eagle Pass UP, Eagle Pass, Gardendale, Gonzales, Halsted",id:2239 id:2242 id:3118 id:3119 id:3432 id:2330 id:3741 id:2482 id:1285 id:1608 id:2481 id:1160 id:2485,1255,Mexio Eagle Pass UP
UP,WCFW%-##,West Colton,leaving,West Colton Livonia,MEPST,"UP Southeast LA, NOPB, NOGC, CN LA, GOGR, CPKC Baton Rouge/New Orleans/Reserve/Shrewsbury, CSX Region B, NS Regions B1/B3/D1/D2",rr:UP:LA rr:NOPB rr:NOGC rr:CN:LA rr:GOGR id:1890 id:1422 id:1423 id:1424 id:1425 id:1426 id:1858 id:2181 id:2727 id:2937 id:2938 id:1902 id:2012 id:1424 region:CSX:B region:NS:B1 region:NS:B3 region:NS:D1 region:NS:D2,1255,
UP,WCFW%-##,West Colton,leaving,Ft Worth Loaded Autos,,"Loaded autoracks for Marion, NS/CSX Southeast",id:1180 id:1448 id:1705 class:auto region:NS:B1 region:NS:B2 region:NS:B3 region:CSX:B,1255,
UP,WCFW%-##,West Colton,leaving,Ft Worth,,"TX, OK, AR, Texarkana, Longview/Longview Eastman, Shreveport UP/CPKC, Port of Caddo-Bossier, Mansfield LA, CPKC TX/LA/AL/MS, Wichita KS, KO, BNSF TN/MS/AL, CSX Regions C/D/E, NS Region B2,  CN MS/TN/IL/Eastern US/Canada East of Thunder Bay ON",st:TX st:OK st:AR id:1251 id:1729 id:1044 id:2208 id:2733 id:2734 id:2735 id:3154 id:3645 id:3725 id:2734 id:2735 id:1153 id:1282 id:1401 id:2398 id:2397 id:2395 id:2396 rr:CPKC:TX/LA/AL/MS id:2824 id:2825 id:2826 id:2829 rr:KO rr:BNSF:TN/MS/AL region:CSX:C region:CSX:D region:CSX:E region:NS:B2,1255,CN MS/TN/IL/Eastern US/Canada East of Thunder Bay ON
UP,WCFW%-##,Alfalfa,added at,El Paso Ft Worth,,Overflow MEPFW Ft Worth,ref:MEPFW:Ft_Worth,1799,
UP,PDRV-##,Albina,leaving,Eugene,,"Eugene UP/PNWR, CORP",id:1024 id:1548 id:3919 id:3920 id:3921 rr:CORP,1302,
UP,PDRV-##,Albina,leaving,Roseville,,"CA, NV, AZ, NM, El Paso, Mexico El Paso",st:CA st:NV st:AZ st:NM id:1779 id:1799 id:2099 id:2486 id:2487,1302,
UP,PDRVB-##,Albina,leaving,Salem,,"Salem UP/PNWR, Millersburg, Albany UP",id:1820 id:1821 id:1822 id:1823,1302,
UP,PDRVB-##,Albina,leaving,Eugene,,"Eugene UP/PNWR, CORP, Klamath Falls service area",id:1024 id:1548 id:3919 id:3920 id:3921 rr:CORP id:4010,1302,
UP,PDRVB-##,Albina,leaving,Roseville,,Overflow MPDRV Roseville,ref:MPDRV:Roseville,1302,
UP,EPST-##,El Paso,leaving,Dallas St,,"El Paso Dallas St, Mexico El Paso BNSF, El Paso BNSF, BNSF NM",id:1779 id:2486 id:2099 rr:BNSF:NM,1779|1799|2099,
UP,EPST-##,El Paso,leaving,Mexico,,Mexico El Paso UP,id:2487,1779|1799|2099,
UP,EPST-##,El Paso,leaving,Global 4 IM,,,id:2183 class:im,1779|1799|2099,
UP,EPST-##,El Paso,leaving,Outbound Mexico El Paso IM for sorting at Santa Teresa,,,class:im,1779|1799|2099,Outbound Mexico El Paso IM for sorting at Santa Teresa
UP,EPST-##,El Paso,leaving,Santa Teresa,,"Phoenix, Phoenix autoracks, BNSF AZ, Mexico Nogales IM->MHNPX",id:1345 id:1536 id:1537 id:1565 id:2707 id:1345 id:1536 id:1537 id:1565 id:2707 class:auto rr:BNSF:AZ id:2489 class:im,1779|1799|2099,
UP,EPST-##,El Paso,leaving,Santa Teresa Industrial Park,,Sidings 1-5,,1779|1799|2099,Sidings 1-5
UP,EPST-##,El Paso,leaving,Santa Teresa Verde Logistics Park,,Sidings 6-10,,1779|1799|2099,Sidings 6-10
UP,EPST-##,El Paso,leaving,Mira Loma Autos,MSIML,,id:1406 class:auto,1779|1799|2099,
UP,TUEP%-##,Tuscon,leaving,El Paso,,"El Paso, NM, San Antonio, Gardendale, Temple, Mexico Laredo Interchange UP, Mexico Eagle Pass Interchange UP/BNSF, Halsted, Gonzales, CSX, NS Regions B1/B2/B3/D1/D2, TRRA, overflow ITUG4 ALS",id:1779 id:1799 id:2099 st:NM id:2239 id:2242 id:3118 id:3119 id:3432 id:2481 id:2330 id:3741 id:2482 id:2446 id:2447 id:2485 id:1160 rr:CSX region:NS:B1 region:NS:B2 region:NS:B3 region:NS:D1 region:NS:D2 rr:TRRA catchall,,
UP,TUEP%-##,Tuscon,leaving,Ft Worth,MEPFW/MWCFW,"TX, LA, OK, AR, BNSF TN/MS/AL, CN TN/MS/AL",st:TX st:LA st:OK st:AR rr:BNSF:TN/MS/AL rr:CN:TN/MS/AL,,
UP,TUEP%-##,Tuscon,leaving,Dalhart,,"Amarillo UP/BNSF, NE, KS, MO, CO, NS Regions A1/A2/A3/C1/C2/C3, BNSF NM, overflow ITUG4 Council Bluffs",id:1394 id:1443 id:1716 id:2632 id:2633 id:3126 id:3127 id:3128 id:3129 st:NE st:KS st:MO st:CO region:NS:A1 region:NS:A2 region:NS:A3 region:NS:C1 region:NS:C2 region:NS:C3 rr:BNSF:NM catchall,,
UP,CBIT%-##,Council Bluffs North Yard,leaving,Shell Rock IA IM,,,id:2077 class:im,,
UP,CBIT%-##,Council Bluffs North Yard,leaving,South St Paul,,"MN, ND, WI, overflow CSX, overflow IL, Overflow NS Regions A1/A2/A3/B1/C1/D1/D2",st:MN st:ND st:WI catchall catchall catchall,,
UP,CBIT%-##,Council Bluffs North Yard,leaving,Roseport,,Roseport UP/CPKC,id:1659 id:2290,,
UP,CBIT%-##,Council Bluffs North Yard,leaving,CPKC Interchange,,"CPKC Regions 2/3/4/5/6, DMVW",region:CPKC:2 region:CPKC:3 region:CPKC:4 region:CPKC:5 region:CPKC:6 rr:DMVW,,
UP,CBIT%-##,Council Bluffs North Yard,leaving,CN Interchange,,"CN Thunder Bay ON Westward, CN WI/MN",region:CN:Thunder_Bay_Westward rr:CN:WI/MN,,
UP,CBIT%-##,South St Paul,created at,Itasca,,"Itasca, Port Superior, Duluth Rice's Point",id:2475 id:1575 id:1514 id:2471 id:2472 id:2473,1658|3274|4018|4019,
UP,CBIT%-##,Boone,added at,Mason City,,MNPAL Mason City,ref:MNPAL:Mason_City,2839|2840,
UP,CBIT%-##,Boone,added at,South St Paul,,MNPAL IA South St Paul,ref:MNPAL:IA_South_St_Paul,2839|2840,
UP,CHCB%-##,Clearing,leaving,Peoria,,"IMRR, TZPR, TPW",rr:IMRR rr:TZPR rr:TPW,1473,
UP,CHCB%-##,Clearing,leaving,Boone,,"Boone, Des Moines, Fort Dodge, Tara, Mallard, Roelyn, Callender, Gowrie, Farnhamville, Forest City IA, Welcome UP, overflow MN, overflow KS/AZ/NM/El Paso/Mexico El Paso",id:2839 id:2840 id:1046 id:2719 id:2720 id:2721 id:2726 id:3693 id:2893 id:2894 id:2895 id:2896 id:2899 id:2989 id:2986 id:2987 id:2988 id:3071 id:2186 catchall catchall,1473,
UP,CHCB%-##,Clearing,leaving,Council Bluffs,,"Council Bluffs, Sioux City, Sargeant Bluffs, DAIR, NE",id:1107 id:1115 id:1767 id:1768 id:2583 id:2584 id:3064 id:1351 id:2610 id:2611 id:2612 id:2613 rr:DAIR st:NE,1473,Sargeant Bluffs
UP,CHCB%-##,Marshalltown and Boone,created at,IA Council Bluffs,,"Council Bluffs block plus EE, Shakopee, Savage, CN Canada Thunder Bay ON Westward, CN WI, CPKC Regions 2/3/4/5/6",id:2356 id:3270 id:2357 id:3272 id:3273 region:CN:Thunder_Bay_Westward rr:CN:WI region:CPKC:2 region:CPKC:3 region:CPKC:4 region:CPKC:5 region:CPKC:6,,Council Bluffs block plus EE
UP,KTKT-##,Kent,leaving,Seattle,LIS48,all outbound manifest,,1553|3300,
UP,KTKT-##,Kent,leaving,North Platte Empty Autos,,Empty autoracks for destinations in the MPDNP North Platte block,class:auto,1553|3300,Empty autoracks for destinations in the MPDNP North Platte block
UP,KTKT-##,Kent,leaving,Autos,,All other empty autorack destinations for sorting in Seattle,catchall class:auto,1553|3300,
UP,KTKT-##,Fife,leaving,Kent,,"Kent Auto Facility, Tukwila",id:1553 class:auto id:2624,,
UP,KTKT-##,Fife,leaving,Kent Autos,,Kent Auto Facility autoracks,id:1553 class:auto,,
UP,HKNP-##,Hinkle,leaving,North Platte,MHKNP,"NE, IA, KS, ND, SD, MN, WI, IL, MO, AR, OK, TX, LA, All CSX, All NS, CPKC Region 1, CN ON/NY/PA/MI/QC/NS/NF",st:NE st:IA st:KS st:ND st:SD st:MN st:WI st:IL st:MO st:AR st:OK st:TX st:LA all:CSX all:NS region:CPKC:1,1895,CN ON/NY/PA/MI/QC/NS/NF
UP,HKNP-##,Hinkle,leaving,North Platte Empty Autoracks,,"Empty autoracks for destinations in North Platte Loads block, all unassigned autoracks",class:auto class:auto,1895,Empty autoracks for destinations in North Platte Loads block; all unassigned
UP,PDNP%-##,Albina yard,leaving,North Platte,,"NE, IA, ND, SD, MN, WI, IL, MO, AR, KS, LA, TN, MS, AL, All CSX, All NS, CN IN/OH/PA/MB/ON/QC/NF/NS, CPKC Region 1, TX",st:NE st:IA st:ND st:SD st:MN st:WI st:IL st:MO st:AR st:KS st:LA st:TN st:MS st:AL all:CSX all:NS region:CPKC:1 st:TX,1302,CN IN/OH/PA/MB/ON/QC/NF/NS
UP,LIFW-##,Livonia,leaving,Reisor,,"Shreveport, CPKC LA/MS/OK, Waskom, Longview UP, Longview Eastman UP, Longview Greggton, Texarkana, Bodie, overflow MLINL",id:1153 id:1282 id:1401 id:2398 rr:CPKC:LA/MS/OK id:2399 id:1044 id:2734 id:3154 id:1251 id:3155 catchall,1959|3833,
UP,LIFW-##,Livonia,leaving,Ft Worth,,"Dallas/Ft Worth/Arlington, Grand Prairie, DGNO, Denison, CA, NV, NM, AZ, El Paso, Amarillo",id:1795 id:1797 id:1846 id:1938 id:3748 id:1023 id:1847 id:1888 id:1904 id:3248 id:3249 id:3250 id:3251 id:3252 id:3532 id:3535 id:2630 id:3029 id:2755 rr:DGNO id:1232 st:CA st:NV st:NM st:AZ id:1779 id:1799 id:2099 id:1394 id:1443 id:1716 id:2632 id:2633 id:3126 id:3127 id:3128 id:3129,1959|3833,
UP,EWEG-##,Englewood,leaving,Eagle Pass,,Eagle Pass UP,id:1608,1372|3784,
UP,EWEG-##,Englewood,leaving,FXE,,Mexico Eagle Pass Interchange UP,id:2447,1372|3784,
UP,SAMX-##,South San Antonio,leaving,Port Laredo,,"Port Laredo, Gardendale",id:1285 id:2481,2241|2490|3431,
UP,SAMX-##,South San Antonio,leaving,KCSM,,Mexico Laredo Interchange UP,id:2482,2241|2490|3431,
UP,OARV%-##,Oakland UP,leaving,Inland Empire IM,,,id:1102 id:1255 id:3723 class:im,1566,
UP,OARV%-##,Oakland UP,leaving,Roseville,,"CA, OR, ID, WA, UT, NV, WY, CO, MT, TX, Dore ND, CN BC/AB/SK, CPKC Canda Thunder Bay Westward, CPKC WI/ND/MN",st:CA st:OR st:ID st:WA st:UT st:NV st:WY not:RCPE st:CO st:MT st:TX id:2230 rr:CN:BC/AB/SK region:CPKC:3 region:CPKC:4 region:CPKC:5 region:CPKC:6 rr:CPKC:WI/ND/MN,1566,
UP,OARV%-##,Oakland UP,leaving,West Colton,,"NM, AZ, BNSF LA Basin, SDIY, West Colton, Oxnard/Pt. Hueme, Guadalupe, Los Nietos, Anaheim, White Hills, El Centro, Las Vegas",st:NM st:AZ rr:BNSF@1007 rr:BNSF@1102 rr:BNSF@1029 rr:SDIY id:1255 id:1303 id:1035 id:1016 id:2702 id:1784 id:1581 id:1400 id:1492,1566,
UP,OARV%-##,Oakland UP,leaving,North Platte,,"NE, IA, ND, SD, WI, MN, IL, KS, MO, OK, TN, LA, BNSF MS/AL, CSX, NS, CPKC Canada East of Thunder Bay, CN East of SK, CP/CN Eastern US, CN LA/TN/MS/AL",st:NE st:IA st:ND st:SD st:WI st:MN st:IL st:KS st:MO st:OK st:TN st:LA rr:BNSF:MS/AL rr:CSX st:NS rr:CN:LA/TN/MS/AL,1566,CPKC Canada East of Thunder Bay; CN East of SK; CP/CN Eastern US
UP,OARV%-##,Oakland UP,leaving,North Platte Loaded Autos,,Loaded autoracks for destinations in the North Platte block,ref:MSSNP:North_Platte class:auto,1566,
UP,OARV%-##,Oakland UP,leaving,West Colton Loaded Autos,,Loaded autoracks for destinations in the West Colton block,class:auto,1566,destinations in the West Colton block
UP,OARV%-##,Oakland UP,leaving,Roseville Autoracks,,Misc autoracks for routing from Roseville,class:auto,1566,Misc autoracks for routing from Roseville
UP,OARV%-##,Martinez,added at,Roseville,,All outbound manifest,,1772,
UP,OAOA%-##,Milpitas,leaving,Oakland,,"Oakland, Richmond RPRC",id:1566 id:2237 id:2293,1213,
UP,OAOA%-##,Milpitas,leaving,Roseville,MOARV,MOARV Roseville,ref:MOARV:Roseville,1213,
UP,OAOA%-##,Milpitas,leaving,West Colton,MOARV,MOARV West Colton,ref:MOARV:West_Colton,1213,
UP,OAOA%-##,Milpitas,leaving,North Platte,MOARV,MOARV North Platte,ref:MOARV:North_Platte,1213,
UP,OAOA%-##,Milpitas,leaving,North Platte Loaded Autos,MOARV,Loaded autoracks for destinations in the North Platte block,ref:MSSNP:North_Platte class:auto,1213,
UP,OAOA%-##,Milpitas,leaving,Marion Autos,IOANP,Loaded autoracks for Marion,id:1180 id:1448 id:1705 class:auto,1213,
UP,OAOA%-##,Milpitas,leaving,Empty Autoracks,,"Mostly Mexico Nogales, Los Angeles Nissan UP, Long Beach Toyota UP",id:3106 id:3096,1213,Mostly Mexico Nogales
UP,OAOA%-##,Oakland,leaving,Warm Springs,,"Warm Springs, Watsonville, Watsonville Jct, Hollister, Salinas, San Jose, Permanente, Redwood City",id:1789 id:2608 id:1790 id:2600 id:2601 id:2536 id:2534 id:2535,3767,
UP,OAOA%-##,Oakland,leaving,North San Jose,,,id:3163,3767,
UP,OAOA%-##,Oakland,leaving,Milpitas,,,id:1213,3767,
UP,EGSP-##,Eagle Pass,leaving,West Colton,MEWRV,"CA South of Stockton/Watson Jct, NV",st:NV,1608,CA South of Stockton/Watson Jct
UP,EGSP-##,Eagle Pass,leaving,Tucson,MEWRV,AZ,st:AZ,1608,
UP,EGSP-##,Eagle Pass,leaving,Roseville,MEWRV,"Rest of CA, OR, Sparks/Reno/Fernley NV",st:OR,1608,Rest of CA; Sparks/Reno/Fernley NV
UP,MUDN%-##,Muskogee,leaving,Denison,,"Denison block from MPSHO regardless of destination, Dallas block from MPSHO ->MDNFW, KRR, DQE, TX, NM, AZ, LA Basin",rr:KRR rr:DQE st:TX st:NM st:AZ,1231|2110,Denison block from MPSHO regardless of destination; Dallas block from MPSHO; LA Basin
UP,DNMU%-##,Denison,leaving,Muskogee,,"Muskogee UP, Coffeyville UP/SKOL, Pittsburg KS",id:1231 id:2831 id:2832 id:2809,2841,
UP,DNMU%-##,Denison,leaving,Tulsa,LVA74,OK,st:OK,2841,
UP,DNMU%-##,Denison,leaving,BNSF,LVA74,"Muskogee BNSF, BNSF OK",id:2110 rr:BNSF:OK,2841,
UP,RVOA%-##,Roseville,leaving,Davis,,CFNR,rr:CFNR,3503,
UP,RVOA%-##,Roseville,leaving,Ozol,,"Martinez, Pittsburg UP/BNSF ->LRJ49, Tolenas ->LRJ48, Avon CA, Rodeo CA",id:1772 id:2809 id:1794 id:3733 id:3732,3503,
UP,RVOA%-##,Roseville,leaving,Oakland,,"Oakland UP/BNSF, Pittsburg RPRC ->YOA78",id:3767,3503,Pittsburg RPRC
UP,RVOA%-##,Roseville,leaving,Warm Springs,MOAOA,"Warm Springs, Watsonville, Watsonville Jct, Redwood City, Hollister, Salinas, San Jose, North San Jose, Permanente, Newark",id:1789 id:2608 id:1790 id:2535 id:2600 id:2601 id:2536 id:3163 id:2534 id:1352,3503,
UP,RVOA%-##,Roseville,leaving,Milpitas,MOAOA,"Milptias autos/manifest, North San Jose",class:auto id:3163,3503,Milptias autos/manifest
UP,ALNP%-##,Butler,leaving,South St Paul,," UP MN, MNNR/TCWR, Mason City, IANR, IATR, Rockwell, Rake, CPKC IA, Welcome UP, Fairmont MN, Winnebago MN, BNSF MN/ND/RRVW ->YSSBN, CPKC Regions 2/3/4/5/6/DMVW ->YSSCP",rr:UP:MN rr:MNNR rr:TCWR id:2124 id:2125 id:3067 rr:IANR rr:IATR id:3069 id:3068 rr:CPKC:IA id:2186 id:1660 id:2187 region:CPKC:2 region:CPKC:3 region:CPKC:4 region:CPKC:5 region:CPKC:6 rr:DMVW,2990,BNSF MN/ND/RRVW
UP,ALNP%-##,Butler,leaving,Des Moines,MSSDM,"All Des Moines yards, Avon IA, Cedar Rapids, CIC, IAIS, MO, KS, TX, NM, AZ, CPKC MO/IL/KS/OK",id:1046 id:2719 id:2720 id:2721 id:2726 id:3693 id:2723 id:3694 id:3695 id:3696 id:1134 id:1753 rr:CIC rr:IAIS st:MO st:KS st:TX st:NM st:AZ rr:CPKC:MO/IL/KS/OK,2990,
UP,ALNP%-##,Butler,leaving,Mankato,MSSDM,"All Sioux City yards, Sargeant Bluff, DAIR, EE/RWRR/BNSF SD, RCPE, Mason City, IANR, Welcome UP, Fairmont MN, CPKC IA",id:1351 id:2610 id:2611 id:2612 id:2613 id:2609 rr:DAIR rr:RCPE id:2124 id:2125 id:3067 rr:IANR id:2186 id:1660 rr:CPKC:IA,2990,EE/RWRR/BNSF SD
UP,ALNP%-##,Butler,leaving,Valley Park,,"Shakopee/Valley Park, Savage",id:2356 id:3270 id:2356 id:2357 id:3272 id:3273,2990,
UP,ALNP%-##,Butler,leaving,Parsons,MITPS,"Parsons, Houston, Port Arthur, Westlake/Mossville LA, Coffeville, Denison, OK, AR, UP LA, CN TN/MS/AL/LA, CPKC LA/TX/MS/AL, Waskom TX Tenaha TX",id:2833 id:1372 id:1374 id:1378 id:1383 id:1460 id:1812 id:1878 id:1879 id:1880 id:1935 id:1936 id:1937 id:1241 id:1617 id:2217 id:2333 id:1563 id:1987 id:2358 id:1232 st:OK st:AR rr:UP:LA rr:CN:TN/MS/AL/LA rr:CPKC:LA/TX/MS/AL not:CSX,2990,Coffeville; Waskom TX Tenaha TX
UP,ALNP%-##,Butler,leaving,CN Interchange,MMCIT,"CN Canada Thunder Bay Westward, CN MN/WI",rr:CN:MN/WI,2990,CN Canada Thunder Bay Westward
UP,ALNP%-##,Butler,leaving,Roseport,,Roseport CP/UP traffic,,2990,Roseport CP/UP traffic
UP,ALNP%-##,Butler,leaving,North Platte,,"North Platte, Sidney UP/BNSF, Alliance NE, WY, OR, ID, WA, Western MT, CA, CO, NV, UT",id:1683 id:1199 id:2074 id:1356 st:WY not:RCPE st:OR st:ID st:WA st:MT st:CA st:CO st:NV st:UT not:CP not:CN,2990,
UP,ALNP%-##,South St Paul,created at,Boone,,"IA, NE",st:IA st:NE,1658|3274|4018|4019,
UP,ALNP%-##,Grand Island,created at,Seattle IM,MNPAL,"Pocatello, Portland Terminal 6 UP, Tacoma Washington United , Tacoma Container Terminal, Seattle Argo, Seattle Harbor Island",id:1843 id:2140 id:2711 id:3289 id:2712 id:1481 id:1538,2261,
UP,ALNP%-##,Grand Island,created at,LA Basin IM,MNPAL,"Dolores/ICTF, Long Beach, Terminal Island, LA Harbor",id:1001 id:1014 id:1149 id:2514 id:2515 id:2516 id:2517 id:3090 id:3091 id:3092 id:3093 id:3094 id:3095 id:1389 id:3097 id:1103 id:1090,2261,
UP,GRNY-##,Green River,leaving,North Yard,,"UP CO, DRIR",rr:UP:CO rr:DRIR,1393,
UP,GRNY-##,Green River,leaving,36th Street,,"Denver 36th Street, Sand Creek Yard, Belt Line, Rolla",id:1769 id:1976 id:1718 id:1917,1393,
UP,GRNY-##,Green River,leaving,BNSF,,BNSF CO,rr:BNSF:CO,1393,
UP,ROOG%-##,Roper,leaving,Roseville,,CA North of Mojave,,1009,CA North of Mojave
UP,ROOG%-##,Roper,leaving,Albina,MOGPD,"MOGPC Albina block, PTRC, Rainier OR, LVSW, CLC, PSAP",ref:MOGPC:Albina rr:PTRC id:2649 rr:LVSW rr:CLC rr:PSAP,1009,
UP,ROOG%-##,Roper,leaving,I-5 Corridor,MOGPD,"CN BC/AB/SK, CPKC BC, BNSF WA/ID/MT West of Billings",rr:CN:BC/AB/SK rr:CPKC:BC rr:BNSF:WA/ID/MT,1009,
UP,ROOG%-##,Roper,leaving,Pocatello,MOGPD,ID,st:ID,1009,
UP,ROOG%-##,Roper,leaving,Ogden,,"AZ, NM, NV, El Paso, Amarillo, Ogden, STMA, Plummer ID, Misc traffic for sorting at Ogden not on any other outbound train/block, overflow Green River/Cheyenne",st:AZ st:NM st:NV id:1779 id:1799 id:2099 id:1394 id:1443 id:1716 id:2632 id:2633 id:3126 id:3127 id:3128 id:3129 id:1842 id:2168 rr:STMA id:2199 catchall,1009,Misc traffic for sorting at Ogden not on any other outbound train/block
UP,HNTP%-##,Herington,leaving,North Platte,MASNP/MKSNPB/MNLNPB,"Northern CA, OR, WA, ID, MT, CO, UT, WY, NV, overflow Southern CA",st:OR st:WA st:ID st:MT st:CO st:UT st:WY not:RCPE st:NV catchall,3170,Northern CA
UP,HNTP%-##,Herington,leaving,Topeka,,Overflow MTPKS,catchall,3170,
UP,EWMX-##,Englewood,leaving,KCSM,,Mexico Laredo UP,id:2482,1372|3784,
UP,EWMX-##,Englewood,leaving,East Yard,,Overflow MEWSA East Yard block,ref:MEWSA:East_Yard,1372|3784,
UP,ARFW%-##,Arlington Garrett,leaving,Livonia,MFWLI,"UP Southeast LA, New Orleans, CN LA, CSX Regions B/D, NS Region B3",rr:UP:LA id:1422 id:1423 id:1424 id:1425 id:1426 id:1858 id:2181 id:2727 id:2937 id:2938 rr:CN:LA region:CSX:B region:CSX:D region:NS:B3,1918,
UP,ARFW%-##,Arlington Garrett,leaving,Ennis,MFWBZ,"Ennis, TCB, Midlothian Railport UP, Hearne, Benchley, Valley Jct, Bryan, Easterly, Mexico Eagle Pass UP, Mexico Laredo UP, Eagle Pass",id:2037 rr:TCB id:2364 id:2033 id:2553 id:2554 id:2555 id:2447 id:2482 id:1608,1918,Valley Jct
UP,ARFW%-##,Arlington Garrett,leaving,Ft Worth,,All other outbound traffic not in MARAS or other blocks,catchall,1918,
UP,DNFW%-##,Denison,leaving,Ft Worth,,"Eagle Pass, Mexico Eagle Pass UP, All traffic not covered by other blocks or MDNMU",id:1608 id:2447,2841,
UP,DNFW%-##,Denison,leaving,Ennis,MFBZ,"Ennis, TCB, Midlothian Railport UP, Hearne, Benchley, Valley Jct, Bryan, Easterly, Mexico Laredo UP",id:2037 rr:TCB id:2364 id:2033 id:2553 id:2554 id:2555 id:2482,2841,Valley Jct
UP,DNFW%-##,Denison,leaving,Dallas,MFWDA,"Dallas, DGNO, Mesquite, Texarkana, Longview, Hearne, Shreveport, CPKC OK/MS, Port of Caddo-Bossier, Mansfield LA",id:1795 id:1797 id:1846 id:1938 id:3748 rr:DGNO id:1845 id:1251 id:1044 id:2733 id:2734 id:2735 id:3154 id:2033 id:1153 id:1282 id:1401 id:2398 rr:CPKC:OK/MS id:2397 id:2395 id:2396,2841,
UP,FWHO-##,Ft Worth,leaving,Settegast,,Settegast service area [traffic served from both Settegast and Englewood can go on either train],,1023|1847|1888|1904|3248|3249,Settegast service area [traffic served from both Settegast and Englewood can go on either train]
UP,NLBO%-##,North Little Rock,leaving,Council Bluffs,,"Coucil Bluffs, Bayard, CN IA, Cedar Rapids, Des Moines, Avon, CIC, IAIS, NE, Des Moines",id:3066 rr:CN:IA id:1134 id:1753 id:1046 id:2719 id:2720 id:2721 id:2726 id:3693 id:2723 id:3694 id:3695 id:3696 rr:CIC rr:IAIS st:NE id:1046 id:2719 id:2720 id:2721 id:2726 id:3693,1920|2621|3424,Coucil Bluffs
UP,NLBO%-##,North Little Rock,leaving,Boone,,"IA,ND, MN, WI",st:IA st:ND st:MN st:WI,1920|2621|3424,
UP,NLBO%-##,North Little Rock,leaving,CB North Yard,,"RCPE, Sioux City, Sargeant Bluff, DAIR, EE, SD, Shakopee/Valley Park, Savage MN, Roseport, MN, CN WI/Canada Thunder Bay Westward, [CPKC Regions 2/3/4/5/6 from Coffeyville]",rr:RCPE id:1351 id:2610 id:2611 id:2612 id:2613 id:2609 rr:DAIR rr:EE st:SD id:2356 id:3270 id:2356 id:2357 id:3272 id:3273 id:1659 id:2290 st:MN,1920|2621|3424,CN WI/Canada Thunder Bay Westward; [CPKC Regions 2/3/4/5/6 from Coffeyville]
UP,LIAV%-##,Livonia,leaving,Avondale,,"Avondale IM, New Orleans locals, New Orleans interchange",id:3533 class:im,1959|3833,New Orleans locals; New Orleans interchange
UP,LIAV%-##,Livonia,leaving,NOGC,,NOGC,rr:NOGC,1959|3833,
UP,LIAV%-##,Livonia,leaving,CSX New Orleans,MLIGN,Overflow MLIGN CSX New Orleans,ref:MLIGN:CSX_New_Orleans,1959|3833,
UP,LIAV%-##,Livonia,leaving,CSX Waycross,MLIWX/MLIGN,Overflow MLIWX Waycross,ref:MLIWX:Waycross,1959|3833,
UP,LIAV%-##,Livonia,leaving,NS Birmingham,MLINSB,Overflow MLINSB,catchall,1959|3833,
UP,LIAV%-##,Livonia,leaving,NS Chattanooga,MLINSL,Overflow MLINSL Chattanooga,ref:MLINSL:Chattanooga,1959|3833,
UP,LINSB%-##,Livonia,leaving,Birmingham Norris NS,run through on NS 344,NS Regions B1/B2/B3,region:NS:B1 region:NS:B2 region:NS:B3,1959|3833,
UP,LINSB%-##,Livonia,leaving,Avondale,,Overflow MLIAV Avondale,ref:MLIAV:Avondale,1959|3833,
UP,LINSB%-##,Livonia,leaving,NOGC,,Overflow NOGC,catchall,1959|3833,
UP,LINSB%-##,Livonia,leaving,NS New Orleans,NOPB transfer,"New Orleans Oliver Yard, Chalmette, Braithwaite",id:1426 id:2201 id:2744,1959|3833,
UP,LINSL%-##,Livonia,leaving,"Chattanooga NS (NS Regions A1, D1, D2) - No Taylor/DL",,,,1959|3833,"Chattanooga NS (NS Regions A1, D1, D2) - No Taylor/DL"
UP,LINSL%-##,Livonia,leaving,Austell IM,,,id:1244 class:im,1959|3833,
UP,LINSL%-##,Livonia,leaving,Avondale,,Overflow MLIAV Avondale,ref:MLIAV:Avondale,1959|3833,
UP,LINSL%-##,Livonia,leaving,NOGC,,Overflow NOGC,catchall,1959|3833,
UP,PBDI%-##,Pine Bluff,leaving,Reisor Autos,,Loaded autoracks for Shreveport Reisor,id:2398 class:auto,1081|3340,
UP,PBDI%-##,Pine Bluff,leaving,Reisor,,"Shreveport, CPKC TX/OK/MS/AL/Northern LA, Port of Caddo-Bossier, Mansfield LA, Waskom TX",id:1153 id:1282 id:1401 id:2398 id:2397 id:2395 id:2396 id:2399,1081|3340,CPKC TX/OK/MS/AL/Northern LA
UP,PBDI%-##,Pine Bluff,leaving,Longview,,"Longview UP, Longview Eastman UP, Longview Greggton, Brodie",id:1044 id:2734 id:3154,1081|3340,
UP,PBDI%-##,Pine Bluff,leaving,Dallas,,"Dallas, DGNO, Dallas CPKC, Mesquite",id:1795 id:1797 id:1846 id:1938 id:3748 rr:DGNO id:1795 id:1845,1081|3340,
UP,PBDI%-##,Pine Bluff,leaving,Mira Loma Autos,IDILB,Loaded autoracks for Mira Loma,id:1406 class:auto,1081|3340,
UP,PBDI%-##,Reisor,added at,LA Ft Worth,MDAFW,"Dallas, Ft Worth, Arlington, Ennis, Hearne, Mesquite, CA, NM, AZ, El Paso, Amarillo",id:1795 id:1797 id:1846 id:1938 id:3748 id:1023 id:1847 id:1888 id:1904 id:3248 id:3249 id:3250 id:3251 id:3252 id:3532 id:3535 id:1110 id:1918 id:2037 id:2033 id:1845 st:CA st:NM st:AZ id:1779 id:1799 id:2099 id:1394 id:1443 id:1716 id:2632 id:2633 id:3126 id:3127 id:3128 id:3129,2398,
UP,PBDI%-##,Reisor,added at,Arlington Empty Autos,MDAFW,Empty autoracks for Arlington,class:auto,2398,Empty autoracks for Arlington
UP,PBDI%-##,Longview,added at,TX FT worth,MDAFW,"TX, CA, NM, AZ",st:TX st:CA st:NM st:AZ,1044|2208|2733|2734|2735|3154,
UP,OGRO%-##,Ogden yard,leaving,Roper,,"Salt Lake City yards, UCRY, UTAH RR, MROMI manifest blocks",id:1009 id:1325 id:2361 id:2362 id:3755 rr:UCRY rr:UTAH,1842|2168,MROMI manifest blocks
UP,OGRO%-##,Ogden yard,leaving,North Platte,MRONP,Overflow MRVGR North Platte,ref:MRVGR:North_Platte,1842|2168,
UP,OGRO%-##,Ogden yard,leaving,North Platte Loaded Autos,MRONP,Overflow MRVGR North Platte Loaded Autos,ref:MRVGR:North_Platte class:auto class:loaded,1842|2168,
UP,OGRO%-##,Ogden yard,leaving,Tesla Autos,MROMI,Empty autoracks for Milplitas,class:auto,1842|2168,Empty autoracks for Milplitas
UP,EGLI%-##,Eagle Pass,leaving,Kirby Autos,,Loaded autoracks for San Antonio Kirby,id:2239 class:auto,1608,
UP,EGLI%-##,Eagle Pass,leaving,Livonia,,"LA, Waskom TX, Tenaha UP TX, Texarkana UP/CPKC, CPKC MS/AL, CSX Regions B/D, NS Regions B1/B3/D1",st:LA id:2399 id:2394 id:1251 id:1729 rr:CPKC:MS/AL region:CSX:B region:CSX:D region:NS:B1 region:NS:B3 region:NS:D1,1608,
UP,SXCB%-##,Sioux City,leaving,BRC,,"CSX, BRC, CSS, CRL",rr:CSX rr:BRC rr:CSS rr:CRL,1351|2610|2611|2612|2613,
UP,SXCB%-##,Sioux City,leaving,Valley Park,,"MN, RCPE",st:MN rr:RCPE,1351|2610|2611|2612|2613,
UP,SXCB%-##,Sioux City,leaving,Council Bluffs,,"NE, IA, South St Paul, overflow North Platte, all other destinations not covered by other trains/blocks",st:NE st:IA id:1658 id:3274 id:4018 id:4019 catchall catchall,1351|2610|2611|2612|2613,
UP,RONP-##,Roper,leaving,Green River,,"WY, CO, Potash UT, SRRR, BNSF WY, Billings MT, Fairview MT, Dore ND",st:WY not:RCPE st:CO id:2782 rr:SRRR rr:BNSF:WY id:1893 id:2335 id:2230,1009,
UP,RONP-##,Roper,leaving,North Platte,,"CPKC Regions 1/2/3, CN Canada MB Eastward, CN US, NE, IA, ND, SD, MN, WI, IL, KS, MO, AR, OK, TX, LA, All NS, All CSX",region:CPKC:1 region:CPKC:2 region:CPKC:3 rr:CN:MB region:CN:East_of_Thunder_Bay region:CN:US st:NE st:IA st:ND st:SD st:MN st:WI st:IL st:KS st:MO st:AR st:OK st:TX st:LA all:NS all:CSX,1009,
UP,RONP-##,Roper,leaving,North Platte Empty Autos,,Empty autoracks for destinations in the North Platte block,class:auto,1009,Empty autoracks for destinations in the North Platte block
UP,FWWT%-##,Davidson,leaving,FWWR,,Overflow YFW82 FWWR,catchall,2973,
UP,FWWT%-##,Davidson,leaving,Wichita,,"Wichita, KO, Herington, McPherson UP/KO, Conway KS, CPKC MO/IL/KS, IA, MO, KS, ND, SD, MN, NE, Itasca, Port Superior, CPKC Regions 2/3/4/5/6, DMVW, RRVW, CN WI/MN/Canada Thunder Bay ON Westward, OR, CO, WY, UT, ID, MT, WA, North Platte, Sidney UP",id:2824 id:2825 id:2826 id:2829 rr:KO id:3170 id:3171 id:3172 id:3173 rr:CPKC:MO/IL/KS st:IA st:MO st:KS st:ND st:SD st:MN st:NE id:2475 id:1575 region:CPKC:2 region:CPKC:3 region:CPKC:4 region:CPKC:5 region:CPKC:6 rr:DMVW rr:RRVW st:OR st:CO st:WY not:RCPE st:UT st:ID st:MT st:WA id:1683 id:1199,2973,CN WI/MN/Canada Thunder Bay ON Westward
UP,OGPD-##,Ogden,leaving,Pocatello,,"Pocatello, Conda, Aberdeen, Blackfoot, Collins, EIRR, American Falls, Don",id:1843 id:2779 id:2887 id:2885 id:2886 rr:EIRR id:3466 id:3465,1842|2168,
UP,OGPD-##,Ogden,leaving,Hinkle,,"Eugene, Eastern OR, WA, CPKC Regions  4/5/6, STMA, Plummer ID",id:1024 id:1548 id:3919 id:3920 id:3921 st:WA region:CPKC:4 region:CPKC:5 region:CPKC:6 rr:STMA id:2199,1842|2168,Eastern OR
UP,OGPD-##,Ogden,leaving,Albina,,"Portland, Salem, Albany, Vancouver WA, Seattle/Tacoma, TMBL, PNWR, AERC, OPR, CORP, LVSW, Kalama UP",id:1302 id:1866 id:1868 id:1877 id:2137 id:2138 id:2140 id:2141 id:2995 id:2996 id:3275 id:3276 id:1665 id:1820 id:1821 id:3846 id:3847 id:1823 id:1702 id:3056 id:1712 id:3059 id:1481 id:1538 id:1803 id:2008 id:1502 id:1503 id:1554 id:1555 id:2626 id:2710 id:2711 id:2712 id:2714 id:3286 id:3287 id:3288 rr:TMBL rr:PNWR rr:AERC rr:OPR rr:CORP rr:LVSW id:2617,1842|2168,
UP,OGPD-##,Ogden,leaving,I-5 Corridor,MPDPT,"BNSF WA/ID/MT West of Billings, CN BC/AB/SK",rr:BNSF:WA/ID/MT rr:CN:BC/AB/SK,1842|2168,
UP,OGPD-##,Pocatello,created at,Pocatello Hinkle,,"OR, WA",st:OR st:WA,1843,
UP,OGPD-##,Pocatello,created at,CPKC,,CPKC Regions  3/4/5/6,region:CPKC:3 region:CPKC:4 region:CPKC:5 region:CPKC:6,1843,
UP,OGPD-##,Pocatello,created at,Pocatello I-5 Corridor,MPDPT,I-5 Corridor block from MGRHK - do not add to this block,,1843,I-5 Corridor block from MGRHK - do not add to this block
UP,OGPD-##,Hinkle,created at,The Dalles,,"The Dalles, Hood River, Arlington OR",id:1777 id:3161 id:2630,1895,
UP,OGPD-##,Hinkle,created at,Tacoma IM,MPDFI,IM for Tacoma and Seattle,class:im,1895,Tacoma and Seattle
UP,OGPD-##,Hinkle,created at,Seattle Harbor Island IM,MPDFI,IM for Seattle Harbor Island,id:1538 class:im,1895,
UP,EWWC-##,Englewood,leaving,West Colton,,"CA, NV, UT",st:CA st:NV st:UT,1372|3784,
UP,EWWC-##,Englewood,leaving,Phoenix,MTUPX - May optionally sort traffic or forward to Phoenix for proto sorting,AZ,st:AZ,1372|3784,
UP,FXAS%-##,Fairfax,leaving,ALS,,"All CSX, St Louis, ALS, MER, IL, Pleasant Prairie UP, Janesville UP, WSOR, CPKC Region 1, CN Northeast US, CN Canada East of Thunder Bay, autoracks for these destinations",all:CSX id:1004 id:1277 id:1562 id:1736 id:2045 id:2174 id:2391 id:3617 rr:ALS rr:MER st:IL id:1247 id:2816 rr:WSOR region:CPKC:1 region:CN:East_of_Thunder_Bay class:auto,2641,CN Northeast US; these destinations
UP,NPDV%-##,North Platte,leaving,Rolla Autos,,,id:1917 class:auto,1683,
UP,NPDV%-##,North Platte,leaving,Denver 36th Street IM,,,id:1769 class:im,1683,
UP,NPDV%-##,North Platte,leaving,Cheyenne,,"Cheyenne UP, SRRR, Carr CO, BNSF WY, BNSF MT, Dore, ND, overflow MNPNY",id:1874 rr:SRRR id:1633 rr:BNSF:WY rr:BNSF:MT id:2230 st:ND catchall,1683,
UP,PBDI-OLD-##,Pine Bluff,leaving,Reisor Autos,,Loaded autoracks for Shreveport Reisor,id:2398 class:auto,1081|3340,
UP,PBDI-OLD-##,Pine Bluff,leaving,Reisor,,"Shreveport, CPKC TX/OK/MS/AL/Northern LA, Port of Caddo-Bossier, Mansfield LA, Waskom TX, Tenaha TX",id:1153 id:1282 id:1401 id:2398 id:2397 id:2395 id:2396 id:2399 id:2393 id:2394,1081|3340,CPKC TX/OK/MS/AL/Northern LA
UP,PBDI-OLD-##,Pine Bluff,leaving,Longview,,"Longview UP, Longview Eastman UP, Longview Greggton, Brodie",id:1044 id:2734 id:3154,1081|3340,
UP,PBDI-OLD-##,Pine Bluff,leaving,Dallas,,"Dallas, DGNO, Dallas CPKC, Mesquite",id:1795 id:1797 id:1846 id:1938 id:3748 rr:DGNO id:1795 id:1845,1081|3340,
UP,PBDI-OLD-##,Pine Bluff,leaving,Mira Loma Autos,IDILB,Loaded autoracks for Mira Loma,id:1406 class:auto,1081|3340,
UP,PBDI-OLD-##,Reisor,added at,LA Ft Worth,MDAFW,"Dallas, Ft Worth, Arlington, Ennis, Hearne, Mesquite, CA, NM, AZ, El Paso, Amarillo",id:1795 id:1797 id:1846 id:1938 id:3748 id:1023 id:1847 id:1888 id:1904 id:3248 id:3249 id:3250 id:3251 id:3252 id:3532 id:3535 id:1110 id:1918 id:2037 id:2033 id:1845 st:CA st:NM st:AZ id:1779 id:1799 id:2099 id:1394 id:1443 id:1716 id:2632 id:2633 id:3126 id:3127 id:3128 id:3129,2398,
UP,PBDI-OLD-##,Reisor,added at,Arlington Empty Autos,MDAFW,Empty autoracks for Arlington,class:auto,2398,Empty autoracks for Arlington
UP,PBDI-OLD-##,Longview,added at,TX FT worth,MDAFW,"TX, CA, NM, AZ",st:TX st:CA st:NM st:AZ,1044|2208|2733|2734|2735|3154,
UP,EABO-##,Callender,leaving,Council Bluffs,,MCHCB Council Bluffs block,ref:MCHCB:Council_Bluffs,2986,
UP,EABO-##,Callender,leaving,Boone,,All outbound traffic not covered by other blocks/trains,,2986,
UP,KBSAR-##,Kirby yard,leaving,Phoenix Autos,MSAEW,Loaded autoracks for Phoenix,id:1345 id:1536 id:1537 id:1565 id:2707 class:auto,2239,
UP,KBSAR-##,Kirby yard,leaving,Toyota TMMTX empty autoracks,YSA82,,id:2242 id:3432 class:auto class:empty,2239,
UP,KBSAR-##,Kirby yard,leaving,Toronto empty autoracks,MLDNL,,id:1311 id:1369 id:1370 id:1376 id:1395 id:1408 id:1516 id:1669 class:auto class:empty,2239,
UP,KBSAR-##,Kirby yard,leaving,NS Toyota empty autoracks,MLDNL,"Lafayette South Yard, Georgetown Deplain",id:1532,2239,Georgetown Deplain
UP,KBSAR-##,Kirby yard,leaving,SoSan Autos,,Misc. autoracks for sorting at SoSan,class:auto,2239,Misc. autoracks for sorting at SoSan
UP,KBSAR-##,Kirby yard,leaving,Mira Loma Autos,ISALB,Loaded autoracks for Mira Loma,id:1406 class:auto,2239,
UP,KBSAR-##,Kirby yard,leaving,SAIT Autos,,Autoracks for Westfield ->ILBHO,id:1375 class:auto,2239,
UP,KBSAR-##,South San Antonio Yard,leaving,Mira Loma Autos,,Loaded autoracks for Mira Loma,id:1406 class:auto,2241,
UP,KBSAR-##,South San Antonio Yard,leaving,SAIT Autos,,Autoracks for Westfield ->ILBHO,id:1375 class:auto,2241,
UP,MTMT%-##,Marshalltown,leaving,Beverly,,"Cedar Rapids, CIC, IANR, South Amana, Iowa City IAIS, Wilton, Rock Island IAIS",id:1134 id:1753 rr:CIC rr:IANR id:2402 id:2153 id:2403 id:2375,1287,
UP,MTMT%-##,Marshalltown,leaving,Clinton,,"IMRR, TZPR, TPW, overflow MNPCH Sterling block",rr:IMRR rr:TZPR rr:TPW ref:MNPCH:Sterling,1287,
UP,MTMT%-##,Marshalltown,leaving,Proviso,MCLPR,"IL, CPKC Region 1, CN IL+Eastern US/Canada East of Thunder Bay",st:IL region:CPKC:1 rr:CN:IL region:CN:Eastern_US region:CN:East_of_Thunder_Bay,1287,
UP,MTMT%-##,Marshalltown,leaving,Elkhart,MCBCH,MCBCH Elkhart block,ref:MCBCH:Elkhart,1287,
UP,MTMT%-##,Marshalltown,leaving,BRC,MCBCH,MCBCH BRC block,ref:MCBCH:BRC,1287,
UP,KBEG-##,Settegast,leaving,Eagle Pass,,Eagle Pass UP,id:1608,3480,
UP,KBEG-##,Settegast,leaving,FXE,,Mexico Eagle Pass Interchange UP autos/manifest,class:auto,3480,Mexico Eagle Pass Interchange UP autos/manifest
UP,KSTP%-##,18th Street,leaving,Topeka,MTPKS,Kansas City Muncie,id:2312,1229|2046,
UP,KSTP%-##,18th Street,leaving,ALS,ITUAS,"All CSX, St Louis, ALS, TRRA, MER, Chicago UP, WSOR, CPKC Region 1, CN IL/Eastern US, CN Canada East of Thunder Bay ON, BNSF IL",all:CSX id:1004 id:1277 id:1562 id:1736 id:2045 id:2174 id:2391 id:3617 rr:ALS rr:TRRA rr:MER id:2038 rr:WSOR region:CPKC:1 region:CN:East_of_Thunder_Bay rr:BNSF:IL,1229|2046,CN IL/Eastern US
UP,KSTP%-##,18th Street,leaving,NS,MTPNS,"NS Regions A1/A2/A3/B1/C1/C2/D1, All NS autoracks",region:NS:A1 region:NS:A2 region:NS:A3 region:NS:B1 region:NS:C1 region:NS:C2 region:NS:D1 all:NS class:auto,1229|2046,
UP,LKLI-##,Lake Charles,leaving,Livonia,,"LA, Tenaha UP, Waskom, Texarkana UP/CPKC, CPKC MS/AL, NS Regions B1/B3/D1, CSX Regions B/D",st:LA id:2394 id:2399 id:1251 id:1729 rr:CPKC:MS/AL region:NS:B1 region:NS:B3 region:NS:D1 region:CSX:B region:CSX:D,3277|3278,
UP,LKLI-##,Lake Charles,leaving,North Little Rock,,"AR, OK, IL, MO, KS, IA, NE, CPKC Regions 1-6, UP/WSOR South of Milwaukee, CN Canada East of Thunder Bay ON, All CN US except IA/LA, NS Regions A1/A2/A3/B2/C1/C2/D2, CSX Regions A/C/E",st:AR st:OK st:IL st:MO st:KS st:IA st:NE region:CN:East_of_Thunder_Bay region:NS:A1 region:NS:A2 region:NS:A3 region:NS:B2 region:NS:C1 region:NS:C2 region:NS:D2 region:CSX:A region:CSX:C region:CSX:E,3277|3278,CPKC Regions 1-6; UP/WSOR South of Milwaukee; All CN US except IA/LA
UP,LIBT-##,Livonia,leaving,Lake Charles,,"Westlake UP/CPKC/BNSF, West Lake Charles UP/CPKC/BNSF, Port of Lake Charles UP/CPKC/BNSF, Mossville",id:1563 id:1987 id:2358 id:3282 id:3283 id:3284 id:3279 id:3280 id:3281,1959|3833,Mossville
UP,LIBT-##,Livonia,leaving,Beaumont,,Port Arthur UP/CPKC,id:1241 id:1617 id:2217 id:2333,1959|3833,
UP,EWBT%-##,Houston,leaving,Lake Charles,,"All Lake Charles/West Lake/West Lake Charles BNSF, UP, and CPKC traffic",id:3278 id:3281 id:3284 rr:UP,1372|1374|1378|1383|1460|1812,and CPKC traffic
UP,EWBT%-##,Houston,leaving,Beaumont,,Port Arthur UP/CPKC,id:1241 id:1617 id:2217 id:2333,1372|1374|1378|1383|1460|1812,
UP,MTMT%-##,Cedar Rapids,leaving,Marshalltown,,"NE, IA, MN, ND, SD, CPKC Regions 2/3/4/5/6, CN WI/MN/Canada Thunder Bay Westward, Overflow Council Bluffs",st:NE st:IA st:MN st:ND st:SD region:CPKC:2 region:CPKC:3 region:CPKC:4 region:CPKC:5 region:CPKC:6 rr:CN:WI/MN region:CN:Thunder_Bay_Westward catchall,1134|1753,
UP,MTMT%-##,Cedar Rapids,leaving,Des Moines,MDMDM,"Des Moines, Avon, Altoona, Grimes, Newton, MO, IA, AZ, NM, KS, TX, OK, AR, LA, NS Regions B2/B3/C2",id:1046 id:2719 id:2720 id:2721 id:2726 id:3693 id:2723 id:3694 id:3695 id:3696 id:2722 id:2724 id:1339 st:MO st:IA st:AZ st:NM st:KS st:TX st:OK st:AR st:LA region:NS:B2 region:NS:B3 region:NS:C2,1134|1753,
UP,MTMT%-##,Cedar Rapids,leaving,North Platte,,Overflow MPRNP North Platte,ref:MPRNP:North_Platte,1134|1753,
UP,EABOB-##,Marshalltown,leaving,Boone,,Overflow MBOBO Boone,ref:MBOBO:Boone,1287,
UP,EABOB-##,Marshalltown,leaving,Council Bluffs,,Overflow MBOBO Council Bluffs,ref:MBOBO:Council_Bluffs,1287,
UP,BOBO%-##,Marshalltown,leaving,Boone,,"IA, MN, ND",st:IA st:MN st:ND,1287,
UP,BOBO%-##,Marshalltown,leaving,Council Bluffs,,"Council Bluffs, Sergeant Bluff, Bayard, Hancock, Carter Lake, NE, SD, Sioux City, CN Canada Thunder Bay ON Westward, CN WI, CPKC Regions 2/3/4/5/6",id:1107 id:1115 id:1767 id:1768 id:2583 id:2584 id:3064 id:2609 id:3066 id:3065 id:2205 st:NE st:SD id:1351 id:2610 id:2611 id:2612 id:2613 region:CN:Thunder_Bay_Westward rr:CN:WI region:CPKC:2 region:CPKC:3 region:CPKC:4 region:CPKC:5 region:CPKC:6,1287,
UP,DMDM%-##,Boone,leaving,Des Moines,,"Des Moines, IAIS, Avon IA, MO, AZ, NM, KS, TX, OK, AR, LA, NS Regions B2/B3/C2",id:1046 id:2719 id:2720 id:2721 id:2726 id:3693 rr:IAIS id:2723 id:3694 id:3695 id:3696 st:MO st:AZ st:NM st:KS st:TX st:OK st:AR st:LA region:NS:B2 region:NS:B3 region:NS:C2,2839|2840,
UP,DMDM%-##,Boone,leaving,Des Moines Hull Avenue,,,id:2726,2839|2840,
UP,NYPU-##,North Yard,leaving,"Colorado Springs (Colorado Springs, Colorado Springs Kelker UP, Colorado Springs Russina, Fountain UP) - BNSF to 38th Street",,,,,"Colorado Springs (Colorado Springs, Colorado Springs Kelker UP, Colorado Springs Russina, Fountain UP) - BNSF to 38th Street"
UP,NYPU-##,North Yard,leaving,Pueblo,,"Pueblo UP/BNSF, Baxter, Bragdon, Parkdale, Minnequa, Rio Grand UP/BNSF, Walsenburg BNSF/UP",id:3323 id:3324 id:3328 id:3329 id:3325 id:3326 id:3327 id:3328 id:3329 id:3332 id:3333,,Rio Grand
UP,PUNY-##,Pueblo,leaving,North Platte,,MNYNP North Platte block,ref:MNYNP:North_Platte,3323|3324|3328|3329,
UP,PUNY-##,Pueblo,leaving,Green River,,MNYCY Green River block,ref:MNYCY:Green_River,3323|3324|3328|3329,
UP,PUNY-##,Pueblo,leaving,I-5 Corridor,,MNYCY I-5 Corridor block,ref:MNYCY:I-5_Corridor,3323|3324|3328|3329,
UP,PUNY-##,Pueblo,leaving,North Yard,,All other traffic for sorting at North Yard,catchall,3323|3324|3328|3329,
UP,PTHO%-##,Pasadena Yard,leaving,Settegast,,"Outbound traffic for destinations covered by MHOCBB, MHOLI, MHOAS",,2529|3334|3343,Outbound traffic for destinations covered by MHOCBB; MHOLI; MHOAS
UP,PTHO%-##,Pasadena Yard,leaving,Englewood,,Overflow MPTEW Englewood,ref:MPTEW:Englewood,2529|3334|3343,
UP,CHAL%-##,Clearing,leaving,Proviso,,"UP Chicago, Belvidere, Anderson UP, Janesville UP, AR, LA, TX, overflow Yard Center, overflow North Platte, overflow Council Bluffs",rr:UP@1055 rr:UP@1066 rr:UP@1072 rr:UP@1088 rr:UP@1092 rr:UP@1094 id:1316 id:2558 id:2819 id:2816 st:AR st:LA st:TX catchall catchall catchall,1473,
UP,CHAL%-##,Clearing,leaving,Butler,,"Milwaukee, Sheboygan, Edgewater Generating Station, Wisconsin Rapids UP, Nekoosa UP, Pleasant Prarie UP",id:1681 id:2420 id:2421 id:2422 id:3049 id:3051,1473,Pleasant Prarie UP
UP,CHAL%-##,Clearing,leaving,Altoona,,"UP MN, RCPE, MNNR, TCWR, Port Superior UP, BNSF MN/ND [from Proviso], overflow North Platte, overflow IA/KS/OK",rr:UP:MN rr:RCPE rr:MNNR rr:TCWR catchall catchall,1473,Port Superior UP; BNSF MN/ND [from Proviso]
UP,CHAL%-##,Proviso,added at,Butler WSOR,,"Ackerville, Horicon, Cambria, Oshkosh, Utley, Markesan",id:1707 id:2801 id:2802 id:2803 id:3520 id:1717 id:1719,1595,
UP,NLNPB-##,North Little Rock,leaving,18th Street,,"KS, Kansas City, St Joseph, Jefferson City, Algoa, Lees Summit, MNA",st:KS id:1059 id:1169 id:1200 id:1214 id:1218 id:1227 id:1229 id:1301 id:1620 id:1817 id:1889 id:2011 id:1310 id:2109 id:1323 id:3355 id:3354 rr:MNA,1920|2621|3424,
UP,NLNPB-##,North Little Rock,leaving,Herington,,"Wichita, overflow AZ/NM/El Paso",id:2824 id:2825 id:2826 id:2829 catchall,1920|2621|3424,
UP,BZBT-##,Houston,leaving,Lake Charles,,"All Lake Charles/West Lake/West Lake Charles BNSF, UP, and CPKC traffic",id:3278 id:3281 id:3284 rr:UP,1372|1374|1378|1383|1460|1812,and CPKC traffic
UP,BZBT-##,Houston,leaving,Beaumont,,Port Arthur UP/CPKC,id:1241 id:1617 id:2217 id:2333,1372|1374|1378|1383|1460|1812,
UP,EWWC%-##,Englewood,leaving,West Colton,,"CA, NV, UT",st:CA st:NV st:UT,1372|3784,
UP,EWWC%-##,Englewood,leaving,Phoenix,MTUPX,AZ,st:AZ,1372|3784,
UP,CBPR%-##,Council Bluffs,leaving,Cedar Rapids,,"Cedar Rapids, CIC, IANR, Pekin, TPW, IMRR, TZPR, Decatur CN, Rochelle Global 3 manifest, Rochelle BNSF, West Chicago, Belvidere, St. Charles, NS regions A1/A2/A3/B1/C1/D1/D2",id:1134 id:1753 rr:CIC rr:IANR id:1509 id:2092 id:2093 rr:TPW rr:IMRR rr:TZPR id:2462 id:1760 id:2112 id:2028 id:2029 id:2451 id:2558 id:2559 region:NS:A1 region:NS:A2 region:NS:A3 region:NS:B1 region:NS:C1 region:NS:D1 region:NS:D2,1107|1115|1767|1768|2583|2584,
UP,CBPR%-##,Council Bluffs,leaving,BRC,,"CSX, BRC, CSS, CRL, BNSF Chicago area",rr:CSX rr:BRC rr:CSS rr:CRL rr:BNSF@1055 rr:BNSF@1066 rr:BNSF@1072 rr:BNSF@1088 rr:BNSF@1092 rr:BNSF@1094,1107|1115|1767|1768|2583|2584,
UP,CBPR%-##,Council Bluffs,leaving,Proviso,,"IL, CPKC Region 1, CN IL+Eastern US/Canada East of Thunder Bay",st:IL region:CPKC:1 rr:CN:IL region:CN:Eastern_US region:CN:East_of_Thunder_Bay,1107|1115|1767|1768|2583|2584,
UP,CBPR%-##,Cedar Rapids,created at,Elkhart,,NS regions A1/A2/A3/B1/C1/D1/D2,region:NS:A1 region:NS:A2 region:NS:A3 region:NS:B1 region:NS:C1 region:NS:D1 region:NS:D2,1134|1753,
UP,ASPR%-##,Gateway,leaving,Villa Grove,,"Villa Grove, Royal, Tuscola UP,Shelbyville IL, DREI, TPW",id:2811 id:2813 id:2810 id:2812 rr:DREI rr:TPW,1300|2336,
UP,ASPR%-##,Gateway,leaving,Proviso,,"IA, MN, IL, WI, RCPE, overflow MASYC",st:IA st:MN st:IL st:WI rr:RCPE catchall,1300|2336,
UP,ASPR%-##,Gateway,leaving,Proviso Loaded Autos,,Loaded autoracks for destinations in Proviso block,class:auto,1300|2336,destinations in Proviso block
UP,ASPR%-##,Gateway,leaving,CPKC,,"CPKC Regions 1/2/3/4/5/6, DMVW, RRVW, CP IA",region:CPKC:1 region:CPKC:2 region:CPKC:3 region:CPKC:4 region:CPKC:5 region:CPKC:6 rr:DMVW rr:RRVW rr:CP:IA,1300|2336,
UP,ASPR%-##,Gateway,leaving,CN Gary,,CN Chicago/ON/QC/NS/NF/IN/MI/OH/PA/NY,,1300|2336,CN Chicago/ON/QC/NS/NF/IN/MI/OH/PA/NY
UP,WTFW-##,Wichita,leaving,Fort Worth,,"TX, Westlake, Lake Charles, Port of Lake Charles, West Lake Charles",st:TX id:1563 id:1987 id:2358 id:3277 id:3278 id:3279 id:3280 id:3281 id:3282 id:3283 id:3284,2824|2825|2826|2829,
UP,WTFW-##,Wichita,leaving,FWWR,,FWWR traffic,,2824|2825|2826|2829,FWWR traffic
UP,WTFW-##,Wichita,leaving,San Antonio,,"San Antonio, Gardendale, Mexico Laredo UP, Mexico Eagle Pass UP, Port Laredo, Mexico Laredo UP",id:2239 id:2242 id:3118 id:3119 id:3432 id:2481 id:2482 id:2447 id:1285 id:2482,2824|2825|2826|2829,
UP,WTFW-##,Wichita,leaving,East Yard,,"San Antonio Kirby, Spruce 2 Calaveras, Gonzales, Halsted, San Antonio TMMTX",id:2239 id:2240 id:1160 id:2485 id:2242 id:3432,2824|2825|2826|2829,
UP,PCHK-##,Pocatello,leaving,CPKC Interchange,,CPKC Regions 3/4/5/6,region:CPKC:3 region:CPKC:4 region:CPKC:5 region:CPKC:6,1843,
UP,PCHK-##,Pocatello,leaving,Hinkle,,"Spokane, BNSF Eastern WA, Vancouver WA, Kalama WA, Seattle/Tacoma, overflow MOGPD Albina",id:1741 id:1742 id:1743 id:1876 id:2202 id:2212 id:3179 id:3646 id:1702 id:3056 id:1712 id:3059 id:1853 id:2617 id:1481 id:1538 id:1803 id:2008 id:1502 id:1503 id:1554 id:1555 id:2626 id:2710 id:2711 id:2712 id:2714 id:3286 id:3287 id:3288 ref:MOGPD:Albina,1843,BNSF Eastern WA
UP,PDOG-##,Albina,leaving,Hinkle,,Overflow MRVHK Albina Hinkle,ref:MRVHK:Albina_Hinkle,1302,
UP,PDOG-##,Albina,leaving,CPKC Interchange,MHKET,Overflow MRVHK CPKC Interchange,ref:MRVHK:CPKC_Interchange,1302,
UP,PDOG-##,Albina,leaving,Pocatello,,"Pocatello, Conda, Blackfoot, Collins, Aberdeen, EIRR, Don, American Falls",id:1843 id:2779 id:2885 id:2886 id:2887 rr:EIRR id:3465 id:3466,1302,
UP,PDOG-##,Albina,leaving,Green River,MPCGR,"CO, WY [RCPE->North Platte], Billings MT, Fairview MT, Dore ND, Potash UT",st:CO st:WY not:RCPE id:1893 id:2335 id:2230 id:2782,1302,
UP,PDOG-##,Albina,leaving,Ogden,,"UT, overflow NV",st:UT catchall,1302,
UP,SJKC-##,St Joseph,leaving,Council Bluffs,,MHNCB Council Bluffs block,ref:MHNCB:Council_Bluffs,3130,
UP,SJKC-##,St Joseph,leaving,ALS,,MFXAS ALS block,ref:MFXAS:ALS,3130,
UP,SJKC-##,St Joseph,leaving,18th Street,YKS87,"All other outbound traffic, including all NS interchange",catchall,3130,including all NS interchange
UP,BTLI%-##,Lake Charles,leaving,Ft Worth,,"Dallas, Ft Worth, FWWR, Arlington, El Paso, Amarillo, NM, AZ, CA",id:1795 id:1797 id:1846 id:1938 id:3748 id:1023 id:1847 id:1888 id:1904 id:3248 id:3249 id:3250 id:3251 id:3252 id:3532 id:3535 rr:FWWR id:1110 id:1918 id:1779 id:1799 id:2099 id:1394 id:1443 id:1716 id:2632 id:2633 id:3126 id:3127 id:3128 id:3129 st:NM st:AZ st:CA,3277|3278,
UP,BTLI%-##,Lake Charles,leaving,Livonia,,All other North/Eastbound traffic,catchall,3277|3278,
UP,PBFW-##,Pine Bluff,leaving,Fort Worth,,"Fort Worth, Dallas, El Paso, Amarillo, NM, AZ, CA, overflow Englewood, overflow Arlington",id:1023 id:1847 id:1888 id:1904 id:3248 id:3249 id:3250 id:3251 id:3252 id:3532 id:3535 id:1795 id:1797 id:1846 id:1938 id:3748 id:1779 id:1799 id:2099 id:1394 id:1443 id:1716 id:2632 id:2633 id:3126 id:3127 id:3128 id:3129 st:NM st:AZ st:CA catchall catchall,1081|3340,
UP,PBFW-##,Pine Bluff,leaving,NLR Ft Worth,,NLR Ft Worth block from MNLPB,,1081|3340,NLR Ft Worth block from MNLPB
UP,FRRV-##,Fresno,leaving,Roseville,,"All other Northern California, Sparks/Fernley/North Reno, ID, WA, UT, WY, CO, MT, Dore ND, CN BC/AB/SK, CPKC Canda Thunder Bay Westward, CPKC WI/ND/MN, TX",catchall id:1141 id:2338 id:1131 id:2337 id:2213 st:ID st:WA st:UT st:WY not:RCPE st:CO st:MT id:2230 rr:CN:BC/AB/SK region:CPKC:3 region:CPKC:4 region:CPKC:5 region:CPKC:6 rr:CPKC:WI/ND/MN st:TX,1021|1201|2321,
UP,FRRV-##,Fresno,leaving,North Platte,,MRVNP North Platte,ref:MRVNP:North_Platte,1021|1201|2321,
UP,FRRV-##,Stockton,added at,Stockton Roseville,,All outbound traffic,,1353|1354|2377|2934,
UP,RVSP-##,Roseville,leaving,Sparks,,"Sparks, Fernley, North Reno",id:1141 id:2338 id:1131 id:2337 id:2213,3503,
UP,RVSP-##,Roseville,leaving,Ogden,Next MRVGR,Overflow MRVGR Ogden,ref:MRVGR:Ogden,3503,
UP,RVSP-##,Roseville,leaving,North Platte,IOANP/extra section MRVNP from Sparks,Overflow MRVNP North Platte/Autos as a single block,ref:MRVNP:North_Platte/Autos_as_a_single class:auto,3503,
UP,TUMC%-##,Tuscon,leaving,Kaiser,,"Kaiser UP, CSI",id:1407 rr:CSI,,
UP,TUMC%-##,Tuscon,leaving,Monclair,,"[Old] Colton, Long Beach UP, Terminal Island UP, Dolores/ICTF, Compton, Los Angeles Paramount, PHL, City of Industry, Covina, Whittier Jct, Anaheim, Los Nietos",id:1255 id:3090 id:3097 id:1001 id:3159 id:3158 rr:PHL id:1095 id:2587 id:2588 id:2702 id:1016,,
UP,TUMC%-##,Tuscon,leaving,West Colton,,"West Colton, CA, NV, UT, CO, WY, OR, ID, MT, WA, all other LA basin IM",id:1255 st:CA st:NV st:UT st:CO st:WY not:RCPE st:OR st:ID st:MT st:WA catchall class:im,,
UP,TUMC%-##,Tuscon,leaving,I-5 Corridor,MWCRV,"CPKC BC, CN BC/AB/SK, BNSF WA/ID/MT West of Billings",rr:CPKC:BC rr:CN:BC/AB/SK rr:BNSF:WA/ID/MT,,
UP,WCTU-##,West Colton,leaving,Phoenix,,"Phoenix, BNSF AZ",id:1345 id:1536 id:1537 id:1565 id:2707 rr:BNSF:AZ,1255,
UP,WCTU-##,West Colton,leaving,Tuscon FXE,,Mexico Nogales,id:2489,1255,
UP,HKRV%-##,Hinkle,leaving,Barnes,,"Portland Barnes UP, Portland Rivergate UP, Portland Terminal 6 UP, Portland Terminal 4 UP, Portland Peninsula Terminal",id:2137 id:3276 id:2140 id:3414 id:2141,1895,
UP,HKRV%-##,Hinkle,leaving,Eugene,,"Eugene UP, Eugene PNWR, CORP, Junction City, Klamath Falls service area",id:1024 id:1548 id:3919 id:3920 id:3921 rr:CORP id:3922 id:3925 id:4010,1895,Eugene PNWR
UP,HKRV%-##,Hinkle,leaving,Roseville,MPDRV/MPWRV,"CA, AZ, NM, Sparks NV, El Paso, Mexico El Paso",st:CA st:AZ st:NM id:1141 id:2338 id:1779 id:1799 id:2099 id:2486 id:2487,1895,
UP,HKRV%-##,Eugene,created at,Klamath Falls,,Klamath Falls service area,id:4010,1024|1548|3919|3920|3921,
UP,ALSS-##,Butler,leaving,South St Paul,," UP MN, MNNR/TCWR, Mason City, IATR, Rockwell, Rake, CPKC IA, Welcome UP, Fairmont MN, Winnebago MN, BNSF MN/ND/RRVW ->YSSBN, CPKC Regions 2/3/4/5/6/DMVW ->YSSCP, Parsons, Houston, Port Arthur, Westlake/Mossville LA, Coffeville, Denison, OK, AR, UP LA, CN TN/MS/AL/LA, CPKC LA/TX/MS/AL, Waskom TX Tenaha TX",rr:UP:MN rr:MNNR rr:TCWR id:2124 id:2125 id:3067 rr:IATR id:3069 id:3068 rr:CPKC:IA id:2186 id:1660 id:2187 region:CPKC:2 region:CPKC:3 region:CPKC:4 region:CPKC:5 region:CPKC:6 rr:DMVW id:2833 id:1372 id:1374 id:1378 id:1383 id:1460 id:1812 id:1878 id:1879 id:1880 id:1935 id:1936 id:1937 id:1241 id:1617 id:2217 id:2333 id:1563 id:1987 id:2358 id:2841 st:OK st:AR rr:UP:LA rr:CN:TN/MS/AL/LA rr:CPKC:LA/TX/MS/AL,2990,BNSF MN/ND/RRVW; Coffeville; Waskom TX Tenaha TX
UP,ALSS-##,Butler,leaving,Des Moines,MSSDM,"All Des Moines yards, Avon IA, Cedar Rapids, CIC, IAIS, MO, KS, TX, NM, AZ, CPKC MO/IL/KS/OK",id:1046 id:2719 id:2720 id:2721 id:2726 id:3693 id:2723 id:3694 id:3695 id:3696 id:1134 id:1753 rr:CIC rr:IAIS st:MO st:KS st:TX st:NM st:AZ rr:CPKC:MO/IL/KS/OK,2990,
UP,ALSS-##,Butler,leaving,Mankato,MSSDM,"All Sioux City yards, Sargeant Bluff, DAIR, EE/RWRR/BNSF SD, RCPE, Mason City, Welcome UP, Fairmont MN, CPKC IA",id:1351 id:2610 id:2611 id:2612 id:2613 id:2609 rr:DAIR rr:RCPE id:2124 id:2125 id:3067 id:2186 id:1660 rr:CPKC:IA,2990,EE/RWRR/BNSF SD
UP,ALSS-##,Butler,leaving,Valley Park,,"Shakopee/Valley Park, Savage",id:2356 id:3270 id:2356 id:2357 id:3272 id:3273,2990,
UP,ALSS-##,Butler,leaving,CN Interchange,MMCIT,"CN Canada Thunder Bay Westward, CN MN/WI",rr:CN:MN/WI,2990,CN Canada Thunder Bay Westward
UP,ALSS-##,Butler,leaving,Roseport,,Roseport CP/UP traffic,,2990,Roseport CP/UP traffic
UP,ALSS-##,Butler,leaving,North Platte,,"North Platte, Sidney UP/BNSF, Alliance NE, Gurley NE, WY, OR, ID, WA, Western MT, CA, CO, NV, UT",id:1683 id:1199 id:2074 id:1356 id:2090 st:WY not:RCPE st:OR st:ID st:WA st:MT st:CA st:CO st:NV st:UT not:CP not:CN,2990,
UP,NOEW-##,Avondale,leaving,Englewood,,"Houston Englewood, Houston Eureka, Houston Melendy, Houston Fairbanks, Houston Galena, Houston Pasadena, Houston Deer Park, Spring, Westfield, BNSF Houston, Laredo, Eagle Pass, Port Arthur BNSF, Tenaha BNSF, Longview BNSF, Longview Eastman BNSF",id:1372 id:3784 id:1460 id:1372 id:1372 id:1878 id:3729 id:2529 id:3334 id:3343 id:3351 id:2531 id:1375 rr:BNSF@1372 rr:BNSF@1374 rr:BNSF@1378 rr:BNSF@1383 rr:BNSF@1460 rr:BNSF@1812 id:2050 id:1608 id:2217 id:2393 id:2733 id:2735,3533,
UP,BFNPS-##,Westvaco,leaving,Green River,,All outbound traffic not for North Platte,,1875,
UP,BFNPS-##,Westvaco,leaving,North Platte,,"NE, IA, ND, SD, MN, WI, IL, MO, KS, OK, AR, TX, LA, CPKC Regions 1/2/3/4, All CN, All NS, All CSX",st:NE st:IA st:ND st:SD st:MN st:WI st:IL st:MO st:KS st:OK st:AR st:TX st:LA region:CPKC:1 region:CPKC:2 region:CPKC:3 region:CPKC:4 all:CN all:NS all:CSX,1875,
UP,HNCB-##,Herington,leaving,Council Bluffs,,"OLB, NE, IA, MN, WI, CPKC SK, ND, SD, CPKC Regions 2/3/4/DMVW/RRVW, CN BC/AB/SK/MB/Thunder Bay ON",rr:OLB st:NE st:IA st:MN st:WI rr:CPKC:SK st:ND st:SD region:CPKC:2 region:CPKC:3 region:CPKC:4 rr:DMVW rr:RRVW,3170,CN BC/AB/SK/MB/Thunder Bay ON
UP,HNCB-##,Herington,leaving,Council Bluffs IM,,"Council Bluffs, Shell Rock IM ->MCBIT, Twin Cities TCIT ->MCBIT",id:1107 id:1115 id:1767 id:1768 id:2583 id:2584 id:3064 id:2077 class:im,3170,Twin Cities TCIT
UP,PDFI-##,Albina Yard,leaving,Tacoma IM,TMBL Job 205,IM for Tacoma ports,class:im,1302,Tacoma ports
UP,PDFI-##,Albina Yard,leaving,Tacoma,,"Tacoma, Kent Auto Facility, Auburn, Tukwila, TMBL",id:1502 id:1503 id:1554 id:1555 id:2626 id:2710 id:2711 id:2712 id:2714 id:3286 id:3287 id:3288 id:1553 class:auto id:1539 id:2624 rr:TMBL,1302,
UP,PDFI-##,Albina Yard,leaving,Kent Autos,MKTKT,Loaded Autoracks for Kent Auto Facility,id:1553 class:auto,1302,
UP,PDFI-##,Albina Yard,leaving,Seattle,LIS48,Seattle,id:1481 id:1538 id:1803 id:2008,1302,
UP,BKBK-##,Bakersfield,leaving,Roseville,MFRRV,"Northern California, OR, ID, WA, BC, AB, SK, WY, CO, UT, Sparks/Fernley/North Reno NV, Tenaha BNSF",st:CA st:OR st:ID st:WA st:BC st:AB st:SK st:WY not:RCPE st:CO st:UT id:1141 id:2338 id:1131 id:2337 id:2213 id:2393,1013|1015|1133|1984,
UP,BKBK-##,Bakersfield,leaving,North Platte,,"NE, IA, ND, SD, MN, WI, IL, MO, AR, KS, All CSX, All NS, CN MB/ON/QC/NF/NS, CPKC Regions 1/2/3, BNSF TN/MS/AL, Tenaha UP",st:NE st:IA st:ND st:SD st:MN st:WI st:IL st:MO st:AR st:KS all:CSX all:NS region:CPKC:1 region:CPKC:2 region:CPKC:3 rr:BNSF:TN/MS/AL id:2394,1013|1015|1133|1984,CN MB/ON/QC/NF/NS
UP,BKBK-##,Bakersfield,leaving,West Colton,,"Southern CA, Las Vegas/Henderson/Apex, NM, AZ, El Paso, Amarillo",id:1400 id:1492 id:1402 id:3408 id:1136 id:2705 id:3062 st:NM st:AZ id:1779 id:1799 id:2099 id:1394 id:1443 id:1716 id:2632 id:2633 id:3126 id:3127 id:3128 id:3129,1013|1015|1133|1984,Southern CA
UP,BKBK-##,Bakersfield,leaving,Fresno,,All other traffic for sorting at Fresno,catchall,1013|1015|1133|1984,
UP,WCRVC-##,West Colton,leaving,Roseville,,Overflow MWCRV,catchall,1255,
UP,GRPC-##,Green River,leaving,Pocatello,,ID,st:ID,1393,
UP,GRPC-##,Green River,leaving,I-5 Corridor,MOGPD,I-5 Corridor block from MNYGR - do not add to this block,,1393,I-5 Corridor block from MNYGR - do not add to this block
UP,GRPC-##,Green River,leaving,Hinkle,,"OR, WA, Plummer ID, St Maries ID, Couer d'Alene ID",st:OR st:WA id:2199 id:2965 id:3460,1393,
UP,GRPC-##,Green River,leaving,CPKC Interchange,,CPKC Regions 5/6,region:CPKC:5 region:CPKC:6,1393,
UP,EGBZ-##,Eagle Pass,leaving,Brazos,,All outbound manifest not covered by MEGSA,,1608,
UP,PTHO-##,Pasadena Yard,leaving,Settegast,,"Outbound traffic for destinations covered by MHOCBB, MHOLI, MHOAS",,2529|3334|3343,Outbound traffic for destinations covered by MHOCBB; MHOLI; MHOAS
UP,PTHO-##,Pasadena Yard,leaving,Englewood,,Overflow MPTEW Englewood,ref:MPTEW:Englewood,2529|3334|3343,
UP,HOLI%-##,Houston,leaving,Avondale IM,MLIAV,,id:3533 class:im,1372|1374|1378|1383|1460|1812,
UP,HOLI%-##,Houston,leaving,Livonia,,"LA, Waskom TX, Tenaha UP TX, Texarkana UP/CPKC, CPKC MS/AL, CSX Regions B/D, NS Regions B1/B3/D1",st:LA id:2399 id:2394 id:1251 id:1729 rr:CPKC:MS/AL region:CSX:B region:CSX:D region:NS:B1 region:NS:B3 region:NS:D1,1372|1374|1378|1383|1460|1812,
UP,LIEW-##,"Livonia, with IM grouped by destination in each block",leaving,Houston,,"Houston Englewood, Houston Eureka, Houston Melendy, Houston Fairbanks, Houston Galena, Houston Pasadena, Houston Deer Park, Spring, Westfield, BNSF Houston, Laredo, Eagle Pass, Port Arthur BNSF",id:1372 id:3784 id:1460 id:1372 id:1372 id:1878 id:3729 id:2529 id:3334 id:3343 id:3351 id:2531 id:1375 rr:BNSF@1372 rr:BNSF@1374 rr:BNSF@1378 rr:BNSF@1383 rr:BNSF@1460 rr:BNSF@1812 id:2050 id:1608 id:2217,,
UP,LIHO-##,"Livonia, with IM grouped by destination in each block",leaving,Settegast,,"PTRA, Houston Basin UP/BNSF/CPKC,  Houston Glass UP/BNSF/CPKC, Houston Tower 86, Houston Market St UP/BNSF/CPKC,  Houston Greens Bayou Pass, Channelview Smith Pass, Channelview Arco Ind Lead, Houston Old City [Booth], Houston Strang, Houston Sinco, San Antonio, Laredo CPKC, BNSF/CPKC Laredo, Kendleton, Port Arthur BNSF",rr:PTRA id:1374 id:3008 id:3009 id:3010 id:3011 id:3012 id:1383 id:1378 id:3017 id:3018 id:3013 id:3014 id:3015 id:1935 id:1982 id:3778 id:3779 id:2322 id:2239 id:2242 id:3118 id:3119 id:3432 id:2050 id:2557 id:2217,,BNSF/CPKC Laredo
UP,LIHO-##,"Livonia, with IM grouped by destination in each block",leaving,Terminal Island IM,,"Terminal Island ITCF, Long Beach Hanjin, APM Pier 400, Global South",id:1146 id:3098 id:1149 id:3101 id:1152 id:1163 id:3099,,
UP,LIHO-##,"Livonia, with IM grouped by destination in each block",leaving,Long Beach IM,,"Long Beach ITF, Long Beach Container Terminal, Long Beach Pacific Container Terminal, Long Beach Pier A",id:2515 id:3094 id:2516 id:3092 id:2514 id:3093 id:2517 id:3091,,
UP,LIHO-##,"Livonia, with IM grouped by destination in each block",leaving,LA Harbor IM,,"TRAPAC [TriPac], West Basin",id:3104 id:3102 id:3103,,
UP,LIHO-##,"Livonia, with IM grouped by destination in each block",leaving,Dolores ICTF IM,,,id:1001 class:im,,
UP,NLBW-##,North Little Rock,leaving,Settegast,,"PTRA, Houston Basin UP,  Houston Glass UP, Houston Tower 86, Houston Market St UP,  Houston Greens Bayou Pass, Channelview Smith Pass, Channelview Arco Ind Lead, Houston Old City [Booth], Houston Strang, Mexico Laredo CPKC, Laredo CPKC, Kendleton",rr:PTRA id:1374 id:3010 id:1383 id:1378 id:3013 id:3014 id:3015 id:1935 id:1982 id:3778 id:3779 id:2484 id:2050 id:2557,1920|2621|3424,
UP,HOSR%-##,Settegast,leaving,Strang,,Houston Strang,id:1982 id:3778 id:3779,3480,
UP,KBHO-##,Kirby Yard,leaving,Settegast,,"PTRA, Houston Basin UP,  Houston Glass UP, Houston Tower 86, Houston Market St UP,  Houston Greens Bayou Pass, Channelview Smith Pass, Channelview Arco Ind Lead, Houston Old City [Booth], Houston Strang, Houston Sinco, Overflow MBZAS",rr:PTRA id:1374 id:3010 id:1383 id:1378 id:3013 id:3014 id:3015 id:1935 id:1982 id:3778 id:3779 id:2322 catchall,2239,
UP,BTLI-##,Lake Charles,leaving,Livonia,,"Dallas, Ft Worth, FWWR, Arlington, El Paso, Amarillo, NM, All other North/Eastbound traffic",id:1795 id:1797 id:1846 id:1938 id:3748 id:1023 id:1847 id:1888 id:1904 id:3248 id:3249 id:3250 id:3251 id:3252 id:3532 id:3535 rr:FWWR id:1110 id:1918 id:1779 id:1799 id:2099 id:1394 id:1443 id:1716 id:2632 id:2633 id:3126 id:3127 id:3128 id:3129 st:NM catchall,3277|3278,
UP,DUPB-##,Dupo,leaving,Livonia,,"South LA UP, NOGC, GOGR, NOPB, CPKC Reserve/Baton Rouge/Baton Rouge D Line/New Orleans Shrewsbury, CN LA, Port Arthur UP/CPKC/Williams, All Westlake/West Lake Charles/Lake Charles/Port of Lake Charles",id:3099 rr:NOGC rr:GOGR rr:NOPB id:1902 id:1890 id:1931 id:2301 id:2302 id:2301 id:1424 rr:CN:LA id:1617 id:1241 not:CSX,1578,All Westlake/West Lake Charles/Lake Charles/Port of Lake Charles
UP,DUPB-##,Dupo,leaving,Englewood,,MASEW Englewood,ref:MASEW:Englewood,1578,
UP,DUPB-##,Dupo,leaving,North Little Rock,,"North Little Rock, Little Rock, AKDM, LWRN, Tenaha UP, MNLHO Settegast, Eagle Pass, Mexico Eagle Pass UP, OK, Coffeyville UP/SKOL, Pittsburg SKOL",id:1920 id:2621 id:3424 id:3425 id:3426 id:2394 ref:MNLHO:Settegast id:1608 id:2447 st:OK id:2831 id:2832 rr:SKOL:KS,1578,AKDM; LWRN
UP,DUPB-##,Dupo,leaving,Pine Bluff,,"Pine Bluff, Shreveport, Port of Caddo-Bossier, Mansfield LA, Waskom, Longview/Longview Eastman UP TX, Texarkana, CPKC AL/LA/MS/TX, Mexico Laredo UP, San Antonio, Gardendale, Gonzales, Port Laredo, McGehee",id:1081 id:3340 id:1153 id:1282 id:1401 id:2398 id:2397 id:2395 id:2396 id:2399 id:1044 id:2208 id:2733 id:2734 id:2735 id:3154 id:3645 id:3725 id:2734 id:1251 id:1729 rr:CPKC:AL/LA/MS/TX id:2482 id:2239 id:2242 id:3118 id:3119 id:3432 id:2481 id:1160 id:1285 id:2843,1578,
UP,SFNL%-##,Memphis Sargent,created at,Marion,,All outbound autoracks for classification at Marion,class:auto,1446,
UP,SFNL%-##,Pine Bluff,created at,PB NLR,,"AR, MO, OK, KS, IL, IA, NE, MN, WI, ND, SD, MT, WY, CO, UT, ID, OR, WA, NV, TX, All CSX, All NS except Region B3, All CP, DMVW, All CN except LA, BNSF TN/MS/AL, Eagle Pass UP, Mexico Eagle Pass UP, DQE",st:AR st:MO st:OK st:KS st:IL st:IA st:NE st:MN st:WI st:ND st:SD st:MT st:WY not:RCPE st:CO st:UT st:ID st:OR st:WA st:NV st:TX all:CSX all:NS not:region:NS:B3 all:CP rr:DMVW all:CN not:CN:LA rr:BNSF:TN/MS/AL id:1608 id:2447 rr:DQE,1081|3340,
UP,SFNL%-##,Pine Bluff,created at,Settegast,,MNLHO Settegast traffic,ref:MNLHO:Settegast_traffic,1081|3340,
UP,SFNL%-##,Pine Bluff,created at,Englewood,,MNLEW Englewood traffic,ref:MNLEW:Englewood_traffic,1081|3340,
UP,SFNL%-##,Pine Bluff,created at,Lufkin,,Tenaha UP,id:2394,1081|3340,
UP,WCSA-##,West Colton,leaving,Alfalfa,,"El Paso Alfalfa/Dallas St, Amarillo North/South UP, Mexico El Paso Interchange UP/BNSF, BNSF NM/Amarillo North/South /El Paso, KS, MO, NS Regions C1/C2",id:1799 id:1779 id:1394 id:2632 id:1658 id:3123 id:4018 id:2486 id:2487 st:KS st:MO region:NS:C1 region:NS:C2,1255,BNSF NM/Amarillo North/South /El Paso
UP,WCSA-##,West Colton,leaving,Ft Worth,MEPFW,"TX, OK, Texarkana, Longview/Longview Eastman, Shreveport UP/CPKC, Port of Caddo-Bossier, Mansfield LA, CPKC TX/LA/AL/MS,  BNSF TN/MS/AL, [CSX Region C from El Paso] , NS Region B2,  CN MS/TN/IL/Eastern US/Canada East of Thunder Bay ON",st:TX st:OK id:1251 id:1044 id:2208 id:2733 id:2734 id:2735 id:3154 id:3645 id:3725 id:2734 id:2735 id:1153 id:1282 id:1401 id:2398 id:2397 id:2395 id:2396 rr:CPKC:TX/LA/AL/MS rr:BNSF:TN/MS/AL region:NS:B2,1255,[CSX Region C from El Paso]; CN MS/TN/IL/Eastern US/Canada East of Thunder Bay ON
UP,WCSA-##,West Colton,leaving,San Antonio,,"San Antonio, Mexico Laredo UP, Port Laredo, Mexio Eagle Pass UP, Eagle Pass, Gardendale, Gonzales, Halsted, PTRA, Houston Sinco, Houston Basin UP, Houston Glass UP, Houston Tower 86, Houston Market St UP,  Houston Greens Bayou Pass, Channelview Smith Pass, Channelview Arco Ind Lead, Houston Old City [Booth], Houston Strang",id:2239 id:2242 id:3118 id:3119 id:3432 id:2482 id:1285 id:1608 id:2481 id:1160 id:2485 rr:PTRA id:2322 id:1374 id:3010 id:1383 id:1378 id:3013 id:3014 id:3015 id:1935 id:1982 id:3778 id:3779,1255,Mexio Eagle Pass UP
UP,WCSA-##,West Colton,leaving,Englewood,MSAEW,"Houston Englewood, Houston Eureka, Houston Melendy, Houston Fairbanks, Houston Galena, Houston Pasadena, Houston Deer Park, Spring, Westfield, BNSF Houston, Port Arthur, Tenaha BNSF, Longview BNSF, Longview Eastman BNSF",id:1372 id:3784 id:1460 id:1372 id:1372 id:1878 id:3729 id:2529 id:3334 id:3343 id:3351 id:2531 id:1375 rr:BNSF@1372 rr:BNSF@1374 rr:BNSF@1378 rr:BNSF@1383 rr:BNSF@1460 rr:BNSF@1812 id:1241 id:1617 id:2217 id:2333 id:2393 id:2733 id:2735,1255,
UP,WCSA-##,West Colton,leaving,Livonia,MSALI,"UP Southeast LA, NOPB, NOGC, CN LA, GOGR, CPKC Baton Rouge/New Orleans/Reserve/Shrewsbury, CSX Region B, NS Regions B1/B3/D1/D2",rr:UP:LA rr:NOPB rr:NOGC rr:CN:LA rr:GOGR id:1890 id:1422 id:1423 id:1424 id:1425 id:1426 id:1858 id:2181 id:2727 id:2937 id:2938 id:1902 id:2012 id:1424 region:CSX:B region:NS:B1 region:NS:B3 region:NS:D1 region:NS:D2,1255,
UP,HPOG%-##,Roper,leaving,Albina,MOGPD,MOGPD Albina block,ref:MOGPD:Albina,1009,
UP,HPOG%-##,Roper,leaving,I-5 Corridor,MOGPD,"CN BC/AB/SK, CPKC BC, BNSF WA/ID/MT West of Billings",rr:CN:BC/AB/SK rr:CPKC:BC rr:BNSF:WA/ID/MT,1009,
UP,HPOG%-##,Roper,leaving,Ogden,,Misc traffic for sorting at Ogden not on any other outbound train/block from UP MIMs,,1009,Misc traffic for sorting at Ogden not on any other outbound train/block from UP MIMs
UP,EGBZB%-##,Eagle Pass,leaving,Brazos Boxcars,,"Overflow MEGAS boxcars, all other boxcars",ref:MEGAS:boxcars catchall,1608,
UP,EGBZB%-##,SoSan,created at,SA Brazos,,Overflow MSAFW,catchall,,
UP,EGBZB%-##,SoSan,created at,Boone,MHOBO,MHOBO Boone/Mason City blocks,ref:MHOBO:Boone/Mason_City,,
UP,NVNL-##,Sargent Yard,leaving,Marion,,"All intermodal, Marion Autos, Westfield autos, Mira Loma autos",class:im id:1180 id:1448 id:1705 class:auto id:1375 class:auto id:1406 class:auto,1446,All
UP,NVNL-##,Sargent Yard,leaving,NLR,,All outbound manifest not interchanging in Memphis,,1446,
UP,FWBZ%-##,Ft Worth,leaving,Ennis,,"Ennis, TCB, Midlothian Railport UP, overflow MFWDA Dallas",id:2037 rr:TCB id:2364 ref:MFWDA:Dallas,1023|1847|1888|1904|3248|3249,
UP,FWBZ%-##,Ft Worth,leaving,KCSM,IMNMX,Mexico Laredo Interchange UP,id:2482,1023|1847|1888|1904|3248|3249,
UP,FWBZ%-##,Ft Worth,leaving,Settegast,MBZHO,Overflow MFWHO,catchall,1023|1847|1888|1904|3248|3249,
UP,FWBZ%-##,Ft Worth,leaving,Hearne,,"Hearne, Benchley, Bryan, Easterly",id:2033 id:2553 id:2554 id:2555,1023|1847|1888|1904|3248|3249,
UP,BZAS%-##,Brazos,leaving,ALS,,"St. Louis local UP/BNSF/CSX/CN cars, ALS, MER, TRRA, Chicago, Villa Grove, DREI, Dupo, Janesville UP/WSOR, Anderson WI, NS Regions A1/A2/A3/C1, CSX Regions A/E, CPKC Region 1, KBSR, TPW, IMRR, TZPR",rr:ALS rr:MER rr:TRRA id:1055 id:1066 id:1072 id:1088 id:1092 id:1094 id:1098 id:1161 id:1222 id:1278 id:1279 id:1305 id:2811 rr:DREI id:1578 id:2816 id:2817 id:2819 id:2820 region:NS:A1 region:NS:A2 region:NS:A3 region:NS:C1 region:CSX:A region:CSX:E region:CPKC:1 rr:KBSR rr:TPW rr:IMRR rr:TZPR,3545,St. Louis local UP/BNSF/CSX/CN cars
UP,ARAS%-##,Arlington,leaving,ALS,,"St. Louis local cars, MER, TRRA, ALS, DREI, EVWR, CSX Regions A/E, NS Regions A1/A2/A3/C1, CPKC Region 1, UP IL, WSOR/UP WI South of Milwaukee, Chicago UP/BNSF/shortlines",id:1120 rr:MER rr:TRRA rr:ALS rr:DREI rr:EVWR region:CSX:A region:CSX:E region:NS:A1 region:NS:A2 region:NS:A3 region:NS:C1 region:CPKC:1 rr:UP:IL,2630|3029,WSOR/UP WI South of Milwaukee; Chicago UP/BNSF/shortlines
UP,ARAS%-##,Arlington,leaving,ALS Autos,,North/East autos for sorting at Gateway,class:auto,2630|3029,North/East autos for sorting at Gateway
UP,ARAS%-##,Arlington,leaving,Avon Autos,,Autoracks for CSX Northeast/Midwest destinations,class:auto,2630|3029,CSX Northeast/Midwest destinations
UP,ARAS%-##,Arlington,leaving,NLR,MRENL/MLDNL,Overflow MARFW NLR,ref:MARFW:NLR,2630|3029,
UP,PSFW-##,Parsons,leaving,Muskogee,,"OK, Coffeyville, Denison ->MPTDN",st:OK id:2831 id:2832 id:2841,2833,
UP,PSFW-##,Parsons,leaving,Ft Worth,,"Ft Worth service area, overflow Englewood/San Antonio/Settegast",id:1023 id:1847 id:1888 id:1904 id:3248 id:3249 id:3250 id:3251 id:3252 id:3532 id:3535 catchall,2833,
UP,FWSA-##,Ft Worth,leaving,San Antonio,,"San Antonio UP/BNSF, SAC, Port Laredo, Gardendale, Mexico Eagle Pass BNSF, Halsted",id:2239 id:2242 id:3118 id:3119 id:3432 rr:SAC id:1285 id:2481 id:2446 id:2485,1023|1847|1888|1904|3248|3249,
UP,FWSA-##,Ft Worth,leaving,East Yard,,"San Antonio Kirby, Spruce 2 Calaveras, TXGN",id:2239 id:2240 rr:TXGN,1023|1847|1888|1904|3248|3249,
UP,FWSA-##,Ft Worth,leaving,Eagle Pass,MKBEG,"Eagle Pass, Mexico Eagle Pass",id:1608 id:2446 id:2447,1023|1847|1888|1904|3248|3249,
UP,FWSA-##,Ft Worth,leaving,KCSM,MSAMX,Mexico Laredo Interchange UP,id:2482,1023|1847|1888|1904|3248|3249,
UP,FWDA%-##,Davidson,leaving,Arlington,,"Arlington Garrett, Arlington Great Southwest Lead, Grand Prairie, MARAS ALS, ALS Autos, NS Avondale Autos blocks",id:1918 id:1110 id:2755 ref:MARAS:ALS rr:ALS class:auto class:auto,2973,NS Avondale Autos blocks
UP,FWDA%-##,Davidson,leaving,Dallas,,"Dallas, Dallas Intermodal, Shreveport LA, Mansfield, LA, CPKC OK/MS/AL/LA, Waskom, Tenaha, Longview, Texarkana, Port of Caddo-Bossier, Mansfield LA,  overflow Mexico Laredo/Eagle Pass UP",id:1795 id:1797 id:1846 id:1938 id:3748 id:1795 id:1797 id:1846 id:1938 id:3748 id:1153 id:1282 id:1401 id:2398 id:2395 id:2396 st:LA rr:CPKC:OK/MS/AL/LA id:2399 id:2393 id:2394 id:1044 id:2733 id:2734 id:2735 id:3154 id:1251 id:2397 id:2395 id:2396 ref:Mexico:Laredo/Eagle_Pass_UP,2973,
UP,FWDA%-##,Davidson,leaving,DGNO,,"All DGNO traffic,  CPKC Dallas",rr:CPKC@1795 rr:CPKC@1797 rr:CPKC@1846 rr:CPKC@1938 rr:CPKC@3748,2973,All DGNO traffic
UP,BZLI-##,Brazos,leaving,Livonia,,"LA, CSX Regions B/D, NS Regions B1/B3/D1, Waskom TX, Texarkana UP/CPKC",st:LA region:CSX:B region:CSX:D region:NS:B1 region:NS:B3 region:NS:D1 id:2399 id:1251 id:1729,3545,
UP,BZLI-##,Brazos,leaving,NLR,,"Poplar Bluff, AR, BNSF TN/MS/AL, CN AL/MS/TN/MS/IL/Eastern US, CN Canada East of Thunder Bay ON, Tenaha UP, overflow MBZAS",id:1728 st:AR rr:BNSF:TN/MS/AL rr:CN:AL/MS/TN/IL region:CN:Eastern_US region:CN:East_of_Thunder_Bay id:2394 catchall,3545,
UP,BZLI-##,Brazos,leaving,Reisor,,"Shreveport, Texarkana UP/CPKC, CPKC MS/AL, Port of Caddo Bossier, Mansfield LA, Waskom TX, Longview UP, Longview Eastman UP, Longview Greggton, Brodie TX, CPKC OK",id:1153 id:1282 id:1401 id:2398 id:1251 id:1729 rr:CPKC:MS/AL id:2395 id:2396 id:2399 id:1044 id:2734 id:3154 rr:CPKC:OK,3545,Port of Caddo Bossier; Brodie TX
UP,HKSK-##,Hinkle,leaving,Wallula,,Wallula UP,id:1495,1895,
UP,HKSK-##,Hinkle,leaving,Wallula IM,,IM for Wallula UP,id:1495 class:im,1895,
UP,HKSK-##,Hinkle,leaving,Richland,LID52,Richland UP,id:2850,1895,
UP,HKSK-##,Hinkle,leaving,BNSF,LID40,"Pasco, Richland BNSF, Connell",id:1573 id:2851 id:2853,1895,
UP,HKSK-##,Hinkle,leaving,Spokane Autos,,,id:1741 id:1742 id:1743 id:1876 id:2202 id:2212 id:3179 id:3646 class:auto,1895,
UP,HKSK-##,Hinkle,leaving,Spokane,,"Spokane UP, Spokane Yardley, Spokane Erie St. Yard, Lind, Chewelah, Billings MT, Fairview MT, Dore ND Plummer ID, STMA, Coeur d'Alene",id:3646 id:1742 id:1741 id:3646 id:2837 id:2838 id:1893 id:2335 rr:STMA id:3460,1895,Dore ND Plummer ID
UP,HKSK-##,Hinkle,leaving,Trentwood,,"Spokane Velox, Spokane Millwood, Athol ID",id:1876 id:2202 id:3644,1895,
UP,LKEW-##,Port Arthur,leaving,Englewood,,"Southern TX, AZ, CA, OK, UT, NV, Houston Englewood, Houston Eureka, Houston Pasadena, Houston Deer Park, Overflow LKTHO",st:AZ st:CA st:OK st:UT st:NV id:1372 id:3784 id:1460 id:2529 id:3334 id:3343 id:3351 catchall,1241|1617|2217|2333,Southern TX
UP,EWLK-##,Houston,leaving,Lake Charles,,"All Lake Charles/West Lake/West Lake Charles BNSF, UP, and CPKC traffic",id:3278 id:3281 id:3284 rr:UP,1372|1374|1378|1383|1460|1812,and CPKC traffic
UP,EWLK-##,Houston,leaving,Beaumont,,Port Arthur UP/CPKC,id:1241 id:1617 id:2217 id:2333,1372|1374|1378|1383|1460|1812,
UP,LKHO-##,Lake Charles,leaving,Settegast,,"MN, ND, SD, OR, WA, ID, CO, WY, MT, North Platte, Sidney UP/BNSF NE, CN Thunder Bay ON Westward, PTRA, Houston Basin,  Houston Glass, Houston Tower 86, Houston Market St UP,  Houston Greens Bayou Pass, Channelview Smith Pass, Channelview Arco Ind Lead, Houston Old City [Booth], Houston Strang, Houston Sinco, Kendleton, Laredo CPKC, Mexico Laredo CPKC, overflow MLKLI ALS/Chicago area traffic, overflow MBTEW",st:MN st:ND st:SD st:OR st:WA st:ID st:CO st:WY not:RCPE st:MT id:1683 region:CN:Thunder_Bay_Westward rr:PTRA id:1374 id:3008 id:3009 id:3010 id:3011 id:3012 id:1383 id:1378 id:3013 id:3014 id:3015 id:1935 id:1982 id:3778 id:3779 id:2322 id:2557 id:2050 id:2484 ref:MLKLI:ALS/Chicago_area_traffic catchall,3277|3278,Sidney UP/BNSF NE
UP,HOBO%-##,Settegast,leaving,CB North Yard,,Destinations in MCBIT,,3480,Destinations in MCBIT
UP,HOBO%-##,Settegast,leaving,North Platte,MSANP,"OR, ID, WA, WY, CO, UT, Sidney UP, North Platte, BNSF MT/Alliance/Bridgeport/Sidney BNSF",st:OR st:ID st:WA st:WY not:RCPE st:CO st:UT id:1199 id:1683,3480,BNSF MT/Alliance/Bridgeport/Sidney BNSF
UP,HOBO%-##,Muskogee,created at,Coffeyville,,Combined Boone/Mason City blocks below plus MNLNPB 18th Street and Herington blocks,,1231|2110,Combined Boone/Mason City blocks below plus MNLNPB 18th Street and Herington blocks
UP,HOBO%-##,Coffeyville,created at,Boone,,"IA, UP/BNSF WI <<no Janesville/Anderson/Evansville>>, NE, MN, ND, RRVW, WSOR, Rochelle Global 3/BNSF",st:IA st:NE st:MN st:ND rr:RRVW rr:WSOR,2831|2832,UP/BNSF WI <<no Janesville/Anderson/Evansville>>; Rochelle Global 3/BNSF
UP,HOBO%-##,Coffeyville,created at,Mason City,,"Mason City, Forest City, Rake, Rockwell, IATR, CPKC IA, Welcome UP MN, Fairmount MN",id:2124 id:2125 id:3067 id:3071 id:3068 id:3069 rr:IATR rr:CPKC:IA id:2186 id:1660,2831|2832,
UP,HOLI-##,Houston,leaving,Avondale IM,MLIAV,,id:3533 class:im,1372|1374|1378|1383|1460|1812,
UP,HOLI-##,Houston,leaving,Livonia,,"LA, Waskom TX, Tenaha UP TX, Texarkana UP/CPKC, CPKC MS/AL, CN LA, CSX Regions B/D, NS Regions B1/B3/D1",st:LA id:2399 id:2394 id:1251 id:1729 rr:CPKC:MS/AL rr:CN:LA region:CSX:B region:CSX:D region:NS:B1 region:NS:B3 region:NS:D1,1372|1374|1378|1383|1460|1812,
UP,SSNP%-##,South St Paul,leaving,North Platte,,"North Platte, Sidney UP/BNSF, Alliance NE, Gurley NE, WY, OR, ID, WA, Western MT, CA, CO, NV, UT",id:1683 id:1199 id:2074 id:1356 id:2090 st:WY not:RCPE st:OR st:ID st:WA st:MT st:CA st:CO st:NV st:UT not:CP not:CN,1658|3274|4018|4019,
UP,SSNP%-##,South St Paul,leaving,Boone,,"IA, NE, Rochelle Global 3, Rochelle BNSF",st:IA st:NE id:1760 id:2112,1658|3274|4018|4019,
UP,SSNP%-##,South St Paul,leaving,Sioux City,MCHCB,"Sioux City, Sergeant Bluffs, RRVW, EE, DAIR, BNSF SD",id:1351 id:2610 id:2611 id:2612 id:2613 rr:RRVW rr:EE rr:DAIR rr:BNSF:SD,1658|3274|4018|4019,Sergeant Bluffs
UP,SSNP%-##,Grand Island,created at,Seattle IM,MNPAL,"Pocatello, Portland Terminal 6 UP, Tacoma Washington United , Tacoma Container Terminal, Seattle Argo, Seattle Harbor Island",id:1843 id:2140 id:2711 id:3289 id:2712 id:1481 id:1538,2261,
UP,SSNP%-##,Grand Island,created at,LA Basin IM,MNPAL,"Dolores/ICTF, Long Beach, Terminal Island, LA Harbor",id:1001 id:1014 id:1149 id:2514 id:2515 id:2516 id:2517 id:3090 id:3091 id:3092 id:3093 id:3094 id:3095 id:1389 id:3097 id:1103 id:1090,2261,
UP,OGHP%-##,Ogden yard,leaving,Roper,,"Salt Lake City yards, UTAH RR, overflow Roseville",id:1009 id:1325 id:2361 id:2362 id:3755 rr:UTAH catchall,1842|2168,
UP,OGHP%-##,Ogden yard,leaving,BNSF,,Salt Lake City BNSF,id:2361,1842|2168,
UP,OGHP%-##,Ogden yard,leaving,North Platte,MRONP,Overflow MRVGR North Platte,ref:MRVGR:North_Platte,1842|2168,
UP,EGBZC%-##,Eagle Pass,leaving,Brazos,,"All outbound manifest, less-than-trainload MEGBZC Brazos autoracks",class:auto,1608,less-than-trainload MEGBZC Brazos
UP,EGBZB-##,Eagle Pass,leaving,Brazos Boxcars,,All boxcars not covered by destinations below,,1608,All boxcars not covered by destinations below
UP,EGBZB-##,Eagle Pass,leaving,San Antonio Boxcars,,"Boxcars for AR, TX, CA, OR, ID, WA, MT, CO, AZ, NM, IA, MN, WI, Western Canada",st:TX st:CA st:OR st:ID st:WA st:MT st:CO st:AZ st:NM st:IA st:MN st:WI,1608,Boxcars for AR; Western Canada
UP,EGBZB-##,Eagle Pass,leaving,Livonia Boxcars,,Boxcars for destinations listed in MASLI,,1608,Boxcars for destinations listed in MASLI
UP,EGBZB-##,SoSan,created at,ALS,,MBZAS ALS block,ref:MBZAS:ALS,,
UP,VPSS%-##,Valley Park,leaving,South St Paul,,"South St Paul, Bayport, St Paul Hoffman, St Paul Western Ave UP/TCWR, Wisconsin Rapids UP, Nekoosa UP",id:1658 id:3274 id:4018 id:4019 id:1672 id:1176 id:3444 id:3049 id:3051,2356,St Paul Western Ave UP/TCWR
UP,VPSS%-##,Valley Park,leaving,Itasca,MMCIT,"Itasca, Port of Superior, Duluth Rice's Point",id:2475 id:1575 id:1514 id:2471 id:2472 id:2473,2356,
UP,VPSS%-##,Valley Park,leaving,CN Interchange,MMCIT,"CN Canada Thunder Bay westward, CN WI/MN",rr:CN:WI/MN,2356,CN Canada Thunder Bay westward
UP,VPSS%-##,Valley Park,leaving,CPKC Interchange,YSPCPKC,"CPKC Regions 2/3/4/5/6, DMVW",region:CPKC:2 region:CPKC:3 region:CPKC:4 region:CPKC:5 region:CPKC:6 rr:DMVW,2356,
UP,VPSS%-##,Valley Park,leaving,BNSF,YSPBN,"BNSF MN/WI/ND, RRVW",rr:BNSF:MN/WI/ND rr:RRVW,2356,
UP,VPSS%-##,Valley Park,leaving,Roseport,LTB85,Roseport UP,id:1659,2356,
UP,VPSS%-##,Valley Park,leaving,TCWR,UP locals or YSPMP,All TCWR traffic not serviced at Valley Park/Savage,,2356,All TCWR traffic not serviced at Valley Park/Savage
UP,VPSS%-##,Valley Park,leaving,TCWR Outbounds,YSPMP,All outbound traffic from Valley Park/Savage TCWR,,2356,
UP,VPSS%-##,Valley Park,leaving,MNNR,YSPMP,All MNNR,all:MNNR,2356,
UP,VPSS%-##,Valley Park,leaving,Butler,MNPAL,"UP WI, WSOR, All CSX, NS Regions A1/A2/A3/B1/C1/D1/D2, CPKC Region 1, CN Canada East of Thunder Bay, CN Eastern US",rr:UP:WI rr:WSOR all:CSX region:NS:A1 region:NS:A2 region:NS:A3 region:NS:B1 region:NS:C1 region:NS:D1 region:NS:D2 region:CPKC:1 region:CN:East_of_Thunder_Bay region:CN:Eastern_US,2356,
UP,VPSS%-##,Valley Park,leaving,Mason City,MSSDM,"Mason City, IANR, IATR, Rockwell, Rake, CPKC IA, Welcome UP, Fairmont MN",id:2124 id:2125 id:3067 rr:IANR rr:IATR id:3069 id:3068 rr:CPKC:IA id:2186 id:1660,2356,
UP,VPSS%-##,Valley Park,leaving,Sioux City,MSSNP,Overflow MVPNP Sioux City,ref:MVPNP:Sioux_City,2356,
UP,DNPT-##,Denison,leaving,Muskogee,,"Muskogee UP, Pryor, Coffeyville UP/SKOL, Pittsburg KS",id:1231 id:1230 id:2831 id:2832 id:2809,2841,
UP,DNPT-##,Denison,leaving,Tulsa,LVA74,OK,st:OK,2841,
UP,DNPT-##,Denison,leaving,BNSF,LVA74,"Muskogee BNSF, BNSF OK",id:2110 rr:BNSF:OK,2841,
UP,PTDN-##,Muskogee,leaving,Denison,,"KRR, TX, NM, AZ, LA Basin",rr:KRR st:TX st:NM st:AZ,1231|2110,LA Basin
UP,EWNL%-##,Englewood,leaving,Englewood - NLR: 0.8,,,,1372|3784,Englewood - NLR: 0.8
UP,EWNL%-##,Englewood,leaving,Little Rock,,"DQE, AR, MO, MNA, Welcome UP MN, Fairmont MN, TRRA, CSX Region C, NS Regions B2/D2, CN IL/TN/MS/Eastern US/Canada East of Thunder Bay ON, BNSF TN/MS/AL, IA, SD, RCPE",rr:DQE st:AR st:MO rr:MNA id:2186 id:1660 rr:TRRA region:CSX:C region:NS:B2 region:NS:D2 rr:CN:IL/TN/MS region:CN:Eastern_US region:CN:East_of_Thunder_Bay rr:BNSF:TN/MS/AL st:IA st:SD rr:RCPE,1372|3784,
UP,EWFW-##,Englewood,leaving,Spring,,Spring/Westfield,id:2531 id:1375,1372|3784,
UP,EWFW-##,Englewood,leaving,Ft Worth,,"Dallas/Ft Worth, Ennis, Mesquite, OK, KS, Kansas City, Jefferson City MO, St Joseph MO, El Paso, Amarillo, NM, CPKC MO/IL, overflow MHOCBB, overflow MEWWC, overflow IA/NE",id:1795 id:1797 id:1846 id:1938 id:3748 id:1023 id:1847 id:1888 id:1904 id:3248 id:3249 id:3250 id:3251 id:3252 id:3532 id:3535 id:2037 id:1845 st:OK st:KS id:1059 id:1169 id:1200 id:1214 id:1218 id:1227 id:1229 id:1301 id:1620 id:1817 id:1889 id:2011 id:1323 id:1310 id:2109 id:1779 id:1799 id:2099 id:1394 id:1443 id:1716 id:2632 id:2633 id:3126 id:3127 id:3128 id:3129 st:NM rr:CPKC:MO/IL catchall catchall catchall,1372|3784,
UP,ASLI%-##,Gateway,leaving,Livonia,,"South LA UP, CPKC Reserve/Baton Rouge/Baton Rouge D Line/New Orleans Shrewsbury, CN LA, Port Arthur UP/CPKC/Williams",id:3099 id:1902 id:1890 id:1931 id:2301 id:2302 id:2301 id:1424 rr:CN:LA id:1617 id:1241 not:CSX,1300|2336,
UP,ASLI%-##,Gateway,leaving,KCSM,,Mexico Laredo UP ONLY -> MBPMX/IMNMX,,1300|2336,Mexico Laredo UP ONLY -> MBPMX/IMNMX
UP,ASLI%-##,Pine Bluff,added at,AR Livonia,,"South LA UP, CPKC Reserve/Baton Rouge/Baton Rouge D Line/New Orleans Shrewsbury, CN LA, NS Region B3",id:3099 id:1902 id:1890 id:1931 id:2301 id:2302 id:2301 id:1424 rr:CN:LA region:NS:B3,1081|3340,
UP,ASLI%-##,Pine Bluff,added at,Livonia Autos,,Loaded autoracks for Port Allen,id:1678 class:auto,1081|3340,
UP,CXSL-##,Rose Lake,leaving,North Platte,,"North Platte, Sidney UP, WY, CO, MT, UT, OR, ID, WA, CA",id:1683 id:1199 st:WY not:RCPE st:CO st:MT st:UT st:OR st:ID st:WA st:CA,1120,
UP,CXSL-##,Rose Lake,leaving,Englewood,,MASEW Englewood,ref:MASEW:Englewood,1120,
UP,CXSL-##,Rose Lake,leaving,North Platte Autos,,Autoracks for destinations in the north Platte block,ref:MSSNP:North_Platte class:auto,1120,
UP,CXDUB%-##,Rose Lake,leaving,Dupo,,"UP AR, LA, TX [Amarillo/El Paso to Gateway], overflow North Platte, overflow Englewood",rr:UP:AR st:LA catchall catchall,1120,TX [Amarillo/El Paso to Gateway]
UP,ARFW-##,Arlington Garrett,leaving,Livonia,MFWLI,"UP Southeast LA, New Orleans, CN LA, CSX Regions B/D, NS Region B3",rr:UP:LA id:1422 id:1423 id:1424 id:1425 id:1426 id:1858 id:2181 id:2727 id:2937 id:2938 rr:CN:LA region:CSX:B region:CSX:D region:NS:B3,1918,
UP,ARFW-##,Arlington Garrett,leaving,Ft Worth,,All other outbound traffic not in MARAS or other blocks,catchall,1918,
UP,DAFW%-##,Miller,leaving,Fort Worth,,All outbound traffic not covered by other trains/blocks,,1846|2391,
UP,DAFW%-##,Miller,leaving,Englewood,MFWEW,"Houston Sinco, Houston Englewood, Houston Eureka, Houston Melendy, Houston Fairbanks, Houston Galena, Houston Deer Park, Spring, Westfield, Hearne, Port Aurthur, Westlake/Mossville LA, BNSF Houston",id:2322 id:1372 id:3784 id:1460 id:1372 id:1372 id:1878 id:3729 id:3351 id:2531 id:1375 id:2033 id:1241 id:1617 id:2217 id:1563 id:1987 id:2358 rr:BNSF@1372 rr:BNSF@1374 rr:BNSF@1378 rr:BNSF@1383 rr:BNSF@1460 rr:BNSF@1812,1846|2391,
UP,DAFW%-##,Miller,leaving,North Little Rock,,Overflow MDARE North Little Rock,ref:MDARE:North_Little_Rock,1846|2391,
UP,HKET-##,Hinkle,leaving,CPKC Manifest,,CPKC ND/MN/AB/SK/MB/Thunder Bay and Western ON,,1895,CPKC ND/MN/AB/SK/MB/Thunder Bay and Western ON
UP,HKET-##,Hinkle,leaving,CPKC Loaded Autoracks,,Autoracks for above areas,class:auto,1895,above areas
UP,HKET-##,Hinkle,leaving,Trentwood,,"Spokane Velox, Spokane Millwood",id:1876 id:2202,1895,
UP,HOSS%-##,Settegast,leaving,South St Paul,,"MN, ND, WI <<no Janesville/Anderson/Evansville>>,  CPKC Regions 2/3/4/5/6, DMVW, CN Thunder Bay ON Westward, CN WI/MN",st:MN st:ND region:CPKC:2 region:CPKC:3 region:CPKC:4 region:CPKC:5 region:CPKC:6 rr:DMVW region:CN:Thunder_Bay_Westward rr:CN:WI/MN,3480,WI <<no Janesville/Anderson/Evansville>>
UP,HOSS%-##,Settegast,leaving,North Platte,MSANP,"OR, ID, WA, WY, CO, UT, Sidney UP, North Platte, BNSF MT/Alliance/Bridgeport/Sidney BNSF",st:OR st:ID st:WA st:WY not:RCPE st:CO st:UT id:1199 id:1683,3480,BNSF MT/Alliance/Bridgeport/Sidney BNSF
UP,HOSS%-##,Muskogee,created at,Coffeyville,,Combined Boone/Mason City blocks below plus MNLNPB 18th Street and Herington blocks,,1231|2110,Combined Boone/Mason City blocks below plus MNLNPB 18th Street and Herington blocks
UP,HOSS%-##,Coffeyville,created at,Boone,,"IA, Rochelle Global 3/BNSF",st:IA,2831|2832,Rochelle Global 3/BNSF
UP,HOSS%-##,Coffeyville,created at,Mason City,,"Mason City, Forest City, Rake, Rockwell, IATR, CPKC IA, Welcome UP MN, Fairmount MN",id:2124 id:2125 id:3067 id:3071 id:3068 id:3069 rr:IATR rr:CPKC:IA id:2186 id:1660,2831|2832,
UP,NLCB%-##,North Little Rock,leaving,Council Bluffs,,"NE, CN IA, Coucil Bluffs, Bayard, Cedar Rapids, Des Moines, Avon, CIC, IAIS, RCPE, Sioux City, Sargeant Bluff, DAIR, EE, SD, Shakopee/Valley Park, Savage MN, Roseport, MN, Tomah, La Crosse CPKC, La Crosse City Track, CN WI/Canada Thunder Bay Westward, [CPKC Regions 2/3/4/5/6 from Neff], [overflow MHOSS South St Paul from Coffeyville]",st:NE rr:CN:IA id:3066 id:1134 id:1753 id:1046 id:2719 id:2720 id:2721 id:2726 id:3693 id:2723 id:3694 id:3695 id:3696 rr:CIC rr:IAIS rr:RCPE id:1351 id:2610 id:2611 id:2612 id:2613 id:2609 rr:DAIR rr:EE st:SD id:2356 id:3270 id:2356 id:2357 id:3272 id:3273 id:1659 id:2290 st:MN id:3055 id:1217 id:3053,1920|2621|3424,Coucil Bluffs; CN WI/Canada Thunder Bay Westward; [CPKC Regions 2/3/4/5/6 from Neff]; [overflow MHOSS South St Paul from Coffeyville]
UP,NLCB%-##,North Little Rock,leaving,Boone,MHOSS,MHOBO Boone block,ref:MHOBO:Boone,1920|2621|3424,
UP,NLCB%-##,North Little Rock,leaving,Mason City,MHOSS,MHOBO Mason City block,ref:MHOBO:Mason_City,1920|2621|3424,
UP,NLCB%-##,Neff,created at,KC Council Bluffs,,"Combined Council Bluffs, Boone, and Mason City blocks above as a single block",id:2839 id:2840,,Combined Council Bluffs; and Mason City blocks above as a single block
UP,NLCB%-##,Neff,created at,Council Bluffs IM,,IM for Council Bluffs UP,id:1767 class:im,,
UP,NOLI%-##,Avondale,leaving,Livonia,,"Regions A2/A3/C1/C2/C3, CSX Regions A/C/E, BNSF TN/MS/AL,  CPKC Regions 1/2/3/4/5/6, DMVW. RRVW, All CN except LA, all other manifest not covered by other trains/blocks.",region:CSX:A region:CSX:C region:CSX:E rr:BNSF:TN/MS/AL region:CPKC:1 region:CPKC:2 region:CPKC:3 region:CPKC:4 region:CPKC:5 region:CPKC:6 rr:DMVW rr:RRVW all:CN not:CN:LA catchall,3533,Regions A2/A3/C1/C2/C3
UP,NOLI%-##,Avondale,leaving,North Little Rock,,MLINL Little Rock,ref:MLINL:Little_Rock,3533,
UP,NOLI%-##,Avondale,leaving,Houston IM,MLIEW,Englewood/Settegast,id:1372 id:3784 id:3480,3533,
UP,NOLI%-##,Avondale,leaving,"LA Basin IM, grouped by destination",MLIEW,"Dolores ICTF, TRAPAC [TriPac], West Basin, Terminal Island TICTF, Long Beach Pier T, Pier 400, Global South, Long Beach ITS, Long Beach Pacific Container Terminal, Long Beach Terminal A",id:1001 id:3104 id:3102 id:3103 id:1149 id:3101 id:1152 id:1163 id:3099 id:2515 id:3094 id:2514 id:3093 id:2517 id:3091,3533,Terminal Island TICTF
UP,NOLI%-##,Avondale,leaving,Houston,,Overflow MNOEW Englewood,ref:MNOEW:Englewood,3533,
UP,NPVP-##,North Platte,leaving,South St Paul,MVPSS,"South St Paul, UP WI, UP MN, TCWR, MNNR, BNSF MN/ND/WI, CPKC Regions 2/3/4/5/6, DMVW, RRVW, CN Thunder Bay Westward, CN WI, Roseport, overflow MNPCH/MCBCH Proviso/Elkhart/BRC",id:1658 id:3274 id:4018 id:4019 rr:UP:WI rr:UP:MN rr:TCWR rr:MNNR rr:BNSF:MN/ND/WI region:CPKC:2 region:CPKC:3 region:CPKC:4 region:CPKC:5 region:CPKC:6 rr:DMVW rr:RRVW rr:CN:WI id:1659 id:2290 catchall,1683,CN Thunder Bay Westward
UP,NPVP-##,North Platte,leaving,Mankato,,RCPE,rr:RCPE,1683,
UP,NPVP-##,North Platte,leaving,Council Bluffs,,"Council Bluffs, Des Moines, CN IA, OLB, overflow Boone/Marshalltown, overflow Mason City",id:1107 id:1115 id:1767 id:1768 id:2583 id:2584 id:3064 id:1046 id:2719 id:2720 id:2721 id:2726 id:3693 rr:CN:IA rr:OLB catchall ref:Mason:City,1683,
UP,NPVP-##,North Platte,leaving,Council Bluffs IM,,IM for Council Bluffs UP,id:1767 class:im,1683,
UP,NPVP-##,North Platte,leaving,Sioux City,,"Sioux City, DAIR, BNSF SD, RWRR, EE",id:1351 id:2610 id:2611 id:2612 id:2613 rr:DAIR rr:BNSF:SD rr:RWRR rr:EE,1683,
UP,NPVP-##,Council Bluffs,created at,Valley Park,,"Shakopee, Valley Park, Savage, South St Paul block above",id:2356 id:3270 id:2356 id:2357 id:3272 id:3273,1107|1115|1767|1768|2583|2584,South St Paul block above
UP,NYNPB%-##,North Yard,leaving,North Platte,,"NE, IA, ND, SD, WI, MN, IL, MO, KS, OK, TX, LA, RCPE, CPKC Regions 1/2/3/4, CN Canada MB Eastward, CN US, All CSX, All NS",st:NE st:IA st:ND st:SD st:WI st:MN st:IL st:MO st:KS st:OK st:TX st:LA rr:RCPE region:CPKC:1 region:CPKC:2 region:CPKC:3 region:CPKC:4 rr:CN:MB region:CN:East_of_Thunder_Bay region:CN:US all:CSX all:NS,,
UP,NYNPB%-##,North Yard,leaving,North Platte IM,,Global 2 IM from 36th Street,id:1595 class:im,,
UP,NYNPB%-##,North Yard,leaving,Cheyenne,,"Cheyenne, BNSF WY, Billings MT, Fairfiew MT, Dore ND",id:1874 id:2844 rr:BNSF:WY id:1893 id:2335 id:2230,,
UP,NYNPB%-##,North Yard,leaving,NS Empty Autos,AMICX,Empty autoracks for NS Midwest/Northeast,class:auto,,Empty autoracks for NS Midwest/Northeast
UP,NYNPB%-##,North Yard,leaving,Laredo Autos,MNYPD/MCYPD,Empty autoracks for Mexico Laredo UP,class:auto,,Empty autoracks for Mexico Laredo UP
UP,NYNPB%-##,North Yard,leaving,Hinkle,MCYGR,Overflow MNYGR Hinkle,ref:MNYGR:Hinkle,,
UP,NYNPB%-##,North Yard,leaving,Green River,MCYGR,Overflow MNYGR Green River,ref:MNYGR:Green_River,,
UP,PBMX%-##,"Marion, with IM grouped by destination in each block",leaving,Kirby Autos,,"Autoracks for San Antonio Kirby, Mexico Eagle Pass UP, San Antonio TMMTX, Phoenix, overflow Westfield, overflow Mira Loma",id:2239 class:auto id:2447 id:2242 id:3432 id:1345 id:1536 id:1537 id:1565 id:2707 catchall ref:Mira:Loma,,
UP,PBMX%-##,"Marion, with IM grouped by destination in each block",leaving,KCSM Autos,,Autoracks for Mexico Laredo UP,id:2482 class:auto,,
UP,PBMX%-##,"Marion, with IM grouped by destination in each block",leaving,KCSM,,Manifest for Mexico Laredo UP,,,Manifest for Mexico Laredo UP
UP,PBMX%-##,"Marion, with IM grouped by destination in each block",leaving,Texarkana,,"Texarkana UP/CPKC, S Texarkana, TNER, Queen City UP/CPKC, Mt Pleasant TX",id:1251 id:1729 id:3670 rr:TNER id:3673 id:3674 id:3675,,
UP,RVFR%-##,Roseville,leaving,Fresno,,"Fresno, Fresno Calwa UP/BNSF, SJVR, Bakersfield, Goshen, Tulare, overflow Stockton, overflow MRVWC",id:1021 id:1201 id:2321 id:1201 id:2321 rr:SJVR id:1013 id:1015 id:1133 id:1984 id:1651 id:1168 catchall catchall,3503,
UP,RVFR%-##,Roseville,leaving,Stockton,,"Stockton UP, STE, SERA, Modesto UP, Lathrop, Tracy",id:1354 rr:STE rr:SERA id:3462 id:1857 id:1783,3503,
UP,RVFR%-##,Roseville,leaving,CCT,,All CCT traffic,,3503,All CCT traffic
UP,RVFR%-##,Roseville,leaving,BNSF,," Mariposa, Rivebank, Modesto BNSF, Stockton BNSF, Pittsburg BNSF, Oakland BNSF, outbounds from Sacramento SERA for BNSF",id:1313 id:3461 id:1353 id:1354 id:2377 id:2934 id:1420 id:2237,3503,Rivebank; outbounds from Sacramento SERA for BNSF
UP,RVFR%-##,Roseville,leaving,MET,,Modesto MET,id:2154,3503,
UP,CBDM%-##,Council Bluffs,leaving,Hull avenue,,Des Moines Hull Avenue,id:2726,1107|1115|1767|1768|2583|2584,
UP,CBDM%-##,Council Bluffs,leaving,Des Moines,,"Avon IA, Des Moines, Des Moines Glake BNSF/NS interchange, KS, MO, AR, OK, TX, LA",id:2723 id:3694 id:3695 id:3696 id:1046 id:2719 id:2720 id:2721 id:2726 id:3693 st:KS st:MO st:AR st:OK st:TX st:LA,1107|1115|1767|1768|2583|2584,Des Moines Glake BNSF/NS interchange
UP,CBDM%-##,Council Bluffs,leaving,Des Moines IM,MDMHN,Marion IM/baretables,class:im,1107|1115|1767|1768|2583|2584,Marion IM/baretables
UP,CBDM%-##,Council Bluffs,leaving,Englewood,MDMNL,"Houston Englewood, Houston Eureka, Houston Melendy, Houston Fairbanks, Houston Galena, Houston Pasadena, Houston Deer Park, Spring, Westfield, Tenaha BNSF, BNSF Houston, Port Aurthur, Westlake LA, West Lake Charles LA, Port of Lake Charles LA, Lake Charles LA, BNSF Houston, Longview BNSF, Longview Eastman BNSF",id:1372 id:3784 id:1460 id:1372 id:1372 id:1878 id:3729 id:2529 id:3334 id:3343 id:3351 id:2531 id:1375 id:2393 rr:BNSF@1372 rr:BNSF@1374 rr:BNSF@1378 rr:BNSF@1383 rr:BNSF@1460 rr:BNSF@1812 id:1241 id:1617 id:2217 id:1563 id:1987 id:2358 id:3282 id:3283 id:3284 id:3279 id:3280 id:3281 id:3277 id:3278 rr:BNSF@1372 rr:BNSF@1374 rr:BNSF@1378 rr:BNSF@1383 rr:BNSF@1460 rr:BNSF@1812 id:2733 id:2735,1107|1115|1767|1768|2583|2584,
UP,CBDM%-##,Council Bluffs,leaving,Boone,,"IA, Forest City IA, Welcome UP MN, Fairmont MN, Rochelle Global 3 manifest, Rochelle BNSF, West Chicago, Belvidere, St. Charles, overflow MCBCH Cedar Rapids",st:IA id:3071 id:2186 id:1660 id:1760 id:2112 id:2028 id:2029 id:2451 id:2558 id:2559 ref:MCBCH:Cedar_Rapids,1107|1115|1767|1768|2583|2584,
UP,CBDM%-##,Council Bluffs,leaving,Shell Rock IM,,IM for Shell Rock IA,id:2077 class:im,1107|1115|1767|1768|2583|2584,
UP,BOMC-##,Boone,leaving,Mason City,,"Shell Rock manifest, Forest City, Mason City, CPKC IA, Welcome UP, Fairmont MN",id:2077 id:3071 id:2124 id:2125 id:3067 rr:CPKC:IA id:2186 id:1660,2839|2840,
UP,BOMC-##,Boone,leaving,Shell Rock IM,,IM for Shell Rock,id:2077 class:im,2839|2840,
UP,CYGR%-##,Cheyenne UP,leaving,Green River,,"UT, CA, OR, NV, ID, WA, CPKC Regions 5/6",st:UT st:CA st:OR st:NV st:ID st:WA region:CPKC:5 region:CPKC:6,1874,
UP,CYGR%-##,Cheyenne UP,leaving,Hinkle,MGRPC,"WA, OR, STMA, Plummer ID, Coeur d'Alene ID",st:WA st:OR rr:STMA id:2199,1874,Coeur d'Alene ID
UP,SSIT-##,South St Paul,leaving,CN Interchange,,"CN Thunder Bay ON Westward, CN WI/MN",region:CN:Thunder_Bay_Westward rr:CN:WI/MN,1658|3274|4018|4019,
UP,SSIT-##,South St Paul,leaving,Itasca,,"Itasca, Port Superior, Duluth Rice's Point",id:2475 id:1575 id:1514 id:2471 id:2472 id:2473,1658|3274|4018|4019,
UP,VPSS-##,Valley Park,leaving,South St Paul,,"South St Paul, Bayport, St Paul Hoffman, St Paul Western Ave UP/TCWR, Wisconsin Rapids UP, Nekoosa UP",id:1658 id:3274 id:4018 id:4019 id:1672 id:1176 id:3444 id:3049 id:3051,2356,St Paul Western Ave UP/TCWR
UP,VPSS-##,Valley Park,leaving,Itasca,MSSIT,"Itasca, Port of Superior, Duluth Rice's Point",id:2475 id:1575 id:1514 id:2471 id:2472 id:2473,2356,
UP,VPSS-##,Valley Park,leaving,CN Interchange,MSSIT,"CN Canada Thunder Bay westward, CN WI/MN",rr:CN:WI/MN,2356,CN Canada Thunder Bay westward
UP,VPSS-##,Valley Park,leaving,CPKC Interchange,YSPCP,"CPKC Regions 2/3/4/5/6, DMVW",region:CPKC:2 region:CPKC:3 region:CPKC:4 region:CPKC:5 region:CPKC:6 rr:DMVW,2356,
UP,VPSS-##,Valley Park,leaving,BNSF,YSPBN,"BNSF MN/WI/ND, RRVW",rr:BNSF:MN/WI/ND rr:RRVW,2356,
UP,VPSS-##,Valley Park,leaving,Roseport,LTB85,Roseport UP/CPKC,id:1659 id:2290,2356,
UP,VPSS-##,Valley Park,leaving,TCWR,UP locals or YSPMP,All TCWR traffic not serviced at Valley Park/Savage,,2356,All TCWR traffic not serviced at Valley Park/Savage
UP,VPSS-##,Valley Park,leaving,TCWR Outbounds,YSPMP,All outbound traffic from Valley Park/Savage TCWR,,2356,
UP,VPSS-##,Valley Park,leaving,MNNR,YSPMP,All MNNR,all:MNNR,2356,
UP,VPSS-##,Valley Park,leaving,Butler,MNPAL,"UP WI, WSOR, All CSX, NS Regions A1/A2/A3/B1/C1/D1/D2, CPKC Region 1, CN Canada East of Thunder Bay, CN Eastern US",rr:UP:WI rr:WSOR all:CSX region:NS:A1 region:NS:A2 region:NS:A3 region:NS:B1 region:NS:C1 region:NS:D1 region:NS:D2 region:CPKC:1 region:CN:East_of_Thunder_Bay region:CN:Eastern_US,2356,
UP,VPSS-##,Valley Park,leaving,Mason City,MSSDM,"Mason City, Shell Rock, Osage Subdivision, Armour, Waterloo Bryant Yard, Oelwein, Forest City, IATR, Rockwell, Rake, CPKC IA, Welcome UP, Fairmont MN",id:2124 id:2125 id:3067 id:2077 id:2650 id:1737 id:2651 id:2078 id:3071 rr:IATR id:3069 id:3068 rr:CPKC:IA id:2186 id:1660,2356,
UP,YCAS%-##,Yard Center,leaving,Villa Grove,,"Villa Grove, Royal, Tuscola UP, Shelbyville, DREI, KBSR, TPW",id:2811 id:2813 id:2810 id:2812 rr:DREI rr:KBSR rr:TPW,,
UP,YCAS%-##,Yard Center,leaving,ALS,,"St Louis, TRRA, ALS, MO, overflow Kansas City/KS/AZ/NM/El Paso/Amarillo, overflow MPRNL blocks",id:1004 id:1277 id:1562 id:1736 id:2045 id:2174 id:2391 id:3617 rr:TRRA rr:ALS st:MO catchall ref:MPRNL:blocks,,
UP,YCAS%-##,Yard Center,leaving,ALS Autos,,Autoracks for TX/LA/MO/KS,st:TX st:LA st:MO st:KS class:auto,,
UP,YCAS%-##,Yard Center,leaving,Livonia,,"Southeast LA UP, NOGC, NOPB, Westlake/Mossville, CN LA, CPCK Baton Rouge/Reserve/New Orleans/Geismar, NS Region B3, Port Arthur UP/CPKC/Williams",rr:UP:LA rr:NOGC rr:NOPB id:1563 id:1987 id:2358 rr:CN:LA region:NS:B3 id:1617 id:1241,,CPCK Baton Rouge/Reserve/New Orleans/Geismar
UP,FWEW%-##,Ft Worth,leaving,Englewood,,"Houston Englewood, Houston Eureka, Houston Melendy, Houston Fairbanks, Houston Galena, Houston Pasadena, Houston Deer Park, Spring, Westfield, Tenaha BNSF, BNSF Houston, Port Aurthur, Westlake LA, West Lake Charles LA, Port of Lake Charles LA, Lake Charles LA, BNSF Houston, Longview BNSF, Longview Eastman BNSF",id:1372 id:3784 id:1460 id:1372 id:1372 id:1878 id:3729 id:2529 id:3334 id:3343 id:3351 id:2531 id:1375 id:2393 rr:BNSF@1372 rr:BNSF@1374 rr:BNSF@1378 rr:BNSF@1383 rr:BNSF@1460 rr:BNSF@1812 id:1241 id:1617 id:2217 id:1563 id:1987 id:2358 id:3282 id:3283 id:3284 id:3279 id:3280 id:3281 id:3277 id:3278 rr:BNSF@1372 rr:BNSF@1374 rr:BNSF@1378 rr:BNSF@1383 rr:BNSF@1460 rr:BNSF@1812 id:2733 id:2735,1023|1847|1888|1904|3248|3249,
UP,FWEW%-##,Ft Worth,leaving,Ennis,,"Ennis, TCB, Midlothian Railport UP, overflow MFWDA Dallas",id:2037 rr:TCB id:2364 ref:MFWDA:Dallas,1023|1847|1888|1904|3248|3249,
UP,FWEW%-##,Ft Worth,leaving,Hearne,,"Hearne, Benchley, Bryan, Easterly",id:2033 id:2553 id:2554 id:2555,1023|1847|1888|1904|3248|3249,
UP,FWEW%-##,Brazos,created at,BZ Englewood,,"All outbound traffic not covered by other trains, overflow MBZLI",catchall,3545,
UP,NLCN%-##,North Little Rock,leaving,CN Memphis interchange,,"CN TN/MS/AL, Memphis Harrison UP/BNSF/CN/CSX/NS, Memphis Presidents Island UP/BNSF/CSX/NS, overflow MNLTT",rr:CN:TN/MS/AL id:1921 id:3382 id:3383 id:3384 id:3385 id:1923 id:3427 id:3428 id:3429 id:3430 catchall,1920|2621|3424,
UP,NLCN%-##,North Little Rock,leaving,Marion,,"Marion Autos, IM",id:1180 id:1448 id:1705 class:auto class:im,1920|2621|3424,IM
UP,NLCN%-##,North Little Rock,leaving,NS Southeast IM,,Overflow INLMN NS Southeast,catchall,1920|2621|3424,
UP,NLCN%-##,North Little Rock,leaving,CSX Nashville,next MNLNV,Overflow MNLNV CSX Nashville,ref:MNLNV:CSX_Nashville,1920|2621|3424,
UP,NLCN%-##,North Little Rock,leaving,NS Sheffield,next MNLSF,Overflow MNLSF NS Sheffield block,ref:MNLSF:NS_Sheffield,1920|2621|3424,
UP,NLCN%-##,Marion,created at,Canton Empty Autos,,Empty autoracks billed to Canton MS,class:auto,1180|1448|1705,Empty autoracks billed to Canton MS
UP,MTPR%-##,Marshalltown,leaving,Beverly,,"Cedar Rapids, CIC, IANR, South Amana, Iowa City IAIS, Wilton, Rock Island IAIS",id:1134 id:1753 rr:CIC rr:IANR id:2402 id:2153 id:2403 id:2375,1287,
UP,MTPR%-##,Marshalltown,leaving,Clinton,MCLPE,"IMRR, TZPR, TPW",rr:IMRR rr:TZPR rr:TPW,1287,
UP,MTPR%-##,Marshalltown,leaving,BRC,MCBCH,MCBCH BRC block,ref:MCBCH:BRC,1287,
UP,MTPR%-##,Marshalltown,leaving,Sterling,,"Rochelle Global 3, Rochelle BNSF, West Chicago UP/CN, St. Charles, Troy Grove, Belvidere, GRW",id:1760 id:2112 id:2028 id:2029 id:2451 id:2559 id:3089 id:2558 rr:GRW,1287,
UP,MTPR%-##,Marshalltown,leaving,Elkhart,MCBCH,MCBCH Elkhart block,ref:MCBCH:Elkhart,1287,
UP,MTPR%-##,Marshalltown,leaving,Proviso,MCLPR,"IL, CPKC Region 1, CN IL+Eastern US/Canada East of Thunder Bay",st:IL region:CPKC:1 rr:CN:IL region:CN:Eastern_US region:CN:East_of_Thunder_Bay,1287,
UP,MTPR%-##,Beverly,created at,ALS,MPRAS,"ALS, TRRA, UP/BNSF St Louis, MER, West Labadie, Granite City Madison, Wood River UP, Alton UP/CN",rr:ALS rr:TRRA rr:UP@1120 rr:BNSF@1120 rr:MER id:1867 id:1974 id:1125 id:3220,1753,
UP,ALG3%-##,Butler,leaving,Proviso,,"Chicago UP traffic, MO, AR, CN IL/TN/MS/LA/Eastern US/Canada East of Thunder Bay ON, All CP/DMVW/RRVR except Milwaukee area, NS Regions B2/B3/C2/C3, CPKC TX/LA/MS/AL, BNSF TN/MS/AL, overflow IA/KS/OK/TX/LA",st:MO st:AR region:NS:B2 region:NS:B3 region:NS:C2 region:NS:C3 rr:CPKC:TX/LA/MS/AL rr:BNSF:TN/MS/AL catchall,2990,Chicago UP traffic; CN IL/TN/MS/LA/Eastern US/Canada East of Thunder Bay ON; All CP/DMVW/RRVR except Milwaukee
UP,ALG3%-##,Butler,leaving,IHB,YPRIHB,"IHB, CFE",rr:IHB rr:CFE,2990,
UP,ALG3%-##,Butler,leaving,BRC,YPRBRC,"CSX, BRC, SCIH, CRL, CSS, BNSF Chicago area",rr:CSX rr:BRC rr:SCIH rr:CRL rr:CSS rr:BNSF@1055 rr:BNSF@1066 rr:BNSF@1072 rr:BNSF@1088 rr:BNSF@1092 rr:BNSF@1094,2990,
UP,ALG3%-##,Butler,leaving,ALS,,MPRAS ALS block,ref:MPRAS:ALS,2990,
UP,ALG3%-##,Butler,leaving,NS Elkhart,MG3AH,NS Regions A1/A2/A3/B1/C1/D1/D2,region:NS:A1 region:NS:A2 region:NS:A3 region:NS:B1 region:NS:C1 region:NS:D1 region:NS:D2,2990,
UP,DHAM%-##,Alfalfa Yard,leaving,Amarillo,,"Amarillo North Yard UP, North Amarillo UP, Amarillo Folsom UP",id:2632 id:3125 id:3127,1799,
UP,DHAM%-##,Alfalfa Yard,leaving,Amarillo South,,"Amarillo South Yard UP, South Amarillo UP",id:2633 id:3123,1799,
UP,DHAM%-##,Alfalfa Yard,leaving,BNSF,,"Amarillo North BNSF, Amarillo South BNSF, Hereford, Bovina, Harrington Generating Station, Amarillo Folsom BNSF, Amarillo Pullman BNSF, North Amarillo BNSF",id:1394 id:1716 id:1501 id:2688 id:3126 id:3128 id:3124,1799,
UP,EPDH%-##,El Paso,leaving,Dalhart,MSICB,"KS, MO, NS Regions A1/A2/A3/C1/C2, MT, CO, WY, NE, IA, MN, WI, RCPE, DAIR, DMVW, CN SK/MB/ON Thunder Bay westward, CPKC Regions 1/2/3/4/DMVW/RRVR, BNSF ND/SD/EE/RWRR, IL, St Louis area, ALS, MER, CSX Regions A/E, Amarillo UP/BNSF, Harrington Generating Station, Hereford, Bovina, Tolk Generating Station",st:KS st:MO region:NS:A1 region:NS:A2 region:NS:A3 region:NS:C1 region:NS:C2 st:MT st:CO st:WY not:RCPE st:NE st:IA st:MN st:WI rr:RCPE rr:DAIR rr:DMVW region:CN:Thunder_Bay_Westward region:CPKC:1 region:CPKC:2 region:CPKC:3 region:CPKC:4 rr:DMVW st:IL id:1120 id:1212 id:1004 rr:ALS rr:MER region:CSX:A region:CSX:E id:1394 id:1443 id:1716 id:2632 id:2633 id:3126 id:3127 id:3128 id:3129 id:1501 id:2688 id:2689,1779|1799|2099,region:CPKC:RRVR; BNSF ND/SD/EE/RWRR
UP,EGBZA%-##,Eagle Pass,leaving,Brazos Autos,,All outbound autoracks,class:auto,1608,
UP,EGBZA%-##,SoSan,created at,ALS,,Overflow MEGBZB ALS,ref:MEGBZB:ALS,,
UP,FWLI%-##,Davidson,leaving,TX Livonia,,"UP Southeast LA, New Orleans, CPKC Reserve/Baton Rouge/Baton Rouge D Line/Shrewsbury, CN LA, CSX Regions B/D, NS Region B3, overflow Westlake/Mossville",rr:UP:LA id:1422 id:1423 id:1424 id:1425 id:1426 id:1858 id:2181 id:2727 id:2937 id:2938 id:1902 id:1890 id:1931 id:2301 id:2302 id:2301 id:1424 rr:CN:LA region:CSX:B region:CSX:D region:NS:B3 catchall,2973,
UP,LDSA%-##,Port Laredo,leaving,Ft Worth,MSAFW,MSAFW Ft Worth block,ref:MSAFW:Ft_Worth,1285,
UP,LDSA%-##,Port Laredo,leaving,North Platte,MSANP,MSANP North Platte block,ref:MSANP:North_Platte,1285,
UP,LDSA%-##,Port Laredo,leaving,Englewood,MSAEW,MSAEW Englewood block,ref:MSAEW:Englewood,1285,
UP,LDSA%-##,Port Laredo,leaving,San Antonio,,"MSANP Boone block, all cars not covered by other blocks/trains",ref:MSANP:Boone,1285,all cars not covered by other blocks/trains
UP,SALI%-##,South San Antonio,leaving,Settegast,,"PTRA, Houston Basin UP,  Houston Glass UP, Houston Tower 86, Houston Market St UP,  Houston Greens Bayou Pass, Channelview Smith Pass, Channelview Arco Ind Lead, Houston Old City [Booth], Houston Strang, MHOAS destinations",rr:PTRA id:1374 id:3010 id:1383 id:1378 id:3013 id:3014 id:3015 id:1935 id:1982 id:3778 id:3779,2241|2490|3431,MHOAS destinations
UP,SALI%-##,South San Antonio,leaving,Eagle Pass,,"Eagle Pass, Mexico Eagle Pass",id:1608 id:2446 id:2447,2241|2490|3431,
UP,SALI%-##,South San Antonio,leaving,Livonia,,"LA, CSX Regions B/D, NS Regions B1/B3/D1, Waskom TX, Texarkana UP/CPKC",st:LA region:CSX:B region:CSX:D region:NS:B1 region:NS:B3 region:NS:D1 id:2399 id:1251 id:1729,2241|2490|3431,
UP,SLSL%-##,Lesperance Yard,leaving,ALS,,All outbound manifest from St Louis Lesperance,,2045,
UP,SLSL%-##,Gateway,leaving,Lesperance,,St Louis Lesperance,id:2045,1300|2336,
UP,CNNL%-##,Memphis Harrison,leaving,Marion Autos,,"Autoracks for Mira Loma, Westfield, and Marion",id:1406 class:auto id:1375,1921|3382|3383|3384|3385,and Marion
UP,CNNL%-##,Memphis Harrison,leaving,Pine Bluff,,"Pine Bluff, Shreveport UP, Texarkana UP, Waskom, Longview UP, Bodie, Dallas/Ft Worth",id:1081 id:3340 id:1153 id:1282 id:1401 id:2398 id:1251 id:1729 id:2399 id:1044 id:3155 id:1795 id:1797 id:1846 id:1938 id:3748 id:1023 id:1847 id:1888 id:1904 id:3248 id:3249 id:3250 id:3251 id:3252 id:3532 id:3535,1921|3382|3383|3384|3385,
UP,CNNL%-##,Memphis Harrison,leaving,NLR,,"AR, OK, KS, TX, NM, AZ, CA",st:AR st:OK st:KS st:TX st:NM st:AZ st:CA,1921|3382|3383|3384|3385,
UP,CNNL%-##,Marion,added at,Marion NLR,,All outbound Marion manifest not routed through Memphis,,1180|1448|1705,
UP,PRMT%-##,Proviso,leaving,Clinton,,"Decatur CN, Pekin CN, Rochelle Global 3 manifest, Rochelle BNSF, IMRR, TZPR, TPW",id:2462 id:2092 id:1760 id:2112 rr:IMRR rr:TZPR rr:TPW,1595,
UP,PRMT%-##,Proviso,leaving,Marshalltown,,"IA, Forest City IA, Altoona, Grimes, Newton, Council Bluffs, NE, DAIR, Sioux City, EE, RWRR, BNSF SD/NE, RCPE, Welcome UP, Fairmont MN, Cedar Rapids, CIC, IANR, IAIS",st:IA id:3071 id:2722 id:2724 id:1339 id:1107 id:1115 id:1767 id:1768 id:2583 id:2584 id:3064 st:NE rr:DAIR id:1351 id:2610 id:2611 id:2612 id:2613 rr:EE rr:RWRR rr:BNSF:SD/NE rr:RCPE id:2186 id:1660 id:1134 id:1753 rr:CIC rr:IANR rr:IAIS,1595,
UP,PRMT%-##,Cedar Rapids,created at,Marshalltown,,"NE, IA, MN, ND, SD, CPKC Regions 2/3/4/5/6, CN WI/MN/Canada Thunder Bay Westward",st:NE st:IA st:MN st:ND st:SD region:CPKC:2 region:CPKC:3 region:CPKC:4 region:CPKC:5 region:CPKC:6 rr:CN:WI/MN region:CN:Thunder_Bay_Westward,1134|1753,
UP,PRMT%-##,Cedar Rapids,created at,Des Moines,MDMDM,"Des Moines, Avon, Altoona, Grimes, Newton, MO, IA, AZ, NM, KS, TX, OK, AR, LA, NS Regions B2/B3/C2",id:1046 id:2719 id:2720 id:2721 id:2726 id:3693 id:2723 id:3694 id:3695 id:3696 id:2722 id:2724 id:1339 st:MO st:IA st:AZ st:NM st:KS st:TX st:OK st:AR st:LA region:NS:B2 region:NS:B3 region:NS:C2,1134|1753,
UP,PRMT%-##,Cedar Rapids,created at,North Platte,,Overflow MPRNP North Platte,ref:MPRNP:North_Platte,1134|1753,
UP,EWBT-##,Houston,leaving,Lake Charles,,"All Lake Charles/West Lake/West Lake Charles BNSF, UP, and CPKC traffic",id:3278 id:3281 id:3284 rr:UP,1372|1374|1378|1383|1460|1812,and CPKC traffic
UP,EWBT-##,Houston,leaving,Beaumont,,Port Arthur UP/CPKC,id:1241 id:1617 id:2217 id:2333,1372|1374|1378|1383|1460|1812,
UP,AMDH%-##,Amarillo North,leaving,Dalhart,,"Cars loaded/unloaded at Amarillo UP MIMs including BNSF destinations outside NM, Mexico El Paso Interchange UP, El Paso Alfalfa, El Paso Dallas St",id:2487 id:1799 id:1779,1394|2632,Cars loaded/unloaded at Amarillo UP MIMs including BNSF destinations outside NM
UP,NLAS-##,North Little Rock,leaving,TRRA,ALS YAS304,"TRRA, MER, BNSF St Louis, NS Region A1/A2/A3/C1, overflow MNLTT",rr:TRRA rr:MER rr:BNSF@1004 rr:BNSF@1277 rr:BNSF@1562 rr:BNSF@1736 rr:BNSF@2045 rr:BNSF@2174 region:NS:A1 region:NS:A2 region:NS:A3 region:NS:C1 catchall,1920|2621|3424,
UP,NLAS-##,North Little Rock,leaving,Avon,ALS YAS101,CSX Region A/E,region:CSX:A region:CSX:E,1920|2621|3424,
UP,NLAS-##,North Little Rock,leaving,Avon Autos,ALS YAS101,Autoracks for CSX Midwest/Northeast,class:auto,1920|2621|3424,CSX Midwest/Northeast
UP,NLAS-##,North Little Rock,leaving,ALS,,"St. Louis local cars, ALS, West Labadie, Villa Grove, DREI, COER, TPW, Overflow MNLCH BRC/Yard Center/Proviso",id:1120 rr:ALS id:1867 id:2811 rr:DREI rr:COER rr:TPW ref:MNLCH:BRC/Yard_Center/Proviso,1920|2621|3424,
UP,NLAS-##,North Little Rock,leaving,ALS Autos,,North/East autos for sorting at Gateway,class:auto,1920|2621|3424,North/East autos for sorting at Gateway
UP,ASEW%-##,Gateway,leaving,Engelwood,,"Houston Englewood, Houston Eureka, Houston Melendy, Houston Fairbanks, Houston Galena, Houston Pasadena, Houston Deer Park, Spring, Westfield, BNSF Houston, Port Arthur BNSF",id:1372 id:3784 id:1460 id:1372 id:1372 id:1878 id:3729 id:2529 id:3334 id:3343 id:3351 id:2531 id:1375 rr:BNSF@1372 rr:BNSF@1374 rr:BNSF@1378 rr:BNSF@1383 rr:BNSF@1460 rr:BNSF@1812 id:2217,1300|2336,
UP,ASEW%-##,Gateway,leaving,Westfield Autos,,Loaded autoracks for Westfield,id:1375 class:auto,1300|2336,
UP,SAFW%-##,South San Antonio,leaving,Milpitas Autos,MFWEP,Loaded autoracks for Milpitas,id:1213 class:auto,2241|2490|3431,
UP,SAFW%-##,South San Antonio,leaving,Ft Worth,,"Dallas/Arlington/Ft Worth, Grand Prairie, Denison, Mesquite, Ennis, Longview, El Paso, Amarillo, AZ, NM, OK, KS, Kanasas City MO, St Joseph, Jefferson City MO, MNA, CPKC MO/IL/KS, overflow MSANP, overflow CA",id:1795 id:1797 id:1846 id:1938 id:3748 id:2630 id:3029 id:1023 id:1847 id:1888 id:1904 id:3248 id:3249 id:3250 id:3251 id:3252 id:3532 id:3535 id:2755 id:1232 id:1845 id:2037 id:1044 id:2208 id:2733 id:2734 id:2735 id:3154 id:3645 id:3725 id:1779 id:1799 id:2099 id:1394 id:1443 id:1716 id:2632 id:2633 id:3126 id:3127 id:3128 id:3129 st:AZ st:NM st:OK st:KS id:1310 id:2109 id:1323 rr:MNA rr:CPKC:MO/IL/KS catchall catchall,2241|2490|3431,Kanasas City MO
UP,SAFW%-##,South San Antonio,leaving,Peach Yard,,Peach Yard block as-is from MLDDI,,2241|2490|3431,Peach Yard block as-is from MLDDI
UP,BTHO-##,Lake Charles,leaving,Settegast,,"MN, ND, SD, OR, WA, ID, CO, WY, MT, North Platte, Sidney UP/BNSF NE, CN Thunder Bay ON Westward, PTRA, Houston Basin,  Houston Glass, Houston Tower 86, Houston Market St UP,  Houston Greens Bayou Pass, Channelview Smith Pass, Channelview Arco Ind Lead, Houston Old City [Booth], Houston Strang, Houston Sinco, Kendleton, Laredo CPKC, Mexico Laredo CPKC, overflow MLKLI ALS/Chicago area traffic, overflow MBTEW",st:MN st:ND st:SD st:OR st:WA st:ID st:CO st:WY not:RCPE st:MT id:1683 region:CN:Thunder_Bay_Westward rr:PTRA id:1374 id:3008 id:3009 id:3010 id:3011 id:3012 id:1383 id:1378 id:3013 id:3014 id:3015 id:1935 id:1982 id:3778 id:3779 id:2322 id:2557 id:2050 id:2484 ref:MLKLI:ALS/Chicago_area_traffic catchall,3277|3278,Sidney UP/BNSF NE
UP,NOLI-##,Avondale,leaving,Livonia,,"Regions A2/A3/C1/C2/C3, CSX Regions A/C/E, BNSF TN/MS/AL,  CPKC Regions 1/2/3/4/5/6, DMVW. RRVW, All CN except LA, all other manifest not covered by other trains/blocks.",region:CSX:A region:CSX:C region:CSX:E rr:BNSF:TN/MS/AL region:CPKC:1 region:CPKC:2 region:CPKC:3 region:CPKC:4 region:CPKC:5 region:CPKC:6 rr:DMVW rr:RRVW all:CN not:CN:LA catchall,3533,Regions A2/A3/C1/C2/C3
UP,NOLI-##,Avondale,leaving,North Little Rock,,MLINL Little Rock,ref:MLINL:Little_Rock,3533,
UP,NOLI-##,Avondale,leaving,Houston IM,MLIHO,"Settegast, Houston Barbour's Cut",id:3480 id:1812 id:2528 id:3780,3533,
UP,NOLI-##,Avondale,leaving,"LA Basin IM, grouped by destination",MLIEW,"Dolores ICTF, TRAPAC [TriPac], West Basin, Terminal Island TICTF, Long Beach Pier T, Pier 400, Global South, Long Beach ITS, Long Beach Pacific Container Terminal, Long Beach Terminal A",id:1001 id:3104 id:3102 id:3103 id:1149 id:3101 id:1152 id:1163 id:3099 id:2515 id:3094 id:2514 id:3093 id:2517 id:3091,3533,Terminal Island TICTF
UP,NOLI-##,Avondale,leaving,Ft Worth,,"Dallas, Arlington, Ft Worth, FWWR, Denison, Ennis, Mesquite, El Paso, NM, OK, Brazos, Easterly, Hearne, Benchley, Bryan, KRR",id:1795 id:1797 id:1846 id:1938 id:3748 id:1110 id:1918 id:1023 id:1847 id:1888 id:1904 id:3248 id:3249 id:3250 id:3251 id:3252 id:3532 id:3535 rr:FWWR id:1232 id:2037 id:1845 id:1779 id:1799 id:2099 st:NM st:OK id:3545 id:2555 id:2033 id:2553 id:2554 rr:KRR,3533,
UP,NOLI-##,Avondale,leaving,Houston,,Overflow MNOEW Englewood,ref:MNOEW:Englewood,3533,
UP,WCYR-##,West Colton,leaving,Yermo,,"Mojave, Trona, Creal, NV, UT, ID, CO",id:1010 id:2492 id:2491 st:NV st:UT st:ID st:CO,1255,
UP,CICI%-##,City of Industry,leaving,West Colton,,"RCPE, Athol ID, Sparks NV, North Reno Industrial Lead NV, Fernley NV, All outbound manifest not covered by other trains",rr:RCPE id:3644 id:1141 id:2338 id:2213 id:1131 id:2337,1095,
UP,BOBO%-##,Boone,leaving,Marshalltown,,"Marshalltown, Eddyville, Tama, Cedar Rapids, CIC, NS Regions A1/A2/A3/B1/C1/D1/D2, CPKC Region 1, CN Eastern US/Canada, all CSX interchange",id:1287 id:1708 id:3311 id:1134 id:1753 rr:CIC region:NS:A1 region:NS:A2 region:NS:A3 region:NS:B1 region:NS:C1 region:NS:D1 region:NS:D2 region:CPKC:1,2839|2840,CN Eastern US/Canada; all CSX interchange
UP,BOBO%-##,Boone,leaving,Des Moines,,Overflow MCBDM Des Moines,ref:MCBDM:Des_Moines,2839|2840,
UP,BOBO%-##,Boone,leaving,Hull Avenue,,Overflow MCBDM Hull Avenue,ref:MCBDM:Hull_Avenue,2839|2840,
UP,SSNP-##,South St Paul,leaving,North Platte,,"North Platte, Sidney UP/BNSF, Alliance NE, Gurley NE, WY, OR, ID, WA, Western MT, CA, CO, NV, UT",id:1683 id:1199 id:2074 id:1356 id:2090 st:WY not:RCPE st:OR st:ID st:WA st:MT st:CA st:CO st:NV st:UT not:CP not:CN,1658|3274|4018|4019,
UP,SSNP-##,South St Paul,leaving,Boone,,"IA, NE, Rochelle Global 3, Rochelle BNSF",st:IA st:NE id:1760 id:2112,1658|3274|4018|4019,
UP,SSNP-##,Grand Island,created at,Seattle IM,MNPAL,"Pocatello, Portland Terminal 6 UP, Tacoma Washington United , Tacoma Container Terminal, Seattle Argo, Seattle Harbor Island",id:1843 id:2140 id:2711 id:3289 id:2712 id:1481 id:1538,2261,
UP,SSNP-##,Grand Island,created at,LA Basin IM,MNPAL,"Dolores/ICTF, Long Beach, Terminal Island, LA Harbor",id:1001 id:1014 id:1149 id:2514 id:2515 id:2516 id:2517 id:3090 id:3091 id:3092 id:3093 id:3094 id:3095 id:1389 id:3097 id:1103 id:1090,2261,
UP,NYNP%-##,North Yard,leaving,Cheyenne,,"Cheyenne, BNSF WY, Billings MT, Fairfiew MT, Dore ND",id:1874 id:2844 rr:BNSF:WY id:1893 id:2335 id:2230,,
UP,NYNP%-##,North Yard,leaving,NS Empty Autos,AMICX,less than 40 autoracks for AMICX NS Empty Autos,class:auto class:empty,,less than 40 autoracks for AMICX NS
UP,NYNP%-##,North Yard,leaving,North Platte,,"NE, IA, ND, SD, WI, MN, IL, MO, KS, OK, TX, LA, RCPE, CPKC Regions 1/2/3/4, CN Canada MB Eastward, CN US, All CSX, All NS",st:NE st:IA st:ND st:SD st:WI st:MN st:IL st:MO st:KS st:OK st:TX st:LA rr:RCPE region:CPKC:1 region:CPKC:2 region:CPKC:3 region:CPKC:4 rr:CN:MB region:CN:East_of_Thunder_Bay region:CN:US all:CSX all:NS,,
UP,NYNP%-##,North Yard,leaving,North Platte IM,,Global 2 IM from 36th Street,id:1595 class:im,,
UP,CBSS%-##,Council Bluffs,leaving,South St Paul,,"South St Paul TCWR, St Paul Western Ave TCWR, WI/MN, Oshkosh WSOR, Utley, Cambria, Markesan, Horicon, Ackerville, Eden, overflow MNPCH/MCBCH Proviso/Elkhart/BRC",id:3274 st:WI st:MN id:2803 id:1717 id:2802 id:1719 id:2801 id:1707 id:3519 catchall,1107|1115|1767|1768|2583|2584,St Paul Western Ave TCWR
UP,CBSS%-##,Council Bluffs,leaving,TCWR,YSPMP,"TCWR, MPLI",rr:TCWR rr:MPLI,1107|1115|1767|1768|2583|2584,
UP,CBSS%-##,Council Bluffs,leaving,MNNR,YSPMP,All MNNR traffic,,1107|1115|1767|1768|2583|2584,All MNNR traffic
UP,CBSS%-##,Council Bluffs,leaving,Roseport,LTB85,Roseport UP/CPKC,id:1659 id:2290,1107|1115|1767|1768|2583|2584,
UP,CBSS%-##,Council Bluffs,leaving,CPKC Interchange,YSPCP,"CPKC Regions 2/3/4/5/6, DMVW",region:CPKC:2 region:CPKC:3 region:CPKC:4 region:CPKC:5 region:CPKC:6 rr:DMVW,1107|1115|1767|1768|2583|2584,
UP,CBSS%-##,Council Bluffs,leaving,CN Interchange,MSSIT,"CN Thunder Bay ON Westward, CN WI/MN",region:CN:Thunder_Bay_Westward rr:CN:WI/MN,1107|1115|1767|1768|2583|2584,
UP,CBSS%-##,Council Bluffs,leaving,Itasca,MSSIT,"Itasca, Port Superior, Duluth Rice's Point",id:2475 id:1575 id:1514 id:2471 id:2472 id:2473,1107|1115|1767|1768|2583|2584,
UP,CBSS%-##,Council Bluffs,leaving,BNSF,YSPBN,"BNSF MN/ND/WI, RRVW",rr:BNSF:MN/ND/WI rr:RRVW,1107|1115|1767|1768|2583|2584,
UP,CBSS%-##,Council Bluffs,leaving,Valley Park,,"Shakopee, Valley Park, Savage",id:2356 id:3270 id:2356 id:2357 id:3272 id:3273,1107|1115|1767|1768|2583|2584,
UP,CBSS%-##,Council Bluffs,leaving,Mankato,,RCPE,rr:RCPE,1107|1115|1767|1768|2583|2584,
UP,CBSS%-##,Valley Park,created at,MN SSTP,,Overflow MVPSS South St Paul block,ref:MVPSS:South_St_Paul,2356,
UP,CBSS%-##,Valley Park,created at,Altoona,MNPAL,Overflow MVPSS Altoona,ref:MVPSS:Altoona,2356,
UP,TURV%-##,Tuscon,leaving,Roseville,,"West Sacramento UP/SERA, Roseville, Oroville, CFNR, Tolenas, Petaluma, Benicia, Martinez, RPRC, Pittsburg UP, Oakland UP, Newark, Warm Springs, Redwood City, Milpitas, San Jose, Permanente, North San Jose, Watsonville, Watsonville Jct, Hollister, Salinas, OR, WA, Athol ID, Coeur d'Alene ID, STMA, CN BC/AB/SK, CPKC Regions 4/5/6, North Reno, Sparks UP/BNSF, Fernley UP/BNSF",id:3113 id:3114 id:1484 id:2003 rr:CFNR id:1794 id:3134 id:1421 id:1772 rr:RPRC id:2176 id:1566 id:1352 id:1789 id:2535 id:1213 id:2536 id:2534 id:3163 id:2608 id:1790 id:2600 id:2601 st:OR st:WA id:3644 rr:STMA rr:CN:BC/AB/SK region:CPKC:4 region:CPKC:5 region:CPKC:6 id:2213 id:1141 id:2338 id:1131 id:2337,,Coeur d'Alene ID
UP,LBWC-##,Long Beach,leaving,West Colton,,"All outbound manifest, home shop repair IM cars, autoracks not on ILBNS/ZLAMQ",class:im class:auto,1014|1149|2514|2515|2516|2517,home shop repair IM cars; autoracks not on ILBNS/ZLAMQ
UP,KBSAR-##,Kirby yard,leaving,Toyota TMMTX empty autoracks,YSA82,,id:2242 id:3432 class:auto class:empty,2239,
UP,KBSAR-##,Kirby yard,leaving,Toronto empty autoracks,MLDNL,,id:1311 id:1369 id:1370 id:1376 id:1395 id:1408 id:1516 id:1669 class:auto class:empty,2239,
UP,KBSAR-##,Kirby yard,leaving,NS Toyota empty autoracks,MLDNL,"Lafayette South Yard, Georgetown Deplain",id:1532,2239,Georgetown Deplain
UP,KBSAR-##,Kirby yard,leaving,SoSan Autos,,Misc. autoracks for sorting at SoSan,class:auto,2239,Misc. autoracks for sorting at SoSan
UP,KBSAR-##,Kirby yard,leaving,Mira Loma Autos,ZSALB,Loaded autoracks for Mira Loma,id:1406 class:auto,2239,
UP,KBSAR-##,Kirby yard,leaving,Phoenix Autos,ZSALB,Loaded autoracks for Phoenix,id:1345 id:1536 id:1537 id:1565 id:2707 class:auto,2239,
UP,KBSAR-##,Kirby yard,leaving,SAIT Autos,,Autoracks for Westfield ->ILBHO,id:1375 class:auto,2239,
UP,KBSAR-##,South San Antonio Yard (Max 50 total per trip),leaving,Mira Loma Autos,,Loaded autoracks for Mira Loma -> ZSALB,id:1406 class:auto,,
UP,KBSAR-##,South San Antonio Yard (Max 50 total per trip),leaving,Phoenix Autos,ZSALB,Loaded autoracks for Phoenix,id:1345 id:1536 id:1537 id:1565 id:2707 class:auto,,
UP,KBSAR-##,South San Antonio Yard (Max 50 total per trip),leaving,SAIT Autos,,Autoracks for Westfield ->ILBHO,id:1375 class:auto,,
UP,SSDM%-##,South St Paul,leaving,Shakopee Valley Park,,"Shakopee UP/TCWR, Savage UP/CP/TCWR, overflow North Platte",id:2356 id:3270 id:3270 id:2357 id:3273 catchall,1658|3274|4018|4019,
UP,SSDM%-##,South St Paul,leaving,Mankato,,"All Sioux City yards, Sargeant Bluff, DAIR, NE, EE/RRVW/BNSF SD/BNSF NE, RCPE, Mason City, Shell Rock, Osage Subdivision, Armour, Waterloo Bryant Yard, Oelwein, Forest City, IATR, Rockwell, Rake, CPKC IA, Welcome UP, Fairmont MN",id:1351 id:2610 id:2611 id:2612 id:2613 id:2609 rr:DAIR st:NE rr:RCPE id:2124 id:2125 id:3067 id:2077 id:2650 id:1737 id:2651 id:2078 id:3071 rr:IATR id:3069 id:3068 rr:CPKC:IA id:2186 id:1660,1658|3274|4018|4019,EE/RRVW/BNSF SD/BNSF NE
UP,SSDM%-##,South St Paul,leaving,Des Moines,,"All Des Moines yards, Avon IA, Cedar Rapids, CIC, IAIS, MO, KS, TX, NM, AZ, CPKC AR/MO/IL/KS/OK, Eagle Pass, Mexico Eagle Pass UP, Springfield UP, Newark AR, Batesville AR, Limedale UP/CPKC, Magness AR, Overflow MITPS Parsons",id:1046 id:2719 id:2720 id:2721 id:2726 id:3693 id:2723 id:3694 id:3695 id:3696 id:1134 id:1753 rr:CIC rr:IAIS st:MO st:KS st:TX st:NM st:AZ rr:CPKC:AR/MO/IL/KS/OK id:1608 id:2447 id:3621 id:3492 id:3493 id:3494 id:3496 ref:MITPS:Parsons,1658|3274|4018|4019,
UP,SSDM%-##,Shakopee Valley Park,created at,Mason City,,"Mason City, IANR, IATR, Rockwell, Rake, CPKC IA, Welcome UP, Fairmont MN",id:2124 id:2125 id:3067 rr:IANR rr:IATR id:3069 id:3068 rr:CPKC:IA id:2186 id:1660,2356,
UP,SSDM%-##,Shakopee Valley Park,created at,Englewood,,"Houston Englewood, Houston Eureka, Houston Melendy, Houston Fairbanks, Houston Galena, Houston Pasadena, Houston Deer Park, Spring, Westfield, Port Aurthur, Westlake/West Lake Charles/Lake Charles/Port of Lake Charles, BNSF Houston/Pearland, Tenaha BNSF, Longview BNSF, Longview Eastman BNSF",id:1372 id:3784 id:1460 id:1372 id:1372 id:1878 id:3729 id:2529 id:3334 id:3343 id:3351 id:2531 id:1375 id:1241 id:1617 id:2217 id:1563 id:1987 id:2358 id:3282 id:3283 id:3284 id:3277 id:3278 id:3279 id:3280 id:3281 id:1880 id:2528 id:3008 id:3011 id:3017 id:3729 id:1358 id:2393 id:2733 id:2735,2356,
UP,SSDM%-##,Mason City,created at,Settegast,,"PTRA, Houston Sinco, Houston Basin UP,  Houston Glass UP, Houston Tower 86, Houston Market St UP,  Houston Greens Bayou Pass, Channelview Smith Pass, Channelview Arco Ind Lead, Houston Old City [Booth], Houston Strang, Mexico Laredo Interchange CPKC, Laredo CPKC, Kendleton",rr:PTRA id:2322 id:1374 id:3010 id:1383 id:1378 id:3013 id:3014 id:3015 id:1935 id:1982 id:3778 id:3779 id:2484 id:2050 id:2557,2124|2125|3067,
UP,SSDM%-##,Mason City,created at,ICTF IM,MDMHN,IM for Dolores ICTF,id:1001 class:im,2124|2125|3067,
UP,WCNP%-##,West Colton,leaving,North Platte,,"NE, IA, ND, SD, WI, MN, IL, KS, MO, CSX Region A, NS Regions A1/A2/A3/C1/C2/C3, CPKC Regions 1/2/3, DMVW, RRVW, RCPE, DAIR, CPKC IL/MO/KS, CSX Region A",st:NE st:IA st:ND st:SD st:WI st:MN st:IL st:KS st:MO region:CSX:A region:NS:A1 region:NS:A2 region:NS:A3 region:NS:C1 region:NS:C2 region:NS:C3 region:CPKC:1 region:CPKC:2 region:CPKC:3 rr:DMVW rr:RRVW rr:RCPE rr:DAIR rr:CPKC:IL/MO/KS region:CSX:A,1255,
UP,DHAM-##,Dalhart,leaving,Amarillo,,"Amarillo North Yard UP, North Amarillo UP, Amarillo Folsom UP",id:2632 id:3125 id:3127,3715|3716,
UP,DHAM-##,Dalhart,leaving,Amarillo South,,"Amarillo South Yard UP, South Amarillo UP",id:2633 id:3123,3715|3716,
UP,DHAM-##,Dalhart,leaving,BNSF,,"Amarillo North BNSF, Amarillo South BNSF, Hereford, Bovina, Harrington Generating Station, Amarillo Folsom BNSF, Amarillo Pullman BNSF, North Amarillo BNSF, BNSF NM",id:1394 id:1716 id:1501 id:2688 id:3126 id:3128 id:3124 rr:BNSF:NM,3715|3716,
UP,EPDH-##,El Paso,leaving,Dalhart,,"Dalhart, Santa Rosa, Hooker OK, KS, MO, NS Regions A1/A2/A3/C1/C2, MT, CO, WY, NE, IA, MN, WI, RCPE, DAIR, DMVW, CN SK/MB/ON Thunder Bay westward, CPKC Regions 1/2/3/4/DMVW/RRVR, BNSF ND/SD/EE/RWRR, IL, St Louis area, ALS, MER, CSX Regions A/E, Amarillo UP/BNSF, Harrington Generating Station, Hereford, Bovina, Tolk Generating Station",id:3715 id:3716 id:3717 id:3718 st:KS st:MO region:NS:A1 region:NS:A2 region:NS:A3 region:NS:C1 region:NS:C2 st:MT st:CO st:WY not:RCPE st:NE st:IA st:MN st:WI rr:RCPE rr:DAIR rr:DMVW region:CN:Thunder_Bay_Westward region:CPKC:1 region:CPKC:2 region:CPKC:3 region:CPKC:4 rr:DMVW st:IL id:1120 id:1212 id:1004 rr:ALS rr:MER region:CSX:A region:CSX:E id:1394 id:1443 id:1716 id:2632 id:2633 id:3126 id:3127 id:3128 id:3129 id:1501 id:2688 id:2689,1779|1799|2099,region:CPKC:RRVR; BNSF ND/SD/EE/RWRR
UP,SICB-##,Santa Teresa,leaving,Council Bluffs,,"OLB, NE, IA, MN, WI, CPKC SK, ND, SD, CPKC Regions 2/3/DMVW/RRVW, CN MB/Thunder Bay ON, Rochelle Global 3 manifest, Rochelle BNSF, IMRR, TZPR",rr:OLB st:NE st:IA st:MN st:WI rr:CPKC:SK st:ND st:SD region:CPKC:2 region:CPKC:3 rr:DMVW rr:RRVW id:1760 id:2112 rr:IMRR rr:TZPR,1403,CN MB/Thunder Bay ON
UP,SICB-##,Santa Teresa,leaving,Council Bluffs IM,,"Council Bluffs, Shell Rock IM ->MCBIT, Twin Cities TCIT ->MCBIT",id:1107 id:1115 id:1767 id:1768 id:2583 id:2584 id:3064 id:2077 class:im,1403,Twin Cities TCIT
UP,SICB-##,Dalhart,created at,Topeka,,"Kansas City, Kansas City interchange, MO, NS Regions A1/A2/A3/C1/C2, MT, CO, WY, North Platte, Sidney UP/BNSF NE, Alliance NE, Bridgeport NE, Gurley NE",id:1059 id:1214 id:1218 id:1227 id:1301 id:1817 id:2011 id:2194 id:2195 st:MO region:NS:A1 region:NS:A2 region:NS:A3 region:NS:C1 region:NS:C2 st:MT st:CO st:WY not:RCPE id:1683 id:1356 id:1184 id:2090,3715|3716,Sidney UP/BNSF NE
UP,SICB-##,Dalhart,created at,Herington,,"Herington, McPherson UP/KO, Conway KS, Wichita UP/KO/SKOL, [All SKOL from Dalhart]",id:3170 id:3171 id:3172 id:3173 id:2825 id:2826,3715|3716,[All SKOL from Dalhart]
UP,SICB-##,Dalhart,created at,ALS,ITUG4,"IL, St Louis area, ALS, MER, CPKC Region 1, CSX Regions A/E, TPW, Janesville",st:IL id:1120 id:1212 id:1004 rr:ALS rr:MER region:CPKC:1 region:CSX:A region:CSX:E rr:TPW id:2816 id:2817 id:2818,3715|3716,
UP,AMDH-##,Amarillo North,leaving,Dalhart,,"Cars loaded/unloaded at Amarillo UP MIMs including BNSF destinations outside NM, Mexico El Paso Interchange UP, El Paso Alfalfa, El Paso Dallas St",id:2487 id:1799 id:1779,1394|2632,Cars loaded/unloaded at Amarillo UP MIMs including BNSF destinations outside NM
UP,SIML-##,Santa Teresa,leaving,Mira Loma Autos,,,id:1406 class:auto,1403,
UP,LAWC%-##,East LA,leaving,West Colton,,All outbound manifest not covered by other trains,,,
UP,NLCB-##,North Little Rock,leaving,Council Bluffs,,"NE, CN IA, Coucil Bluffs, Bayard, Cedar Rapids, Des Moines, Avon, CIC, IAIS, RCPE, Sioux City, Sargeant Bluff, DAIR, EE, SD, Shakopee/Valley Park, Savage MN, Roseport, MN, BNSF ND, Tomah, La Crosse CPKC, La Crosse City Track, CN WI/Canada Thunder Bay Westward, [CPKC Regions 2/3/4/5/6 from Neff], [overflow MHOSS South St Paul from Coffeyville]",st:NE rr:CN:IA id:3066 id:1134 id:1753 id:1046 id:2719 id:2720 id:2721 id:2726 id:3693 id:2723 id:3694 id:3695 id:3696 rr:CIC rr:IAIS rr:RCPE id:1351 id:2610 id:2611 id:2612 id:2613 id:2609 rr:DAIR rr:EE st:SD id:2356 id:3270 id:2356 id:2357 id:3272 id:3273 id:1659 id:2290 st:MN rr:BNSF:ND id:3055 id:1217 id:3053,1920|2621|3424,Coucil Bluffs; CN WI/Canada Thunder Bay Westward; [CPKC Regions 2/3/4/5/6 from Neff]; [overflow MHOSS South St Paul from Coffeyville]
UP,NLCB-##,North Little Rock,leaving,Boone,MHOSS,"Boone, BSVY, Dana, Denison IA, Gowrie, Farnhamville, Callender, Roelyn, Ft Dodge UP/CN, Tara UP, Mallard, CPKC IA, IATR, Shell Rock, Osage Subdivision, Armour, Waterloo Bryant Yard, Oelwein, Forest City, Rockwell, Mason City, Rake",id:2839 id:2840 rr:BSVY id:1309 id:2841 id:2987 id:2988 id:2986 id:2989 id:2893 id:2894 id:2896 id:2899 rr:CPKC:IA rr:IATR id:2077 id:2650 id:1737 id:2651 id:2078 id:3071 id:3069 id:2124 id:2125 id:3067 id:3068,1920|2621|3424,
UP,NLCB-##,Neff,created at,KC Council Bluffs,,"Combined Council Bluffs, Boone, and Mason City blocks above as a single block",id:2839 id:2840,,Combined Council Bluffs; and Mason City blocks above as a single block
UP,NLCB-##,Neff,created at,Council Bluffs IM,,"IM for Council Bluffs UP, Shell Rock, TCIT",id:1767 class:im id:2077,,TCIT
UP,CBCH%-##,Council Bluffs,leaving,Cedar Rapids,,"Cedar Rapids, CIC, Shell Rock, Osage Subdivision, Armour, Waterloo Bryant Yard, Oelwein, Peoria, TPW, IMRR, TZPR",id:1134 id:1753 rr:CIC id:2077 id:2650 id:1737 id:2651 id:2078 id:3661 id:3662 rr:TPW rr:IMRR rr:TZPR,1107|1115|1767|1768|2583|2584,
UP,CBCH%-##,Council Bluffs,leaving,Proviso,MWGWG,"IL, CPKC Region 1, CN IL+Eastern US/Canada East of Thunder Bay",st:IL region:CPKC:1 rr:CN:IL region:CN:Eastern_US region:CN:East_of_Thunder_Bay,1107|1115|1767|1768|2583|2584,
UP,CBCH%-##,Council Bluffs,leaving,BRC,,"CSX, BRC, CSS, CRL, BNSF Chicago area, NS regions A1/A2/A3/B1/C1/D1/D2",rr:CSX rr:BRC rr:CSS rr:CRL rr:BNSF@1055 rr:BNSF@1066 rr:BNSF@1072 rr:BNSF@1088 rr:BNSF@1092 rr:BNSF@1094 region:NS:A1 region:NS:A2 region:NS:A3 region:NS:B1 region:NS:C1 region:NS:D1 region:NS:D2,1107|1115|1767|1768|2583|2584,
UP,CBCH%-##,Cedar Rapids,created at,Elkhart,,NS regions A1/A2/A3/B1/C1/D1/D2,region:NS:A1 region:NS:A2 region:NS:A3 region:NS:B1 region:NS:C1 region:NS:D1 region:NS:D2,1134|1753,
UP,WGWG%-##,West Chicago,leaving,North Platte,,"CA, OR, ID, WA, MT, WY, CO, UT, NV",st:CA st:OR st:ID st:WA st:MT st:WY not:RCPE st:CO st:UT st:NV,2028|2029|2451,
UP,WGWG%-##,West Chicago,leaving,North Platte Autos,,Autoracks for destinations in North Platte block,class:auto,2028|2029|2451,destinations in North Platte block
UP,WGWG%-##,Global 3,leaving,West Chicago Autoracks,,"Autoracks for West Chicago UP, Mira Loma",id:2028 class:auto id:1406,1760,
UP,WGWG%-##,Global 3,leaving,West Chicago,,"West Chicago UP, Bevidere, St Charles, GRW",id:2028 id:2559 rr:GRW,1760,Bevidere
UP,WGWG%-##,Global 3,leaving,IHB,MBEBE,"IHB, CFE",rr:IHB rr:CFE,1760,
UP,WGWG%-##,Global 3,leaving,Proviso,MBEBE,All other outbound UP manifest not covered by other trains/blocks,catchall,1760,
UP,WGWG%-##,Global 3,leaving,CN Gary,MBEBE,"CN Canada East of Thunder bay, US IL Eastward",region:CN:East_of_Thunder_Bay,1760,US IL Eastward
UP,NPPR%-##,North Platte,leaving,Elkhart,MPRAH,NS Regions A1/A2/A3,region:NS:A1 region:NS:A2 region:NS:A3,1683,
UP,NPPR%-##,North Platte,leaving,IHB,MPRNL,"IHB, CFE",rr:IHB rr:CFE,1683,
UP,NPPR%-##,North Platte,leaving,CN Gary,YPRCN,"CN Canada East of Thunder bay, US IL Eastward",region:CN:East_of_Thunder_Bay,1683,US IL Eastward
UP,NPPR%-##,North Platte,leaving,CPKC,YPRCPKC,CPKC Region 1,region:CPKC:1,1683,
UP,NPPR%-##,North Platte,leaving,CPKC Loaded Autos,YPRCPKC,Loaded autoracks for CPKC block destinations,class:auto,1683,CPKC block destinations
UP,NPPR%-##,North Platte,leaving,Proviso,,"UP Chicago, Janesville UP/Anderson UP and adjacent WSOR, Evansville UP, Salem, Tuscola, DREI, GRW",rr:UP@1055 rr:UP@1066 rr:UP@1072 rr:UP@1088 rr:UP@1092 rr:UP@1094 id:2821 id:3296 id:1892 id:1018 id:2810 rr:DREI rr:GRW,1683,Janesville UP/Anderson UP and adjacent WSOR
UP,NPPR%-##,North Platte,leaving,West Chicago,,Overflow MNPCH West Chicago,ref:MNPCH:West_Chicago,1683,
UP,CHCH-##,Dupo,leaving,Avon,,All CSX traffic,,1578,All CSX traffic
UP,CHCH-##,Dupo,leaving,ALS,,All outbound manifest not covered by other trains,,1578,
UP,CHCH-##,Gateway,leaving,Dupo,,"Dupo manifest, repaired IM cars for Dupo",id:1578 class:im,1300|2336,repaired IM cars for Dupo
UP,NLCH%-##,North Little Rock,leaving,BRC,,"BRC, SCIH, CSS, CRL, BNSF Chicago area/WI",rr:BRC rr:SCIH rr:CSS rr:CRL,1920|2621|3424,BNSF Chicago area/WI
UP,NLCH%-##,North Little Rock,leaving,Proviso,,"All other UP Chicago traffic, UP IL/WI/MN, CPKC Regions 1/2/3/4/5/6, DMVW",catchall rr:UP:IL/WI/MN region:CPKC:1 region:CPKC:2 region:CPKC:3 region:CPKC:4 region:CPKC:5 region:CPKC:6 rr:DMVW,1920|2621|3424,
UP,NLCH%-##,North Little Rock,leaving,Yard Center,,"Yard Center, Chicago Heights, Canal Street, GRW, Salem IL, Mt Vernon NS/UP, EVWR, COER, Peoria, Cedar Rapids, CIC, Marshalltown, Tama, Eddyville, Eddyville Ottumwa",id:1161 id:2038 id:2424 id:1094 rr:GRW id:1892 id:1166 id:2666 rr:EVWR rr:COER id:3661 id:3662 id:1134 id:1753 rr:CIC id:1287 id:3311 id:1708 id:1341,1920|2621|3424,
UP,NLCH%-##,North Little Rock,leaving,IBH,YYCIH,"IHB, CFE",rr:IHB rr:CFE,1920|2621|3424,
UP,NLCH%-##,Salem,created at,SM Proviso,,"Chicago, IL, WI, IA, MN, ND, SD, CPKC Regions 1/2/3/4/5/6, CN IL/IN/Canada/Northeast US, NS Regions A3/B1/D1/D2",id:1055 id:1066 id:1072 id:1088 id:1092 id:1094 id:1098 id:1161 id:1222 id:1278 id:1279 id:1305 st:IL st:WI st:IA st:MN st:ND st:SD region:CPKC:1 region:CPKC:2 region:CPKC:3 region:CPKC:4 region:CPKC:5 region:CPKC:6 region:NS:A3 region:NS:B1 region:NS:D1 region:NS:D2,1892,CN IL/IN/Canada/Northeast US
UP,PRAS%-##,Proviso,leaving,ALS,,"St Louis, TRRA, ALS, MER, LA, MO, KS, OK, AZ, NM, El Paso, Amarillo, overflow MPRNL",id:1004 id:1277 id:1562 id:1736 id:2045 id:2174 id:2391 id:3617 rr:TRRA rr:ALS rr:MER st:LA st:MO st:KS st:OK st:AZ st:NM id:1779 id:1799 id:2099 id:1394 id:1443 id:1716 id:2632 id:2633 id:3126 id:3127 id:3128 id:3129 catchall,1595,
UP,PRAS%-##,Proviso,leaving,ALS Autos,,"Autoracks for NM, TX, LA, MO, KS",st:NM class:auto st:TX st:LA st:MO st:KS,1595,
UP,PRAS%-##,Proviso,leaving,Livonia,,"Southeast LA UP, NOGC, NOPB, Westlake/Mossville, CN LA, CPCK Baton Rouge/Reserve/New Orleans/Geismar, NS Region B3, Port Arthur UP/CPKC/Williams",rr:UP:LA rr:NOGC rr:NOPB id:1563 id:1987 id:2358 rr:CN:LA region:NS:B3 id:1617 id:1241,1595,CPCK Baton Rouge/Reserve/New Orleans/Geismar
UP,PRAS%-##,Proviso,leaving,Yard Center,,Overflow MPRNL Yard Center block,ref:MPRNL:Yard_Center,1595,
UP,EPTU%-##,El Paso,leaving,Tuscon,,"Tuscon, Mexico MTUMC Montclair block, CPKC BC, CN BC/AB/SK, BNSF WA/ID/MT West of Billings, CA, OR, WA, Sparks UP/BNSF NV, North Reno NV, Fernley UP/BNSF, CPKC Region 5",id:1477 rr:CPKC:BC rr:CN:BC/AB/SK rr:BNSF:WA/ID/MT st:CA st:OR st:WA id:2213 id:1131 id:2337 region:CPKC:5,1779|1799|2099,Mexico MTUMC Montclair block; Sparks UP/BNSF NV
UP,EPTU%-##,El Paso,leaving,FXE,,Mexico Nogales,id:2489,1779|1799|2099,
UP,EPTU%-##,El Paso,leaving,West Colton,MTUWC,"BNSF CA, Fresno, SJVR, West Colton, El Centro, MET, SERA, Modesto, Rogers, Lathrop, Tracy, Stockton, STE, CCT, Mojave, Creal, Trona, NV, UT",rr:BNSF:CA id:1021 id:1201 id:2321 rr:SJVR id:1255 id:1581 rr:MET rr:SERA id:2154 id:3461 id:3462 id:3463 id:3464 id:1857 id:1783 id:1353 id:1354 id:2377 id:2934 rr:STE rr:CCT id:1010 id:2491 id:2492 st:NV st:UT,1779|1799|2099,
UP,PXTU%-##,Phoenix UP Yard,leaving,West Colton,MTUWC,MTUWC West Coton block,ref:MTUWC:West_Coton,1537,
UP,PXTU%-##,Phoenix UP Yard,leaving,Montclair,,MTUMC Montclair block,ref:MTUMC:Montclair,1537,
UP,PXTU%-##,Phoenix UP Yard,leaving,Council Bluffs,ITUG4,"NE, IA, MN, ND, SD, WI, Northern IL, CPKC Regions 2/3, CN MB/Thunder Bay ON/WI/MN, Loaded cars for Ravenna, Lincoln, Fremont BNSF, Omaha",st:NE st:IA st:MN st:ND st:SD st:WI region:CPKC:2 region:CPKC:3 id:1292 id:1293 id:2105 id:2203,1537,Northern IL; CN MB/Thunder Bay ON/WI/MN; Loaded cars for Ravenna
UP,PXTU%-##,Phoenix UP Yard,leaving,FXE,MTUNG,Mexico Nogales,id:2489,1537,
UP,PXTU%-##,Phoenix UP Yard,leaving,Alfalfa,,"El Paso, NM, TX, LA, AR, OK, KS, MO, All CSX, NS Regions B1/B2/B3/D1/D2, CN Canada East of Thunder Bay ON, CN TN/MS/AL/LA/IN/IL/Eastern US, BNSF TN/MS/AL",id:1779 id:1799 id:2099 st:NM st:TX st:LA st:AR st:OK st:KS st:MO all:CSX region:NS:B1 region:NS:B2 region:NS:B3 region:NS:D1 region:NS:D2 region:CN:East_of_Thunder_Bay rr:BNSF:TN/MS/AL,1537,CN TN/MS/AL/LA/IN/IL/Eastern US
UP,PXTU%-##,Phoenix UP Yard,leaving,Tuscon,,All other traffic for sorting at Tuscon,catchall,1537,
UP,ARAS-##,Arlington,leaving,ALS,,"St. Louis local cars, KBSR, TPW, IMRR, TZPR, MER, TRRA, ALS, DREI, EVWR, CSX Regions A/E, NS Regions A1/A2/A3/C1, CPKC Region 1, UP IL, WSOR/UP WI South of Milwaukee, Chicago UP/BNSF/shortlines",id:1120 rr:KBSR rr:TPW rr:IMRR rr:TZPR rr:MER rr:TRRA rr:ALS rr:DREI rr:EVWR region:CSX:A region:CSX:E region:NS:A1 region:NS:A2 region:NS:A3 region:NS:C1 region:CPKC:1 rr:UP:IL,2630|3029,WSOR/UP WI South of Milwaukee; Chicago UP/BNSF/shortlines
UP,ARAS-##,Arlington,leaving,ALS Autos,,North/East autos for sorting at Gateway,class:auto,2630|3029,North/East autos for sorting at Gateway
UP,ARAS-##,Arlington,leaving,Avon Autos,,Autoracks for CSX Northeast/Midwest destinations,class:auto,2630|3029,CSX Northeast/Midwest destinations
UP,LDYC-##,Port Laredo,leaving,ALS Autos,MBZAS/MARAS,"Autoracks for CSX and NS IL/IN/MI/OH, Voltz, AA, CRMI",class:auto id:1205 rr:AA rr:CRMI,1285,CSX and NS IL/IN/MI/OH
UP,LDYC-##,Port Laredo,leaving,CN Autos,,Autoracks for CN Eastern Canada and US,region:CN:East_of_Thunder_Bay region:CN:US class:auto,1285,
UP,LDYC-##,Port Laredo,leaving,Yard Center Autos,,"Autoracks for Chicago Heights, West Chicago, CPKC Ontario",id:2038 id:2424 class:auto id:2028 id:2029 id:2451 rr:CPKC@3405,1285,
UP,SANP-##,Brazos,created at,Coffeyville,MNLNPB,"KS, Western MO, Kansas City, NS Region C2",st:KS id:1169 id:1200 id:1229 id:1620 id:1889 region:NS:C2,3545,Western MO
UP,EGBZA-##,Eagle Pass,leaving,Brazos Autos,,All outbound autoracks,class:auto,1608,
UP,SMAS-##,Salem,leaving,ALS,,Auotracks from CN E27161,,1892,Auotracks from CN E27161
UP,SMAS-##,Salem,leaving,UP ALS,,"ALS, TRRA, IMRR, TZPR, TPW, MO, KS, NE, CO, WY [No RCPE], ID, MT, OR, WA, CA, AZ, NV, UT, NM, El Paso, Dalhart, Hooker OK",rr:ALS rr:TRRA rr:IMRR rr:TZPR rr:TPW st:MO st:KS st:NE st:CO st:WY not:RCPE st:ID st:MT st:OR st:WA st:CA st:AZ st:NV st:UT st:NM id:1779 id:1799 id:2099 id:3715 id:3716 id:3718,1892,
UP,NYCY-##,North Yard,leaving,North Platte,MNYNP/MRONP/MBFNPS,"NE, IA, ND, SD, WI, MN, IL, MO, KS, OK, TX, LA, RCPE, CPKC Regions 1/2/3/4, CN Canada MB Eastward, CN US, All CSX, All NS",st:NE st:IA st:ND st:SD st:WI st:MN st:IL st:MO st:KS st:OK st:TX st:LA rr:RCPE region:CPKC:1 region:CPKC:2 region:CPKC:3 region:CPKC:4 rr:CN:MB region:CN:East_of_Thunder_Bay region:CN:US all:CSX all:NS,,
UP,NYCY-##,North Yard,leaving,North Platte IM,,Global 2 IM from 36th Street,id:1595 class:im,,
UP,NYCY-##,North Yard,leaving,Cheyenne,,"Cheyenne, BNSF WY, Billings MT, Fairfiew MT, Dore ND",id:1874 id:2844 rr:BNSF:WY id:1893 id:2335 id:2230,,
UP,NYCY-##,Rolla,created at,NS Empty Autos,AMICX,"Empty autoracks for NS plants in MI/OH/Lafayette, AA, CRMI",class:auto rr:AA rr:CRMI,1917,Empty autoracks for NS plants in MI/OH/Lafayette
UP,CHCB-##,Clearing,leaving,Peoria,,"Peoria UP/TPW, Bartonville, IMRR, TZPR",id:3661 id:3662 id:3659 id:3663 rr:IMRR rr:TZPR,1473,
UP,CHCB-##,Clearing,leaving,Boone,,"Boone, Des Moines, Fort Dodge, Tara, Mallard, Roelyn, Callender, Gowrie, Farnhamville, Forest City IA, Welcome UP, overflow MN, overflow KS/AZ/NM/El Paso/Mexico El Paso",id:2839 id:2840 id:1046 id:2719 id:2720 id:2721 id:2726 id:3693 id:2893 id:2894 id:2895 id:2896 id:2899 id:2989 id:2986 id:2987 id:2988 id:3071 id:2186 catchall catchall,1473,
UP,CHCB-##,Clearing,leaving,Council Bluffs,,"Council Bluffs, Sioux City, Sargeant Bluffs, DAIR, NE",id:1107 id:1115 id:1767 id:1768 id:2583 id:2584 id:3064 id:1351 id:2610 id:2611 id:2612 id:2613 rr:DAIR st:NE,1473,Sargeant Bluffs
UP,CHCB-##,Boone,created at,IA Council Bluffs,,"Council Bluffs block plus EE, Shakopee, Savage, CN Canada Thunder Bay ON Westward, CN WI, CPKC Regions 2/3/4/5/6",id:2356 id:3270 id:2357 id:3272 id:3273 region:CN:Thunder_Bay_Westward rr:CN:WI region:CPKC:2 region:CPKC:3 region:CPKC:4 region:CPKC:5 region:CPKC:6,2839|2840,Council Bluffs block plus EE
UP,PTLV-##,Lake,leaving,Longview Junction,,Kalama UP,id:2617,2602|3147|3277|3278,
UP,PTLV-##,Lake,leaving,LVSW,,All LVSW,all:LVSW,2602|3147|3277|3278,
UP,PTLV-##,Lake,leaving,CLC,,All CLC,all:CLC,2602|3147|3277|3278,
UP,PTLV-##,Lake,leaving,PSAP,LIC55,All PSAP traffic,,2602|3147|3277|3278,All PSAP traffic
UP,DHHN%-##,Dalhart,leaving,Topeka,,"Kansas City, Kansas City interchange, MO, NS Regions A1/A2/A3/C1/C2 ->MTPNS, MT, CO, WY, North Platte, Sidney UP/BNSF, Alliance NE, Gurley NE",id:1059 id:1214 id:1218 id:1227 id:1301 id:1817 id:2011 id:2194 id:2195 st:MO region:NS:A1 region:NS:A2 region:NS:A3 region:NS:C1 region:NS:C2 st:MT st:CO st:WY not:RCPE id:1683 id:1199 id:2074 id:1356 id:2090,3715|3716,
UP,DHHN%-##,Dalhart,leaving,Herington,,"Herington, McPherson UP/KO, Conway KS, Wichita UP/KO/SKOL, KS, OK, MO",id:3170 id:3171 id:3172 id:3173 id:2825 id:2826 st:KS st:OK st:MO,3715|3716,
UP,DHHN%-##,Dalhart,leaving,Council Bluffs,MHNCB,"IA, MN, WI, ND, SD, RWRR, RCPE, DAIR, CN SK/MB/ON Thunder Bay westward, CPKC Regions 2/3/4/DMVW, BNSF ND/SD/EE/RWRR",st:IA st:MN st:WI st:ND st:SD rr:RWRR rr:RCPE rr:DAIR region:CN:Thunder_Bay_Westward region:CPKC:2 region:CPKC:3 region:CPKC:4 rr:DMVW,3715|3716,BNSF ND/SD/EE/RWRR
UP,DHHN%-##,Dalhart,leaving,ALS,ITUG4,"IL, St Louis area, ALS, MER, IHB, BRC, KBSR, TPW, IMRR, TZPR CPKC Region 1, All CSX, CN Canada East of Thunder bay/CN Eastern US",st:IL id:1120 id:1212 id:1004 rr:ALS rr:MER rr:IHB rr:BRC rr:KBSR rr:TPW rr:IMRR all:CSX,3715|3716,TZPR CPKC Region 1; CN Canada East of Thunder bay/CN Eastern US
UP,NPNL%-##,North Platte,leaving,"North Little Rock (DQE, AR, CN TN/MS/AL, BNSF TN/MS/AL, Tenaha UP, Waskom UP, NS Regions B1/B2/B3/D2, Longview UP, Longview Greggton, Bodie TX, Texkarana UP/CPKC, Shreveport UP/CPKC, CPKC MS/AL, Mansfield Paper Mill UP/CPKC, Bossier City, Port of Caddo-Bossier) - No CSX or CSX-preferred shortlines",,,,1683,"North Little Rock (DQE, AR, CN TN/MS/AL, BNSF TN/MS/AL, Tenaha UP, Waskom UP, NS Regions B1/B2/B3/D2, Longview UP, Longview Greggton, Bodie TX, Texkarana UP/CPKC, Shreveport UP/CPKC, CPKC MS/AL, Mansfield Paper Mill UP/CPKC, Bossier City, Port of Caddo-Bossier) - No CSX or CSX-preferred shortlines"
UP,NPNL%-##,North Platte,leaving,18th Street,,"UP KS, CPKC AR/MO/OK/KS, Overflow MNPIN, Overflow MNPHN",rr:UP:KS rr:CPKC:AR/MO/OK/KS catchall catchall,1683,
UP,NPNL%-##,18th Street,created at,KC Parsons,,"Parsons, Texarkana UP/CPKC, PTRA, Houston Sinco, Houston Basin UP/BNSF/CPKC, PTRA, Houston Glass UP/BNSF/CPKC, Houston Tower 86, Houston Market St UP/BNSF/CPKC,  Houston Greens Bayou Pass, Channelview Smith Pass, Channelview Arco Ind Lead, Houston Old City [Booth], Houston Strang, Mexico Laredo Interchange CPKC, Laredo CPKC, Kendleton, LA",id:2833 id:1251 id:1729 rr:PTRA id:2322 id:1374 id:3008 id:3009 rr:PTRA id:3010 id:3011 id:3012 id:1383 id:1378 id:3017 id:3018 id:3013 id:3014 id:3015 id:1935 id:1982 id:3778 id:3779 id:2484 id:2050 id:2557 st:LA,1229|2046,
UP,NPNL%-##,18th Street,created at,Englewood,,Overflow MNPEW Englewood block,ref:MNPEW:Englewood,1229|2046,
UP,CYDV%-##,Cheyenne,leaving,Rolla Autos,,,id:1917 class:auto,1874|2844,
UP,CYDV%-##,Cheyenne,leaving,Denver 36th Street IM,,,id:1769 class:im,1874|2844,
UP,SSAL-##,South St Paul,leaving,Butler,,"UP WI, WSOR, IL, CPKC Region 1, Overflow AR/LA, BRC, CSS, CRL, SCIH, IHB, all CSX, NS Regions A1/A2/A3/B1/C1/D1/D2, overflow NS Region B2, ALS, TRRA, St Louis Lesperance, Alton UP IL, Villa Grove, DREI, Tuscola UP",rr:UP:WI rr:WSOR st:IL region:CPKC:1 catchall rr:BRC rr:CSS rr:CRL rr:SCIH rr:IHB region:NS:A1 region:NS:A2 region:NS:A3 region:NS:B1 region:NS:C1 region:NS:D1 region:NS:D2 catchall rr:ALS rr:TRRA id:2045 id:3608 id:2811 rr:DREI id:2810,1658|3274|4018|4019,all CSX
UP,NPNY%-##,North Platte,leaving,North Yard,,"CO, Potash UT, DRIR",st:CO id:2782 rr:DRIR,1683,
UP,NPNY%-##,North Platte,leaving,Pueblo,MNYPU,"Pueblo UP/BNSF, Rio Grande Cement Spur UP/BNSF, Parkdale, Walsenburg UP/BNSF",id:3323 id:3324 id:3328 id:3329 id:3330 id:3331 id:3327 id:3332 id:3333,1683,
UP,NPNY%-##,North Platte,leaving,Cheyenne,,"Cheyenne UP/BNSF, SRRR, Carr CO, BNSF WY, BNSF MT, Dore, ND",id:1874 id:2844 rr:SRRR id:1633 rr:BNSF:WY rr:BNSF:MT id:2230 st:ND,1683,
UP,NPNY%-##,North Platte,leaving,Rolla Autos,MCYDV,Loaded autoracks for Rolla,id:1917 class:auto,1683,
UP,NPNY%-##,North Platte,leaving,Denver IM,MCYDV,IM for Denver 36th St,id:1769 class:im,1683,
UP,NPNY%-##,Cheyenne,added at,CY North Yard,,"WY, CO, OR, ID, WA, Potash UT",st:WY not:RCPE st:CO st:OR st:ID st:WA id:2782,1874|2844,
UP,NPNY%-##,Cheyenne,added at,BNSF,,UP-handled cars for BNSF CO,,1874|2844,UP-handled cars for BNSF CO
UP,BOBO-##,Boone,leaving,Marshalltown,,"Marshalltown, Eddyville, Tama, Cedar Rapids, CIC, NS Regions A1/A2/A3/B1/C1/D1/D2, CPKC Region 1, CN Eastern US/Canada, all CSX interchange",id:1287 id:1708 id:3311 id:1134 id:1753 rr:CIC region:NS:A1 region:NS:A2 region:NS:A3 region:NS:B1 region:NS:C1 region:NS:D1 region:NS:D2 region:CPKC:1,2839|2840,CN Eastern US/Canada; all CSX interchange
UP,BOBO-##,Boone,leaving,Des Moines,,Overflow MCBDM Des Moines,ref:MCBDM:Des_Moines,2839|2840,
UP,BOBO-##,Boone,leaving,Hull Avenue,,Overflow MCBDM Hull Avenue,ref:MCBDM:Hull_Avenue,2839|2840,
UP,BOBO-##,Marshalltown,leaving,Boone,,"A, MN, ND, NE, SD, UP WI, CN Canada Thunder Bay ON Westward, CN WI, CPKC Regions 2/3/4/5/6",st:MN st:ND st:NE st:SD rr:UP:WI region:CN:Thunder_Bay_Westward rr:CN:WI region:CPKC:2 region:CPKC:3 region:CPKC:4 region:CPKC:5 region:CPKC:6,1287,A
UP,EABOB-##,Marshalltown,leaving,Boone,,Overflow MBOBO Boone,ref:MBOBO:Boone,1287,
UP,ALPR%-##,Butler,leaving,Proviso,,"Chicago UP traffic, MO, AR, Shell Rock, Osage Subdivision, Armour, Waterloo Bryant Yard, Oelwein, Forest City, CN IL/TN/MS/LA/Eastern US/Canada East of Thunder Bay ON, All CP/DMVW except Milwaukee area, NS Regions B2/B3/C2/C3, CPKC TX/LA/MS/AL, BNSF TN/MS/AL, overflow IA/KS/OK/TX/LA",st:MO st:AR id:2077 id:2650 id:1737 id:2651 id:2078 id:3071 region:NS:B2 region:NS:B3 region:NS:C2 region:NS:C3 rr:CPKC:TX/LA/MS/AL rr:BNSF:TN/MS/AL catchall,2990,Chicago UP traffic; CN IL/TN/MS/LA/Eastern US/Canada East of Thunder Bay ON; All CP/DMVW except Milwaukee
UP,ALPR%-##,Butler,leaving,IHB,YPRIHB,"IHB, CFE",rr:IHB rr:CFE,2990,
UP,ALPR%-##,Butler,leaving,BRC,YPRBRC,"CSX, BRC, SCIH, CRL, CSS, BNSF Chicago area",rr:CSX rr:BRC rr:SCIH rr:CRL rr:CSS rr:BNSF@1055 rr:BNSF@1066 rr:BNSF@1072 rr:BNSF@1088 rr:BNSF@1092 rr:BNSF@1094,2990,
UP,ALPR%-##,Butler,leaving,ALS,,MPRAS ALS block,ref:MPRAS:ALS,2990,
UP,ALPR%-##,Butler,leaving,NS Elkhart,MPRAH,NS Regions A1/A2/A3/B1/C1/D1/D2,region:NS:A1 region:NS:A2 region:NS:A3 region:NS:B1 region:NS:C1 region:NS:D1 region:NS:D2,2990,
UP,BEBE-##,West Chicago UP,leaving,Toledo Autos,YPRIHB,Empty Autoracks specifically for Toledo NS/AA,class:auto,2028,Empty Autoracks specifically for Toledo NS/AA
UP,BEBE-##,West Chicago UP,leaving,IHB,YPRIHB,"Manifest for IHB, CFE",rr:CFE,2028,Manifest for IHB
UP,BEBE-##,West Chicago UP,leaving,IHB Autos,YPRIHB,Eastbound autos for NS/CSX/CN,class:auto,2028,Eastbound autos for
UP,BEBE-##,West Chicago UP,leaving,CPKC Manifest,YPRCPKC,All CPKC traffic,,2028,All CPKC traffic
UP,BEBE-##,West Chicago UP,leaving,CPKC Autos,YPRCPKC,Autoracks for CPKC destinations,class:auto,2028,CPKC destinations
UP,BEBE-##,West Chicago UP,leaving,Mira Loma Autos,ZG2LC,Loaded autoracks for Mira Loma,id:1406 class:auto,2028,
UP,BEBE-##,West Chicago UP,leaving,CN Gary,,CN Chicago/ON/QC/NS/NF/IN/MI/OH/PA/NY,,2028,CN Chicago/ON/QC/NS/NF/IN/MI/OH/PA/NY
UP,BEBE-##,West Chicago UP,leaving,Proviso,,Manifest for all other destinations,,2028,Manifest for all other destinations
UP,BEBE-##,West Chicago UP,leaving,Proviso Autos,,autos for all other destinations,catchall class:auto,2028,
UP,BEBE-##,Proviso,leaving,West Chicago,,"West Chicago UP, Belvidere, St Charles, GRW",id:2028 id:2558 id:2559 rr:GRW,1595,
UP,PRAH%-##,Global 3,leaving,Elkhart,,NS Regions A1/A2/A3/B1/C1/D1/D2,region:NS:A1 region:NS:A2 region:NS:A3 region:NS:B1 region:NS:C1 region:NS:D1 region:NS:D2,1760,
UP,NLPB-##,North Little Rock,leaving,Pine Bluff,,"Pine Bluff UP/BNSF, Baldwin UP/BNSF, McGehee, East Pine Bluff, Longview, Texarkana, overflow Englewood/Livonia, overflow MNLEW Reisor",id:1081 id:3340 id:2842 id:3341 id:2843 id:3342 id:1044 id:2208 id:2733 id:2734 id:2735 id:3154 id:3645 id:3725 id:1729 catchall ref:MNLEW:Reisor,1920|2621|3424,
UP,NLPB-##,North Little Rock,leaving,NLR Ft Worth,MPBFW,"Dallas/Ft Worth, Arilington, Grand Prairie, Miller, DGNO, CPKC Dallas, Ennis, Hearne, Mesquite, NM, AZ, El Paso, BNSF Dallas/Temple, San Antonio, Gardendale, Port Laredo, CA South of Bakersfield, Trona",id:1795 id:1797 id:1846 id:1938 id:3748 id:1023 id:1847 id:1888 id:1904 id:3248 id:3249 id:3250 id:3251 id:3252 id:3532 id:3535 id:2755 id:1846 rr:DGNO rr:CPKC@1795 rr:CPKC@1797 rr:CPKC@1846 rr:CPKC@1938 rr:CPKC@3748 id:2037 id:2033 id:1845 st:NM st:AZ id:1779 id:1799 id:2099 id:2239 id:2242 id:3118 id:3119 id:3432 id:2481 id:1285 id:2492,1920|2621|3424,Arilington; BNSF Dallas/Temple; CA South of Bakersfield
UP,PBEY-##,"Pine Bluff, with autos grouped by destination",leaving,Kirby Autos,,"Autoracks for San Antonio Kirby, Mexico Eagle Pass UP, San Antonio TMMTX, Phoenix, overflow Westfield, overflow Mira Loma",id:2239 class:auto id:2447 id:2242 id:3432 id:1345 id:1536 id:1537 id:1565 id:2707 catchall ref:Mira:Loma,,
UP,PBEY-##,"Pine Bluff, with autos grouped by destination",leaving,KCSM Autos,YSA81,Autoracks for Mexico Laredo UP,id:2482 class:auto,,
UP,PBEY-##,"Pine Bluff, with autos grouped by destination",leaving,KCSM,YSA81,Manifest for Mexico Laredo UP,,,Manifest for Mexico Laredo UP
UP,PBEY-##,"Pine Bluff, with autos grouped by destination",leaving,Texarkana,,"Texarkana UP/CPKC, S Texarkana, TNER, Queen City UP/CPKC, Mt Pleasant TX",id:1251 id:1729 id:3670 rr:TNER id:3673 id:3674 id:3675,,
UP,PSHO%-##,Parsons,leaving,Settegast,,"PTRA, Houston Sinco, Houston Basin UP/BNSF/CPKC,  Houston Glass UP/BNSF/CPKC, Houston Tower 86, Houston Market St UP/BNSF/CPKC,  Houston Greens Bayou Pass, Channelview Smith Pass, Channelview Arco Ind Lead, Houston Old City [Booth], Houston Strang, Kendleton, Mexico Laredo CPKC",rr:PTRA id:2322 id:1374 id:3008 id:3009 id:3010 id:3011 id:3012 id:1383 id:1378 id:3017 id:3018 id:3013 id:3014 id:3015 id:1935 id:1982 id:3778 id:3779 id:2557 id:2484,2833,
UP,PSHO%-##,Parsons,leaving,Brazos,MFWEW,Overflow MNPEW Englewood,ref:MNPEW:Englewood,2833,
UP,PSHO%-##,Parsons,leaving,Muskogee,,"OK, Denison, KRR, Gainesville TX",st:OK id:1232 rr:KRR id:1827,2833,
UP,PSHO%-##,Parsons,leaving,Ft Worth,MPTDN,"Dallas/Arlington/Ft Worth, Eagle Pass UP/BNSF, Mexico Laredo UP, San Antonio, Mesquite, Ennis, TCB",id:1795 id:1797 id:1846 id:1938 id:3748 id:2630 id:3029 id:1023 id:1847 id:1888 id:1904 id:3248 id:3249 id:3250 id:3251 id:3252 id:3532 id:3535 id:1608 id:2482 id:2239 id:2242 id:3118 id:3119 id:3432 id:1845 id:2037 rr:TCB,2833,
UP,CXSLB-##,Rose Lake,leaving,ALS,,UP St Louis interchange,,1120,UP St Louis interchange
UP,ASBN-##,Gateway,leaving,Springfield,,"IMRR, TZPR",rr:IMRR rr:TZPR,1300|2336,
UP,BNAS-##,Pekin IMRR,leaving,ALS,,"UP traffic for St Louis, MO, KS, AZ, TX, AR, LA, AZ, OK",st:MO st:KS st:AZ st:TX st:AR st:LA st:AZ st:OK,1509,UP traffic for St Louis
UP,FWBD-##,Ft Worth,leaving,Bellmead,,Temple UP Siding 16,,1023|1847|1888|1904|3248|3249,Temple UP Siding 16
UP,FWBD-##,Ft Worth,leaving,BNSF,,"Temple BNSF, Temple UP",id:2330 id:3741,1023|1847|1888|1904|3248|3249,
UP,BDFW-##,Temple UP,leaving,Ft Worth,,All outbound UP traffic from Temple UP/BNSF industries only,,3741,
UP,BDFW-##,Temple UP,leaving,Industry,,Temple UP siding 16,,3741,Temple UP siding 16
UP,ASAR%-##,Gateway,leaving,Arlington,,"autoracks, box, flats automotive + others",class:auto id:3747 class:auto,1300|2336,autoracks; flats automotive + others
UP,ASAR%-##,Gateway,leaving,Mesquite Autos,,autoracks ONLY,class:auto,1300|2336,autoracks
UP,ASAR%-##,Gateway,leaving,Reisor,,"Waskom, TX, Tenaha TX, Reisor, Hollywood, Riverfront, Port of Bossier, Deramus, Mansfield UP/CPKC, CPKC OK/LA/TX/MS/AL, Texarkana UP/CPKC, S Texarkana, TNER, Queen City UP/CPKC, Mt Pleasant TX, Longview UP, Longview Eastman UP, Brodie, Longview Greggton",id:2399 st:TX id:2393 id:2394 id:2398 id:1282 id:1401 id:2397 id:1153 id:1966 id:1967 id:2395 id:2396 rr:CPKC:OK/LA/TX/MS/AL id:1251 id:1729 id:3670 rr:TNER id:3673 id:3674 id:3675 id:1044 id:2734 id:3154,1300|2336,
UP,ASAR%-##,Gateway,leaving,KCSM,,"Mexico Laredo UP ONLY, also can go on MASLI -> MPBEY",id:2482,1300|2336,also can go on MASLI
UP,ASAR%-##,Gateway,leaving,Kirby Autos,,Loaded autoracks for San Antonio Kirby -> MPBEY,id:2239 class:auto,1300|2336,
UP,ASAR%-##,Gateway,leaving,Pine Bluff,,Overflow MASPB Pine Bluff,ref:MASPB:Pine_Bluff,1300|2336,
UP,ASAR%-##,Pine Bluff,created at,Reisor Autos,,Autoracks for Shreveport Reisor,id:2398 class:auto,1081|3340,
UP,ASPB%-##,Gateway,leaving,Pine Bluff,,"Pine Bluff, McGehee, Baldwin AR, Dallas/Ft Worth, Texarkana UP/CPKC, S Texarkana, TNER, Queen City UP/CPKC, Mt Pleasant TX, overflow MASAR",id:1081 id:3340 id:2843 id:2842 id:3341 id:1795 id:1797 id:1846 id:1938 id:3748 id:1023 id:1847 id:1888 id:1904 id:3248 id:3249 id:3250 id:3251 id:3252 id:3532 id:3535 id:1251 id:1729 id:3670 rr:TNER id:3673 id:3674 id:3675 catchall,1300|2336,
UP,ASPB%-##,Gateway,leaving,Westfield Autos,,Overflow MASEW Westfield autos,ref:MASEW:Westfield class:auto,1300|2336,
UP,NLEG%-##,North Little Rock,leaving,FXE,,Mexico Eagle Pass Interchange UP,id:2447,1920|2621|3424,
UP,NLEG%-##,North Little Rock,leaving,Eagle Pass,,Eagle Pass UP,id:1608,1920|2621|3424,
UP,NLEG%-##,North Little Rock,leaving,Lufkin,,Tenaha UP ONLY,id:2394,1920|2621|3424,
UP,NLHO%-##,North Little Rock,leaving,Settegast,,"PTRA, Houston Arco, Houston Basin UP,  Houston Glass UP, Houston Tower 86, Houston Market St UP,  Houston Greens Bayou Pass, Channelview Smith Pass, Channelview Arco Ind Lead, Houston Old City [Booth], Houston Strang, Mexico Laredo CPKC, Laredo CPKC, Kendleton",rr:PTRA id:3015 id:1374 id:3010 id:1383 id:1378 id:3013 id:3014 id:3015 id:1935 id:1982 id:3778 id:3779 id:2484 id:2050 id:2557,1920|2621|3424,
UP,NLCN-##,North Little Rock,leaving,CN Memphis interchange,,"CN TN/MS/AL, Memphis Harrison UP/BNSF/CN/CSX/NS, Memphis Presidents Island UP/BNSF/CSX/NS, overflow MNLTT",rr:CN:TN/MS/AL id:1921 id:3382 id:3383 id:3384 id:3385 id:1923 id:3427 id:3428 id:3429 id:3430 catchall,1920|2621|3424,
UP,NLCN-##,North Little Rock,leaving,Marion,,"Marion Autos, IM",id:1180 id:1448 id:1705 class:auto class:im,1920|2621|3424,IM
UP,NLCN-##,Marion,created at,Canton Empty Autos,,Empty autoracks billed to Canton MS,class:auto,1180|1448|1705,Empty autoracks billed to Canton MS
UP,NLCN-##,Marion,created at,CN Empty Autos,,Empty autoracks for CN ON/MI/OH,class:auto,1180|1448|1705,Empty autoracks for CN ON/MI/OH
UP,PBNL%-##,Pine Bluff,leaving,Little Rock,,"AR, MO, OK, KS, IL, IA, NE, MN, WI, ND, SD, MT, WY, CO, UT, ID, OR, WA, NV, TX, All CSX, All NS except Region B3, All CP, DMVW, All CN except LA, BNSF TN/MS/AL, Eagle Pass UP, Mexico Eagle Pass UP, MNLHO Settegast, DQE",st:AR st:MO st:OK st:KS st:IL st:IA st:NE st:MN st:WI st:ND st:SD st:MT st:WY not:RCPE st:CO st:UT st:ID st:OR st:WA st:NV st:TX all:CSX all:NS not:region:NS:B3 all:CP rr:DMVW all:CN not:CN:LA rr:BNSF:TN/MS/AL id:1608 id:2447 ref:MNLHO:Settegast rr:DQE,1081|3340,
UP,PBNL%-##,Pine Bluff,leaving,Englewood,,MNLEW Englewood traffic,ref:MNLEW:Englewood_traffic,1081|3340,
UP,PBNL%-##,Pine Bluff,leaving,Lufkin,,Tenaha UP,id:2394,1081|3340,
UP,PBNL%-##,Pine Bluff,leaving,BNSF,MNLNV BNSF block,"all outbound traffic from Baldwin BNSF, East Pine Bluff, Pine Bluff BNSF ",id:3342 id:3340,1081|3340,
UP,NLNV%-##,North Little Rock,leaving,CSX Nashville interchange,,CSX Regions B/C/D including CSX Memphis,,1920|2621|3424,CSX Regions B/C/D including CSX Memphis
UP,NLNV%-##,North Little Rock,leaving,BNSF Memphis interchange,LWT47,"BNSF TN/MS/AL, Armorel, Hickman, NLR area shortline traffic for BNSF, all outbound traffic from Little Rock BNSF, North Little Rock BNSF, Baldwin BNSF, East Pine Bluff, Pine Bluff BNSF",rr:BNSF:TN/MS/AL id:2021 id:2022 id:3424 id:3341 id:3342 id:3340,1920|2621|3424,NLR area shortline traffic for BNSF
UP,NLNV%-##,North Little Rock,leaving,Memphis,,"Memphis Sargent, Leewood UP, Briark",id:1446 id:1172,1920|2621|3424,Briark
UP,NLNV%-##,"Marion, with IM grouped by destination",added at,CSX Southeast IM,,"Jaxonville, Winter Haven, Charlotte, Charleston, Nashville, Fairburn, misc southeast CSX IM",id:1519 id:1052 id:1112 id:1274 id:1907 id:1910 id:1838 id:1865 id:1261 class:im,,Jaxonville; misc southeast CSX
UP,TTNL%-##,Salem,leaving,CN NLR,,AR/LA/TX,st:AR st:LA st:TX,1892,
UP,TTNL%-##,Salem,leaving,UP Little Rock,,"overflow MSMAS/MNLCH, All other outbound UP manifest traffic",catchall catchall,1892,
UP,NPSS%-##,North Platte,leaving,Twin Cities TICT IM,,,class:im,1683,Twin Cities TICT
UP,NPSS%-##,North Platte,leaving,Grand Island,,"Grand Island, NCRC, Ravenna",id:2261 rr:NCRC id:3168,1683,
UP,NPSS%-##,North Platte,leaving,Mason City,,"Mason City, Forest City, IATR, CPKC IA, Welcome UP/CP, Winnebago, Fairmont, <<overflow>> Shell Rock, Osage Subdivision, Armour, Waterloo Bryant Yard, Oelwein",id:2124 id:2125 id:3067 id:3071 rr:IATR rr:CPKC:IA id:2186 id:2187 id:1660 id:2650 id:1737 id:2651 id:2078,1683,<<overflow>> Shell Rock
UP,NPSS%-##,North Platte,leaving,Boone,,"Boone, Marshalltown, Eddyville, Eddyville Ottumwa, Tama, overflow MNPCH Beverly/Clinton",id:2839 id:2840 id:1287 id:1708 id:1341 id:3311 ref:MNPCH:Beverly/Clinton,1683,
UP,NPSS%-##,North Platte,leaving,Eagle Grove,,"Callender, Ft Dodge, Tara, Mallard, Roelyn, Gowrie, Farnhamville",id:2986 id:2893 id:2894 id:2895 id:2896 id:2899 id:2989 id:2987 id:2988,1683,
UP,NPSS%-##,North Platte,leaving,South St Paul Loaded Autos,,Overflow MNPVP South St Paul Loaded Autos,ref:MNPVP:South_St_Paul class:auto class:loaded,1683,
UP,NPSS%-##,North Platte,leaving,South St Paul,,Overflow MNPVP South St Paul,ref:MNPVP:South_St_Paul,1683,
UP,NPSS%-##,North Platte,leaving,South St Paul Empty Autos,,Overflow MNPVP South St Paul Empty Autos,ref:MNPVP:South_St_Paul class:auto class:empty,1683,
UP,NPSS%-##,North Platte,leaving,Butler,,"Milwaukee Butler, WSOR, Pleasant Prairie UP, overflow Elkhart, overflow Proviso, overflow BRC",id:2420 rr:WSOR id:1247 catchall catchall catchall,1683,
UP,NPSS%-##,Boone,created at,Shell Rock IM,,,id:2077 class:im,2839|2840,
UP,NPSS%-##,Boone,created at,IA South St Paul,,"MN, ND, RCPE, WI, CN Canada Thunder Bay Westeward, CPKC Regions 2/3/4/5/6",st:MN st:ND rr:RCPE st:WI region:CN:Thunder_Bay_Westward region:CPKC:2 region:CPKC:3 region:CPKC:4 region:CPKC:5 region:CPKC:6,2839|2840,
UP,NPSS%-##,South St Paul,created at,SSP Butler,,"UP WI, WSOR, IL, CPKC Region 1, Overflow AR/LA, BRC, CSS, CRL, SCIH, IHB, all CSX, NS Regions A1/A2/A3/B1/C1/D1/D2, overflow NS Region B2",rr:UP:WI rr:WSOR st:IL region:CPKC:1 catchall rr:BRC rr:CSS rr:CRL rr:SCIH rr:IHB region:NS:A1 region:NS:A2 region:NS:A3 region:NS:B1 region:NS:C1 region:NS:D1 region:NS:D2 catchall,1658|3274|4018|4019,all CSX
UP,PVOG%-##,Roper,leaving,Albina,MOGPD,MOGPD Albina block,ref:MOGPD:Albina,1009,
UP,PVOG%-##,Roper,leaving,I-5 Corridor,MOGPD,"CN BC/AB/SK, CPKC BC, BNSF WA/ID/MT West of Billings",rr:CN:BC/AB/SK rr:CPKC:BC rr:BNSF:WA/ID/MT,1009,
UP,PVOG%-##,Roper,leaving,Ogden,,Misc traffic for sorting at Ogden not on any other outbound train/block from UP MIMs,,1009,Misc traffic for sorting at Ogden not on any other outbound train/block from UP MIMs
UP,OGPV%-##,Ogden yard,leaving,Roper,,"Salt Lake City yards, UTAH RR",id:1009 id:1325 id:2361 id:2362 id:3755 rr:UTAH,1842|2168,
UP,OGPV%-##,Ogden yard,leaving,BNSF,,Salt Lake City BNSF,id:2361,1842|2168,
UP,OGPV%-##,Ogden yard,leaving,North Platte,MRONP,Overflow MRVGR North Platte,ref:MRVGR:North_Platte,1842|2168,
UP,NYNP-##,North Yard,leaving,Cheyenne,,"Cheyenne, BNSF WY, Billings MT, Fairfiew MT, Dore ND",id:1874 id:2844 rr:BNSF:WY id:1893 id:2335 id:2230,,
UP,NYNP-##,North Yard,leaving,NS Empty Autos,AMICX,less than 40 autoracks for AMICX NS Empty Autos,class:auto class:empty,,less than 40 autoracks for AMICX NS
UP,NYNP-##,North Yard,leaving,North Platte,,"AZ, NM, NE, IA, ND, SD, WI, MN, IL, MO, KS, OK, TX, LA, RCPE, CPKC Regions 1/2/3/4, CN Canada MB Eastward, CN US, All CSX, All NS",st:AZ st:NM st:NE st:IA st:ND st:SD st:WI st:MN st:IL st:MO st:KS st:OK st:TX st:LA rr:RCPE region:CPKC:1 region:CPKC:2 region:CPKC:3 region:CPKC:4 rr:CN:MB region:CN:East_of_Thunder_Bay region:CN:US all:CSX all:NS,,
UP,NYNP-##,North Yard,leaving,North Platte IM,,Global 2 IM from 36th Street,id:1595 class:im,,
UP,DMNL%-##,Des Moines,leaving,North Little Rock,,"LA, AR, Poplar Bluff, UP Memphis, BNSF TN/MS/AL, NS Region B2, CN TN/MS/AL, Tenaha UP, Waskom TX, DQE",st:LA st:AR id:1728 rr:UP@1165 rr:UP@1172 rr:UP@1435 rr:UP@1445 rr:UP@1446 rr:UP@1449 rr:BNSF:TN/MS/AL region:NS:B2 rr:CN:TN/MS/AL id:2394 id:2399 rr:DQE not:CSX,1046|2719|2720|2721|2726|3693,
UP,DMNL%-##,Des Moines,leaving,Eagle Pass,MNLEG,"Eagle Pass, Mexico Eagle Pass UP",id:1608 id:2447,1046|2719|2720|2721|2726|3693,
UP,DMNL%-##,Des Moines,leaving,Ft Worth,,"Dallas, Arlington, Ft Worth, Ennis, Hearne, Benchley, Easterly, Bryan, West Hearne, Chico, Mesquite",id:1795 id:1797 id:1846 id:1938 id:3748 id:1110 id:1918 id:1023 id:1847 id:1888 id:1904 id:3248 id:3249 id:3250 id:3251 id:3252 id:3532 id:3535 id:2037 id:2033 id:2553 id:2555 id:2554 id:3537 id:3534 id:1845,1046|2719|2720|2721|2726|3693,
UP,DMNL%-##,Des Moines,leaving,Englewood,,"Houston Sinco, Houston Englewood, Houston Eureka, Houston Melendy, Houston Fairbanks, Houston Galena, Houston Pasadena, Houston Deer Park, Spring, Westfield, Port Aurthur, Westlake UP/BNSF/CPKC, West Lake Charles UP/BNSF/CPKC, Lake Charles UP/BNSF, Port of Lake Charles UP/BNSF/CPKC, BNSF Houston",id:2322 id:1372 id:3784 id:1460 id:1372 id:1372 id:1878 id:3729 id:2529 id:3334 id:3343 id:3351 id:2531 id:1375 id:1241 id:1617 id:2217 id:1563 id:1987 id:2358 id:3282 id:3283 id:3284 id:3277 id:3278 id:3279 id:3280 id:3281 rr:BNSF@1372 rr:BNSF@1374 rr:BNSF@1378 rr:BNSF@1383 rr:BNSF@1460 rr:BNSF@1812,1046|2719|2720|2721|2726|3693,
UP,DMNL%-##,Des Moines,leaving,Parsons,,"Parsons, Muskogee, BNSF OK, Coffeyville UP/SKOL, Pittsburg KS, Mexico Laredo UP, PTRA, Houston Basin UP,  Houston Glass UP, Houston Tower 86, Houston Market St UP,  Houston Greens Bayou Pass, Channelview Smith Pass, Channelview Arco Ind Lead, Houston Old City [Booth], Houston Strang, Kendleton, Laredo CPKC, Mexico Laredo CPKC, Gainesville, TX, Denison, KRR",id:2833 id:1231 id:2110 rr:BNSF:OK id:2831 id:2832 id:2809 id:2482 rr:PTRA id:1374 id:3010 id:1383 id:1378 id:3013 id:3014 id:3015 id:1935 id:1982 id:3778 id:3779 id:2557 id:2050 id:2484 id:1827 st:TX id:1232 rr:KRR,1046|2719|2720|2721|2726|3693,
UP,DHHN-##,Dalhart,leaving,Topeka,,"Kansas City, Kansas City interchange, MO, NS Regions A1/A2/A3/C1/C2 ->MTPNS, MT, CO, WY, OR, ID, WA, AK, UT, NV, North Platte, Sidney UP/BNSF, Alliance NE, Gurley NE, CA North of Trona/Guadalupe",id:1059 id:1214 id:1218 id:1227 id:1301 id:1817 id:2011 id:2194 id:2195 st:MO region:NS:A1 region:NS:A2 region:NS:A3 region:NS:C1 region:NS:C2 st:MT st:CO st:WY not:RCPE st:OR st:ID st:WA st:AK st:UT st:NV id:1683 id:1199 id:2074 id:1356 id:2090,3715|3716,CA North of Trona/Guadalupe
UP,DHHN-##,Dalhart,leaving,Herington,,"Herington, McPherson UP/KO, Conway KS, Wichita UP/KO/SKOL, KS, OK, MO, IL, St Louis area, ALS, MER, IHB, BRC, KBSR, TPW, IMRR, TZPR CPKC Region 1, All CSX, CN Canada East of Thunder bay/CN Eastern US",id:3170 id:3171 id:3172 id:3173 id:2825 id:2826 st:KS st:OK st:MO st:IL id:1120 id:1212 id:1004 rr:ALS rr:MER rr:IHB rr:BRC rr:KBSR rr:TPW rr:IMRR all:CSX,3715|3716,TZPR CPKC Region 1; CN Canada East of Thunder bay/CN Eastern US
UP,DHHN-##,Dalhart,leaving,Council Bluffs,MHNCB,"IA, MN, WI, ND, SD, RWRR, RCPE, DAIR, CN SK/MB/ON Thunder Bay westward, CPKC Regions 2/3/4/DMVW, BNSF ND/SD/EE/RWRR",st:IA st:MN st:WI st:ND st:SD rr:RWRR rr:RCPE rr:DAIR region:CN:Thunder_Bay_Westward region:CPKC:2 region:CPKC:3 region:CPKC:4 rr:DMVW,3715|3716,BNSF ND/SD/EE/RWRR
UP,MTYC%-##,Marshalltown,leaving,Yard Center,MCLPR,"IL, NS Regions A1/A2/A3/B1/C1/D1/D2, CPKC Region 1, CN IL+Eastern US/Canada East of Thunder Bay, ALS, TRRA, UP/BNSF St Louis, MER, West Labadie, Granite City Madison, Wood River UP, Alton UP, IHB, CFE, KBSR, MO, AR, LA, Waskom TX, Tenaha TX",st:IL region:NS:A1 region:NS:A2 region:NS:A3 region:NS:B1 region:NS:C1 region:NS:D1 region:NS:D2 region:CPKC:1 rr:CN:IL region:CN:Eastern_US region:CN:East_of_Thunder_Bay rr:ALS rr:TRRA rr:UP@1120 rr:BNSF@1120 rr:MER id:1867 id:1974 id:1125 id:3608 rr:IHB rr:CFE rr:KBSR st:MO st:AR st:LA id:2399 id:2393 id:2394,1287,
UP,MTYC%-##,Marshalltown,leaving,Global 3,,"Rochelle Global 3, Rochelle BNSF, West Chicago UP/CN, St. Charles, Troy Grove, Belvidere, GRW",id:1760 id:2112 id:2028 id:2029 id:2451 id:2559 id:3089 id:2558 rr:GRW,1287,
UP,MTYC%-##,Marshalltown,leaving,Clinton,MCLPE,"IMRR, TZPR, TPW",rr:IMRR rr:TZPR rr:TPW,1287,
UP,MTYC%-##,Marshalltown,leaving,Beverly,,"Cedar Rapids, CIC, Shell Rock, Osage Subdivision, Armour, Waterloo Bryant Yard, Oelwein, South Amana, Iowa City IAIS, Wilton, Rock Island IAIS",id:1134 id:1753 rr:CIC id:2077 id:2650 id:1737 id:2651 id:2078 id:2402 id:2153 id:2403 id:2375,1287,
UP,MTYC%-##,Marshalltown,leaving,BRC,MCBCH,MCBCH BRC block,ref:MCBCH:BRC,1287,
UP,MTYC%-##,Beverly,created at,ALS,MYCAS,"ALS, TRRA, UP/BNSF St Louis, MER, West Labadie, Granite City Madison, Wood River UP, Alton UP",rr:ALS rr:TRRA rr:UP@1120 rr:BNSF@1120 rr:MER id:1867 id:1974 id:1125 id:3608,1753,
UP,MTYC%-##,Global 3,created at,Proviso,IYCPR,Proviso block from MBOCH,,1760,Proviso block from MBOCH
UP,MTYC%-##,Global 3,created at,IHB,YYCIHB,"IHB, CFE",rr:IHB rr:CFE,1760,
UP,ASHN-##,Gateway,leaving,Wichta,MHNWT,"KO, Wichta, overflow Dallas/Ft Worth/San Antonio",rr:KO catchall,1300|2336,Wichta
UP,ASHN-##,Gateway,leaving,Herington,MHNPX,"Herington, McPherson, El Paso, Amarillo, NM, AZ, Mira Loma autos",id:3170 id:3171 id:3172 id:1779 id:1799 id:2099 id:1394 id:1443 id:1716 id:2632 id:2633 id:3126 id:3127 id:3128 id:3129 st:NM st:AZ id:1406 class:auto,1300|2336,
UP,ASHN-##,Gateway,leaving,Council Bluffs,MHNCB,"Council Bluffs, NE, SD, Sioux City, DAIR, EE, RWRR",id:1107 id:1115 id:1767 id:1768 id:2583 id:2584 id:3064 st:NE st:SD id:1351 id:2610 id:2611 id:2612 id:2613 rr:DAIR rr:EE rr:RWRR,1300|2336,
UP,ASHN-##,Gateway,leaving,18th Street,,"UP KS, Kansas City, BNSF KS, CPKC MO/KS/OK, NS Regions C2/C3, overflow MASNP Neff/Fairfax",rr:UP:KS id:1059 id:1169 id:1200 id:1214 id:1218 id:1227 id:1229 id:1301 id:1620 id:1817 id:1889 id:2011 rr:BNSF:KS rr:CPKC:MO/KS/OK region:NS:C2 region:NS:C3 ref:MASNP:Neff/Fairfax,1300|2336,
UP,ASHN-##,18th Street,created at,KC Herington,,"NM, AZ, El Paso, Mexico El Paso, Amarillo, San Antonio, Port Laredo, Gardendale, Ft Worth, Arlington, Grand Prairie, Phoenix UP, 2. Overflow Dallas/Eagle Pass/Mexico Eagle Pass UP/Mexico Laredo UP",st:NM st:AZ id:1779 id:1799 id:2099 id:2486 id:2487 id:1394 id:1443 id:1716 id:2632 id:2633 id:3126 id:3127 id:3128 id:3129 id:2239 id:2242 id:3118 id:3119 id:3432 id:1285 id:2481 id:1023 id:1847 id:1888 id:1904 id:3248 id:3249 id:3250 id:3251 id:3252 id:3532 id:3535 id:1110 id:1918 id:2755 id:1536 id:1537,1229|2046,2. Overflow Dallas/Eagle Pass/Mexico Eagle Pass UP/Mexico Laredo UP
UP,HNPX%-##,Herington,leaving,Dalhart,,"Amarillo, BNSF NM, Dalhart, Hooker, Santa Rosa",id:1394 id:1443 id:1716 id:2632 id:2633 id:3126 id:3127 id:3128 id:3129 rr:BNSF:NM id:3715 id:3716 id:3718 id:3717,3170,
UP,HNPX%-##,Herington,leaving,Alfalfa,,"El Paso, Mexico El Paso, Santa Teresa, Mira Loma autos [LA, AR, TX from Dalhart]",id:1779 id:1799 id:2099 id:2486 id:2487 id:1403 class:auto st:AR,3170,Mira Loma autos [LA; TX from Dalhart]
UP,HNPX%-##,Herington,leaving,Tuscon,,"Tuscon, Southern CA, [Las Vegas area, alternate route Northern CA from Dalhart]",id:1477,3170,Southern CA; [Las Vegas; alternate route Northern CA from Dalhart]
UP,HNPX%-##,Herington,leaving,Mexico Nogalez,,,,3170,Mexico Nogalez
UP,HNPX%-##,Herington,leaving,Phoenix,,,id:1345 id:1536 id:1537 id:1565 id:2707,3170,
UP,HNPX%-##,Herington,leaving,Santa Rosa,,Loaded autoracks for Santa Rosa,id:3717 class:auto,3170,
UP,HNPX%-##,Santa Rosa,created at,Alfalfa Autos,,"All outbound empty autoracks, mostly billed to Mexico El Paso UP, Mexico Nogales, and San Antonio TMMTX UP",class:auto id:2489,3717,mostly billed to Mexico El Paso UP; and San Antonio TMMTX UP
UP,NLEW%-##,North Little Rock,leaving,Englewood,,"Houston Englewood, Houston Eureka, Houston Melendy, Houston Fairbanks, Houston Galena, Houston Pasadena, Houston Deer Park, Spring, Westfield, overflow Eagle Pass/Mexico Eagle Pass UP, Tenaha BNSF, BNSF Houston, Longview BNSF, Longvivew Eastman BNSF",id:1372 id:3784 id:1460 id:1372 id:1372 id:1878 id:3729 id:2529 id:3334 id:3343 id:3351 id:2531 id:1375 catchall id:2393 rr:BNSF@1372 rr:BNSF@1374 rr:BNSF@1378 rr:BNSF@1383 rr:BNSF@1460 rr:BNSF@1812 id:2733,1920|2621|3424,Longvivew Eastman BNSF
UP,NLEW%-##,North Little Rock,leaving,Reisor,,"Waskom, TX, Tenaha TX, Reisor, Hollywood,Riverfront, Port of Bossier, Deramus, CPKC OK/LA/TX/MS/AL",id:2399 st:TX id:2393 id:2394 id:2398 id:1282 id:1401 id:2397 id:1153 rr:CPKC:OK/LA/TX/MS/AL,1920|2621|3424,
UP,NLEW%-##,Reisor,created at,Settegast,,"PTRA, Houston Arco, Houston Sinco, Houston Basin UP,  Houston Glass UP, Houston Tower 86, Houston Market St UP,  Houston Greens Bayou Pass, Channelview Smith Pass, Channelview Arco Ind Lead, Houston Old City [Booth], Houston Strang, Mexico Laredo CPKC, Laredo CPKC, Kendleton",rr:PTRA id:3015 id:2322 id:1374 id:3010 id:1383 id:1378 id:3013 id:3014 id:3015 id:1935 id:1982 id:3778 id:3779 id:2484 id:2050 id:2557,2398,
UP,NLEW%-##,Reisor,created at,Longview,,"Longview UP, Longview Eastman UP, Brodie, Longview Greggton",id:1044 id:2734 id:3154,2398,
UP,NLEW%-##,Longview,created at,LV Englewood,,"TX, AZ, NM, CA, NV, Hooker OK",st:TX st:AZ st:NM st:CA st:NV id:3718,1044|2208|2733|2734|2735|3154,
UP,YCAS-##,Yard Center,leaving,Villa Grove,,"Villa Grove, Royal, Tuscola UP, Shelbyville, DREI, KBSR, TPW",id:2811 id:2813 id:2810 id:2812 rr:DREI rr:KBSR rr:TPW,,
UP,YCAS-##,Yard Center,leaving,ALS,,"St Louis, TRRA, ALS, MO, overflow Kansas City/KS/AZ/NM/El Paso/Amarillo, Southeast LA UP, NOGC, NOPB, Westlake/Mossville, CN LA, CPCK Baton Rouge/Reserve/New Orleans/Geismar, NS Region B3, Port Arthur UP/CPKC/Williams, overflow North Little Rock",id:1004 id:1277 id:1562 id:1736 id:2045 id:2174 id:2391 id:3617 rr:TRRA rr:ALS st:MO catchall rr:UP:LA rr:NOGC rr:NOPB id:1563 id:1987 id:2358 rr:CN:LA region:NS:B3 id:1617 id:1241 catchall,,CPCK Baton Rouge/Reserve/New Orleans/Geismar
UP,YCAS-##,Yard Center,leaving,ALS Autos,,Autoracks for TX/LA/MO/KS,st:TX st:LA st:MO st:KS class:auto,,
UP,PRAS-##,Proviso,leaving,ALS,,"St Louis, TRRA, ALS, MER, LA, MO, KS, OK, AZ, NM, El Paso, Amarillo, overflow MPRNL",id:1004 id:1277 id:1562 id:1736 id:2045 id:2174 id:2391 id:3617 rr:TRRA rr:ALS rr:MER st:LA st:MO st:KS st:OK st:AZ st:NM id:1779 id:1799 id:2099 id:1394 id:1443 id:1716 id:2632 id:2633 id:3126 id:3127 id:3128 id:3129 catchall,1595,
UP,PRAS-##,Proviso,leaving,ALS Autos,,"Autoracks for NM, TX, LA, MO, KS",st:NM class:auto st:TX st:LA st:MO st:KS,1595,
UP,PRAS-##,Proviso,leaving,Livonia,MASLI,"Southeast LA UP, NOGC, NOPB, Westlake/Mossville, CN LA, CPCK Baton Rouge/Reserve/New Orleans/Geismar, NS Region B3, Port Arthur UP/CPKC/Williams",rr:UP:LA rr:NOGC rr:NOPB id:1563 id:1987 id:2358 rr:CN:LA region:NS:B3 id:1617 id:1241,1595,CPCK Baton Rouge/Reserve/New Orleans/Geismar
UP,PRAS-##,Proviso,leaving,Yard Center,,Overflow MPRNL Yard Center block,ref:MPRNL:Yard_Center,1595,
UP,PRAS-##,Yard Center,created at,YC ALS,,Overflow MYCAS ALS,ref:MYCAS:ALS,,
UP,YCMT%-##,Yard Center,leaving,Clinton,,"Decatur CN, Pekin CN, IMRR, TZPR, Peoria TPW",id:2462 id:2092 rr:IMRR rr:TZPR id:3659,,
UP,YCMT%-##,Yard Center,leaving,Marshalltown,,"IA, NE, BNSF SD/NE, RCPE, Welcome UP, Fairmont MN, Cedar Rapids, Shell Rock, Osage Subdivision, Armour, Waterloo Bryant Yard, Oelwein, Forest City, CIC, IAIS, NE, CO, WY, MT, CA, OR, WA, ID, UT, NV",st:IA st:NE rr:BNSF:SD/NE rr:RCPE id:2186 id:1660 id:1134 id:1753 id:2077 id:2650 id:1737 id:2651 id:2078 id:3071 rr:CIC rr:IAIS st:NE st:CO st:WY not:RCPE st:MT st:CA st:OR st:WA st:ID st:UT st:NV,,
UP,YCMT%-##,Yard Center,leaving,Global 3,,"Rochelle Global 3, Rochelle BNSF",id:1760 id:2112,,
UP,YCMT%-##,Globla 3,created at,G3 Marshalltown,,"IA, NE, MN, ND, SD, AZ, NM, KS, TX, OK, CPKC Regions 2/3/4/5/6, CN WI/MN/Canada Thunder Bay Westward",st:IA st:NE st:MN st:ND st:SD st:AZ st:NM st:KS st:TX st:OK region:CPKC:2 region:CPKC:3 region:CPKC:4 region:CPKC:5 region:CPKC:6 rr:CN:WI/MN region:CN:Thunder_Bay_Westward,,
UP,YCMT%-##,Globla 3,created at,North Platte,,"CO, WY, MT, CA, OR, WA, ID, UT, NV, North Platte, Sidney UP/BNSF, Alliance NE, Gurley NE",st:CO st:WY not:RCPE st:MT st:CA st:OR st:WA st:ID st:UT st:NV id:1683 id:1199 id:2074 id:1356 id:2090,,
UP,YCMT%-##,Cedar Rapids,created at,BV Marshalltown,,"NE, IA, MN, ND, SD, CPKC Regions 2/3/4/5/6, CN WI/MN/Canada Thunder Bay Westward",st:NE st:IA st:MN st:ND st:SD region:CPKC:2 region:CPKC:3 region:CPKC:4 region:CPKC:5 region:CPKC:6 rr:CN:WI/MN region:CN:Thunder_Bay_Westward,1134|1753,
UP,YCMT%-##,Cedar Rapids,created at,Des Moines,MDMDM,"Des Moines, Avon, Altoona, Grimes, Newton, MO, IA, AZ, NM, KS, TX, OK, AR, LA, NS Regions B2/B3/C2",id:1046 id:2719 id:2720 id:2721 id:2726 id:3693 id:2723 id:3694 id:3695 id:3696 id:2722 id:2724 id:1339 st:MO st:IA st:AZ st:NM st:KS st:TX st:OK st:AR st:LA region:NS:B2 region:NS:B3 region:NS:C2,1134|1753,
UP,NSNP%-##,"Global 3, grouped by destination",created at,North Platte IM,,"Denver IM, Las Vegas IM",id:1718 id:1769 id:1770 id:1800 id:1976 id:1977 id:1978 id:1979 id:1980 id:1981 id:2407 class:im id:1400 id:1492 class:im,,
UP,LDDI%-##,"Port Laredo, with IM grouped by destination",leaving,SAIT IM,,"Lathrop, East LA, ICTF, Portland Brooklyn, Houston Barbour's Cut, SAIT baretables, East LA baretables, Detroit Livernois IM, Yard Center IM, Louisville CSX IM",id:1857 id:1588 id:1001 id:1866 id:1812 id:2528 id:3780 id:1697 id:2097 id:2098 class:im id:1161 class:im id:2900 class:im,,SAIT baretables; East LA baretables
UP,LDDI%-##,"Port Laredo, with IM grouped by destination",leaving,Ft Worth,MSAFW,"Dallas/Ft Worth, Mesquite manifest, Ennis, OK, El Paso, Amarillo, NM, CA, NV, UT, KS, MO",id:1795 id:1797 id:1846 id:1938 id:3748 id:1023 id:1847 id:1888 id:1904 id:3248 id:3249 id:3250 id:3251 id:3252 id:3532 id:3535 id:1845 id:2037 st:OK id:1779 id:1799 id:2099 id:1394 id:1443 id:1716 id:2632 id:2633 id:3126 id:3127 id:3128 id:3129 st:NM st:CA st:NV st:UT st:KS st:MO,,
UP,LDDI%-##,"Port Laredo, with IM grouped by destination",leaving,Peach Yard,MSAFW,"Chico, Ft. Worth Tower 55 UP, FWWR",id:3534 id:1847 rr:FWWR,,
UP,LDDI%-##,"Port Laredo, with IM grouped by destination",leaving,Arlington GM,,"Arlington Garrett autoracks, autobox , flat car frames",id:1918 class:auto,,autobox; flat car frames
UP,LDDI%-##,"Port Laredo, with IM grouped by destination",leaving,Reisor,MDARE,"Shreveport, Mansfield Paper Mill, Port of Caddo-Bossier, CPKC OK/MS/AL, Texarkana, Longview UP, Longview Eastman UP, Brodie, Longview Greggton, Waskom TX",id:1153 id:1282 id:1401 id:2398 id:2395 id:2396 id:2397 rr:CPKC:OK/MS/AL id:1251 id:1044 id:2734 id:3154 id:2399,,
UP,LDDI%-##,"Port Laredo, with IM grouped by destination",leaving,Mesquite Autos,IMQMQ,,id:1845 class:auto,,
UP,LDDI%-##,"Port Laredo, with IM grouped by destination",leaving,Dallas Intermodal Terminal IM,,,id:1938 class:im,,
UP,NPCH%-##,North Platte,leaving,BRC,,"BRC, CSS, CRL, SCIH, CSX Region A",rr:BRC rr:CSS rr:CRL rr:SCIH region:CSX:A,1683,
UP,NPCH%-##,North Platte,leaving,Selkirk,,"CSX MA/ME/CT/NJ, Eastern NY, Baltimore CSX, Philadelphia CSX",rr:CSX:MA/ME/CT/NJ id:2164 id:2737 id:2738 id:1197 id:1474 id:1607 id:1788 id:1850 id:2182 id:3402 id:3403 id:3592,1683,Eastern NY
UP,NPCH%-##,North Platte,leaving,Beverly,,"Cedar Rapids Beverly, CIC, Shell Rock, Osage Subdivision, Armour, Waterloo Bryant Yard, Oelwein",id:1753 rr:CIC id:2077 id:2650 id:1737 id:2651 id:2078,1683,
UP,NPCH%-##,North Platte,leaving,Clinton,,"Pekin UP/CN, TZPR, IMRR, TPW, Rochelle Global 3/Rochelle BNSF manifest",id:1509 id:2092 id:2093 rr:TZPR rr:IMRR rr:TPW id:1760 id:2112,1683,
UP,NPCH%-##,North Platte,leaving,Columbus,,"Grand Island, Ravenna, NCRC",id:2261 id:3168 rr:NCRC,1683,
UP,HOSR-##,Settegast,leaving,Strang,,"Houston La Porte Strang UP, Houston Barbour's Cut PTRA, Houston Bayport UP, Houston Seabrook UP, Houston Pasadena UP sidings 14/15, Houston Barbour's Cut PTRA",id:1982 id:3780 id:2530 id:3773 id:3780,3480,Houston Pasadena UP sidings 14/15
UP,EWSR-##,Englewood,leaving,Strang,,"Houston La Porte Strang UP, Houston Barbour's Cut PTRA, Houston Bayport UP, Houston Seabrook UP, Houston Pasadena UP sidings 14/15",id:1982 id:3780 id:2530 id:3773,1372|3784,Houston Pasadena UP sidings 14/15
UP,GMGM%-##,Oxnard,leaving,West Colton,MCICI,All return traffic not in Montclair block,,,All return traffic not in Montclair block
UP,GMGM%-##,Oxnard,leaving,Montclair,,hyper-local traffic for LA basin,,,hyper-local traffic for LA basin
UP,GMGM%-##,City of Industry,leaving,Gemco,,"Oxnard/Pt. Hueneme, Guadalupe, White Hills, Santa Maria",id:1303 id:1035 id:1784 id:1785,1095,
UP,YROG%-##,Yermo,leaving,Arden,,"Las Vegas, Apex, Henderson",id:1400 id:1492 id:2705 id:1402,,
UP,YROG%-##,Yermo,leaving,Ogden,,"CO, WY, UT, ID, Loaded cars for Billings MT/Fairview MT/Dore ND, [From Mojave only: NE, IA, ND, SD, WI, MN, IL, KS, MO, CSX Region A, NS Regions A1/A2/A3/C1/C2/C3, CPKC Regions 1/2/3, DMVW, RRVW, RCPE, DAIR, CPKC IL/MO/KS, CSX Region A], [From Arden only: Milpitas autos]",st:CO st:WY not:RCPE st:UT st:ID st:IA st:ND st:SD st:WI st:MN st:IL st:KS st:MO region:CSX:A region:NS:A1 region:NS:A2 region:NS:A3 region:NS:C1 region:NS:C2 region:NS:C3 region:CPKC:1 region:CPKC:2 region:CPKC:3 rr:DMVW rr:RRVW rr:RCPE rr:DAIR rr:CPKC:IL/MO/KS class:auto,,Loaded cars for Billings MT/Fairview MT/Dore ND; [From Mojave only: NE; CSX Region A]; [From Arden only: Milpitas autos]
UP,YROG%-##,Yermo,leaving,Pocatello,MOGPD,MOGPD Pocatello block,ref:MOGPD:Pocatello,,
UP,YROG%-##,Las Vegas Arden yard,created at,Global 2 IM,ZSCG2,,id:1595 class:im,1400,
UP,YROG%-##,Las Vegas Arden yard,created at,North Platte,,"NE, IA, ND, SD, WI, MN, IL, KS, MO, CSX Region A, NS Regions A1/A2/A3/C1/C2/C3, CPKC Regions 1/2/3, DMVW, RRVW, RCPE, DAIR, CPKC IL/MO/KS, CSX Region A",st:NE st:IA st:ND st:SD st:WI st:MN st:IL st:KS st:MO region:CSX:A region:NS:A1 region:NS:A2 region:NS:A3 region:NS:C1 region:NS:C2 region:NS:C3 region:CPKC:1 region:CPKC:2 region:CPKC:3 rr:DMVW rr:RRVW rr:RCPE rr:DAIR rr:CPKC:IL/MO/KS region:CSX:A,1400,
UP,YROG%-##,Las Vegas Arden yard,created at,I-5 Corridor,MOGPD,Overflow MNPWC I-5 Corridor,ref:MNPWC:I-5_Corridor,1400,
UP,NPRO%-##,North Platte,leaving,Roper Autos,,"Loaded autoracks for Salt Lake Roper, empty autoracks for Milpitas, overflow loaded autos for Milpitas",id:1009 class:auto class:auto catchall class:auto,1683,empty autoracks for Milpitas
UP,NPRO%-##,North Platte,leaving,Roper,,"Salt Lake City, UTAH RR, UCRY, Milpitas manifest",id:1009 id:1325 id:2361 id:2362 id:3755 rr:UTAH rr:UCRY id:1213,1683,
UP,NPRO%-##,North Platte,leaving,Elko,MROMI,"Elko, Battle Mountain, Osino, Winnemucca, Colado, Empire",id:3791 id:3792 id:3794 id:3795 id:3793 id:3796 id:3797 id:3798,1683,
UP,NPRO%-##,North Platte,leaving,Sparks,MROMI,"Sparks, Fernley, North Reno",id:1141 id:2338 id:1131 id:2337 id:2213,1683,
UP,ROMI-##,Roper yard,leaving,Milpitas Autos,,Loaded autoracks for Milpitas,id:1213 class:auto,1009,
UP,ROMI-##,Roper yard,leaving,Tesla Autos,,Empty autoracks for Miplitas,class:auto,1009,Empty autoracks for Miplitas
UP,ROMI-##,Roper yard,leaving,Sparks,,"Sparks, North Reno, Fernley",id:1141 id:2338 id:2213 id:1131 id:2337,1009,
UP,ROMI-##,Roper yard,leaving,Elko,,"Elko, Battle Mountain, Osino, Winnemucca, Colado, Empire",id:3791 id:3792 id:3794 id:3795 id:3793 id:3796 id:3797 id:3798,1009,
UP,ROMI-##,Elko,created at,Roseville,,"CA, OR, BC, CN AB/SK, overflow Ogden traffic",st:CA st:OR st:BC rr:CN:AB/SK catchall,3791|3792,
UP,ROMI-##,Roseville,created at,RV Milpitas Autos,,Milpitas Autoracks,id:1213 class:auto,3503,
UP,RVGR-##,Roseville,leaving,Sparks,,"Sparks, North Reno, Fernley",id:1141 id:2338 id:2213 id:1131 id:2337,3503,
UP,RVGR-##,Roseville,leaving,Ogden,,"Elko, Battle Mountain, Osino, Winnemucca, Colado, Empire, UT, ID, overflow Las Vegas, overflow Eastern OR/WA",id:3791 id:3792 id:3794 id:3795 id:3793 id:3796 id:3797 id:3798 st:UT st:ID catchall catchall,3503,
UP,RVGR-##,Roseville,leaving,Ogden Loaded Autos,,Loaded autoracks for destinations in the Ogden block,class:auto,3503,destinations in the Ogden block
UP,RVGR-##,Roseville,leaving,Green River,,"WY, CO, Billings/Fairview MT, Dore ND, Potash UT",st:WY not:RCPE st:CO id:1893 id:2335 id:2230 id:2782,3503,
UP,RVGR-##,Roseville,leaving,North Platte Loaded Autos,MBFNPS,Overflow MRVNP North Platte Loaded Autos,ref:MRVNP:North_Platte class:auto class:loaded,3503,
UP,RVGR-##,Roseville,leaving,North Platte,MBFNPS,Overflow MRVNP North Platte,ref:MRVNP:North_Platte,3503,
UP,BCHO-##,"Barbour's Cut, grouped by destination",leaving,Dupo IM,MHOAS,"IM for Dupo, Marion, Global 4",id:1578 class:im id:1180 id:2183,,
UP,BCHO-##,"Barbour's Cut, grouped by destination",leaving,North Platte IM,MHOAS,"IM for Denver, Salt Lake City, Oakland, Seattle, Tacoma",id:1718 id:1769 id:1770 id:1800 id:1976 id:1977 id:1978 id:1979 id:1980 id:1981 id:2407 class:im id:1009 id:1325 id:2361 id:2362 id:3755 id:3767 id:1481 id:1538 id:1803 id:2008 id:1502 id:1503 id:1554 id:1555 id:2626 id:2710 id:2711 id:2712 id:2714 id:3286 id:3287 id:3288,,
UP,BCHO-##,"Barbour's Cut, grouped by destination",leaving,San Antonio IM,IHOSA,"San Antonio SAIT, Port Laredo, Dallas Intermodal Terminal, Tucson",id:3118 id:1285 id:1938 id:1477,,
UP,BCHO-##,"Barbour's Cut, grouped by destination",leaving,Terminal Island IM,IHOSA,"Terminal Island ITCF, Long Beach Hanjin, APM, Pier 400, Global South",id:1146 id:3098 id:1149 id:3101 id:1152 id:1152 id:1163 id:3099,,
UP,BCHO-##,"Barbour's Cut, grouped by destination",leaving,Long Beach IM,IHOSA,"Long Beach ITF, Long Beach Pacific Container Terminal, Long Beach Pier A",id:2515 id:3094 id:2514 id:3093 id:2517 id:3091,,
UP,BCHO-##,"Barbour's Cut, grouped by destination",leaving,"LA Harbor IM (Los Angeles TriPac, Los Angeles West Basin UP",IHOSA,,class:im,,"LA Harbor IM (Los Angeles TriPac, Los Angeles West Basin UP"
UP,BCHO-##,"Barbour's Cut, grouped by destination",leaving,ICTF,IHOSAA,Los Angeles Dolores/ICTF,,,Los Angeles Dolores/ICTF
UP,FWLA%-##,Davidson Yard,leaving,City of Industry,,"City of Industry, Covina, Whittier Jct, Anaheim, Los Nietos, SVGX, East Los Angeles, Los Angeles LATC, LAJ, Vernon UP, Los Angeles J Yard",id:1095 id:2587 id:2588 id:2702 id:1016 rr:SVGX id:1588 id:1203 rr:LAJ id:1439 id:1190,1888|2973,
UP,FWLA%-##,Davidson Yard,leaving,Montclair,,"Kaiser UP, CSI, Colton, PHL, Long Beach UP, Long Beach Toyota UP, Los Angeles Nissan UP, Dolores/ICTF, Los Angeles Paramount, Compton, Los Angeles Phillips 66 Carson Refinery, Los Angeles Carson Siding North/South, Oxnard/Pt. Hueme, White Hills, Guadalupe, Santa Maria, Montclair, Chino, Beaumont CA, Pomona",id:1407 rr:CSI id:1255 rr:PHL id:3090 id:3096 id:3106 id:1001 id:3158 id:3159 id:2513 id:3157 id:3156 id:1303 id:1784 id:1035 id:1785 id:3806 id:3808 id:1350 id:3807,1888|2973,
UP,FWLA%-##,Davidson Yard,leaving,West Colton,,"West Colton, NV, UT, CA",id:1255 st:NV st:UT st:CA,1888|2973,
UP,FWLA%-##,Davidson Yard,leaving,Roseville,,"West Sacramento UP/SERA, Roseville, Oroville, CFNR, Tolenas, Petaluma, Benicia, Martinez, RPRC, Pittsburg UP, Oakland UP, Newark, Warm Springs, Redwood City, Milpitas, San Jose, Permanente, North San Jose, Watsonville, Watsonville Jct, Hollister, Salinas",id:3113 id:3114 id:1484 id:2003 rr:CFNR id:1794 id:3134 id:1421 id:1772 rr:RPRC id:2176 id:1566 id:1352 id:1789 id:2535 id:1213 id:2536 id:2534 id:3163 id:2608 id:1790 id:2600 id:2601,1888|2973,
UP,FWLA%-##,Tucson,created at,AZ MTCL,,Montclair and City of Industry blocks combined into a single block,,1477,Montclair and City of Industry blocks combined into a single block
UP,FWLA%-##,City of Industry,created at,Los Angeles,,"East Los Angeles, Los Angeles LATC, LAJ, Vernon UP, SVGX, Los Angeles J Yard",id:1588 id:1203 rr:LAJ id:1439 rr:SVGX id:1190,1095,
UP,YRMC%-##,Yermo,leaving,Montclair,,"Colton, PHL, Long Beach UP, Long Beach Toyota UP, Los Angeles Nissan UP, Dolores/ICTF, Los Angeles Paramount, Compton, Los Angeles Phillips 66 Carson Refinery, Los Angeles Carson Siding North/South, East LA, Los Angeles LATC, LAJ, Vernon UP, SVGX, Oxnard/Pt. Hueme, White Hills, Los Angeles J Yard, Guadalupe, Santa Maria",id:1255 rr:PHL id:3090 id:3096 id:3106 id:1001 id:3158 id:3159 id:2513 id:3157 id:3156 id:1588 id:1203 rr:LAJ id:1439 rr:SVGX id:1303 id:1784 id:1190 id:1035 id:1785,,
UP,MLWC%-##,Mira Loma,leaving,West Colton,,All outbound manifest traffic,,1406,
UP,MLWC%-##,City of Industry,created at,Kaiser,LOH45,"Fontana Kaiser UP, CSI",id:1407 rr:CSI,1095,
UP,FWWC-##,Davidson Yard,leaving,West Colton,,"West Colton, NV, UT, CA",id:1255 st:NV st:UT st:CA,1888|2973,
UP,FWWC-##,Davidson Yard,leaving,Roseville,,"West Sacramento UP/SERA, Roseville, Oroville, CFNR, Tolenas, Petaluma, Benicia, Martinez, RPRC, Pittsburg UP, Oakland UP, Newark, Warm Springs, Redwood City, Milpitas, San Jose, Permanente, North San Jose, Watsonville, Watsonville Jct, Hollister, Salinas",id:3113 id:3114 id:1484 id:2003 rr:CFNR id:1794 id:3134 id:1421 id:1772 rr:RPRC id:2176 id:1566 id:1352 id:1789 id:2535 id:1213 id:2536 id:2534 id:3163 id:2608 id:1790 id:2600 id:2601,1888|2973,
UP,FWWC-##,Davidson Yard,leaving,Tucson,,AZ,st:AZ,1888|2973,
UP,FWWC-##,Davidson Yard,leaving,Tucson FXE,,Mexico Nogales interchange,id:2489,1888|2973,
UP,FWEP-##,Davidson Yard,leaving,Alfalfa,,"El Paso, Santa Teresa, Mexico El Paso, Amarillo, NM, Mira Loma Autoracks -> MEPSI",id:1779 id:1799 id:2099 id:1403 id:2486 id:2487 id:1394 id:1443 id:1716 id:2632 id:2633 id:3126 id:3127 id:3128 id:3129 st:NM id:1406 class:auto,1888|2973,
UP,FWEP-##,Davidson Yard,leaving,City of Industry,MEPLA,"City of Industry, Covina, Whittier Jct, Anaheim, Los Nietos, SVGX, East Los Angeles, Los Angeles LATC, LAJ, Vernon UP, Los Angeles J Yard",id:1095 id:2587 id:2588 id:2702 id:1016 rr:SVGX id:1588 id:1203 rr:LAJ id:1439 id:1190,1888|2973,
UP,FWEP-##,Davidson Yard,leaving,Montclair,MEPLA,"Kaiser UP, CSI, Colton, PHL, Long Beach UP, Long Beach Toyota UP, Los Angeles Nissan UP, Dolores/ICTF, Los Angeles Paramount, Compton, Los Angeles Phillips 66 Carson Refinery, Los Angeles Carson Siding North/South, Oxnard/Pt. Hueme, White Hills, Guadalupe, Santa Maria, Montclair, Chino, Beaumont CA, Pomona",id:1407 rr:CSI id:1255 rr:PHL id:3090 id:3096 id:3106 id:1001 id:3158 id:3159 id:2513 id:3157 id:3156 id:1303 id:1784 id:1035 id:1785 id:3806 id:3808 id:1350 id:3807,1888|2973,
UP,LBCI-##,Long Beach,leaving,City of Industry,,"All outbound manifest, home shop repair IM cars, autoracks not on ILBDI/ZLAMQ",class:im class:auto,1014|1149|2514|2515|2516|2517,home shop repair IM cars; autoracks not on ILBDI/ZLAMQ
UP,CIYR%-##,City of Industry,leaving,Yermo,,"Mojave, Trona, Creal, NV, UT, ID, CO, WY [No RCPE]",id:1010 id:2492 id:2491 st:NV st:UT st:ID st:CO st:WY not:RCPE,1095,
UP,GMGM-##,Oxnard,leaving,West Colton,MMLWC,All return traffic not in Montclair block,,,All return traffic not in Montclair block
UP,GMGM-##,Oxnard,leaving,Montclair,,hyper-local traffic for LA basin,,,hyper-local traffic for LA basin
UP,GMGM-##,Montclair,leaving,Gemco,,"Oxnard/Pt. Hueneme, Guadalupe, White Hills, Santa Maria",id:1303 id:1035 id:1784 id:1785,3806,
UP,WCML%-##,West Colton,leaving,Montclair,,"Beaumont CA, White Hills, Guadalupe, Oxnard/Pt. Hueme, Santa Maria, Chino, Montclair, Pomona, City of Industry, Covina, Whittier Jct, Anaheim, Los Nietos, East Los Angeles, LAJ, Vernon UP, Los Angeles J Yard, Los Angeles LATC, SVGX, MRVLB Long Beach",id:1350 id:1784 id:1035 id:1303 id:1785 id:3808 id:3806 id:3807 id:1095 id:2587 id:2588 id:2702 id:1016 id:1588 rr:LAJ id:1439 id:1190 id:1203 rr:SVGX ref:MRVLB:Long_Beach,1255,
UP,WCML%-##,West Colton,leaving,Mira Loma Manifest,,,id:1406,1255,
UP,WCML%-##,West Colton,leaving,Mira Loma Loaded Autos,,,id:1406 class:auto class:loaded,1255,
UP,SPAS%-##,Spring,leaving,ALS,,"St. Louis local cars, ALS, MER, IL, TPW, Janesville UP, Chicago UP/BNSF, BRC, IHB, CSS, IMRR, DREI, Villa Grove, Royal, Tuscola UP, Shelbyville IL, Evansville WI, WSOR, CPCK Region 1",id:1120 rr:ALS rr:MER st:IL rr:TPW id:2816 id:1055 id:1066 id:1072 id:1088 id:1092 id:1094 id:1098 id:1161 id:1222 id:1278 id:1279 id:1305 rr:BRC rr:IHB rr:CSS rr:IMRR rr:DREI id:2811 id:2813 id:2810 id:2812 id:2821 rr:WSOR region:CPKC:1,2531,
UP,SPAS%-##,Spring,leaving,Avon,ALS YAS101,CSX regions A/E,,2531,CSX regions A/E
UP,SPAS%-##,Spring,leaving,TRRA,ALS YAS304,"TRRA, NS regions A1/A2/A3/C1",rr:TRRA,2531,NS regions A1/A2/A3/C1
UP,SRSP%-##,Strang Yard,leaving,North Little Rock,,Overflow MSREW North Little Rock,ref:MSREW:North_Little_Rock,1982|3778|3779,
UP,SRSP%-##,Strang Yard,leaving,Ft Worth,,MCCFW Ft Worth block,ref:MCCFW:Ft_Worth,1982|3778|3779,
UP,SRSP%-##,Strang Yard,leaving,Spring,,"Spring, NS Regions A1/A2/A3/C1, CSX Regions A/E, overflow MSRHO ALS",id:2531 region:NS:A1 region:NS:A2 region:NS:A3 region:NS:C1 region:CSX:A region:CSX:E ref:MSRHO:ALS,1982|3778|3779,
UP,SRHO%-##,Strang,leaving,Settegast,,"Hyper-local traffic for Houston Basin/Glass and PTRA connections, OR, WA, ID, CO, North Platte, Sidney UP, Mexico Laredo CPKC, Kendleton, Laredo CPKC, MN, ND, WI,  CPKC Regions 2/3/4/5/6, DMVW, CN Thunder Bay ON Westward, CN WI/MN, overflow MSREW",st:OR st:WA st:ID st:CO id:1683 id:1199 id:2484 id:2557 id:2050 st:MN st:ND st:WI region:CPKC:2 region:CPKC:3 region:CPKC:4 region:CPKC:5 region:CPKC:6 rr:DMVW region:CN:Thunder_Bay_Westward rr:CN:WI/MN catchall,1982|3778|3779,Hyper-local traffic for Houston Basin/Glass and PTRA connections
UP,SRHO%-##,Strang,leaving,Livonia,,"LA, Waskom TX, Tenaha UP TX, Texarkana UP/CPKC, CPKC MS/AL, CN LA, CSX Regions B/D, NS Regions B1/B3/D1",st:LA id:2399 id:2394 id:1251 id:1729 rr:CPKC:MS/AL rr:CN:LA region:CSX:B region:CSX:D region:NS:B1 region:NS:B3 region:NS:D1,1982|3778|3779,
UP,SRHO%-##,Strang,leaving,ALS,,"St. Louis local cars, ALS, MER, IL, TPW, Janesville UP, Chicago UP/BNSF, BRC, IHB, CSS, IMRR, DREI, Villa Grove, Royal, Tuscola UP,Shelbyville IL, Evansville WI, WSOR, CPCK Region 1, overflow MSRSP CSX/NS connections",id:1120 rr:ALS rr:MER st:IL rr:TPW id:2816 id:1055 id:1066 id:1072 id:1088 id:1092 id:1094 id:1098 id:1161 id:1222 id:1278 id:1279 id:1305 rr:BRC rr:IHB rr:CSS rr:IMRR rr:DREI id:2811 id:2813 id:2810 id:2812 id:2821 rr:WSOR region:CPKC:1 ref:MSRSP:CSX/NS_connections,1982|3778|3779,
UP,SREW%-##,Strang Yard,leaving,North Little Rock,,"AR, MO, MNA, Welcome UP MN, Fairmont MN, TRRA, CSX Region C, NS Regions B2/D2, CN IL/TN/MS/Eastern US/Canada East of Thunder Bay ON, BNSF TN/MS/AL, IA, SD, RCPE",st:AR st:MO rr:MNA id:2186 id:1660 rr:TRRA region:CSX:C region:NS:B2 region:NS:D2 rr:CN:IL/TN/MS region:CN:Eastern_US region:CN:East_of_Thunder_Bay rr:BNSF:TN/MS/AL st:IA st:SD rr:RCPE,1982|3778|3779,
UP,SREW%-##,Strang Yard,leaving,Ft Worth,,Overflow MSRSP Ft Worth,ref:MSRSP:Ft_Worth,1982|3778|3779,
UP,SREW%-##,Strang Yard,leaving,Englewood,,"CA, NV, UT, Mexico Eagle Pass UP, Eagle Pass, Spofford, Mexico Laredo UP, Port Laredo, Gardendale, San Antonio, Gonzales, Houston Eureka/Fairbanks/Melendy",st:CA st:NV st:UT id:2447 id:1608 id:2730 id:2482 id:1285 id:2481 id:2239 id:2242 id:3118 id:3119 id:3432 id:1160,1982|3778|3779,Houston Eureka/Fairbanks/Melendy
UP,DYNL-##,Englewood,leaving,Westfield Autos,,Loaded autoracks for Spring,id:2531 class:auto,1372|3784,
UP,DYNL-##,Spring,leaving,> NLRK,,"DQE, AR, MO, MNA, Welcome UP MN, Fairmont MN, CN IL/TN/MS/Eastern US/Canada East of Thunder Bay ON, BNSF TN/MS/AL, IA, SD, RCPE, Fremont NE, OLB",rr:DQE st:AR st:MO rr:MNA id:2186 id:1660 rr:CN:IL/TN/MS region:CN:Eastern_US region:CN:East_of_Thunder_Bay rr:BNSF:TN/MS/AL st:IA st:SD rr:RCPE id:1151 id:2105 rr:OLB,2531,
UP,EUPD-##,Eugene,leaving,Albina,,"Portland, OPR, Salem UP/PNWR, Albany UP, Millersburg, AERC, CPKC Regions 1/2/3/4/5, overflow MRVHK, overflow MRVPT",id:1302 id:1866 id:1868 id:1877 id:2137 id:2138 id:2140 id:2141 id:2995 id:2996 id:3275 id:3276 rr:OPR id:1820 id:1821 id:1823 id:1822 rr:AERC region:CPKC:1 region:CPKC:2 region:CPKC:3 region:CPKC:4 region:CPKC:5 catchall catchall,1024|1548|3919|3920|3921,
UP,EUPD-##,Eugene,leaving,I-5 Corridor,MPDPT,Overflow MRVPT I-5 Corridor block,ref:MRVPT:I-5_Corridor,1024|1548|3919|3920|3921,
UP,CCFW%-##,Spring,leaving,Ft Worth,,"Dallas/Ft Worth, Ennis, Mesquite, OK, KS, Kansas City, Jefferson City MO, St Joseph MO, El Paso, Amarillo, NM, CPKC MO/IL, PHL, Long Beach UP, Los Angeles Dolores/ICTF, Los Angeles Paramount, SVGX, White Hills, Guadalupe, SMV, Los Angeles LATC, Los Angeles J Yard, Compton, Los Angeles Carson Lead North/South, Los Angeles Phillips 66, East Los Angeles, Los Nietos, Anaheim, LAJ, Vernon UP, City of Industry, Covina, Whittier Jct, Montclair, Pompona, Chino",id:1795 id:1797 id:1846 id:1938 id:3748 id:1023 id:1847 id:1888 id:1904 id:3248 id:3249 id:3250 id:3251 id:3252 id:3532 id:3535 id:2037 id:1845 st:OK st:KS id:1059 id:1169 id:1200 id:1214 id:1218 id:1227 id:1229 id:1301 id:1620 id:1817 id:1889 id:2011 id:1323 id:1310 id:2109 id:1779 id:1799 id:2099 id:1394 id:1443 id:1716 id:2632 id:2633 id:3126 id:3127 id:3128 id:3129 st:NM rr:CPKC:MO/IL rr:PHL id:3090 id:3158 rr:SVGX id:1784 id:1035 rr:SMV id:1203 id:1190 id:3159 id:3157 id:1008 id:1121 id:1466 id:1628 id:1658 id:1700 id:2241 id:2402 id:2480 id:2490 id:2708 id:2999 id:2513 id:1588 id:1016 id:2702 rr:LAJ id:1439 id:1095 id:2587 id:2588 id:3806 id:3808,2531,Los Angeles Dolores/ICTF; Pompona
UP,NLHP-##,NLR,leaving,DQE,,,rr:DQE,,
UP,HPNL-##,Valliant DQE,leaving,NLR,,All outbound UP manifest from DQE,,2209,
UP,PFNL-##,Poplar Bluff,leaving,North Little Rock,,All outbound manifest traffic,,1728,
UP,EWFW-##,Englewood,leaving,Ft Worth,,"Dallas/Ft Worth, Ennis, Mesquite, OK, KS, Kansas City, Jefferson City MO, St Joseph MO, El Paso, Amarillo, NM, CPKC MO/IL, overflow MHOCBB, overflow MEWWC, overflow IA/NE",id:1795 id:1797 id:1846 id:1938 id:3748 id:1023 id:1847 id:1888 id:1904 id:3248 id:3249 id:3250 id:3251 id:3252 id:3532 id:3535 id:2037 id:1845 st:OK st:KS id:1059 id:1169 id:1200 id:1214 id:1218 id:1227 id:1229 id:1301 id:1620 id:1817 id:1889 id:2011 id:1323 id:1310 id:2109 id:1779 id:1799 id:2099 id:1394 id:1443 id:1716 id:2632 id:2633 id:3126 id:3127 id:3128 id:3129 st:NM rr:CPKC:MO/IL catchall catchall catchall,1372|3784,
UP,LALA%-##,East LA,leaving,Yermo,,"Mojave, Trona, Creal, NV, UT, ID, CO, WY [No RCPE]",id:1010 id:2492 id:2491 st:NV st:UT st:ID st:CO st:WY not:RCPE,,
UP,LALA%-##,East LA,leaving,West Colton,,"RCPE, Athol ID, Sparks NV, North Reno Industrial Lead NV, Fernley NV, All outbound manifest not covered by other trains",rr:RCPE id:3644 id:1141 id:2338 id:2213 id:1131 id:2337,,
UP,LALA-##,Montclair,leaving,Los Angeles,,"East Los Angeles, LAJ, Vernon UP, Los Angeles J Yard",id:1588 rr:LAJ id:1439 id:1190,3806,
UP,LALA-##,Montclair,leaving,4th Street,,"Los Angeles LATC, SVGX",id:1203 rr:SVGX,3806,
UP,LBCI-##,Long Beach,leaving,City of Industry,,"All outbound manifest, home shop repair IM cars, autoracks not on ILBDI/ZLAMQ",class:im class:auto,1014|1149|2514|2515|2516|2517,home shop repair IM cars; autoracks not on ILBDI/ZLAMQ
UP,LBCI-##,East Los Angeles,created at,Yermo,,Overflow MLALA Yermo,ref:MLALA:Yermo,1588,
UP,LBCI-##,East Los Angeles,created at,West Colton,,Overflow MLALA West Colton,ref:MLALA:West_Colton,1588,
UP,ASCH-##,Gateway,leaving,Dupo,,"Dupo manifest, repaired IM cars for Dupo",id:1578 class:im,1300|2336,repaired IM cars for Dupo
UP,CHAS-##,Dupo,leaving,Avon,,All CSX traffic,,1578,All CSX traffic
UP,CHAS-##,Dupo,leaving,ALS,,All outbound manifest not covered by other trains,,1578,
UP,CHNP%-##,Chicago Clearing,leaving,North Platte,,"North Platte, Sidney UP, WY, CO, UT, Western MT, OR, WA, ID, NV, CA",id:1683 id:1199 st:WY not:RCPE st:CO st:UT st:MT st:OR st:WA st:ID st:NV st:CA,1473,
UP,CHNP%-##,Global 3,created at,North Platte IM,,MPRNP North Platte IM block,ref:MPRNP:North_Platte_IM class:im,1760,
UP,BOCH-##,Council Bluffs,leaving,Cedar Rapids,,"Cedar Rapids, CIC, Shell Rock, Osage Subdivision, Armour, Waterloo Bryant Yard, Oelwein, Peoria, TPW, IMRR, TZPR",id:1134 id:1753 rr:CIC id:2077 id:2650 id:1737 id:2651 id:2078 id:3661 id:3662 rr:TPW rr:IMRR rr:TZPR,1107|1115|1767|1768|2583|2584,
UP,BOCH-##,Council Bluffs,leaving,Proviso,MWGWG,"IL, CPKC Region 1, CN IL+Eastern US/Canada East of Thunder Bay",st:IL region:CPKC:1 rr:CN:IL region:CN:Eastern_US region:CN:East_of_Thunder_Bay,1107|1115|1767|1768|2583|2584,
UP,BOCH-##,Council Bluffs,leaving,BRC,,"CSX, BRC, CSS, CRL, BNSF Chicago area, NS regions A1/A2/A3/B1/C1/D1/D2",rr:CSX rr:BRC rr:CSS rr:CRL rr:BNSF@1055 rr:BNSF@1066 rr:BNSF@1072 rr:BNSF@1088 rr:BNSF@1092 rr:BNSF@1094 region:NS:A1 region:NS:A2 region:NS:A3 region:NS:B1 region:NS:C1 region:NS:D1 region:NS:D2,1107|1115|1767|1768|2583|2584,
UP,BOCH-##,Cedar Rapids,created at,Elkhart,,NS regions A1/A2/A3/B1/C1/D1/D2,region:NS:A1 region:NS:A2 region:NS:A3 region:NS:B1 region:NS:C1 region:NS:D1 region:NS:D2,1134|1753,
UP,G3G3%-##,Global 3,leaving,West Chicago,,all outbound manifest from Global 3 manifest sidings,,1760,
UP,G3G3%-##,West Chicago,leaving,North Platte,,"CA, OR, ID, WA, MT, WY, CO, UT, NV",st:CA st:OR st:ID st:WA st:MT st:WY not:RCPE st:CO st:UT st:NV,2028|2029|2451,
UP,G3G3%-##,West Chicago,leaving,North Platte Autos,,"Autoracks for destinations in North Platte block <<max 40>>, <<no Mira Loma - to Proviso>>",class:auto,2028|2029|2451,destinations in North Platte block <<max 40>>; <<no Mira Loma - to Proviso>>
UP,MNMX%-##,"Marion, with IM grouped by destination in each block",leaving,Westfield Autos,,Loaded autoracks for Westfield,id:1375 class:auto,,
UP,MNMX%-##,"Marion, with IM grouped by destination in each block",leaving,SAIT IM,,"SAIT, Port Laredo IM, Houston Barbour's Cut, Houston Settegast, [Marion IM from DIT]",id:3118 id:1285 class:im id:1812 id:2528 id:3780 id:3480 class:im,,[Marion IM from DIT]
UP,MNMX%-##,"Marion, with IM grouped by destination in each block",leaving,Eagle Pass IM,,IM for Mexico Eagle Pass Interchange UP,id:2447 class:im,,
UP,MNMX%-##,"Marion, with IM grouped by destination in each block",leaving,DIT,,"IM for Dallas Intermodal Terminal, LATC -> IDISI, Mesquite Autos ->IMQMQ",id:1938 class:im id:1203 id:1845 class:auto,,
UP,MNMX%-##,"Marion, with IM grouped by destination in each block",leaving,KCSM,,Autos/manifest for Mexico Laredo Interchange UP ONLY,class:auto,,Autos/manifest for Mexico Laredo Interchange UP
UP,MNMX%-##,"Marion, with IM grouped by destination in each block",leaving,NLR,,Overflow MSFNL NLR block,ref:MSFNL:NLR,,
UP,MNMX%-##,DIT,created at,KCSM Autos,,Autoracks for Mexico Laredo Interchange UP,id:2482 class:auto,,
UP,PRNP%-##,Proviso,leaving,Marshalltown,,"IA, NE, DAIR, Sioux City, EE, RWRR, BNSF SD/NE, RCPE, Welcome UP, Fairmont MN, Cedar Rapids, CIC, Shell Rock, Osage Subdivision, Armour, Waterloo Bryant Yard, Oelwein, IAIS",st:IA st:NE rr:DAIR id:1351 id:2610 id:2611 id:2612 id:2613 rr:EE rr:RWRR rr:BNSF:SD/NE rr:RCPE id:2186 id:1660 id:1134 id:1753 rr:CIC id:2077 id:2650 id:1737 id:2651 id:2078 rr:IAIS,1595,
UP,PRNP%-##,Proviso,leaving,North Platte,,"North Platte, Sidney UP/BNSF, Alliance NE, Gurley NE, CA, OR, ID, WA, NV, UT, WY, MT, CO",id:1683 id:1199 id:2074 id:1356 id:2090 st:CA st:OR st:ID st:WA st:NV st:UT st:WY not:RCPE st:MT st:CO,1595,
UP,PRNP%-##,Proviso,leaving,North Platte Autos,,autoracks for destinations in the North Platte Loads block,class:auto,1595,destinations in the North Platte Loads block
UP,PRNP%-##,Global 3,added at,North Platte IM,,"Denver IM, Las Vegas IM",id:1718 id:1769 id:1770 id:1800 id:1976 id:1977 id:1978 id:1979 id:1980 id:1981 id:2407 class:im id:1400 id:1492 class:im,1760,
UP,CNNL-##,Memphis Harrison,leaving,Marion Autos,,"Autoracks for Mira Loma, Westfield, and Marion",id:1406 class:auto id:1375,1921|3382|3383|3384|3385,and Marion
UP,CNNL-##,Memphis Harrison,leaving,Pine Bluff,,"Pine Bluff, Shreveport UP, Texarkana UP, Waskom, Longview UP, Bodie, Dallas/Ft Worth",id:1081 id:3340 id:1153 id:1282 id:1401 id:2398 id:1251 id:1729 id:2399 id:1044 id:3155 id:1795 id:1797 id:1846 id:1938 id:3748 id:1023 id:1847 id:1888 id:1904 id:3248 id:3249 id:3250 id:3251 id:3252 id:3532 id:3535,1921|3382|3383|3384|3385,
UP,CNNL-##,Memphis Harrison,leaving,NLR,,"AR, OK, KS, TX, NM, AZ, CA",st:AR st:OK st:KS st:TX st:NM st:AZ st:CA,1921|3382|3383|3384|3385,
UP,CNNL-##,Marion,added at,Marion NLR,,All outbound Marion manifest not routed through Memphis,,1180|1448|1705,
UP,CNNL-##,Marion,added at,North Platte Autos,,"loaded autoracks for Rolla, Salt Lake City Roper, Milpitas, Benicia, Spokane, Portland, Tacoma",id:1917 class:auto id:1009 id:1213 id:1421 id:1741 id:1742 id:1743 id:1876 id:2202 id:2212 id:3179 id:3646 id:1302 id:1866 id:1868 id:1877 id:2137 id:2138 id:2140 id:2141 id:2995 id:2996 id:3275 id:3276 id:1502 id:1503 id:1554 id:1555 id:2626 id:2710 id:2711 id:2712 id:2714 id:3286 id:3287 id:3288,1180|1448|1705,
UP,NLSF%-##,North Little Rock,leaving,NS Sheffield,,"Manifest for NS Regions B1/B2/D1/D2, including NS Memphis",,1920|2621|3424,Manifest for NS Regions B1/B2/D1/D2; including NS Memphis
UP,NLSF%-##,North Little Rock,leaving,NS auto loads (Loaded Autoracks for destinations in the NS Sheffield,,,class:auto,1920|2621|3424,NS auto loads (Loaded Autoracks for destinations in the NS Sheffield
UP,NLSF%-##,North Little Rock,leaving,NS auto empties,,Empty Autoracks for destinations in the NS Sheffield block,class:auto,1920|2621|3424,Empty Autoracks for destinations in the NS Sheffield block
UP,NLSF%-##,North Little Rock,leaving,Marion IM,,,id:1180 id:1448 id:1705 class:im,1920|2621|3424,
UP,NLSF%-##,North Little Rock,leaving,CSX SE IM,IMEME,"Winter Haven, Charlotte Pinoca, Jacksonville Duval, Fairburn, North Charleston Bennett, Misc CSX Southeast",id:1519 id:1907 id:1679 id:1261 id:1208 region:CSX:B,1920|2621|3424,
UP,LDHO%-##,Kirby Yard,leaving,Settegast,,"PTRA, Houston Basin UP/BNSF/CPKC,  Houston Glass UP/BNSF/CPKC, Houston Tower 86, Houston Market St UP/BNSF/CPKC,  Houston Greens Bayou Pass, Channelview Smith Pass, Channelview Arco Ind Lead, Houston Old City [Booth], Houston Strang, Houston Sinco",rr:PTRA id:1374 id:3008 id:3009 id:3010 id:3011 id:3012 id:1383 id:1378 id:3017 id:3018 id:3013 id:3014 id:3015 id:1935 id:1982 id:3778 id:3779 id:2322,2239,
UP,LDHO%-##,Kirby Yard,leaving,Kirby,,Loaded autoracks for San Antonio Kirby,id:2239 class:auto,2239,
UP,LDHO%-##,Kirby Yard,leaving,Livonia,,MSALI Livonia,ref:MSALI:Livonia,2239,
UP,LDHO%-##,Kirby Yard,leaving,San Antonio,,"MSABZ Boone/Coluncil Bluffs blocks, all cars not covered by other blocks/trains",ref:MSABZ:Boone/Coluncil_Bluffs,2239,all cars not covered by other blocks/trains
UP,LDHO%-##,Kirby Yard,leaving,North Platte,MSABZ,MSANP North Platte block,ref:MSANP:North_Platte,2239,
UP,LDHO%-##,Kirby Yard,leaving,Englewood,MSAEW,MSAEW Englewood block,ref:MSAEW:Englewood,2239,
UP,LDBZ%-##,Port Laredo,leaving,Yard Center Autos,MBZAS,"Autoracks for Chicago Heights, West Chicago, CPKC Ontario, CN Eastern Canada and Northeastern US",id:2038 id:2424 class:auto id:2028 id:2029 id:2451 rr:CPKC@3405,1285,CN Eastern Canada and Northeastern US
UP,LDBZ%-##,Port Laredo,leaving,Marion IM/Baretables,MBZAS,,class:im,1285,Marion IM/Baretables
UP,LDBZ%-##,Port Laredo,leaving,CSX SE IM,MBZAS,"Winter Haven, Jacksonville Duval, Charlotte Pinoca, Misc CXS southeast IM",id:1519 id:1679 id:1907 class:im,1285,Misc CXS southeast
UP,LDBZ%-##,SAIT,created at,Jersey City IM,MBZAS,Loaded IM for Jersey City,class:im,,Loaded IM for Jersey City
UP,LDNL%-##,Port Laredo,leaving,North Little Rock,,"DQE, Poplar Bluff, ALS, TRRA, MER, AR, IL, CPKC MS/AL, MNBR, St Louis UP/BNSF, CSX Regions A/C/E, NS Regions A1/A2/A3/B2/C1/D2, BNSF MO/IL/TN/MS/AL, CN AL/MS/TN/MS/IL/Eastern US, CN Canada East of Thunder Bay ON, Tenaha UP",rr:DQE id:1728 rr:ALS rr:TRRA rr:MER st:AR st:IL rr:CPKC:MS/AL rr:MNBR id:1004 id:1277 id:1562 id:1736 id:2045 id:2174 id:2391 id:3617 region:CSX:A region:CSX:C region:CSX:E region:NS:A1 region:NS:A2 region:NS:A3 region:NS:B2 region:NS:C1 region:NS:D2 rr:BNSF:MO/IL/TN/MS/AL rr:CN:AL/MS/TN/IL region:CN:Eastern_US region:CN:East_of_Thunder_Bay id:2394,1285,
UP,LDNL%-##,Port Laredo,leaving,North Little Rock Autos,,"Marion Autos, Canton MS Autos, NS Southeast autos",id:1180 id:1448 id:1705 class:auto id:1084 class:auto rr:NS@2686 class:auto,1285,
UP,LDNL%-##,Port Laredo,leaving,ALS Autos,MARAS/MBZAS,"Autoracks for CSX and NS IL/IN/MI/OH, Voltz, AA, CRMI) ->MBZAS/MARAS",class:auto id:1205 rr:AA,1285,CSX and NS IL/IN/MI/OH; CRMI) ->MBZAS/MARAS
UP,LDNL%-##,Port Laredo,leaving,North Platte,,Overflow MLDHO North Platte,ref:MLDHO:North_Platte,1285,
UP,BZAS-##,Brazos,leaving,ALS,,"St. Louis local UP/BNSF/CSX/CN cars, ALS, MER, TRRA, Chicago, Villa Grove, DREI, Dupo, Janesville UP/WSOR, Anderson WI, NS Regions A1/A2/A3/C1, CSX Regions A/E, CPKC Region 1, KBSR, TPW, IMRR, TZPR",rr:ALS rr:MER rr:TRRA id:1055 id:1066 id:1072 id:1088 id:1092 id:1094 id:1098 id:1161 id:1222 id:1278 id:1279 id:1305 id:2811 rr:DREI id:1578 id:2816 id:2817 id:2819 id:2820 region:NS:A1 region:NS:A2 region:NS:A3 region:NS:C1 region:CSX:A region:CSX:E region:CPKC:1 rr:KBSR rr:TPW rr:IMRR rr:TZPR,3545,St. Louis local UP/BNSF/CSX/CN cars
UP,BZAS-##,Brazos,leaving,Marion IM,MNLSF,,id:1180 id:1448 id:1705 class:im,3545,
UP,BZAS-##,Brazos,leaving,CSX SE IM,MNLSF,"Fairburn, Winter Haven, Charlotte Pinoca, Misc CSX Southeast IM",id:1261 id:1519 id:1907 region:CSX:B class:im,3545,
UP,BZAS-##,Brazos,leaving,Jersey City IM,MNLSF,,id:1105 id:1106 id:1108 id:1109 id:1592 id:2061 id:3072 id:3073 id:3294 id:3596 id:3600 class:im,3545,
UP,PDSE-##,Albina Yard,leaving,Tacoma IM,TMBL Job 205,IM for Tacoma ports,class:im,1302,Tacoma ports
UP,PDSE-##,Albina Yard,leaving,Tacoma,,"Tacoma, Kent Auto Facility, Auburn, Tukwila, TMBL",id:1502 id:1503 id:1554 id:1555 id:2626 id:2710 id:2711 id:2712 id:2714 id:3286 id:3287 id:3288 id:1553 class:auto id:1539 id:2624 rr:TMBL,1302,
UP,PDSE-##,Albina Yard,leaving,Seattle,,"Seattle, West Seattle UP IM",id:1481 id:1538 id:1803 id:2008 id:2339 class:im,1302,
UP,PDSE-##,Tacoma Fife,created at,Fife Seattle,,"Seattle, CN/CPKC BC",id:1481 id:1538 id:1803 id:2008,1502,CN/CPKC BC
UP,PDSE-##,Tacoma Fife,created at,Seattle IM,,"IM for Seattle, West Seattle, Mesquite, LATC",id:1481 id:1538 id:1803 id:2008 class:im id:1580 id:2339 id:1845 id:1203,1502,
UP,PDSE-##,Tacoma Fife,created at,Roseville,,MSEPD Roseville block,ref:MSEPD:Roseville,1502,
UP,PDSE-##,Tacoma Fife,created at,North Ploatte,,MSEPD North Platte block,ref:MSEPD:North_Platte,1502,
UP,PDSE-##,Tacoma Fife,created at,Albina,,MSEPD Ablina block,ref:MSEPD:Ablina,1502,
UP,NPPD%-##,North Platte,leaving,Eugene,MHKRV,"Eugene UP/PNWR, CORP, CBRL, Springfield, Junction City, Klamath Falls service area",id:1024 id:1548 id:3919 id:3920 id:3921 rr:CORP rr:CBRL id:3924 id:3922 id:3925 id:4010,1683,
UP,NPPD%-##,North Platte,leaving,Barnes,MHKRV,"Portland Barnes UP, Portland Rivergate UP, Portland Terminal 4 UP",id:2137 id:3276 id:3414,1683,
UP,NPPD%-##,North Platte,leaving,Hinkle,,"OR, WA, STMA, Spokane, Richland, Connell, Plymouth, Lind, Coeur d'Alene, Athol",st:OR st:WA rr:STMA id:1741 id:1742 id:1743 id:1876 id:2202 id:2212 id:3179 id:3646 id:2850 id:2851 id:2853 id:3162 id:2837 id:3460 id:3644,1683,
UP,NPPD%-##,North Platte,leaving,Albina Autos,MPDSE,"Autoracks for Kent Auto Facility, Tacoma",id:1553 class:auto id:1502 id:1503 id:1554 id:1555 id:2626 id:2710 id:2711 id:2712 id:2714 id:3286 id:3287 id:3288,1683,
UP,NPPD%-##,North Platte,leaving,Albina,,"Portland, Salem, Albany, Vancouver WA, PNWR, AERC, OPR, RNIR, Seattle/Tacoma, TMBL",id:1302 id:1866 id:1868 id:1877 id:2137 id:2138 id:2140 id:2141 id:2995 id:2996 id:3275 id:3276 id:1665 id:1820 id:1821 id:3846 id:3847 id:1823 id:1702 id:3056 id:1712 id:3059 rr:PNWR rr:AERC rr:OPR rr:RNIR id:1481 id:1538 id:1803 id:2008 id:1502 id:1503 id:1554 id:1555 id:2626 id:2710 id:2711 id:2712 id:2714 id:3286 id:3287 id:3288 rr:TMBL,1683,
UP,NPPD%-##,North Platte,leaving,Lake Yard Autos,MPTLV,Autoracks for PSAP,rr:PSAP class:auto,1683,
UP,NPPD%-##,North Platte,leaving,Lake Yard,,"PTRC, PSAP, CLC, LVSW, Kalama, Ranier, Banks, Hillsboro, Seghers, Beaverton, Overflow Tigard",rr:PTRC rr:PSAP rr:CLC rr:LVSW id:1853 id:2617 id:2134 id:2136 id:2924 id:2133 catchall,1683,Ranier
UP,NPPD%-##,Hinkle,created at,Tacoma IM,MPDSE,"Tacoma IM, West Seattle IM from Boardman",id:1502 id:1503 id:1554 id:1555 id:2626 id:2710 id:2711 id:2712 id:2714 id:3286 id:3287 id:3288 class:im class:im,1895,West Seattle IM from Boardman
UP,EPFW%-##,El Paso,leaving,Ft Worth,,"TX, OK, Coffeyville UP/SKOL, Pittsburg SKOL, Shreveport, Port of Caddo-Bossier, Mansfield LA, Waskom, Tenaha, Dallas Intermodal Terminal IM, MO, AR, CN IL/TN/AL/MS/Eastern US/Canada East of Thunder Bay ON, CSX Regions B/C/D, NS Regions B1/B2/D1/D2, CPKC TX/LA/TN/MS/AL/OK, BNSF TN/AL/MS, overflow MWCSA San Antonio/Englewood, autoracks for Mesquite, Marion, NS/CSX Southeast, overflow MWCSA blocks",st:TX st:OK id:2831 id:2832 rr:SKOL:KS id:1153 id:1282 id:1401 id:2398 id:2397 id:2395 id:2396 id:2399 id:2393 id:2394 id:1938 class:im st:MO st:AR region:CSX:B region:CSX:C region:CSX:D region:NS:B1 region:NS:B2 region:NS:D1 region:NS:D2 rr:CPKC:TX/LA/TN/MS/AL/OK rr:BNSF:TN/AL/MS ref:MWCSA:San_Antonio/Englewood id:1845 class:auto id:1448 region:NS:B1 region:NS:B2 region:NS:B3 region:CSX:B ref:MWCSA:blocks,1779|1799|2099,CN IL/TN/AL/MS/Eastern US/Canada East of Thunder Bay ON
UP,PXTU-##,Phoenix UP Yard,leaving,West Colton,MTUWC,MTUWC West Coton/Roseville blocks,ref:MTUWC:West_Coton/Roseville,1537,
UP,PXTU-##,Phoenix UP Yard,leaving,Council Bluffs,ITUG4,"NE, IA, MN, ND, SD, WI, Northern IL, CPKC Regions 2/3, CN MB/Thunder Bay ON/WI/MN, Loaded cars for Ravenna, Lincoln, Fremont BNSF, Omaha",st:NE st:IA st:MN st:ND st:SD st:WI region:CPKC:2 region:CPKC:3 id:1292 id:1293 id:2105 id:2203,1537,Northern IL; CN MB/Thunder Bay ON/WI/MN; Loaded cars for Ravenna
UP,PXTU-##,Phoenix UP Yard,leaving,FXE,MTUNG,Overflow MPXEP FXE,ref:MPXEP:FXE,1537,
UP,PXTU-##,Phoenix UP Yard,leaving,Alfalfa,,Overflow MPXEP Alfalfa,ref:MPXEP:Alfalfa,1537,
UP,PXTU-##,Phoenix UP Yard,leaving,Ft Worth,,Overflow MPXEP Ft Worth,ref:MPXEP:Ft_Worth,1537,
UP,PXTU-##,Phoenix UP Yard,leaving,Tuscon,,All other traffic for sorting at Tuscon,catchall,1537,
UP,PXTU-##,Phoenix UP Yard,leaving,Houston IM,,"Houston Settegast, Houston Barbour's Cut",id:3480 id:1812 id:2528 id:3780,1537,
UP,EPLA%-##,Alfalfa,leaving,City of Industry,,"City of Industry, Covina, Whittier Jct, Anaheim, Los Nietos",id:1095 id:2587 id:2588 id:2702 id:1016,1799,
UP,EPLA%-##,Alfalfa,leaving,Montclair,,"Kaiser UP, CSI, Colton, PHL, Long Beach UP, Long Beach Toyota UP, Los Angeles Nissan UP, Dolores/ICTF, Los Angeles Paramount, Compton, Los Angeles Phillips 66 Carson Refinery, Los Angeles Carson Siding North/South, Oxnard/Pt. Hueme, White Hills, Guadalupe, Santa Maria, Montclair, Chino, Beaumont CA, Pomona, SVGX, East Los Angeles, Los Angeles LATC, LAJ, Vernon UP, Los Angeles J Yard",id:1407 rr:CSI id:1255 rr:PHL id:3090 id:3096 id:3106 id:1001 id:3158 id:3159 id:2513 id:3157 id:3156 id:1303 id:1784 id:1035 id:1785 id:3806 id:3808 id:1350 id:3807 rr:SVGX id:1588 id:1203 rr:LAJ id:1439 id:1190,1799,
UP,EPLA%-##,Alfalfa,leaving,West Colton,,"West Colton, El Centro, NV, UT, CA, OR, WA, ID. CN BC/AB/SK, CPKC Regions 5/6",id:1255 id:1581 st:NV st:UT st:CA st:OR st:WA region:CPKC:5 region:CPKC:6,1799,ID. CN BC/AB/SK
UP,EPLA%-##,Alfalfa,leaving,Tucson,,AZ,st:AZ,1799,
UP,EPLA%-##,Alfalfa,leaving,Los Angeles,,"East Los Angeles, LAJ, Vernon UP, Los Angeles J Yard",id:1588 rr:LAJ id:1439 id:1190,1799,
UP,EPLA%-##,Alfalfa,leaving,4th Street,,"Los Angeles LATC, SVGX",id:1203 rr:SVGX,1799,
UP,PXEP-##,Phoenix,leaving,Ft Worth,MEPFW,"TX, LA, OK, AR, BNSF TN/MS/AL, CN TN/MS/AL, CSX Region C, NS Regions B1/B2/D1/D2/B3",st:TX st:LA st:OK st:AR rr:BNSF:TN/MS/AL rr:CN:TN/MS/AL region:CSX:C region:NS:B1 region:NS:B2 region:NS:D1 region:NS:D2 region:NS:B3,1345|1536|1537|1565|2707,
UP,PXEP-##,Phoenix,leaving,Alfalfa,,"El Paso, NM, San Antonio, Gardendale, Temple, Mexico Laredo Interchange UP, Mexico Eagle Pass Interchange UP/BNSF, Halsted, Gonzales, CSX, Amarillo UP/BNSF, NE, KS, MO, CO, NS Regions A1/A2/A3/C1/C2/C3, BNSF NM",id:1779 id:1799 id:2099 st:NM id:2239 id:2242 id:3118 id:3119 id:3432 id:2481 id:2330 id:3741 id:2482 id:2446 id:2447 id:2485 id:1160 rr:CSX id:1394 id:1443 id:1716 id:2632 id:2633 id:3126 id:3127 id:3128 id:3129 st:NE st:KS st:MO st:CO region:NS:A1 region:NS:A2 region:NS:A3 region:NS:C1 region:NS:C2 region:NS:C3 rr:BNSF:NM,1345|1536|1537|1565|2707,
UP,PXEP-##,Phoenix,leaving,FXE,MTUNG,Mexico Nogales Interchange,id:2489,1345|1536|1537|1565|2707,
UP,TUEP-##,Tuscon,leaving,Alfalfa,,"El Paso, NM, San Antonio, Gardendale, Temple, Mexico Laredo Interchange UP, Mexico Eagle Pass Interchange UP/BNSF, Halsted, Gonzales, CSX, overflow ITUG4 ALS, TX, LA, OK, AR, BNSF TN/MS/AL, CN TN/MS/AL, NS Regions B1/B2/B3/D1/D2, CSX Region C, Amarillo UP/BNSF, NE, KS, MO, CO, NS Regions A1/A2/A3/C1/C2/C3, BNSF NM",id:1779 id:1799 id:2099 st:NM id:2239 id:2242 id:3118 id:3119 id:3432 id:2481 id:2330 id:3741 id:2482 id:2446 id:2447 id:2485 id:1160 rr:CSX catchall st:TX st:LA st:OK st:AR rr:BNSF:TN/MS/AL rr:CN:TN/MS/AL region:NS:B1 region:NS:B2 region:NS:B3 region:NS:D1 region:NS:D2 region:CSX:C id:1394 id:1443 id:1716 id:2632 id:2633 id:3126 id:3127 id:3128 id:3129 st:NE st:KS st:MO st:CO region:NS:A1 region:NS:A2 region:NS:A3 region:NS:C1 region:NS:C2 region:NS:C3 rr:BNSF:NM,,
UP,RVEP%-##,Roseville,leaving,Ft Worth,MEPFW,"TX, PTRA, Mexico Laredo CPKC, Laredo CPKC, Kendleton",st:TX rr:PTRA id:2484 id:2050 id:2557,3503,
UP,RVEP%-##,Roseville,leaving,Ft Worth Loaded Autos,MEPFW,"Loaded Autoracks for Dallas/Ft Worth, Mesquite, NS/CSX Southeast",id:1795 id:1797 id:1846 id:1938 id:3748 id:1023 id:1847 id:1888 id:1904 id:3248 id:3249 id:3250 id:3251 id:3252 id:3532 id:3535 class:auto id:1845 region:NS:B1 region:NS:B2 region:NS:B3 region:CSX:B,3503,
UP,RVEP%-##,Roseville,leaving,Englewood,MWCSA,"Houston Englewood, Houston Eureka, Houston Melendy, Houston Fairbanks, Houston Galena, Houston Pasadena, Houston Deer Park, Houston Bayport, Houston Seabrook, Spring, Westfield, BNSF Houston, Port Arthur, Tenaha BNSF, Longview BNSF, Longview Eastman BNSF",id:1372 id:3784 id:1460 id:1372 id:1372 id:1878 id:3729 id:2529 id:3334 id:3343 id:3351 id:2530 id:3772 id:3773 id:3774 id:2531 id:1375 rr:BNSF@1372 rr:BNSF@1374 rr:BNSF@1378 rr:BNSF@1383 rr:BNSF@1460 rr:BNSF@1812 id:1241 id:1617 id:2217 id:2333 id:2393 id:2733 id:2735,3503,
UP,RVEP%-##,Roseville,leaving,San Antonio,MWCSA,"San Antonio, Mexico Laredo UP, Port Laredo, Mexio Eagle Pass UP/BNSF, Eagle Pass, Gardendale, Gonzales, Halsted",id:2239 id:2242 id:3118 id:3119 id:3432 id:2482 id:1285 id:1608 id:2481 id:1160 id:2485,3503,Mexio Eagle Pass
UP,RVEP%-##,Roseville,leaving,Yermo,,Overflow MRVWC Yermo,ref:MRVWC:Yermo,3503,
UP,CBDM-##,Council Bluffs,leaving,Des Moines,,"Avon IA, Des Moines, Des Moines Glake BNSF/NS interchange, KS, MO, AR, OK, TX, LA, Des Moines Hull Avenue",id:2723 id:3694 id:3695 id:3696 id:1046 id:2719 id:2720 id:2721 id:2726 id:3693 st:KS st:MO st:AR st:OK st:TX st:LA id:2726,1107|1115|1767|1768|2583|2584,Des Moines Glake BNSF/NS interchange
UP,CBDM-##,Council Bluffs,leaving,Des Moines IM,MDMHN,Marion IM/baretables,class:im,1107|1115|1767|1768|2583|2584,Marion IM/baretables
UP,CBDM-##,Council Bluffs,leaving,Englewood,MDMNL,"Houston Englewood, Houston Eureka, Houston Melendy, Houston Fairbanks, Houston Galena, Houston Pasadena, Houston Deer Park, Spring, Westfield, BNSF Houston, Port Aurthur, Westlake LA, West Lake Charles LA, Port of Lake Charles LA, Lake Charles LA, BNSF Houston",id:1372 id:3784 id:1460 id:1372 id:1372 id:1878 id:3729 id:2529 id:3334 id:3343 id:3351 id:2531 id:1375 rr:BNSF@1372 rr:BNSF@1374 rr:BNSF@1378 rr:BNSF@1383 rr:BNSF@1460 rr:BNSF@1812 id:1241 id:1617 id:2217 id:1563 id:1987 id:2358 id:3282 id:3283 id:3284 id:3279 id:3280 id:3281 id:3277 id:3278 rr:BNSF@1372 rr:BNSF@1374 rr:BNSF@1378 rr:BNSF@1383 rr:BNSF@1460 rr:BNSF@1812,1107|1115|1767|1768|2583|2584,
UP,CBDM-##,Council Bluffs,leaving,Boone,,"IA, Forest City IA, Welcome UP MN, Fairmont MN, Rochelle Global 3 manifest, Rochelle BNSF, West Chicago, Belvidere, St. Charles, overflow MCBCH Cedar Rapids",st:IA id:3071 id:2186 id:1660 id:1760 id:2112 id:2028 id:2029 id:2451 id:2558 id:2559 ref:MCBCH:Cedar_Rapids,1107|1115|1767|1768|2583|2584,
UP,CBDM-##,Council Bluffs,leaving,Shell Rock IM,,IM for Shell Rock IA,id:2077 class:im,1107|1115|1767|1768|2583|2584,
UP,CBDM-##,Council Bluffs,leaving,Beverly,,MBOCH Beverly block,ref:MBOCH:Beverly,1107|1115|1767|1768|2583|2584,
UP,CBDM-##,Council Bluffs,leaving,BRC,,MBOCH BRC block,ref:MBOCH:BRC,1107|1115|1767|1768|2583|2584,
UP,CBDM-##,Council Bluffs,leaving,Proviso,,MBOCH Proviso block,ref:MBOCH:Proviso,1107|1115|1767|1768|2583|2584,
UP,PDNP-##,Albina yard,leaving,North Platte,,"NE, IA, ND, SD, MN, WI, IL, MO, AR, KS, LA, TN, MS, AL, All CSX, All NS, CN IN/OH/PA/MB/ON/QC/NF/NS, CPKC Region 1, TX",st:NE st:IA st:ND st:SD st:MN st:WI st:IL st:MO st:AR st:KS st:LA st:TN st:MS st:AL all:CSX all:NS region:CPKC:1 st:TX,1302,CN IN/OH/PA/MB/ON/QC/NF/NS
UP,HOSS-##,Settegast,leaving,South St Paul,,"MN, ND, WI <<no Janesville/Anderson/Evansville>>,  CPKC Regions 2/3/4/5/6, DMVW, CN Thunder Bay ON Westward, CN WI/MN",st:MN st:ND region:CPKC:2 region:CPKC:3 region:CPKC:4 region:CPKC:5 region:CPKC:6 rr:DMVW region:CN:Thunder_Bay_Westward rr:CN:WI/MN,3480,WI <<no Janesville/Anderson/Evansville>>
UP,HOSS-##,Settegast,leaving,North Platte,MSANP,"OR, ID, WA, WY, CO, UT, Sidney UP, North Platte, BNSF MT/Alliance/Bridgeport/Sidney BNSF",st:OR st:ID st:WA st:WY not:RCPE st:CO st:UT id:1199 id:1683,3480,BNSF MT/Alliance/Bridgeport/Sidney BNSF
UP,HOSS-##,Muskogee,created at,Coffeyville,,Combined Boone/Mason City blocks below plus MNLNPB 18th Street and Herington blocks,,1231|2110,Combined Boone/Mason City blocks below plus MNLNPB 18th Street and Herington blocks
UP,HOSS-##,Coffeyville,created at,Boone,,"IA, Rochelle Global 3/BNSF",st:IA,2831|2832,Rochelle Global 3/BNSF
UP,HOSS-##,Coffeyville,created at,Mason City,,"Mason City, Forest City, Rake, Rockwell, IATR, CPKC IA, Welcome UP MN, Fairmount MN",id:2124 id:2125 id:3067 id:3071 id:3068 id:3069 rr:IATR rr:CPKC:IA id:2186 id:1660,2831|2832,
UP,HOSS-##,Boone/Mason City,created at,IA South St Paul,,"MN, ND, RCPE, WI, CN Canada Thunder Bay Westeward, CPKC Regions 2/3/4/5/6",st:MN st:ND rr:RCPE st:WI region:CN:Thunder_Bay_Westward region:CPKC:2 region:CPKC:3 region:CPKC:4 region:CPKC:5 region:CPKC:6,2839|2840|2124|2125|3067,
UP,NPSS-##,North Platte,leaving,Grand Island,,"Grand Island, NCRC, Ravenna",id:2261 rr:NCRC id:3168,1683,
UP,NPSS-##,North Platte,leaving,Boone,,"Boone, Marshalltown, Eddyville, Eddyville Ottumwa, Tama, overflow MNPCH Beverly/Clinton",id:2839 id:2840 id:1287 id:1708 id:1341 id:3311 ref:MNPCH:Beverly/Clinton,1683,
UP,NPSS-##,North Platte,leaving,Eagle Grove,,"Callender, Ft Dodge, Tara, Mallard, Roelyn, Gowrie, Farnhamville",id:2986 id:2893 id:2894 id:2895 id:2896 id:2899 id:2989 id:2987 id:2988,1683,
UP,NPSS-##,North Platte,leaving,South St Paul Loaded Autos,,Overflow MNPVP South St Paul Loaded Autos,ref:MNPVP:South_St_Paul class:auto class:loaded,1683,
UP,NPSS-##,North Platte,leaving,South St Paul,,Overflow MNPVP South St Paul,ref:MNPVP:South_St_Paul,1683,
UP,NPSS-##,North Platte,leaving,South St Paul Empty Autos,,Overflow MNPVP South St Paul Empty Autos,ref:MNPVP:South_St_Paul class:auto class:empty,1683,
UP,NPSS-##,North Platte,leaving,Twin Cities TICT IM,,,class:im,1683,Twin Cities TICT
UP,NPSS-##,North Platte,leaving,Altoona,MSSAL,"Milwaukee Butler, WSOR, Pleasant Prairie UP, overflow Elkhart, overflow Proviso, overflow BRC",id:2420 rr:WSOR id:1247 catchall catchall catchall,1683,
UP,NPSS-##,North Platte,leaving,Mason City,,"Mason City, Forest City, IATR, CPKC IA, Welcome UP/CP, Winnebago, Fairmont, overflow Shell Rock, Osage Subdivision, Armour, Waterloo Bryant Yard, Oelwein",id:2124 id:2125 id:3067 id:3071 rr:IATR rr:CPKC:IA id:2186 id:2187 id:1660 catchall id:2650 id:1737 id:2651 id:2078,1683,
UP,NPSS-##,North Platte,leaving,Mason City IM,,Shell rock IM,id:2077 class:im,1683,
UP,NPSS-##,Boone,created at,IA South St Paul,,"MN, ND, RCPE, WI, CN Canada Thunder Bay Westeward, CPKC Regions 2/3/4/5/6",st:MN st:ND rr:RCPE st:WI region:CN:Thunder_Bay_Westward region:CPKC:2 region:CPKC:3 region:CPKC:4 region:CPKC:5 region:CPKC:6,2839|2840,
UP,RVNP%-##,Roseville,leaving,Sparks,,"Sparks, Fernley, North Reno",id:1141 id:2338 id:1131 id:2337 id:2213,3503,
UP,RVNP%-##,Roseville,leaving,North Platte,,"NE, IA, ND, SD, WI, MN, IL, KS, MO, OK, Tenaha UP TX, Waskom TX, All CSX, All NS, CPKC Region 1, CN Canada East of Thunder Bay, CN Eastern US, BNSF TN/MS/AL",st:NE st:IA st:ND st:SD st:WI st:MN st:IL st:KS st:MO st:OK id:2394 id:2399 all:CSX all:NS region:CPKC:1 region:CN:East_of_Thunder_Bay region:CN:Eastern_US rr:BNSF:TN/MS/AL,3503,
UP,RVNP%-##,Roseville,leaving,North Platte Loaded Autos,,Loaded autoracks for destinations in the North Platte block,ref:MSSNP:North_Platte class:auto,3503,
UP,RVNP%-##,Cheyene,created at,WY North Platte,,overflow MBFNPS,catchall,,
UP,ITPS%-##,Itasca,leaving,South St Paul,,"MN, IA, NM, AZ, KS, MO, ND, SD, Eastern MT, NE, TX, CPKC Regions 1/2/3/4/5/6 except no Duluth/Superior, Eagle Pass, Mexico Eagle Pass UP",st:MN st:IA st:NM st:AZ st:KS st:MO st:ND st:SD st:NE st:TX id:1608 id:2447,2475,Eastern MT; CPKC Regions 1/2/3/4/5/6 except no Duluth/Superior
UP,ITPS%-##,Itasca,leaving,North Platte,MSSNP,"ID, OR, WA, CA, NV, UT, CO, Western MT, North Platte, Sidney UP",st:ID st:OR st:WA st:CA st:NV st:UT st:CO st:MT id:1683 id:1199,2475,
UP,ITPS%-##,Itasca,leaving,"Parsons (Parsons, Coffeville UP/SKOL, Pittsburg SKOL, Mexico Laredo UP, Eagle Pass UP, Mexico Eagle Pass UP, TX, OK, AR, UP LA, CN TN/MS/AL/LA, CPKC LA/TX/MS/AL, NS Regions B2/B3, BNSF TN/MS/AL) - No CSX, No Amarillo/El Paso",,,,2475,"Parsons (Parsons, Coffeville UP/SKOL, Pittsburg SKOL, Mexico Laredo UP, Eagle Pass UP, Mexico Eagle Pass UP, TX, OK, AR, UP LA, CN TN/MS/AL/LA, CPKC LA/TX/MS/AL, NS Regions B2/B3, BNSF TN/MS/AL) - No CSX, No Amarillo/El Paso"
UP,ITPS%-##,Mason City,created at,Settegast,,"PTRA, Houston Sinco, Houston Basin UP,  Houston Glass UP, Houston Tower 86, Houston Market St UP,  Houston Greens Bayou Pass, Channelview Smith Pass, Channelview Arco Ind Lead, Houston Old City [Booth], Houston Strang, Mexico Laredo Interchange CPKC, Laredo CPKC, Kendleton",rr:PTRA id:2322 id:1374 id:3010 id:1383 id:1378 id:3013 id:3014 id:3015 id:1935 id:1982 id:3778 id:3779 id:2484 id:2050 id:2557,2124|2125|3067,
UP,ITPS%-##,Des Moines,created at,Ft Worth,,Overflow MDMNL Ft Worth,ref:MDMNL:Ft_Worth,1046|2719|2720|2721|2726|3693,
UP,ITPS%-##,Des Moines,created at,Englewood,,Overflow MDMNL Englewood,ref:MDMNL:Englewood,1046|2719|2720|2721|2726|3693,
UP,ITPS%-##,Des Moines,created at,NLR,,Overflow MDMNL North Little Rock,ref:MDMNL:North_Little_Rock,1046|2719|2720|2721|2726|3693,
UP,GICB-##,Grand Island,leaving,Council Bluffs,,"Council Bluffs, Des Moines, CN IA, OLB, overflow Mason City",id:1107 id:1115 id:1767 id:1768 id:2583 id:2584 id:3064 id:1046 id:2719 id:2720 id:2721 id:2726 id:3693 rr:CN:IA rr:OLB ref:Mason:City,2261,
UP,GICB-##,Grand Island,leaving,Council Bluffs IM,,IM for Council Bluffs UP,id:1767 class:im,2261,
UP,GICB-##,Grand Island,leaving,Des Moines,,MCBDM Des Moines and Hull Ave blocks,ref:MCBDM:Des_Moines_and_Hull_Ave,2261,
UP,GICB-##,Grand Island,leaving,Boone,,MCBDM Boone block,ref:MCBDM:Boone,2261,
UP,SSDM-##,South St Paul,leaving,Shakopee Valley Park,,"Shakopee UP/TCWR, Savage UP/CP/TCWR, overflow North Platte",id:2356 id:3270 id:3270 id:2357 id:3273 catchall,1658|3274|4018|4019,
UP,SSDM-##,South St Paul,leaving,Mankato,,"All Sioux City yards, Sargeant Bluff, DAIR, NE, EE/RRVW/BNSF SD/BNSF NE, RCPE, Mason City, Shell Rock, Osage Subdivision, Armour, Waterloo Bryant Yard, Oelwein, Forest City, IATR, Rockwell, Rake, CPKC IA, Welcome UP, Fairmont MN",id:1351 id:2610 id:2611 id:2612 id:2613 id:2609 rr:DAIR st:NE rr:RCPE id:2124 id:2125 id:3067 id:2077 id:2650 id:1737 id:2651 id:2078 id:3071 rr:IATR id:3069 id:3068 rr:CPKC:IA id:2186 id:1660,1658|3274|4018|4019,EE/RRVW/BNSF SD/BNSF NE
UP,SSDM-##,South St Paul,leaving,Des Moines,,"All Des Moines yards, Avon IA, Cedar Rapids, CIC, IAIS, MO, KS, TX, NM, AZ, CPKC AR/MO/IL/KS/OK, Eagle Pass, Mexico Eagle Pass UP, Springfield UP, Newark AR, Batesville AR, Limedale UP/CPKC, Magness AR, Overflow MITPS Parsons",id:1046 id:2719 id:2720 id:2721 id:2726 id:3693 id:2723 id:3694 id:3695 id:3696 id:1134 id:1753 rr:CIC rr:IAIS st:MO st:KS st:TX st:NM st:AZ rr:CPKC:AR/MO/IL/KS/OK id:1608 id:2447 id:3621 id:3492 id:3493 id:3494 id:3496 ref:MITPS:Parsons,1658|3274|4018|4019,
UP,SSDM-##,Shakopee Valley Park,created at,Mason City,,"Mason City, IANR, IATR, Rockwell, Rake, CPKC IA, Welcome UP, Fairmont MN",id:2124 id:2125 id:3067 rr:IANR rr:IATR id:3069 id:3068 rr:CPKC:IA id:2186 id:1660,2356,
UP,SSDM-##,Shakopee Valley Park,created at,Englewood,,"Houston Englewood, Houston Eureka, Houston Melendy, Houston Fairbanks, Houston Galena, Houston Pasadena, Houston Deer Park, Spring, Westfield, Port Aurthur, Westlake/West Lake Charles/Lake Charles/Port of Lake Charles, BNSF Houston/Pearland",id:1372 id:3784 id:1460 id:1372 id:1372 id:1878 id:3729 id:2529 id:3334 id:3343 id:3351 id:2531 id:1375 id:1241 id:1617 id:2217 id:1563 id:1987 id:2358 id:3282 id:3283 id:3284 id:3277 id:3278 id:3279 id:3280 id:3281 id:1880 id:2528 id:3008 id:3011 id:3017 id:3729 id:1358,2356,
UP,SSDM-##,Mason City,created at,Settegast,,"PTRA, Houston Sinco, Houston Basin UP,  Houston Glass UP, Houston Tower 86, Houston Market St UP,  Houston Greens Bayou Pass, Channelview Smith Pass, Channelview Arco Ind Lead, Houston Old City [Booth], Houston Strang",rr:PTRA id:2322 id:1374 id:3010 id:1383 id:1378 id:3013 id:3014 id:3015 id:1935 id:1982 id:3778 id:3779,2124|2125|3067,
UP,SSDM-##,Mason City,created at,Parsons,,MDMNL Parsons,ref:MDMNL:Parsons,2124|2125|3067,
UP,SSDM-##,Mason City,created at,North Little Rock,,MDMNL North Little Rock,ref:MDMNL:North_Little_Rock,2124|2125|3067,
UP,SSDM-##,Mason City,created at,Ft Worth,,MDMNL Ft Worth,ref:MDMNL:Ft_Worth,2124|2125|3067,
UP,SSDM-##,Mason City,created at,Eagle Pass,,"Eagle Pass, Mexico Eagle Pass UP",id:1608 id:2447,2124|2125|3067,
UP,SSDM-##,Mason City,created at,BRC,,MDMDM BRC,ref:MDMDM:BRC,2124|2125|3067,
UP,SSDM-##,Mason City,created at,Boone,,MDMDM Boone,ref:MDMDM:Boone,2124|2125|3067,
UP,SSDM-##,Mason City,created at,MC Des Moines,,All other South/Eastbound traffic not covered by other trains/blocks,catchall,2124|2125|3067,
UP,SSDM-##,Mason City,created at,ICTF IM,MDMHN,IM for Dolores ICTF,id:1001 class:im,2124|2125|3067,
UP,NLNP-##,North Little Rock,leaving,North Platte,,"OR, WA, CA, ID, WY, CO, UT, NV, MT, North Platte, Sidney, Alliance NE, Bridgeport",st:OR st:WA st:CA st:ID st:WY not:RCPE st:CO st:UT st:NV st:MT id:1683 id:1199 id:2074 id:1356 id:1184,1920|2621|3424,
UP,NLNP-##,North Little Rock,leaving,North Platte Autos,,,id:1683 class:auto,1920|2621|3424,
UP,NPNL-##,North Platte,leaving,"North Little Rock (DQE, AR, CN TN/MS/AL, BNSF TN/MS/AL, Tenaha UP, Waskom UP, NS Regions B1/B2/B3/D2, Longview UP, Longview Greggton, Bodie TX, Texkarana UP/CPKC, Shreveport UP/CPKC, CPKC MS/AL, Mansfield Paper Mill UP/CPKC, Bossier City, Port of Caddo-Bossier, Mexico Laredo Interchange CPKC, Laredo CPKC, Kendleton) - No CSX or CSX-preferred shortlines",,,,1683,"North Little Rock (DQE, AR, CN TN/MS/AL, BNSF TN/MS/AL, Tenaha UP, Waskom UP, NS Regions B1/B2/B3/D2, Longview UP, Longview Greggton, Bodie TX, Texkarana UP/CPKC, Shreveport UP/CPKC, CPKC MS/AL, Mansfield Paper Mill UP/CPKC, Bossier City, Port of Caddo-Bossier, Mexico Laredo Interchange CPKC, Laredo CPKC, Kendleton) - No CSX or CSX-preferred shortlines"
UP,NPNL-##,North Platte,leaving,18th Street,,"UP KS, Overflow MNPIN, Overflow MNPHN",rr:UP:KS catchall catchall,1683,
UP,NPNL-##,North Platte,leaving,Neff,,"Neff, ASB Junction, Gooseneck, St Joseph, Jefferson City, Algoa, MNA, Springfield UP MO, Magness AR, Newark AR, KAW, KCT",id:1301 id:2194 id:2195 id:1218 id:1310 id:2109 id:1323 id:3355 rr:MNA id:3496 id:3492 rr:KAW rr:KCT,1683,Springfield UP MO
UP,NPNL-##,North Platte,leaving,KCS,,CPKC KS/MO/OK/AR,rr:CPKC:KS/MO/OK/AR,1683,
UP,NPNL-##,18th Street,created at,KC Parsons,,"North Little Rock block plus Parsons, Pyror, KRR, SS, TSU, SLWC, Tulsa, SKOL, Coffeyville UP, Houston Sinco, Houston Basin UP/BNSF/CPKC, PTRA, Houston Glass UP/BNSF/CPKC, Houston Tower 86, Houston Market St UP/BNSF/CPKC,  Houston Greens Bayou Pass, Channelview Smith Pass, Channelview Arco Ind Lead, Houston Old City [Booth], Houston Strang, , LA",rr:KRR rr:SS rr:TSU rr:SLWC id:2184 id:3038 id:3039 rr:SKOL id:2831 id:2322 id:1374 id:3008 id:3009 rr:PTRA id:3010 id:3011 id:3012 id:1383 id:1378 id:3017 id:3018 id:3013 id:3014 id:3015 id:1935 id:1982 id:3778 id:3779 st:LA,1229|2046,North Little Rock block plus Parsons; Pyror
UP,NPNL-##,18th Street,created at,Englewood,,Overflow MNPEW Englewood block,ref:MNPEW:Englewood,1229|2046,
UP,TPNS%-##,Herington,leaving,NS Manifest,,NS Regions A1/A2/A3/B1/C1/C2,region:NS:A1 region:NS:A2 region:NS:A3 region:NS:B1 region:NS:C1 region:NS:C2,3170,
UP,TPNS%-##,Herington,leaving,NS Autoracks,,All NS autoracks,all:NS class:auto,3170,
UP,RVEU-##,Roseville,leaving,Klamath Falls,,Klamath Falls service area,id:4010,3503,
UP,RVEU-##,Roseville,leaving,Eugene,,"Eugene UP, CORP, All PNWR except Rainier and Salem, overflow Portland, overflow MRVPT Lake Yard, overflow MRVHK Albina",id:1024 id:1548 id:3919 id:3920 id:3921 rr:CORP catchall ref:MRVPT:Lake_Yard ref:MRVHK:Albina,3503,All PNWR except Rainier and Salem
UP,RVEU-##,Roseville,leaving,I-5 Corridor,MEUPD,Overflow MRVPT I-5 Corridor,ref:MRVPT:I-5_Corridor,3503,
UP,RVEU-##,Klamath Falls,created at,Albina,MRVHK/MEUPD,Overflow MRVHK/MRVPD OR Albina,catchall,4010|4011|4012|4013,
UP,RVEU-##,Klamath Falls,created at,Hinkle,MRVHK,Overflow MRVHK Hinkle,ref:MRVHK:Hinkle,4010|4011|4012|4013,
UP,RVEU-##,Klamath Falls,created at,Lake Yard,MEUPD,Overflow MRVPT Lake Yard,ref:MRVPT:Lake_Yard,4010|4011|4012|4013,
UP,RVPT-##,Roseville,leaving,Klamath Falls,,Klamath Falls service area,id:4010,3503,
UP,RVPT-##,Roseville,leaving,Eugene,,Overflow MRVPD Eugene/Albina blocks,ref:MRVPD:Eugene/Albina,3503,
UP,RVPT-##,Roseville,leaving,Lake Yard,,"PTRC, Rainier OR, LVSW, PSAP, Kalama UP, BNSF Portland, overflow Albina",rr:PTRC id:2649 rr:LVSW rr:PSAP id:2617 rr:BNSF@1302 rr:BNSF@1866 rr:BNSF@1868 rr:BNSF@1877 rr:BNSF@2137 rr:BNSF@2138 catchall,3503,
UP,RVPT-##,Roseville,leaving,I-5 Corridor,BNSF H-LYDVBT/H-PTLPAS/Y-VAW3052,"BNSF WA/ID/MT West of Billings, CN BC/AB/SK, CPKC BC",rr:BNSF:WA/ID/MT rr:CN:BC/AB/SK rr:CPKC:BC,3503,
UP,RVHK-##,Roseville,leaving,Klamath Fallse,,Klamath Falls service area,id:4010,3503,
UP,RVHK-##,Roseville,leaving,Eugene,,Overflow MRVEU Eugene,ref:MRVEU:Eugene,3503,
UP,RVHK-##,Roseville,leaving,Albina,,"Portland, OPR, Salem UP/PNWR, Albany, Millersburg, AERC, TMBL, UP Seattle/Tacoma, overflow PNWR, overflow MRVPT Lake Yard",id:1302 id:1866 id:1868 id:1877 id:2137 id:2138 id:2140 id:2141 id:2995 id:2996 id:3275 id:3276 rr:OPR id:1820 id:1821 id:1823 id:1822 rr:AERC rr:TMBL id:2339 id:1502 id:1503 id:1554 id:1555 id:2626 id:2710 id:2711 id:2712 id:2714 id:3286 id:3287 id:3288 catchall ref:MRVPT:Lake_Yard,3503,
UP,RVHK-##,Roseville,leaving,Hinkle,,"Hinkle, Wallula UP, Spokane UP, Athol ID, Conda ID, [CPRS interchange from Klamath Falls]",id:1895 id:1495 id:3646 id:3644 id:2779,3503,[CPRS interchange from Klamath Falls]
UP,RVHK-##,Roseville,leaving,CPRS Interchange,MHKET,"CPKC Regions 2/3/4/5, DMVW",region:CPKC:2 region:CPKC:3 region:CPKC:4 region:CPKC:5 rr:DMVW,3503,
UP,RVHK-##,Eugene,added at,OR Albina,,Albina block plus CPKC Regions 2/3/4/5,,1024|1548|3919|3920|3921,Albina block plus CPKC Regions 2/3/4/5
UP,RVHK-##,Eugene,added at,North Platte,MPDNP/MPDNPB/MHKPC,"NE, IA, ND, SD, MN, WI, IL, MO, AR, KS, LA, TX, All CSX, All NS, CN MB/ON/QC/NF/NS, CN Eastern US, CPKC Region 1, BNSF+exclusive shortlines East of North Platte",st:NE st:IA st:ND st:SD st:MN st:WI st:IL st:MO st:AR st:KS st:LA st:TX all:CSX all:NS region:CN:Eastern_US region:CPKC:1,1024|1548|3919|3920|3921,CN MB/ON/QC/NF/NS; BNSF+exclusive shortlines East of North Platte
UP,RVHK-##,Albina,added at,Albina Hinkle,,"Eastern OR, Eastern WA, ID",st:ID,1302,Eastern OR; Eastern WA
UP,RVFR-##,Roseville,leaving,Fresno,,"Fresno, Fresno Calwa UP/BNSF, SJVR, Bakersfield, Goshen, Tulare, overflow Stockton, overflow MRVWC",id:1021 id:1201 id:2321 id:1201 id:2321 rr:SJVR id:1013 id:1015 id:1133 id:1984 id:1651 id:1168 catchall catchall,3503,
UP,RVFR-##,Roseville,leaving,SJVR Bakersfield,MBKBK,"Bakersfield Oildale, Bakersfield Landco, Rogas, Gulf, Levee",id:1133 id:1984 id:2329 id:2327 id:2328,3503,
UP,RVFR-##,Roseville,leaving,Stockton,,"Stockton UP, STE, SERA, Modesto UP, Lathrop, Tracy",id:1354 rr:STE rr:SERA id:3462 id:1857 id:1783,3503,
UP,RVFR-##,Roseville,leaving,CCT,,All CCT traffic,,3503,All CCT traffic
UP,RVFR-##,Roseville,leaving,BNSF,," Mariposa, Rivebank, Modesto BNSF, Stockton BNSF, Pittsburg BNSF, Oakland BNSF, outbounds from Sacramento SERA for BNSF",id:1313 id:3461 id:1353 id:1354 id:2377 id:2934 id:1420 id:2237,3503,Rivebank; outbounds from Sacramento SERA for BNSF
UP,RVFR-##,Roseville,leaving,MET,,Modesto MET,id:2154,3503,
UP,WCRV%-##,West Colton,leaving,Roseville,,"Northern California, OR, WA, Plummer ID, STMA, West Sacramento SERA, I-5 Corridor, overflow Stockton, Reno, Sparks, Fernley NV",st:CA st:OR st:WA id:2199 rr:STMA id:3114 catchall id:1141 id:2338 id:1131 id:2337,1255,I-5 Corridor; Reno
UP,WCRV%-##,West Colton,leaving,Stockton,,"Stockton, Lathrop, Tracy, Riverbank, Oakdale, MET, SERA, CCT, STE, Mariposa",id:1353 id:1354 id:2377 id:2934 id:1857 id:1783 id:2023 id:2024 rr:MET rr:SERA rr:CCT rr:STE id:1313,1255,
UP,WCRV%-##,West Colton,leaving,Fresno,,"Fresno, Bakersfield, SJVR, Tulare, Goshen",id:1021 id:1201 id:2321 id:1013 id:1015 id:1133 id:1984 rr:SJVR id:1168 id:1651,1255,
UP,WCRV%-##,West Colton,leaving,SJVR Bakersfield,MBKBK,"Bakersfield Oildale, Bakersfield Landco, Rogas, Gulf, Levee",id:1133 id:1984 id:2329 id:2327 id:2328,1255,
UP,WCRV%-##,Fresno/Stockton,created at,North Platte,,Overflow MFRRV North Platte,ref:MFRRV:North_Platte,1021|1201|2321|1353|1354|2377|2934,
UP,WCRVB-##,West Colton,leaving,Roseville,,Overflow MWCRV Roseville,ref:MWCRV:Roseville,1255,
UP,WCRVB-##,West Colton,leaving,Fresno,,"Fresno, Bakersfield, SJVR, Tulare, Goshen, loaded cars for Fresno Calwa",id:1021 id:1201 id:2321 id:1013 id:1015 id:1133 id:1984 rr:SJVR id:1168 id:1651,1255,loaded cars for Fresno Calwa
UP,WCRVB-##,West Colton,leaving,SJVR Bakersfield,,"Bakersfield Oildale, Bakersfield Landco, Rogas, Gulf, Levee",id:1133 id:1984 id:2329 id:2327 id:2328,1255,
UP,WCRVB-##,West Colton,leaving,Stockton,,"Stockton, Lathrop, Tracy, Riverbank, Oakdale, MET, SERA, CCT, STE, Mariposa",id:1353 id:1354 id:2377 id:2934 id:1857 id:1783 id:2023 id:2024 rr:MET rr:SERA rr:CCT rr:STE id:1313,1255,
UP,WCRVB-##,Stockton,created at,North Platte,,MRVNP North Platte,ref:MRVNP:North_Platte,1353|1354|2377|2934,
UP,RVWC%-##,Roseville,leaving,Inland Empire IM,,,id:1102 id:1255 id:3723 class:im,3503,
UP,RVWC%-##,Roseville,leaving,West Colton,,"BNSF LA Basin/San Diego, SDIY, West Colton, El Centro, AZ, NM, El Paso, Amarillo, overflow MRVEP",rr:BNSF@1007 rr:BNSF@1102 rr:BNSF@1029 rr:BNSF@2146 rr:SDIY id:1255 id:1581 st:AZ st:NM id:1779 id:1799 id:2099 id:1394 id:1443 id:1716 id:2632 id:2633 id:3126 id:3127 id:3128 id:3129 catchall,3503,
UP,RVWC%-##,Roseville,leaving,San Antonio,,Overflow MRVEP San Antonio,ref:MRVEP:San_Antonio,3503,
UP,RVWC%-##,Roseville,leaving,Englewood,,Overflow MRVEP Englewood,ref:MRVEP:Englewood,3503,
UP,RVWC%-##,Roseville,leaving,Yermo,,"Creal, Mojave, Las Vegas, Henderson NV, Apex NV",id:2491 id:1010 id:1400 id:1492 id:1402 id:2705,3503,
UP,RVWC%-##,Roseville,leaving,Fresno,,Overflow/alternate path MRVFR Fresno,catchall,3503,
UP,RVWC%-##,Roseville,leaving,SJVR Bakersfield,MBKBK,"Bakersfield Oildale, Bakersfield Landco, Rogas, Gulf, Levee",id:1133 id:1984 id:2329 id:2327 id:2328,3503,
UP,RVWCB%-##,Roseville,leaving,Inland Empire IM,,,id:1102 id:1255 id:3723 class:im,3503,
UP,RVWCB%-##,Roseville,leaving,West Colton,,"BNSF LA Basin/San Diego, SDIY, West Colton, El Centro, NM, El Paso, Amarillo, overflow MRVEP",rr:BNSF@1007 rr:BNSF@1102 rr:BNSF@1029 rr:BNSF@2146 rr:SDIY id:1255 id:1581 st:NM id:1779 id:1799 id:2099 id:1394 id:1443 id:1716 id:2632 id:2633 id:3126 id:3127 id:3128 id:3129 catchall,3503,
UP,RVWCB%-##,Roseville,leaving,San Antonio,MWCSA,Overflow MRVEP San Antonio,ref:MRVEP:San_Antonio,3503,
UP,RVWCB%-##,Roseville,leaving,Englewood,MWCSA,Overflow MRVEP Englewood,ref:MRVEP:Englewood,3503,
UP,RVWCB%-##,Roseville,leaving,Yermo,,"Creal, Mojave, Las Vegas, Henderson NV, Apex NV",id:2491 id:1010 id:1400 id:1492 id:1402 id:2705,3503,
UP,RVWCB%-##,Roseville,leaving,Fresno,,Overflow/alternate path MRVFR Fresno,catchall,3503,
UP,RVWCB%-##,Roseville,leaving,SJVR Bakersfield,MBKBK,"Bakersfield Oildale, Bakersfield Landco, Rogas, Gulf, Levee",id:1133 id:1984 id:2329 id:2327 id:2328,3503,
UP,WCNP-##,West Colton,leaving,North Platte,,"NE, IA, ND, SD, WI, MN, IL, KS, MO, CSX Region A, NS Regions A1/A2/A3/C1/C2/C3, CPKC Regions 1/2/3, DMVW, RRVW, RCPE, DAIR, CPKC IL/MO/KS, CSX Region A",st:NE st:IA st:ND st:SD st:WI st:MN st:IL st:KS st:MO region:CSX:A region:NS:A1 region:NS:A2 region:NS:A3 region:NS:C1 region:NS:C2 region:NS:C3 region:CPKC:1 region:CPKC:2 region:CPKC:3 rr:DMVW rr:RRVW rr:RCPE rr:DAIR rr:CPKC:IL/MO/KS region:CSX:A,1255,
UP,WCNP-##,West Colton,leaving,Green River,,"WY, CO, BNSF MT East of I-5 Corridor rules",st:WY not:RCPE st:CO rr:BNSF:MT,1255,
UP,WCNP-##,West Colton,leaving,Arden,,"Las Vegas Arden, Las Vegas Valley, Las Vegas Henderson, Apex",id:1400 id:1492 id:2705,1255,Las Vegas Henderson
UP,NYGR%-##,Denver North Yard,leaving,Green River,,"Green River, Westvaco Trona Mine, Rock Springs, ID, OR, WA, CA, Sparks NV, Reno NV, CPKC Region 5",id:1393 id:1875 id:1340 st:ID st:OR st:WA st:CA id:1141 id:2338 region:CPKC:5,1770,Reno NV
UP,NYGR%-##,Denver North Yard,leaving,I-5 Corridor,MGRPC,"BNSF WA/ID/MT West of Billings, CN BC/AB/SK, CPKC Region 6",rr:BNSF:WA/ID/MT rr:CN:BC/AB/SK region:CPKC:6,1770,
UP,NYGR%-##,Denver North Yard,leaving,Ogden,MGRRV,"UT, NV, MNPWC West Colton",st:UT st:NV ref:MNPWC:West_Colton,1770,
UP,ENEN%-##,Ennis,leaving,DIT,,Dallas Intermodal Terminal IM/manifest traffic,class:im,2037,Dallas Intermodal Terminal IM/manifest traffic
UP,ENEN%-##,Ennis,leaving,North Little Rock,MDARE,MDARE North Little Rock block,ref:MDARE:North_Little_Rock,2037,
UP,ENEN%-##,Ennis,leaving,Englewood,MDAFW,MDAFW Englewood block,ref:MDAFW:Englewood,2037,
UP,ENEN%-##,Ennis,leaving,Dallas,,All other traffic not covered by other trains/blocks,catchall,2037,
UP,ENEN-##,Miller Yard,leaving,Ennis,,"Ennis, TCB, Midlothian Railport UP",id:2037 rr:TCB id:2364,1846|2391,
UP,DMDM-##,Boone,leaving,Des Moines,,"Des Moines, IAIS, Avon IA, MO, AZ, NM, KS, TX, OK, AR, LA, NS Regions B2/B3/C2",id:1046 id:2719 id:2720 id:2721 id:2726 id:3693 rr:IAIS id:2723 id:3694 id:3695 id:3696 st:MO st:AZ st:NM st:KS st:TX st:OK st:AR st:LA region:NS:B2 region:NS:B3 region:NS:C2,2839|2840,
UP,FWDA-##,Davidson,leaving,Arlington,,"Arlington Garrett, Arlington Great Southwest Lead, Grand Prairie, MARAS ALS, ALS Autos, NS Avondale Autos blocks",id:1918 id:1110 id:2755 ref:MARAS:ALS rr:ALS class:auto class:auto,2973,NS Avondale Autos blocks
UP,FWDA-##,Davidson,leaving,ALS,MARAS,"St. Louis local cars, KBSR, TPW, IMRR, TZPR, MER, TRRA, ALS, DREI, EVWR, CSX Regions A/E, NS Regions A1/A2/A3/C1, CPKC Region 1, UP IL, WSOR/UP WI South of Milwaukee, Chicago UP/BNSF/shortlines",id:1120 rr:KBSR rr:TPW rr:IMRR rr:TZPR rr:MER rr:TRRA rr:ALS rr:DREI rr:EVWR region:CSX:A region:CSX:E region:NS:A1 region:NS:A2 region:NS:A3 region:NS:C1 region:CPKC:1 rr:UP:IL,2973,WSOR/UP WI South of Milwaukee; Chicago UP/BNSF/shortlines
UP,FWDA-##,Davidson,leaving,Dallas,,"Dallas, Dallas Intermodal, Shreveport LA, Mansfield, LA, CPKC OK/MS/AL/LA, Waskom, Tenaha, Longview, Texarkana, Port of Caddo-Bossier, Mansfield LA,  overflow Mexico Laredo/Eagle Pass UP",id:1795 id:1797 id:1846 id:1938 id:3748 id:1795 id:1797 id:1846 id:1938 id:3748 id:1153 id:1282 id:1401 id:2398 id:2395 id:2396 st:LA rr:CPKC:OK/MS/AL/LA id:2399 id:2393 id:2394 id:1044 id:2733 id:2734 id:2735 id:3154 id:1251 id:2397 id:2395 id:2396 ref:Mexico:Laredo/Eagle_Pass_UP,2973,
UP,FWDA-##,Davidson,leaving,DGNO,,"All DGNO traffic,  CPKC Dallas",rr:CPKC@1795 rr:CPKC@1797 rr:CPKC@1846 rr:CPKC@1938 rr:CPKC@3748,2973,All DGNO traffic
UP,FWDA-##,Davidson,leaving,Ennis,MENEN,Overflow MFWEW Ennis,ref:MFWEW:Ennis,2973,
UP,YROG%-##,Yermo,leaving,Arden,,"Las Vegas, Apex, Henderson",id:1400 id:1492 id:2705 id:1402,,
UP,YROG%-##,Yermo,leaving,Ogden,,"CO, WY, UT, Loaded cars for Billings MT/Fairview MT/Dore ND, [From Arden only: Milpitas autos, overflow North Platte]",st:CO st:WY not:RCPE st:UT class:auto catchall,,Loaded cars for Billings MT/Fairview MT/Dore ND; [From Arden only: Milpitas
UP,YROG%-##,Yermo,leaving,Pocatello,MOGPD,MOGPD Pocatello block,ref:MOGPD:Pocatello,,
UP,YROG%-##,Las Vegas Arden yard,created at,Global 2 IM,ZSCG2,,id:1595 class:im,1400,
UP,YROG%-##,Las Vegas Arden yard,created at,I-5 Corridor,MOGPD,Overflow MNPWC I-5 Corridor,ref:MNPWC:I-5_Corridor,1400,
UP,PVOG-##,Roper,leaving,Albina,MOGPD,MOGPD Albina block,ref:MOGPD:Albina,1009,
UP,PVOG-##,Roper,leaving,I-5 Corridor,MOGPD,"CN BC/AB/SK, CPKC BC, BNSF WA/ID/MT West of Billings",rr:CN:BC/AB/SK rr:CPKC:BC rr:BNSF:WA/ID/MT,1009,
UP,PVOG-##,Roper,leaving,Ogden,,Misc traffic for sorting at Ogden not on any other outbound train/block from UP MIMs,,1009,Misc traffic for sorting at Ogden not on any other outbound train/block from UP MIMs
UP,PVOG-##,Roper,leaving,Elko,MGRRV,"Elko, Osino, Battle Mountain, Empire, Winnemucca, Fernley, Sparks, North Reno",id:3791 id:3792 id:3793 id:3794 id:3795 id:3798 id:3796 id:1131 id:2337 id:1141 id:2338 id:2213,1009,
UP,PVOG-##,Roper,leaving,Milpitas Autos,MGRRV,Max 40 empty autoracks for Milpitas,class:auto,1009,Max 40 empty autoracks for Milpitas
UP,DARE%-##,Longview,added at,Little Rock,,"AR, LA, IA, KS, MO, SD, ND, MN, WI, IL, IN, CSX Regions A/C/E, BNSF TN/MS/AL, All CN except LA, All NS except Region B3",st:AR st:LA st:IA st:KS st:MO st:SD st:ND st:MN st:WI st:IL st:IN region:CSX:A region:CSX:C region:CSX:E rr:BNSF:TN/MS/AL all:CN not:CN:LA all:NS not:region:NS:B3,1044|2208|2733|2734|2735|3154,
UP,DARE%-##,Longview,added at,Englewood,,MNLEW Englewood,ref:MNLEW:Englewood,1044|2208|2733|2734|2735|3154,
UP,DARE%-##,Longview,added at,Livonia,,MNLLI Livonia,ref:MNLLI:Livonia,1044|2208|2733|2734|2735|3154,
UP,ASAR-##,Gateway,leaving,Arlington,,"autoracks, box, flats automotive + others",class:auto id:3747 class:auto,1300|2336,autoracks; flats automotive + others
UP,ASAR-##,Gateway,leaving,Mesquite Autos,,autoracks ONLY,class:auto,1300|2336,autoracks
UP,ASAR-##,Gateway,leaving,Reisor,,"Waskom, TX, Tenaha TX, Reisor, Hollywood, Riverfront, Port of Bossier, Deramus, Mansfield UP/CPKC, CPKC OK/LA/TX/MS/AL, Texarkana UP/CPKC, S Texarkana, TNER, Queen City UP/CPKC, Mt Pleasant TX, Longview UP, Longview Eastman UP, Brodie, Longview Greggton",id:2399 st:TX id:2393 id:2394 id:2398 id:1282 id:1401 id:2397 id:1153 id:1966 id:1967 id:2395 id:2396 rr:CPKC:OK/LA/TX/MS/AL id:1251 id:1729 id:3670 rr:TNER id:3673 id:3674 id:3675 id:1044 id:2734 id:3154,1300|2336,
UP,ASAR-##,Gateway,leaving,Reisor Autos,,Autoracks for Shreveport Reisor,id:2398 class:auto,1300|2336,
UP,ASAR-##,Gateway,leaving,KCSM,,"Mexico Laredo UP ONLY, also can go on MASLI -> MPBEY",id:2482,1300|2336,also can go on MASLI
UP,ASAR-##,Gateway,leaving,Kirby Autos,,Loaded autoracks for San Antonio Kirby -> MPBEY,id:2239 class:auto,1300|2336,
UP,ASAR-##,Gateway,leaving,Pine Bluff,,Overflow MASPB Pine Bluff,ref:MASPB:Pine_Bluff,1300|2336,
UP,ASAR-##,Reisor,created at,Arlington Autos,,Empty autoracks for Arlington,class:auto,2398,Empty autoracks for Arlington
UP,ASAR-##,Reisor,created at,Longview,,"Longview UP, Longview Eastman UP, Longview Greggton, Bodie",id:1044 id:2734 id:3154 id:3155,2398,
UP,ASAR-##,Longview,created at,Ft Worth,MARFW,"TX, AZ, NM, CA, NV, Hooker OK, KRR",st:TX st:AZ st:NM st:CA st:NV id:3718 rr:KRR,1044|2208|2733|2734|2735|3154,
UP,NLEW-##,North Little Rock,leaving,Englewood,,"Houston Englewood, Houston Eureka, Houston Melendy, Houston Fairbanks, Houston Galena, Houston Pasadena, Houston Deer Park, Spring, Westfield, overflow Eagle Pass/Mexico Eagle Pass UP, Tenaha BNSF, BNSF Houston, Longview BNSF, Longvivew Eastman BNSF",id:1372 id:3784 id:1460 id:1372 id:1372 id:1878 id:3729 id:2529 id:3334 id:3343 id:3351 id:2531 id:1375 catchall id:2393 rr:BNSF@1372 rr:BNSF@1374 rr:BNSF@1378 rr:BNSF@1383 rr:BNSF@1460 rr:BNSF@1812 id:2733,1920|2621|3424,Longvivew Eastman BNSF
UP,NLEW-##,North Little Rock,leaving,Reisor,,"Waskom, TX, Tenaha TX, Reisor, Hollywood,Riverfront, Port of Bossier, Deramus, CPKC OK/LA/TX/MS/AL",id:2399 st:TX id:2393 id:2394 id:2398 id:1282 id:1401 id:2397 id:1153 rr:CPKC:OK/LA/TX/MS/AL,1920|2621|3424,
UP,NLEW-##,Reisor,created at,RE Englewood,,"Houston, Port Arthur",id:1372 id:1374 id:1378 id:1383 id:1460 id:1812 id:1878 id:1879 id:1880 id:1935 id:1936 id:1937 id:1241 id:1617 id:2217 id:2333,2398,
UP,GRRV%-##,Green River,leaving,Roseville,,CA,st:CA,1393,
UP,GRRV%-##,Green River,leaving,Ogden,,"UT, NV",st:UT st:NV,1393,
UP,GRRV%-##,Green River,leaving,Roper Yard,,Salt Lake City,id:1009 id:1325 id:2361 id:2362 id:3755,1393,
UP,GRRV%-##,Green River,leaving,West Colton,,MNPWC West Colton,ref:MNPWC:West_Colton,1393,
UP,GRRV%-##,Green River,leaving,Elko,,"Elko, Battle Mountain, Osino, Winnemucca, Colado, Empire, Fernley -> MNPRV, Sparks -> MNPRV, North Reno -> MNPRV",id:3791 id:3792 id:3794 id:3795 id:3793 id:3796 id:3797 id:3798 id:1131 id:2337 id:1141 id:2338 id:2213,1393,
UP,GRRV%-##,Green River,leaving,NV Roseville,,"CA, OR, BC, CN AB/SK, overflow Ogden traffic",st:CA st:OR st:BC rr:CN:AB/SK catchall,1393,
UP,OGPV-##,Ogden yard,leaving,Roper,,"Salt Lake City yards, UTAH RR, extra North Platte -> MRONP, extra Green River -> MRONP",id:1009 id:1325 id:2361 id:2362 id:3755 rr:UTAH,1842|2168,extra North Platte; extra Green River
UP,OGPV-##,Ogden yard,leaving,BNSF,,Salt Lake City BNSF,id:2361,1842|2168,
UP,NPRO-##,North Platte,leaving,Roper Autos,,Loaded autoracks for Salt Lake Roper,id:1009 class:auto,1683,
UP,NPRO-##,North Platte,leaving,Roper,,"Salt Lake City, UTAH RR, UCRY, overflow Ogden manifest",id:1009 id:1325 id:2361 id:2362 id:3755 rr:UTAH rr:UCRY catchall,1683,
UP,SAFW-##,South San Antonio,leaving,Milpitas Autos,MFWEP,Loaded autoracks for Milpitas,id:1213 class:auto,2241|2490|3431,
UP,SAFW-##,South San Antonio,leaving,Ft Worth,,"Dallas/Arlington/Ft Worth, Grand Prairie, Denison, Mesquite, Ennis, Longview, El Paso, Amarillo, AZ, NM, OK, KS, Kanasas City MO, St Joseph, Jefferson City MO, MNA, CPKC MO/IL/KS, overflow MSANP, overflow CA",id:1795 id:1797 id:1846 id:1938 id:3748 id:2630 id:3029 id:1023 id:1847 id:1888 id:1904 id:3248 id:3249 id:3250 id:3251 id:3252 id:3532 id:3535 id:2755 id:1232 id:1845 id:2037 id:1044 id:2208 id:2733 id:2734 id:2735 id:3154 id:3645 id:3725 id:1779 id:1799 id:2099 id:1394 id:1443 id:1716 id:2632 id:2633 id:3126 id:3127 id:3128 id:3129 st:AZ st:NM st:OK st:KS id:1310 id:2109 id:1323 rr:MNA rr:CPKC:MO/IL/KS catchall catchall,2241|2490|3431,Kanasas City MO
UP,SAFW-##,South San Antonio,leaving,Peach Yard,,Peach Yard block as-is from MLDDI,,2241|2490|3431,Peach Yard block as-is from MLDDI
UP,SAFW-##,South San Antonio,leaving,North Little Rock,MFWNL," North Little Rock (DQE, Poplar Bluff, ALS, TRRA, MER, AR, IL, CPKC MS/AL, MNBR, St Louis UP/BNSF, CSX Regions A/C/E, NS Regions A1/A2/A3/B2/C1/D2, BNSF MO/IL/TN/MS/AL, CN AL/MS/TN/MS/IL/Eastern US, CN Canada East of Thunder Bay ON, Tenaha UP",id:1728 rr:ALS rr:TRRA rr:MER st:AR st:IL rr:CPKC:MS/AL rr:MNBR id:1004 id:1277 id:1562 id:1736 id:2045 id:2174 id:2391 id:3617 region:CSX:A region:CSX:C region:CSX:E region:NS:A1 region:NS:A2 region:NS:A3 region:NS:B2 region:NS:C1 region:NS:D2 rr:BNSF:MO/IL/TN/MS/AL rr:CN:AL/MS/TN/IL region:CN:Eastern_US region:CN:East_of_Thunder_Bay id:2394,2241|2490|3431,North Little Rock (DQE
UP,SALI-##,South San Antonio,leaving,Settegast,MKBHO,"PTRA, Houston Basin UP,  Houston Glass UP, Houston Tower 86, Houston Market St UP,  Houston Greens Bayou Pass, Channelview Smith Pass, Channelview Arco Ind Lead, Houston Old City [Booth], Houston Strang, MHOAS destinations",rr:PTRA id:1374 id:3010 id:1383 id:1378 id:3013 id:3014 id:3015 id:1935 id:1982 id:3778 id:3779,2241|2490|3431,MHOAS destinations
UP,SALI-##,South San Antonio,leaving,Eagle Pass,MKBEG,"Eagle Pass, Mexico Eagle Pass",id:1608 id:2446 id:2447,2241|2490|3431,
UP,SALI-##,South San Antonio,leaving,Kirby,,San Antonio Kirby autos,id:2239 class:auto,2241|2490|3431,
UP,SALI-##,South San Antonio,leaving,Livonia,,"LA, CSX Regions B/D, NS Regions B1/B3/D1, Waskom TX, Texarkana UP/CPKC",st:LA region:CSX:B region:CSX:D region:NS:B1 region:NS:B3 region:NS:D1 id:2399 id:1251 id:1729,2241|2490|3431,
UP,SRSP-##,Strang Yard,leaving,North Little Rock,,Overflow MSREW North Little Rock,ref:MSREW:North_Little_Rock,1982|3778|3779,
UP,SRSP-##,Strang Yard,leaving,Ft Worth,,MCCFW Ft Worth block,ref:MCCFW:Ft_Worth,1982|3778|3779,
UP,SRSP-##,Strang Yard,leaving,Spring,,"Spring, NS Regions A1/A2/A3/C1, overflow MSRHO ALS",id:2531 region:NS:A1 region:NS:A2 region:NS:A3 region:NS:C1 ref:MSRHO:ALS,1982|3778|3779,
UP,SRSP-##,Strang Yard,leaving,Avon,,CSX Regions A/E,region:CSX:A region:CSX:E,1982|3778|3779,
UP,SPAS-##,Spring,leaving,ALS,,"St. Louis local cars, ALS, MER, IL, TPW, Janesville UP, Chicago UP/BNSF, BRC, IHB, CSS, IMRR, DREI, Villa Grove, Royal, Tuscola UP, Shelbyville IL, Evansville WI, WSOR, CPCK Region 1",id:1120 rr:ALS rr:MER st:IL rr:TPW id:2816 id:1055 id:1066 id:1072 id:1088 id:1092 id:1094 id:1098 id:1161 id:1222 id:1278 id:1279 id:1305 rr:BRC rr:IHB rr:CSS rr:IMRR rr:DREI id:2811 id:2813 id:2810 id:2812 id:2821 rr:WSOR region:CPKC:1,2531,
UP,SPAS-##,Spring,leaving,Avon,ALS YAS101,CSX regions A/E,,2531,CSX regions A/E
UP,SPAS-##,Spring,leaving,TRRA,ALS YAS304,"TRRA, NS regions A1/A2/A3/C1",rr:TRRA,2531,NS regions A1/A2/A3/C1
UP,SPAS-##,Texarkana,created at,Texa ALS,,"traffic for ALS,Avon, and TRRA blocks as a single block",id:1611 id:3733,1251|1729,and TRRA blocks as a single block
UP,FWTU-##,Davidson Yard,leaving,West Colton,,"West Colton, NV, UT, CA",id:1255 st:NV st:UT st:CA,1888|2973,
UP,FWTU-##,Davidson Yard,leaving,Roseville,,"West Sacramento UP/SERA, Roseville, Oroville, CFNR, Tolenas, Petaluma, Benicia, Martinez, RPRC, Pittsburg UP, Oakland UP, Newark, Warm Springs, Redwood City, Milpitas, San Jose, Permanente, North San Jose, Watsonville, Watsonville Jct, Hollister, Salinas",id:3113 id:3114 id:1484 id:2003 rr:CFNR id:1794 id:3134 id:1421 id:1772 rr:RPRC id:2176 id:1566 id:1352 id:1789 id:2535 id:1213 id:2536 id:2534 id:3163 id:2608 id:1790 id:2600 id:2601,1888|2973,
UP,FWTU-##,Davidson Yard,leaving,Tucson,,AZ,st:AZ,1888|2973,
UP,FWTU-##,Davidson Yard,leaving,Tucson FXE,,Mexico Nogales,id:2489,1888|2973,
UP,ASYC%-##,Gateway,leaving,Yard Center Autoracks,,"Autoracks for Chicago Heights, overflow Proviso Autos",id:2038 id:2424 class:auto catchall class:auto,1300|2336,
UP,ASYC%-##,Gateway,leaving,Yard Center,,"Yard Center, Chicago Heights, Canal Street, IA, CN Canada/WI/MN/IA, GRW, Peoria UP/TWP, Mapleton UP, Bartonville IL, Rochelle Global 3, Rochelle BNSF, overflow MASPR",id:1161 id:2038 id:2424 id:1094 st:IA rr:GRW id:3665 id:3663 id:1760 id:2112 catchall,1300|2336,CN Canada/WI/MN/IA; Peoria UP/TWP
UP,ASYC%-##,Gateway,leaving,CN Autos,IHB transfer,Autoracks for CN Eastern Canada and US,region:CN:East_of_Thunder_Bay region:CN:US class:auto,1300|2336,
UP,ASYC%-##,Gateway,leaving,BRC,YYCCH,"BRC, SCIH, CSS, CRL",rr:BRC rr:SCIH rr:CSS rr:CRL,1300|2336,
UP,TUWC%-##,Tuscon,leaving,West Colton,,"CA, NV, UT, CO, ID",st:CA st:NV st:UT st:CO st:ID,,
UP,TUWC%-##,Tuscon,leaving,Roseville,,"West Sacramento UP/SERA, Roseville, Oroville, CFNR, Tolenas, Petaluma, Benicia, Martinez, RPRC, Pittsburg UP, Oakland UP, Newark, Warm Springs, Redwood City, Milpitas, San Jose, Permanente, North San Jose, Watsonville, Watsonville Jct, Hollister, Salinas, OR, WA, Athol ID, Coeur d'Alene ID, STMA, CN BC/AB/SK, CPKC Regions 4/5/6, North Reno, Sparks UP/BNSF, Fernley UP/BNSF",id:3113 id:3114 id:1484 id:2003 rr:CFNR id:1794 id:3134 id:1421 id:1772 rr:RPRC id:2176 id:1566 id:1352 id:1789 id:2535 id:1213 id:2536 id:2534 id:3163 id:2608 id:1790 id:2600 id:2601 st:OR st:WA id:3644 rr:STMA rr:CN:BC/AB/SK region:CPKC:4 region:CPKC:5 region:CPKC:6 id:2213 id:1141 id:2338 id:1131 id:2337,,Coeur d'Alene ID
UP,NPIN%-##,North Platte,leaving,CSX,ALS YAS101,CSX Regions B/C/D/E,region:CSX:B region:CSX:C region:CSX:D region:CSX:E,1683,
UP,NPIN%-##,North Platte,leaving,ALS,,"St Louis area UP/BNSF, ALS, TRRA, MER",rr:ALS rr:TRRA rr:MER,1683,St Louis area
UP,NPIN%-##,North Platte,leaving,"Livonia (Livonia, Port Allen, NOPB, NOGC, GOGR, CN LA, CPKC Baton Rouge/New Orleans/Reserve) - No NS/CSX or their partner shortlines",,,,1683,"Livonia (Livonia, Port Allen, NOPB, NOGC, GOGR, CN LA, CPKC Baton Rouge/New Orleans/Reserve) - No NS/CSX or their partner shortlines"
UP,NPIN%-##,North Platte,leaving,Topeka,,"Kansas City Muncie, Kansas City Fairfax, overflow MNPNL KC Neff block",id:2312 id:1889 id:3443 ref:MNPNL:KC_Neff,1683,
UP,NPIN%-##,North Platte,leaving,NS KC,MKSTP,"NS Regions C1, C2, D1",region:NS:C1,1683,C2; D1
UP,NPIN%-##,North Platte,leaving,NS KC Autos,MKSTP,Autoracks for destinations in the NS KC Block,class:auto,1683,destinations in the NS KC Block
UP,ASSL-##,Gateway,leaving,Lesperance,,St Louis Lesperance,id:2045,1300|2336,
UP,PRNL%-##,Proviso,leaving,Yard Center,,"Yard Center, Chicago Heights UP, Canal Street, IHB, MYCAS Villa Grove, Rochelle Global 3, Rochelle BNSF, overflow BRC interchange, overflow MPRNP Marshalltown, overflow MPRAS ALS",id:1161 id:2038 id:1094 rr:IHB ref:MYCAS:Villa_Grove id:1760 id:2112 catchall ref:MPRNP:Marshalltown ref:MPRAS:ALS,1595,
UP,PRNL%-##,Proviso,leaving,North Little Rock,,"AR, OK, TX, CN TN/MS/AL/LA, BNSF TN/MS/AL",st:AR st:OK st:TX rr:CN:TN/MS/AL/LA rr:BNSF:TN/MS/AL,1595,
UP,PRNL%-##,Yard Center,created at,Salem,,"Salem, EVWR, Mt Vernon UP, Mt Vernon NS, COER",id:1892 rr:EVWR id:3002 id:3003 rr:COER,,
UP,PRNL%-##,Pine Bluff,created at,PB NLR,,Overflow MSFNL NLR,ref:MSFNL:NLR,1081|3340,
UP,PRNL%-##,Pine Bluff,created at,Settegast,,Overflow MSFNL Settegast,ref:MSFNL:Settegast,1081|3340,
UP,PRNL%-##,Pine Bluff,created at,Englewood,,Overflow MSFNL Englewood,ref:MSFNL:Englewood,1081|3340,
UP,PRNL%-##,Pine Bluff,created at,Lufkin,,Overflow MSFNL Lufkin,ref:MSFNL:Lufkin,1081|3340,
UP,SLAS-##,Lesperance Yard,leaving,ALS,,All outbound manifest from St Louis Lesperance,,2045,
UP,ASNP%-##,Gateway,leaving,North Platte Autos,,"PHL/UP CA,WA,OR,UT,NV,CO,ID",st:WA st:OR st:UT st:NV st:CO st:ID,1300|2336,PHL/UP CA
UP,ASNP%-##,Gateway,leaving,North Platte Manifest,,"CA, WA, OR, UT, NV, CO, WY, ID, North Platte, Sidney UP/BNSF, Alliance NE, Gurley NE, overflow LA Basin",st:CA st:WA st:OR st:UT st:NV st:CO st:WY not:RCPE st:ID id:1683 id:1199 id:2074 id:1356 id:2090 catchall,1300|2336,
UP,ASNP%-##,Gateway,leaving,KC Neff,,"Neff, ASB Junction, Gooseneck, St Joseph, Jefferson City, MNA, KCT, KAW, overflow MASHN 18th Street",id:1301 id:2194 id:2195 id:1218 id:1310 id:2109 id:1323 rr:MNA rr:KCT rr:KAW ref:MASHN:18th_Street,1300|2336,
UP,ASNP%-##,Gateway,leaving,Fairfax Autos,,,id:2641 class:auto,1300|2336,
UP,ASNP%-##,Gateway,leaving,Fairfax,,"Fairfax, NS Kanas City, Kansas City State Line Yard, Kansas City Glen Park Yard",id:2641 id:2196 id:2197,1300|2336,NS Kanas City
UP,ASNP%-##,Gateway,leaving,Topeka,,Kansas City Muncie,id:2312,1300|2336,
UP,ASNL%-##,Gateway,leaving,Little Rock,,"AR, OK, TX, Tenaha UP, Coffeyville UP/SKOL, Pittsburg SKOL, Eagle Pass, Mexcio Eagle Pass UP, overflow MASEW, overflow MASLI",st:AR st:OK st:TX id:2394 id:2831 id:2832 rr:SKOL:KS id:1608 catchall catchall,1300|2336,Mexcio Eagle Pass UP
UP,ASPB-##,Gateway,leaving,Pine Bluff,,"Pine Bluff, McGehee, Baldwin AR, Dallas/Ft Worth, Texarkana UP/CPKC, S Texarkana, TNER, Queen City UP/CPKC, Mt Pleasant TX, overflow MASAR",id:1081 id:3340 id:2843 id:2842 id:3341 id:1795 id:1797 id:1846 id:1938 id:3748 id:1023 id:1847 id:1888 id:1904 id:3248 id:3249 id:3250 id:3251 id:3252 id:3532 id:3535 id:1251 id:1729 id:3670 rr:TNER id:3673 id:3674 id:3675 catchall,1300|2336,
UP,ASPB-##,Gateway,leaving,Westfield Autos,,Overflow MASEW Westfield autos,ref:MASEW:Westfield class:auto,1300|2336,
UP,ASPB-##,Gateway,leaving,Kirby Autos,,Overfow MASAR Kirby Autos,class:auto,1300|2336,Overfow MASAR Kirby
UP,FWEWB%-##,Ft Worth,leaving,Englewood,,"Houston Englewood, Houston Eureka, Houston Melendy, Houston Fairbanks, Houston Galena, Houston Pasadena, Houston Deer Park, Spring, Westfield, Port Aurthur, Westlake LA, West Lake Charles LA, Port of Lake Charles LA, Lake Charles LA, BNSF Houston",id:1372 id:3784 id:1460 id:1372 id:1372 id:1878 id:3729 id:2529 id:3334 id:3343 id:3351 id:2531 id:1375 id:1241 id:1617 id:2217 id:1563 id:1987 id:2358 id:3282 id:3283 id:3284 id:3279 id:3280 id:3281 id:3277 id:3278 rr:BNSF@1372 rr:BNSF@1374 rr:BNSF@1378 rr:BNSF@1383 rr:BNSF@1460 rr:BNSF@1812,1023|1847|1888|1904|3248|3249,
UP,FWEWB%-##,Ft Worth,leaving,Ennis,,Overflow MFWBZ Ennis,ref:MFWBZ:Ennis,1023|1847|1888|1904|3248|3249,
UP,FWEW-##,Ft Worth,leaving,Englewood,,"Houston Englewood, Houston Eureka, Houston Melendy, Houston Fairbanks, Houston Galena, Houston Pasadena, Houston Deer Park, Spring, Westfield, Tenaha BNSF, BNSF Houston, Port Aurthur, Westlake LA, West Lake Charles LA, Port of Lake Charles LA, Lake Charles LA, BNSF Houston, Longview BNSF, Longview Eastman BNSF",id:1372 id:3784 id:1460 id:1372 id:1372 id:1878 id:3729 id:2529 id:3334 id:3343 id:3351 id:2531 id:1375 id:2393 rr:BNSF@1372 rr:BNSF@1374 rr:BNSF@1378 rr:BNSF@1383 rr:BNSF@1460 rr:BNSF@1812 id:1241 id:1617 id:2217 id:1563 id:1987 id:2358 id:3282 id:3283 id:3284 id:3279 id:3280 id:3281 id:3277 id:3278 rr:BNSF@1372 rr:BNSF@1374 rr:BNSF@1378 rr:BNSF@1383 rr:BNSF@1460 rr:BNSF@1812 id:2733 id:2735,1023|1847|1888|1904|3248|3249,
UP,FWEW-##,Ft Worth,leaving,Hearne,,"Hearne, Benchley, Bryan, Easterly",id:2033 id:2553 id:2554 id:2555,1023|1847|1888|1904|3248|3249,
UP,FWEW-##,Brazos,created at,BZ Englewood,,"All outbound traffic not covered by other trains, overflow MBZLI",catchall,3545,
UP,NLEG-##,North Little Rock,leaving,Lufkin power,,"Power to run MLFHO, may be DPU'd ahead of Lufkin block",,1920|2621|3424,Power to run MLFHO; may be DPU'd ahead of Lufkin block
UP,NLEG-##,North Little Rock,leaving,FXE,,Mexico Eagle Pass Interchange UP,id:2447,1920|2621|3424,
UP,NLEG-##,North Little Rock,leaving,Eagle Pass,,Eagle Pass UP,id:1608,1920|2621|3424,
UP,NLEG-##,North Little Rock,leaving,Lufkin,,Tenaha UP ONLY,id:2394,1920|2621|3424,
UP,NLHO-##,North Little Rock,leaving,Settegast,,"PTRA, Houston Arco, Houston Basin UP,  Houston Glass UP, Houston Tower 86, Houston Market St UP,  Houston Greens Bayou Pass, Channelview Smith Pass, Channelview Arco Ind Lead, Houston Old City [Booth], Houston Strang, Mexico Laredo CPKC, Laredo CPKC, Kendleton",rr:PTRA id:3015 id:1374 id:3010 id:1383 id:1378 id:3013 id:3014 id:3015 id:1935 id:1982 id:3778 id:3779 id:2484 id:2050 id:2557,1920|2621|3424,
UP,LUHO-##,North Little Rock,leaving,Settegast,,"PTRA, Houston Arco, Houston Basin UP,  Houston Glass UP, Houston Tower 86, Houston Market St UP,  Houston Greens Bayou Pass, Channelview Smith Pass, Channelview Arco Ind Lead, Houston Old City [Booth], LA, All CSX/NS, IL, WI, CN Canada Thunder Bay westward, CPKC regions 1/2/3/4/5/6, CPKC AR/OK/KS, MN, CO, OR, WA, ID, MT, ND, WI, North Platte, Sidney UP/BNSF",rr:PTRA id:3015 id:1374 id:3010 id:1383 id:1378 id:3013 id:3014 id:3015 id:1935 st:LA st:IL st:WI rr:CPKC:AR/OK/KS st:MN st:CO st:OR st:WA st:ID st:MT st:ND st:WI id:1683 id:1199 id:2074,1920|2621|3424,All; CN Canada Thunder Bay westward; CPKC regions 1/2/3/4/5/6
UP,LUHO-##,North Little Rock,leaving,Englewood,,"CA,AZ,NM,TX, AR, UT, NV, CN Canada East of Thunder Bay ON, CN IN/OH/PA/IL/KY/TN, IA, KS, OK, NE",st:CA st:AZ st:NM st:TX st:AR st:UT st:NV region:CN:East_of_Thunder_Bay rr:CN:IN/OH/PA/IL/KY/TN st:IA st:KS st:OK st:NE,1920|2621|3424,
UP,TPKC%-##,Herington,leaving,Muncie,,Kansas City Muncie,id:2312,3170,
UP,TPKC%-##,Herington,leaving,Neff,YKS87,"Kansas City, OK, AR, LA, CPKC MS/AL, BNSF TN/MS/AL, NS Regions B2/B3/D1/D2, [all other outbound manifest from Muncie not covered by the ALS block",id:1059 id:1169 id:1200 id:1214 id:1218 id:1227 id:1229 id:1301 id:1620 id:1817 id:1889 id:2011 st:OK st:AR st:LA rr:CPKC:MS/AL rr:BNSF:TN/MS/AL region:NS:B2 region:NS:B3 region:NS:D1 region:NS:D2,3170,[all other outbound manifest from Muncie not covered by the ALS block
UP,TPKC%-##,Herington,leaving,ALS,,MFXAS ALS block,ref:MFXAS:ALS,3170,
UP,TPKC%-##,Muncie,created at,North Platte,,"OR, WA, CA, ID, WY, CO, UT, NV, MT, North Platte, Sidney, Alliance NE, Bridgeport",st:OR st:WA st:CA st:ID st:WY not:RCPE st:CO st:UT st:NV st:MT id:1683 id:1199 id:2074 id:1356 id:1184,2312,
UP,NLCH-##,North Little Rock,leaving,BRC,,"BRC, SCIH, CSS, CRL, BNSF Chicago area/WI",rr:BRC rr:SCIH rr:CSS rr:CRL,1920|2621|3424,BNSF Chicago area/WI
UP,NLCH-##,North Little Rock,leaving,Proviso,,"All other UP Chicago traffic, UP IL/WI/MN, CPKC Regions 1/2/3/4/5/6, DMVW",catchall rr:UP:IL/WI/MN region:CPKC:1 region:CPKC:2 region:CPKC:3 region:CPKC:4 region:CPKC:5 region:CPKC:6 rr:DMVW,1920|2621|3424,
UP,NLCH-##,North Little Rock,leaving,Yard Center,,"Yard Center, Chicago Heights, Canal Street, GRW, Salem IL, Mt Vernon NS/UP, EVWR, COER, Peoria, Cedar Rapids, CIC, Marshalltown, Tama, Eddyville, Eddyville Ottumwa, IHB, CFE",id:1161 id:2038 id:2424 id:1094 rr:GRW id:1892 id:1166 id:2666 rr:EVWR rr:COER id:3661 id:3662 id:1134 id:1753 rr:CIC id:1287 id:3311 id:1708 id:1341 rr:IHB rr:CFE,1920|2621|3424,
UP,NLCH-##,Salem,created at,SM Proviso,,"Chicago, IL, WI, IA, MN, ND, SD, CPKC Regions 1/2/3/4/5/6, CN IL/IN/Canada/Northeast US, NS Regions A3/B1/D1/D2",id:1055 id:1066 id:1072 id:1088 id:1092 id:1094 id:1098 id:1161 id:1222 id:1278 id:1279 id:1305 st:IL st:WI st:IA st:MN st:ND st:SD region:CPKC:1 region:CPKC:2 region:CPKC:3 region:CPKC:4 region:CPKC:5 region:CPKC:6 region:NS:A3 region:NS:B1 region:NS:D1 region:NS:D2,1892,CN IL/IN/Canada/Northeast US
UP,PSNL%-##,Parsons,leaving,North Little Rock,,"LA, AR, DQE, AR, Memphis, Waskom TX, Tenaha UP TX, CPKC LA/MS/AL, Mexico Laredo CPKC, Laredo CPKC, Kendleton, All CN, BNSF TN/MS/AL, All NS except Region B3, All CSX",st:LA st:AR rr:DQE st:AR id:1165 id:1172 id:1435 id:1445 id:1446 id:1449 id:1450 id:1921 id:1923 id:1983 id:2076 id:2915 id:2399 id:2394 rr:CPKC:LA/MS/AL id:2484 id:2050 id:2557 all:CN rr:BNSF:TN/MS/AL all:NS not:region:NS:B3 all:CSX,2833,
UP,NPHN%-##,North Platte,leaving,Wichita,MHWT,"Wichita UP/SKOL/BNSF, KO",id:2825 id:2826 id:2824 rr:KO,1683,
UP,NPHN%-##,North Platte,leaving,Ft Worth,MHNWT,"Dallas/Ft Worth, Arlington, Grand Prarie, Ennis, San Antonio, Gardendale, Port Laredo, Gonzales, Halsted, Spruce 2 Calaveras, Eagle Pass, Mexico Eagle Pass UP/BNSF, overflow Mexico Laredo UP, overflow Englewood",id:1795 id:1797 id:1846 id:1938 id:3748 id:1023 id:1847 id:1888 id:1904 id:3248 id:3249 id:3250 id:3251 id:3252 id:3532 id:3535 id:1110 id:1918 id:2037 id:2239 id:2242 id:3118 id:3119 id:3432 id:2481 id:1285 id:1160 id:2485 id:2240 id:1608 id:2446 id:2447 ref:Mexico:Laredo_UP catchall,1683,Grand Prarie
UP,NPHN%-##,North Platte,leaving,Herington,,"NM, AZ, El Paso, Amarillo, Mexico El Paso UP/BNSF, Herington, McPherson UP/KO",st:NM st:AZ id:1779 id:1799 id:2099 id:1394 id:1443 id:1716 id:2632 id:2633 id:3126 id:3127 id:3128 id:3129 id:2486 id:2487 id:3170 id:3171 id:3172,1683,
UP,NPEW%-##,NP,leaving,Englewood,,"Houston Strang, Houston Englewood, Houston Eureka, Houston Melendy, Houston Fairbanks, Houston Galena, Houston Pasadena, Houston Deer Park, Spring, Westfield, Port Aurthur, Westlake LA, West Lake Charles LA, Port of Lake Charles LA, Lake Charles LA, BNSF Houston, Tenaha BNSF, Longview BNSF, Longview Eastman BNSF",id:1982 id:3778 id:3779 id:1372 id:3784 id:1460 id:1372 id:1372 id:1878 id:3729 id:2529 id:3334 id:3343 id:3351 id:2531 id:1375 id:1241 id:1617 id:2217 id:1563 id:1987 id:2358 id:3282 id:3283 id:3284 id:3279 id:3280 id:3281 id:3277 id:3278 rr:BNSF@1372 rr:BNSF@1374 rr:BNSF@1378 rr:BNSF@1383 rr:BNSF@1460 rr:BNSF@1812 id:2393 id:2733 id:2735,,
UP,NPEW%-##,NP,leaving,KCSM,MPSFW,Mexico Laredo UP,id:2482,,
UP,NPEW%-##,NP,leaving,Settegast,,"PTRA, Houston Sinco, Houston Basin UP/BNSF/CPKC,  Houston Glass UP/BNSF/CPKC, Houston Tower 86, Houston Market St UP/BNSF/CPKC,  Houston Greens Bayou Pass, Channelview Smith Pass, Channelview Arco Ind Lead, Houston Old City [Booth], Houston Strang, Mexico Laredo Interchange CPKC, Laredo CPKC, Kendleton",rr:PTRA id:2322 id:1374 id:3008 id:3009 id:3010 id:3011 id:3012 id:1383 id:1378 id:3017 id:3018 id:3013 id:3014 id:3015 id:1935 id:1982 id:3778 id:3779 id:2484 id:2050 id:2557,,
UP,NPEW%-##,NP,leaving,Parsons,,"Parsons, KRR, Denison, OK, Coffeyville UP/SKOL, Pittsburg SKOL, overflow MNPHN Ft Worth block",id:2833 rr:KRR id:2841 st:OK id:2831 id:2832 rr:SKOL:KS ref:MNPHN:Ft_Worth,,
UP,NPEW%-##,Brazos,created at,BZ Englewood,,"All outbound traffic not covered by other blocks, overflow Settegast, overflow MBZLI",catchall catchall,3545,
UP,NPRV%-##,North Platte,leaving,Roseville,,"CA, West Sacramento SERA",st:CA id:3114,1683,
UP,NPRV%-##,North Platte,leaving,Stockton,,"Stockton UP, STE, MET, SERA, Modesto UP, Lathrop, Tracy, CCT, BNSF Mariposa/Rivebank/Modesto BNSF/Stockton BNSF/Pittsburg BNSF",id:1354 rr:STE rr:MET rr:SERA id:3462 id:1857 id:1783 rr:CCT,1683,BNSF Mariposa/Rivebank/Modesto BNSF/Stockton BNSF/Pittsburg BNSF
UP,NPRV%-##,North Platte,leaving,Fresno,,"Fresno, SJVR, Bakersfield, Goshen, Tulare",id:1021 id:1201 id:2321 rr:SJVR id:1013 id:1015 id:1133 id:1984 id:1651 id:1168,1683,
UP,NPRV%-##,North Platte,leaving,Oakland,,"Oakland UP, RPRC, Warm Springs, Permanente, Newark San Jose, Watsonville, Watsonville Jct, Hollister, Salinas, Redwood City, North San Jose, Milpitas manifest",id:1566 rr:RPRC id:1789 id:2534 id:2608 id:1790 id:2600 id:2601 id:2535 id:3163 id:1213,1683,Newark San Jose
UP,NPRV%-##,North Platte,leaving,Sparks,,"Sparks, Fernley, North Reno, [overflow North Platte from Elko]",id:1141 id:2338 id:1131 id:2337 id:2213,1683,[overflow North Platte from Elko]
UP,NPRV%-##,North Platte,leaving,Elko,,"Elko, Battle Mountain, Osino, Winnemucca, Colado, Empire",id:3791 id:3792 id:3794 id:3795 id:3793 id:3796 id:3797 id:3798,1683,
UP,NPRV%-##,Ogden,created at,UT ROSV,,Overflow MGRRV Roseville,ref:MGRRV:Roseville,1842|2168,
UP,NPRV%-##,Sparks/Elko,created at,NV Roseville,,"CA, OR, WA, MT, CPKC Regions 4/5",st:CA st:OR st:WA st:MT region:CPKC:4 region:CPKC:5,1141|2338|3791|3792,
UP,NPRV%-##,Sparks,created at,I-5 Corridor,MRVPT,"CPKC Region 6, CN BC/AB/SK, BNSF WA/ID/MT West of Billings",region:CPKC:6 rr:CN:BC/AB/SK rr:BNSF:WA/ID/MT,1141|2338,
UP,ASEW-##,Gateway,leaving,Engelwood,,"Houston Englewood, Houston Eureka, Houston Melendy, Houston Fairbanks, Houston Galena, Houston Pasadena, Houston Deer Park, Spring, Westfield, BNSF Houston, Port Arthur BNSF",id:1372 id:3784 id:1460 id:1372 id:1372 id:1878 id:3729 id:2529 id:3334 id:3343 id:3351 id:2531 id:1375 rr:BNSF@1372 rr:BNSF@1374 rr:BNSF@1378 rr:BNSF@1383 rr:BNSF@1460 rr:BNSF@1812 id:2217,1300|2336,
UP,ASEW-##,Gateway,leaving,Westfield Autos,,Loaded autoracks for Westfield,id:1375 class:auto,1300|2336,
UP,NPCH-##,North Platte,leaving,BRC,,"BRC, CSS, CRL, SCIH, CSX Region A",rr:BRC rr:CSS rr:CRL rr:SCIH region:CSX:A,1683,
UP,NPCH-##,North Platte,leaving,Selkirk,,"CSX MA/ME/CT/NJ, Eastern NY, Baltimore CSX, Philadelphia CSX",rr:CSX:MA/ME/CT/NJ id:2164 id:2737 id:2738 id:1197 id:1474 id:1607 id:1788 id:1850 id:2182 id:3402 id:3403 id:3592,1683,Eastern NY
UP,NPCH-##,North Platte,leaving,Beverly,,"Cedar Rapids Beverly, CIC, Shell Rock, Osage Subdivision, Armour, Waterloo Bryant Yard, Oelwein",id:1753 rr:CIC id:2077 id:2650 id:1737 id:2651 id:2078,1683,
UP,NPCH-##,North Platte,leaving,Clinton,,"Pekin UP/CN, TZPR, IMRR, TPW, Rochelle Global 3/Rochelle BNSF manifest",id:1509 id:2092 id:2093 rr:TZPR rr:IMRR rr:TPW id:1760 id:2112,1683,
UP,NPCH-##,North Platte,leaving,Columbus,,"Grand Island, Ravenna, NCRC",id:2261 id:3168 rr:NCRC,1683,
UP,JAJA%-##,Janesville,leaving,Proviso,,All other outbound UP manifest from UP/WSOR,catchall,2816|2817|2818,
UP,JAJA%-##,Proviso,leaving,Janesville,,"Janesville UP/WSOR, Evansville, Anderson, Monroe, Avalon",id:2816 id:2817 id:2821 id:2819 id:2820 id:2822 id:2823,1595,
UP,PRCH-##,Proviso,leaving,BRC,,"BRC, SCIH, CSS, CRL, BNSF Chicago area/WI, All CSX",rr:BRC rr:SCIH rr:CSS rr:CRL all:CSX,1595,BNSF Chicago area/WI
UP,RVLB%-##,Roseville,leaving,City of Industry,MEPLA,"City of Industry including IM baretables, Covina, Whittier Jct, Anaheim, Los Nietos",class:im id:2587 id:2588 id:2702 id:1016,3503,City of Industry including IM baretables
UP,RVLB%-##,Roseville,leaving,Montclair,,"Beaumont CA, Kaiser UP, CSI, White Hills, Guadalupe, Oxnard/Pt. Hueme, Santa Maria, Chino, Montclair, Pomona, Los Angeles LATC, Los Angeles J Yard, East LA, Vernon UP, LAJ, Los Angeles LATC, J Yard, SVGX",id:1350 id:1407 rr:CSI id:1784 id:1035 id:1303 id:1785 id:3808 id:3806 id:3807 id:1203 id:1190 id:1588 id:1439 rr:LAJ id:1203 rr:SVGX,3503,J Yard
UP,RVLB%-##,Roseville,leaving,Long Beach,,"Long Beach UP, Long Beach Toyota UP, Los Angeles Nissan UP, Terminal Island UP, PHL, Dolores/ICTF, Los Angeles Phillips 66 Carson Refinery, Compton, Los Angeles Paramount, Carson Lead North, Carson Lead South, repaired baretables for all Los Angeles/Long Beach harbor complex maps",id:3090 id:3096 id:3106 id:3097 rr:PHL id:1001 id:2513 id:3159 id:3158 id:3157 id:3156,3503,repaired baretables for all Los Angeles/Long Beach harbor complex maps
UP,RVLB%-##,Roseville,leaving,Yermo,,Overflow MWCRVB Yermo,ref:MWCRVB:Yermo,3503,
UP,CIYR-##,City of Industry,leaving,Yermo,,"Mojave, Trona, Creal, NV, UT, ID, CO, WY [No RCPE]",id:1010 id:2492 id:2491 st:NV st:UT st:ID st:CO st:WY not:RCPE,1095,
UP,YRMC-##,Yermo,leaving,Montclair,,"Colton, PHL, Long Beach UP, Long Beach Toyota UP, Los Angeles Nissan UP, Dolores/ICTF, Los Angeles Paramount, Compton, Los Angeles Phillips 66 Carson Refinery, Los Angeles Carson Siding North/South, East LA, Los Angeles LATC, LAJ, Vernon UP, SVGX, Oxnard/Pt. Hueme, White Hills, Los Angeles J Yard, Guadalupe, Santa Maria",id:1255 rr:PHL id:3090 id:3096 id:3106 id:1001 id:3158 id:3159 id:2513 id:3157 id:3156 id:1588 id:1203 rr:LAJ id:1439 rr:SVGX id:1303 id:1784 id:1190 id:1035 id:1785,,
UP,NPWC%-##,North Platte,leaving,West Colton,,"West Colton, Old Colton, East LA, LAJ, Vernon UP, Anaheim, Los Nietos, Mira Loma, Guadalupe, Callendar Siding, White Hills, Santa Maria, El Centro, San Diego, SDIY, Creal, Mojave, TRC, BNSF LA Basin",id:1255 id:1588 rr:LAJ id:1439 id:2702 id:1016 id:1406 id:1035 id:1784 id:1785 id:1581 id:2145 rr:SDIY id:2491 id:1010 rr:TRC rr:BNSF@1007 rr:BNSF@1102 rr:BNSF@1029,1683,Old Colton; Callendar Siding
UP,NPWC%-##,North Platte,leaving,Yermo,LOY30,"Creal, Mojave, Trona",id:2491 id:1010 id:2492,1683,
UP,NPWC%-##,North Platte,leaving,Mira Loma Autos,,Loaded autoracks for Mira Loma,id:1406 class:auto,1683,
UP,NPWC%-##,North Platte,leaving,Valley Manifest,,"Las Vegas Valley, Apex",id:1492 id:2705,1683,
UP,NPWC%-##,North Platte,leaving,Valley Autos,,Autoracks for Las Vegas Valley,id:1492 class:auto,1683,
UP,NPWC%-##,North Platte,leaving,Ogden,,"UT, Sparks, North Reno, Fernley, , Las Vegas Arden, Henderson, overflow MNPRO",st:UT id:1141 id:2338 id:2213 id:1131 id:2337 id:1400 id:1402 catchall,1683,
UP,NPWC%-##,Cheyenne UP,created at,CY Ogden,,"UT, NV, CA",st:UT st:NV st:CA,1874,
UP,NPWC%-##,Ogden UP,created at,Arden,,"Las Vegas Arden, Henderson",id:1400 id:1402,1842,
UP,NPWC%-##,Ogden UP,created at,Milford,,"Milford, Delta, Bloom, Iron Springs, Cedar City",id:3786 id:3788 id:3787 id:3789 id:3790,1842,
UP,NPWC%-##,Ogden UP/Milford,created at,UT West Colton,,"West Colton block above plus AZ, NM, El Paso",st:NM id:1779 id:1799 id:2099,1842|3786,West Colton block above plus AZ
UP,NPWC%-##,Las Vegas Arden,created at,Vegas West Colton,,"CA, AZ, NM, TX, LA, overflow Northbound traffic",st:CA st:AZ st:NM st:TX st:LA catchall,1400,
UP,NPWC%-##,Las Vegas Arden,created at,BNSF,,"BNSF LA Basin/San Diego, SDIY",rr:BNSF@1007 rr:BNSF@1102 rr:BNSF@1029 rr:BNSF@2146 rr:SDIY,1400,
UP,NPWC%-##,Las Vegas Arden,created at,I-5 Corridor,MWCRV,"CN BC/AB/SK, CPKC BC, BNSF WA/ID/MT West of Billings",rr:CN:BC/AB/SK rr:CPKC:BC rr:BNSF:WA/ID/MT,1400,
UP,WCML-##,West Colton,leaving,Montclair,,"Beaumont CA, White Hills, Guadalupe, Oxnard/Pt. Hueme, Santa Maria, Chino, Montclair, Pomona, City of Industry, Covina, Whittier Jct, Anaheim, Los Nietos, East Los Angeles, LAJ, Vernon UP, Los Angeles J Yard, Los Angeles LATC, SVGX, MRVLB Long Beach",id:1350 id:1784 id:1035 id:1303 id:1785 id:3808 id:3806 id:3807 id:1095 id:2587 id:2588 id:2702 id:1016 id:1588 rr:LAJ id:1439 id:1190 id:1203 rr:SVGX ref:MRVLB:Long_Beach,1255,
UP,WCML-##,West Colton,leaving,Mira Loma Manifest,,,id:1406,1255,
UP,WCML-##,West Colton,leaving,Mira Loma Loaded Autos,,,id:1406 class:auto class:loaded,1255,
UP,WCML-##,West Colton,leaving,TTX,,Home shop cars for Mira Loma,,1255,Home shop cars for Mira Loma
UP,NLNV-##,North Little Rock,leaving,CSX Nashville interchange,,CSX Regions B/C/D including CSX Memphis,,1920|2621|3424,CSX Regions B/C/D including CSX Memphis
UP,NLNV-##,North Little Rock,leaving,BNSF Memphis interchange,LWT47,"BNSF TN/MS/AL, Armorel, Hickman, NLR area shortline traffic for BNSF, all outbound traffic from Little Rock BNSF/North Little Rock BNSF/Baldwin BNSF/East Pine Bluff/Pine Bluff BNSF",rr:BNSF:TN/MS/AL id:2021 id:2022,1920|2621|3424,NLR area shortline traffic for BNSF
UP,NLNV-##,North Little Rock,leaving,Memphis,,"Memphis Sargent, Leewood UP, Briark",id:1446 id:1172,1920|2621|3424,Briark
UP,NPPC%-##,North Platte,leaving,Pocatello,,"Pocatello, Aberdeen, Blackfoot, Collins, EIRR, American Falls, Don",id:1843 id:2887 id:2885 id:2886 rr:EIRR id:3466 id:3465,1683,
UP,NPPC%-##,North Platte,leaving,Montpelier,,Conda ID,id:2779,1683,
UP,NPPC%-##,North Platte,leaving,Minidoka,,"Rupert, Buhl, Burley, Delco, Martin, Wendell",id:3467 id:3472 id:3469 id:3470 id:3471 id:3468,1683,
UP,TPKC-##,Herington,leaving,Muncie,,,id:2312,3170,
UP,TPKC-##,Herington,leaving,Neff,YKS87,"Kansas City, OK, AR, LA, CPKC MS/AL, BNSF TN/MS/AL, NS Regions B2/B3/D1/D2, [all other outbound manifest from Muncie not covered by other blocks]",id:1059 id:1169 id:1200 id:1214 id:1218 id:1227 id:1229 id:1301 id:1620 id:1817 id:1889 id:2011 st:OK st:AR st:LA rr:CPKC:MS/AL rr:BNSF:TN/MS/AL region:NS:B2 region:NS:B3 region:NS:D1 region:NS:D2,3170,[all other outbound manifest from Muncie not covered by other blocks]
UP,TPKC-##,Herington,leaving,ALS,,MFXAS ALS block,ref:MFXAS:ALS,3170,
UP,TPKC-##,Muncie,created at,North Platte,YKS87,"OR, WA, CA except LA Basin, ID, WY, CO, UT, NV, MT, North Platte, Sidney, Alliance NE, Bridgeport",st:OR st:WA st:ID st:WY not:RCPE st:CO st:UT st:NV st:MT id:1683 id:1199 id:2074 id:1356 id:1184,2312,CA except LA Basin
UP,TPKC-##,Muncie,created at,Mira Loma Autos,YKS87,,id:1406 class:auto,2312,
UP,TPNS-##,Herington,leaving,NS Manifest,,"NS Regions A1/A2/A3/B1/C1/C2, [D1 from North Platte]",region:NS:A1 region:NS:A2 region:NS:A3 region:NS:B1 region:NS:C1 region:NS:C2,3170,[D1 from North Platte]
UP,TPNS-##,Herington,leaving,NS Autoracks,,All NS autoracks,all:NS class:auto,3170,
UP,HNTP-##,Herington,leaving,North Platte,MASNP/MKSNPB,"Northern CA, OR, WA, ID, MT, CO, UT, WY, Northern NV, overflow Southern CA",st:OR st:WA st:ID st:MT st:CO st:UT st:WY not:RCPE catchall,3170,Northern CA; Northern NV
UP,HNTP-##,Herington,leaving,Topeka,,"Topeka service area, traffic for East/Southeast-bound connections from Kansas City, NS Kansas City interchange",id:4002,3170,NS Kansas City interchange
UP,HNTP-##,Herington,leaving,NS Autos,MTPNS,Autoracks for NS destinations,class:auto,3170,NS destinations
UP,HNTP-##,Herington,leaving,ALS,MNPIN/MTPKC,Overflow ITUG4 ALS,catchall,3170,
UP,KSTP-##,18th Street,leaving,Topeka,,"Topeka service area, connecting traffic for MNPIN, overflow Herington traffic ->MNPHN",id:4002 catchall,1229|2046,connecting traffic for MNPIN
UP,KSTP-##,18th Street,leaving,NS,MTPNS,"NS Regions A1/A2/A3/B1/C1/C2/D1, All NS autoracks",region:NS:A1 region:NS:A2 region:NS:A3 region:NS:B1 region:NS:C1 region:NS:C2 region:NS:D1 all:NS class:auto,1229|2046,
UP,NPIN-##,North Platte,leaving,CSX,ALS YAS101,CSX Regions B/C/D/E,region:CSX:B region:CSX:C region:CSX:D region:CSX:E,1683,
UP,NPIN-##,North Platte,leaving,ALS,,"St Louis area UP/BNSF/CN, ALS, TRRA, MER, [Topeka only: All CSX traffic + preferred shortlines, non-NS Chicago, CN Northeast of Chicago/Thunder Bay]",rr:ALS rr:TRRA rr:MER,1683,St Louis area; [Topeka only: All CSX traffic + preferred shortlines; non-NS Chicago; CN Northeast of Chicago/Thunder Bay]
UP,NPIN-##,North Platte,leaving,"Livonia (Livonia, Port Allen, NOPB, NOGC, GOGR, CN LA, CPKC Baton Rouge/New Orleans/Reserve) - No NS/CSX or their partner shortlines",,,,1683,"Livonia (Livonia, Port Allen, NOPB, NOGC, GOGR, CN LA, CPKC Baton Rouge/New Orleans/Reserve) - No NS/CSX or their partner shortlines"
UP,NPIN-##,North Platte,leaving,Topeka,,"Kansas City Muncie, Kansas City Fairfax, overflow MNPNL KC Neff block",id:2312 id:1889 id:3443 ref:MNPNL:KC_Neff,1683,
UP,NPIN-##,North Platte,leaving,NS KC,MKSTP,"NS Regions C1, C2, D1",region:NS:C1,1683,C2; D1
UP,NPIN-##,North Platte,leaving,NS KC Autos,MKSTP,Autoracks for destinations in the NS KC Block,class:auto,1683,destinations in the NS KC Block
UP,ASNP-##,Gateway,leaving,North Platte Autos,,"PHL/UP CA,WA,OR,UT,NV,CO,ID",st:WA st:OR st:UT st:NV st:CO st:ID,1300|2336,PHL/UP CA
UP,ASNP-##,Gateway,leaving,North Platte Manifest,,"CA, WA, OR, UT, NV, CO, WY, ID, North Platte, Sidney UP/BNSF, Alliance NE, Gurley NE, overflow LA Basin",st:CA st:WA st:OR st:UT st:NV st:CO st:WY not:RCPE st:ID id:1683 id:1199 id:2074 id:1356 id:2090 catchall,1300|2336,
UP,ASNP-##,Gateway,leaving,KC Neff,,"Neff, ASB Junction, Gooseneck, St Joseph, Jefferson City, MNA, KCT, KAW, overflow MASHN 18th Street",id:1301 id:2194 id:2195 id:1218 id:1310 id:2109 id:1323 rr:MNA rr:KCT rr:KAW ref:MASHN:18th_Street,1300|2336,
UP,ASNP-##,Gateway,leaving,Fairfax Autos,,,id:2641 class:auto,1300|2336,
UP,ASNP-##,Gateway,leaving,Fairfax,,"Fairfax, NS Kanas City, Kansas City State Line Yard, Kansas City Glen Park Yard",id:2641 id:2196 id:2197,1300|2336,NS Kanas City
UP,ASNP-##,Gateway,leaving,Topeka,,"Topeka service area, overflow MASHN",id:4002 catchall,1300|2336,
UP,NPHN-##,North Platte,leaving,Wichita,MHWT,"Wichita UP/SKOL/BNSF, KO Southern branch",id:2825 id:2826 id:2824,1683,KO Southern branch
UP,NPHN-##,North Platte,leaving,Ft Worth,MHNWT,"Dallas/Ft Worth, Arlington, Grand Prarie, Ennis, San Antonio, Gardendale, Port Laredo, Gonzales, Halsted, Spruce 2 Calaveras, Eagle Pass, Mexico Eagle Pass UP/BNSF, overflow Mexico Laredo UP, overflow Englewood",id:1795 id:1797 id:1846 id:1938 id:3748 id:1023 id:1847 id:1888 id:1904 id:3248 id:3249 id:3250 id:3251 id:3252 id:3532 id:3535 id:1110 id:1918 id:2037 id:2239 id:2242 id:3118 id:3119 id:3432 id:2481 id:1285 id:1160 id:2485 id:2240 id:1608 id:2446 id:2447 ref:Mexico:Laredo_UP catchall,1683,Grand Prarie
UP,NPHN-##,North Platte,leaving,Herington,,"NM, AZ, El Paso, Amarillo, Mexico El Paso UP/BNSF, Herington, McPherson UP/KO, [West Colton, Council Bluffs, Valley Park, South St Paul, CPKC St Paul interchange, CN Itasca interchange service areas from Topeka]",st:NM st:AZ id:1779 id:1799 id:2099 id:1394 id:1443 id:1716 id:2632 id:2633 id:3126 id:3127 id:3128 id:3129 id:2486 id:2487 id:3170 id:3171 id:3172 id:1107 id:1115 id:1767 id:1768 id:2583 id:2584 id:3064 id:2356 id:1658 id:3274 id:4018 id:4019,1683,[West Colton; CPKC St Paul interchange; CN Itasca interchange service areas from Topeka]
UP,HKRV-##,Hinkle,leaving,Barnes Autos,,Autoracks for Portland Terminal 4 UP and Portland Barnes,class:auto,1895,Portland Terminal 4 UP and Portland Barnes
UP,HKRV-##,Hinkle,leaving,Eugene,,"Eugene UP/PNWR, CORP, Junction City, Klamath Falls service area",id:1024 id:1548 id:3919 id:3920 id:3921 rr:CORP id:3922 id:3925 id:4010,1895,
UP,HKRV-##,Hinkle,leaving,Roseville,MPDRV/MPWRV,"CA, AZ, NM, Sparks NV, El Paso, Mexico El Paso",st:CA st:AZ st:NM id:1141 id:2338 id:1779 id:1799 id:2099 id:2486 id:2487,1895,
UP,HKRV-##,Eugene,created at,Klamath Falls,,Klamath Falls service area,id:4010,1024|1548|3919|3920|3921,
UP,ALAH-##,Butler,leaving,Proviso,,"Chicago UP traffic, MO, AR, Shell Rock, IHB, CFE, CRL, Osage Subdivision, Armour, Waterloo Bryant Yard, Oelwein, Forest City, CN IL/TN/MS/LA/Eastern US/Canada East of Thunder Bay ON, All CP/DMVW except Milwaukee area, NS Regions B2/B3/C2/C3, CPKC TX/LA/MS/AL, BNSF TN/MS/AL, overflow IA/KS/OK/TX/LA",st:MO st:AR id:2077 rr:IHB rr:CFE rr:CRL id:2650 id:1737 id:2651 id:2078 id:3071 region:NS:B2 region:NS:B3 region:NS:C2 region:NS:C3 rr:CPKC:TX/LA/MS/AL rr:BNSF:TN/MS/AL catchall,2990,Chicago UP traffic; CN IL/TN/MS/LA/Eastern US/Canada East of Thunder Bay ON; All CP/DMVW except Milwaukee
UP,ALAH-##,Butler,leaving,CPRS,,"CPKC Regions 1 through 6, CPKC IA [ex-SOO/DME interchange]",,2990,CPKC Regions 1 through 6; CPKC IA [ex-SOO/DME interchange]
UP,ALAH-##,Butler,leaving,BRC,YPRBRC,"CSX, BRC, SCIH, CSS, BNSF Chicago area",rr:CSX rr:BRC rr:SCIH rr:CSS rr:BNSF@1055 rr:BNSF@1066 rr:BNSF@1072 rr:BNSF@1088 rr:BNSF@1092 rr:BNSF@1094,2990,
UP,ALAH-##,Butler,leaving,ALS,,MPRAS ALS block,ref:MPRAS:ALS,2990,
UP,ALAH-##,Butler,leaving,NS Elkhart,MPRAH,NS Regions A1/A2/A3/B1/C1/D1/D2,region:NS:A1 region:NS:A2 region:NS:A3 region:NS:B1 region:NS:C1 region:NS:D1 region:NS:D2,2990,
UP,PDEU-##,Albina,leaving,Roseville,,Overflow MPDRV,catchall,1302,
UP,PDEU-##,Albina,leaving,Eugene,,"Eugene UP/PNWR, CORP, Junction City, CBRL, Klamath Falls service area",id:1024 id:1548 id:3919 id:3920 id:3921 rr:CORP id:3922 id:3925 rr:CBRL id:4010,1302,
UP,SEPD-##,Argo,leaving,North Platte,,MPDNP North Platte blocks,ref:MPDNP:North_Platte,,
UP,SEPD-##,Argo,leaving,Roseville,,MPDRV Roseville block,ref:MPDRV:Roseville,,
UP,SEPD-##,Argo,leaving,Fife,,MPDFI Fife block,ref:MPDFI:Fife,,
UP,SEPD-##,Argo,leaving,Albina,,All other destinations for sorting at Albina yard,catchall,,
UP,SEPD-##,Argo,leaving,Chicago Autos,,Loaded autoracks for West Chicago,id:2028 id:2029 id:2451 class:auto,,
UP,EPEW-##,Alfalfa Yard,leaving,Livonia,,"Livonia service area, New Orleans Avondale service area, CSX Region B/D, NS Regions B1/B3/D1/D2",id:1959 id:1423 region:CSX:B region:CSX:D region:NS:B1 region:NS:B3 region:NS:D1 region:NS:D2,1799,
UP,EPEW-##,Alfalfa Yard,leaving,Englewood,,"Englewood service area, including any traffic served by both Englewood and Settegast, BNSF Tenaha/Longview",id:1372 id:3784 id:2393 id:1044 id:2208 id:2733 id:2734 id:2735 id:3154 id:3645 id:3725,1799,including any traffic served by both Englewood and Settegast
UP,EPFW-##,El Paso,leaving,Ft Worth,,"Ft Worth, Shreveport, Livonia, North Little Rock service areas, CN IL/TN/AL/MS/Eastern US/Canada East of Thunder Bay ON, CSX Regions B/C/D, NS Regions B1/B2/D1/D2, CPKC TX/LA/TN/MS/AL/OK, BNSF TN/AL/MS, overflow MWCSA San Antonio/Englewood, autoracks for Mesquite, Marion, NS/CSX Southeast, overflow MWCSA blocks",id:1023 id:1847 id:1888 id:1904 id:3248 id:3249 id:3250 id:3251 id:3252 id:3532 id:3535 id:1153 id:1282 id:1401 id:2398 id:1959 region:CSX:B region:CSX:C region:CSX:D region:NS:B1 region:NS:B2 region:NS:D1 region:NS:D2 rr:CPKC:TX/LA/TN/MS/AL/OK rr:BNSF:TN/AL/MS ref:MWCSA:San_Antonio/Englewood id:1845 class:auto id:1180 id:1448 id:1705 region:NS:B1 region:NS:B2 region:NS:B3 region:CSX:B ref:MWCSA:blocks,1779|1799|2099,North Little Rock service areas; CN IL/TN/AL/MS/Eastern US/Canada East of Thunder Bay ON
UP,YRCI-##,Yermo,leaving,City of Industry,,City of Industry service area,id:1095,,
UP,CICI-##,City of Industry,leaving,West Colton,,"RCPE, Athol ID, Sparks service area, All outbound manifest not covered by other trains/blocks",rr:RCPE id:3644 id:1141 id:2338,1095,
UP,CICI-##,City of Industry,leaving,San Antonio,,MWCSA San Antonio block,ref:MWCSA:San_Antonio,1095,
UP,CICI-##,City of Industry,leaving,Ft Worth,,MWCSA Ft Worth block,ref:MWCSA:Ft_Worth,1095,
UP,LALA-##,East LA,leaving,Yermo,,MCIYR Yermo block [No RCPE],ref:MCIYR:Yermo_block_[No_RCPE],,
UP,LALA-##,East LA,leaving,West Colton,,"RCPE, Athol ID, Sparks NV, North Reno Industrial Lead NV, Fernley NV, All outbound manifest not covered by other trains",rr:RCPE id:3644 id:1141 id:2338 id:2213 id:1131 id:2337,,
UP,LALA-##,Montclair,created at,Alfalfa,,MWCSA Alfalfa,ref:MWCSA:Alfalfa,3806,
UP,LALA-##,Montclair,created at,Englewood,,MWCSA Englewood,ref:MWCSA:Englewood,3806,
UP,LALA-##,Montclair,created at,Ft Worth,,MWCSA Ft Worth,ref:MWCSA:Ft_Worth,3806,
UP,LALA-##,Montclair,created at,San Antonio,,MWCSA San Antonio,ref:MWCSA:San_Antonio,3806,
UP,MNMX-##,"Marion, with IM grouped by destination in each block",leaving,Westfield Autos,,Loaded autoracks for Westfield,id:1375 class:auto,,
UP,MNMX-##,"Marion, with IM grouped by destination in each block",leaving,SAIT IM,,"SAIT, Port Laredo IM, Houston Barbour's Cut, Houston Settegast, [Marion IM from DIT]",id:3118 id:1285 class:im id:1812 id:2528 id:3780 id:3480 class:im,,[Marion IM from DIT]
UP,MNMX-##,"Marion, with IM grouped by destination in each block",leaving,Eagle Pass IM,,IM for Mexico Eagle Pass Interchange UP,id:2447 class:im,,
UP,MNMX-##,"Marion, with IM grouped by destination in each block",leaving,DIT,,"IM for Dallas Intermodal Terminal, LATC -> IDISI, Mesquite Autos ->IMQMQ",id:1938 class:im id:1203 id:1845 class:auto,,
UP,MNMX-##,"Marion, with IM grouped by destination in each block",leaving,KCSM,,Autos/manifest for Mexico Laredo Interchange UP ONLY,class:auto,,Autos/manifest for Mexico Laredo Interchange UP
UP,MNMX-##,"Marion, with IM grouped by destination in each block",leaving,NLR,,Overflow MSFNL NLR block,ref:MSFNL:NLR,,
UP,MNMX-##,DIT,created at,KCSM Autos,,Autoracks for Mexico Laredo Interchange UP,id:2482 class:auto,,
UP,MNMX-##,DIT,created at,NS Southeast IM,ZSAYC,"IM for Austell, misc. NS Southeast destinations",id:1244 class:im,,misc. NS Southeast destinations
UP,CHNP-##,Chicago Clearing,leaving,North Platte,,"North Platte, Sidney UP, WY, CO, UT, Western MT, OR, WA, ID, NV, CA",id:1683 id:1199 st:WY not:RCPE st:CO st:UT st:MT st:OR st:WA st:ID st:NV st:CA,1473,
UP,CHNP-##,Chicago Clearing,leaving,North Platte Autos,,Autoracks for North Platte destinations on Rear end if more than 40 loaded autoracks [No Mira Loma],class:auto,1473,North Platte destinations on Rear end if more than 40 loaded autoracks [No Mira Loma]
UP,NPPR-##,North Platte,leaving,Elkhart,MPRAH,NS Regions A1/A2/A3,region:NS:A1 region:NS:A2 region:NS:A3,1683,
UP,NPPR-##,North Platte,leaving,IHB,MPRNL,"IHB, CFE, CRL",rr:IHB rr:CFE rr:CRL,1683,
UP,NPPR-##,North Platte,leaving,CN Gary,YPRCN,"CN Canada East of Thunder bay, US IL Eastward",region:CN:East_of_Thunder_Bay,1683,US IL Eastward
UP,NPPR-##,North Platte,leaving,CPKC,YPRCPKC,CPKC Region 1,region:CPKC:1,1683,
UP,NPPR-##,North Platte,leaving,CPKC Loaded Autos,YPRCPKC,Loaded autoracks for CPKC block destinations,class:auto,1683,CPKC block destinations
UP,NPPR-##,North Platte,leaving,Proviso,,"UP Chicago, Janesville UP/Anderson UP and adjacent WSOR, Evansville UP, Salem, Tuscola, DREI, GRW",rr:UP@1055 rr:UP@1066 rr:UP@1072 rr:UP@1088 rr:UP@1092 rr:UP@1094 id:2821 id:3296 id:1892 id:1018 id:2810 rr:DREI rr:GRW,1683,Janesville UP/Anderson UP and adjacent WSOR
UP,NPPR-##,North Platte,leaving,West Chicago,MG3G3,Overflow MNPCH West Chicago,ref:MNPCH:West_Chicago,1683,
UP,YCMT-##,Yard Center,leaving,West Chicago,MG3G3,"Traffic served from West Chicago, including autoracks",class:auto,,Traffic served from West Chicago; including
UP,YCMT-##,Yard Center,leaving,North Platte,MPRNP/MCHNP/MNSNP,"Traffic for the following service areas: North Platte, Denver, Pocatello, Hinkle, Albina, Eugene, Ogden, Roseville, West Colton, North Platte, BNSF Laurel",id:1718 id:1769 id:1770 id:1800 id:1976 id:1977 id:1978 id:1979 id:1980 id:1981 id:2407 id:1843 id:1895 id:1302 id:1024 id:1548 id:3919 id:3920 id:3921 id:1842 id:2168 id:1484 id:1255 id:1683 rr:BNSF@1894,,
UP,YCMT-##,Yard Center,leaving,Marshalltown,,"IA, NE, BNSF SD/NE, RCPE, Welcome UP, Fairmont MN, Cedar Rapids, Shell Rock, Osage Subdivision, Armour, Waterloo Bryant Yard, Oelwein, Forest City, CIC, IAIS, NE, CO, WY, MT, CA, OR, WA, ID, UT, NV",st:IA st:NE rr:BNSF:SD/NE rr:RCPE id:2186 id:1660 id:1134 id:1753 id:2077 id:2650 id:1737 id:2651 id:2078 id:3071 rr:CIC rr:IAIS st:NE st:CO st:WY not:RCPE st:MT st:CA st:OR st:WA st:ID st:UT st:NV,,
UP,YCMT-##,Yard Center,leaving,Global 3,,"Rochelle Global 3, Rochelle BNSF",id:1760 id:2112,,
UP,YCMT-##,Yard Center,leaving,Clinton,,"Decatur CN, Pekin CN, IMRR, TZPR, Peoria TPW",id:2462 id:2092 rr:IMRR rr:TZPR id:3659,,
UP,YCMT-##,Globla 3,created at,G3 Marshalltown,,"IA, NE, MN, ND, SD, AZ, NM, KS, TX, OK, CPKC Regions 2/3/4/5/6, CN WI/MN/Canada Thunder Bay Westward",st:IA st:NE st:MN st:ND st:SD st:AZ st:NM st:KS st:TX st:OK region:CPKC:2 region:CPKC:3 region:CPKC:4 region:CPKC:5 region:CPKC:6 rr:CN:WI/MN region:CN:Thunder_Bay_Westward,,
UP,YCMT-##,Globla 3,created at,G3 North Platte,,"Same North Platte destinations, but traffic already in yard as filler",,,Same North Platte destinations; but traffic already in yard as filler
UP,YCMT-##,Cedar Rapids,created at,BV Marshalltown,,"NE, IA, MN, ND, SD, CPKC Regions 2/3/4/5/6, CN WI/MN/Canada Thunder Bay Westward",st:NE st:IA st:MN st:ND st:SD region:CPKC:2 region:CPKC:3 region:CPKC:4 region:CPKC:5 region:CPKC:6 rr:CN:WI/MN region:CN:Thunder_Bay_Westward,1134|1753,
UP,YCMT-##,Cedar Rapids,created at,Des Moines,MDMDM,"Des Moines, Avon, Altoona, Grimes, Newton, MO, IA, AZ, NM, KS, TX, OK, AR, LA, NS Regions B2/B3/C2",id:1046 id:2719 id:2720 id:2721 id:2726 id:3693 id:2723 id:3694 id:3695 id:3696 id:2722 id:2724 id:1339 st:MO st:IA st:AZ st:NM st:KS st:TX st:OK st:AR st:LA region:NS:B2 region:NS:B3 region:NS:C2,1134|1753,
UP,PRNP-##,Proviso,leaving,Marshalltown,,"IA, NE, DAIR, Sioux City, EE, RWRR, BNSF SD/NE, RCPE, Welcome UP, Fairmont MN, Cedar Rapids, CIC, Shell Rock, Osage Subdivision, Armour, Waterloo Bryant Yard, Oelwein, IAIS",st:IA st:NE rr:DAIR id:1351 id:2610 id:2611 id:2612 id:2613 rr:EE rr:RWRR rr:BNSF:SD/NE rr:RCPE id:2186 id:1660 id:1134 id:1753 rr:CIC id:2077 id:2650 id:1737 id:2651 id:2078 rr:IAIS,1595,
UP,PRNP-##,Proviso,leaving,North Platte,,"North Platte, Sidney UP/BNSF, Alliance NE, Gurley NE, CA, OR, ID, WA, NV, UT, WY, MT, CO",id:1683 id:1199 id:2074 id:1356 id:2090 st:CA st:OR st:ID st:WA st:NV st:UT st:WY not:RCPE st:MT st:CO,1595,
UP,PRNP-##,Proviso,leaving,North Platte Autos,,autoracks for destinations in the North Platte Loads block,class:auto,1595,destinations in the North Platte Loads block
UP,G3G3-##,Global 3,leaving,West Chicago,,"all outbound manifest from Global 3 manifest sidings not covered by Proviso block, West Chicago block from North Platte/Yard Center",,1760,West Chicago block from North Platte/Yard Center
UP,G3G3-##,Global 3,leaving,Proviso,MBEBE,"Proviso block from MBOCH, Mira Loma Autos",id:1406 class:auto,1760,Proviso block from MBOCH
UP,G3G3-##,West Chicago,leaving,North Platte,,"CA, OR, ID, WA, MT, WY, CO, UT, NV",st:CA st:OR st:ID st:WA st:MT st:WY not:RCPE st:CO st:UT st:NV,2028|2029|2451,
UP,G3G3-##,West Chicago,leaving,North Platte Autos,,"Autoracks for destinations in North Platte block <<max 40>>, <<no Mira Loma - to Proviso>>",class:auto,2028|2029|2451,destinations in North Platte block <<max 40>>; <<no Mira Loma - to Proviso>>
UP,MTYC-##,Marshalltown,leaving,Yard Center,MCLPR,"IL, NS Regions A1/A2/A3/B1/C1/D1/D2, CPKC Region 1, CN IL+Eastern US/Canada East of Thunder Bay, ALS, TRRA, UP/BNSF St Louis, MER, West Labadie, Granite City Madison, Wood River UP, Alton UP, IHB, CRL, CFE, KBSR, MO, AR, LA, Waskom TX, Tenaha TX",st:IL region:NS:A1 region:NS:A2 region:NS:A3 region:NS:B1 region:NS:C1 region:NS:D1 region:NS:D2 region:CPKC:1 rr:CN:IL region:CN:Eastern_US region:CN:East_of_Thunder_Bay rr:ALS rr:TRRA rr:UP@1120 rr:BNSF@1120 rr:MER id:1867 id:1974 id:1125 id:3608 rr:IHB rr:CRL rr:CFE rr:KBSR st:MO st:AR st:LA id:2399 id:2393 id:2394,1287,
UP,MTYC-##,Marshalltown,leaving,Global 3,,"Rochelle Global 3, Rochelle BNSF, West Chicago UP/CN, St. Charles, Troy Grove, Belvidere, GRW",id:1760 id:2112 id:2028 id:2029 id:2451 id:2559 id:3089 id:2558 rr:GRW,1287,
UP,MTYC-##,Marshalltown,leaving,Clinton,MCLPE,"IMRR, TZPR, TPW",rr:IMRR rr:TZPR rr:TPW,1287,
UP,MTYC-##,Marshalltown,leaving,Beverly,,"Cedar Rapids, CIC, Shell Rock, Osage Subdivision, Armour, Waterloo Bryant Yard, Oelwein, South Amana, Iowa City IAIS, Wilton, Rock Island IAIS",id:1134 id:1753 rr:CIC id:2077 id:2650 id:1737 id:2651 id:2078 id:2402 id:2153 id:2403 id:2375,1287,
UP,MTYC-##,Marshalltown,leaving,BRC,MCBCH,MCBCH BRC block,ref:MCBCH:BRC,1287,
UP,MTYC-##,Beverly,created at,ALS,MYCAS,"ALS, TRRA, UP/BNSF St Louis, MER, West Labadie, Granite City Madison, Wood River UP, Alton UP",rr:ALS rr:TRRA rr:UP@1120 rr:BNSF@1120 rr:MER id:1867 id:1974 id:1125 id:3608,1753,
UP,MTYC-##,Global 3,created at,IHB,YYCIHB,"IHB, CFE, CRL",rr:IHB rr:CFE rr:CRL,1760,
UP,NLSF-##,North Little Rock,leaving,NS Sheffield,,"Manifest for NS Regions B1/B2/D1/D2, including NS Memphis",,1920|2621|3424,Manifest for NS Regions B1/B2/D1/D2; including NS Memphis
UP,NLSF-##,North Little Rock,leaving,NS auto loads (Loaded Autoracks for destinations in the NS Sheffield,,,class:auto,1920|2621|3424,NS auto loads (Loaded Autoracks for destinations in the NS Sheffield
UP,NLSF-##,North Little Rock,leaving,NS auto empties,,Empty Autoracks for destinations in the NS Sheffield block,class:auto,1920|2621|3424,Empty Autoracks for destinations in the NS Sheffield block
UP,NLSF-##,North Little Rock,leaving,Marion IM,,,id:1180 id:1448 id:1705 class:im,1920|2621|3424,
UP,NLSF-##,North Little Rock,leaving,NS SE IM,IMNME,"Jacksonville NS, Austell, Misc NS Southeast",id:1118 id:1244 region:NS:B1 region:NS:B2 region:NS:B3,1920|2621|3424,
UP,NLSF-##,North Little Rock,leaving,CSX SE IM,IMEME,"Winter Haven, Charlotte Pinoca, Jacksonville Duval, Fairburn, North Charleston Bennett, Misc CSX Southeast",id:1519 id:1907 id:1679 id:1261 id:1208 region:CSX:B,1920|2621|3424,
UP,LDBZ-##,Port Laredo,leaving,San Antonio,,"MSABZ Boone/Coluncil Bluffs blocks, all cars not covered by other blocks/trains",ref:MSABZ:Boone/Coluncil_Bluffs,1285,all cars not covered by other blocks/trains
UP,LDBZ-##,Port Laredo,leaving,North Platte,MSABZ,MSANP North Platte block,ref:MSANP:North_Platte,1285,
UP,LDBZ-##,Port Laredo,leaving,Englewood,MSAEW,MSAEW Englewood block,ref:MSAEW:Englewood,1285,
UP,LDBZ-##,Port Laredo,leaving,CN Autos,MBZCN,Autoracks for CN Eastern Canada and US,region:CN:East_of_Thunder_Bay region:CN:US class:auto,1285,
UP,LDNL-##,Port Laredo,leaving,North Little Rock,,"North Little Rock, Coffeyville, Council Bluffs, Sioux City, Mason City, Boone, Marshalltown, Gateway, Yard Center, Proviso, Butler service areas, DQE, CPKC MS/AL, MNBR, CSX Regions A/C/E, NS Regions A1/A2/A3/B2/C1/D2, BNSF TN/MS/AL, CN AL/MS/TN/MS/IL/Eastern US, CN Canada East of Thunder Bay ON",id:1920 id:2621 id:3424 id:2831 id:2832 id:1107 id:1115 id:1767 id:1768 id:2583 id:2584 id:3064 id:1351 id:2610 id:2611 id:2612 id:2613 id:2124 id:2125 id:3067 id:2839 id:2840 id:1287 id:1300 id:1161 id:1595 rr:DQE rr:CPKC:MS/AL rr:MNBR region:CSX:A region:CSX:C region:CSX:E region:NS:A1 region:NS:A2 region:NS:A3 region:NS:B2 region:NS:C1 region:NS:D2 rr:BNSF:TN/MS/AL rr:CN:AL/MS/TN/IL region:CN:Eastern_US region:CN:East_of_Thunder_Bay,1285,Butler service areas
UP,LDNL-##,Port Laredo,leaving,North Little Rock Autos,,"Marion Autos, Canton MS Autos, NS Southeast autos",id:1180 id:1448 id:1705 class:auto id:1084 class:auto rr:NS@2686 class:auto,1285,
UP,LDNL-##,Port Laredo,leaving,ALS Autos,MARAS/MBZAS,"Autoracks for CSX and NS IL/IN/MI/OH, Voltz, AA, CRMI",class:auto id:1205 rr:AA rr:CRMI,1285,CSX and NS IL/IN/MI/OH
UP,LDHO-##,Kirby Yard,leaving,Settegast,,"PTRA, Houston Basin UP/BNSF/CPKC,  Houston Glass UP/BNSF/CPKC, Houston Tower 86, Houston Market St UP/BNSF/CPKC,  Houston Greens Bayou Pass, Channelview Smith Pass, Channelview Arco Ind Lead, Houston Old City [Booth], Houston Strang, Houston Sinco",rr:PTRA id:1374 id:3008 id:3009 id:3010 id:3011 id:3012 id:1383 id:1378 id:3017 id:3018 id:3013 id:3014 id:3015 id:1935 id:1982 id:3778 id:3779 id:2322,2239,
UP,LDHO-##,Kirby Yard,leaving,Kirby,,Loaded autoracks for San Antonio Kirby,id:2239 class:auto,2239,
UP,LDHO-##,Kirby Yard,leaving,Livonia,,MSALI Livonia,ref:MSALI:Livonia,2239,
UP,LDHO-##,Kirby Yard,leaving,Englewood,YKB82,Overflow MSAEW Englewood block,ref:MSAEW:Englewood,2239,
UP,LDDI-##,"Port Laredo, with IM grouped by destination",leaving,Ft Worth,MSAFW,"Dallas/Ft Worth, Mesquite manifest, Ennis, OK, El Paso, Amarillo, NM, CA, NV, UT, KS, MO",id:1795 id:1797 id:1846 id:1938 id:3748 id:1023 id:1847 id:1888 id:1904 id:3248 id:3249 id:3250 id:3251 id:3252 id:3532 id:3535 id:1845 id:2037 st:OK id:1779 id:1799 id:2099 id:1394 id:1443 id:1716 id:2632 id:2633 id:3126 id:3127 id:3128 id:3129 st:NM st:CA st:NV st:UT st:KS st:MO,,
UP,LDDI-##,"Port Laredo, with IM grouped by destination",leaving,Peach Yard,MSAFW,"Chico, Ft. Worth Tower 55 UP, FWWR",id:3534 id:1847 rr:FWWR,,
UP,LDDI-##,"Port Laredo, with IM grouped by destination",leaving,Arlington GM,,"Arlington Garrett autoracks, autobox , flat car frames",id:1918 class:auto,,autobox; flat car frames
UP,LDDI-##,"Port Laredo, with IM grouped by destination",leaving,Reisor,MDARE,"Shreveport, Mansfield Paper Mill, Port of Caddo-Bossier, CPKC OK/MS/AL, Texarkana, Longview UP, Longview Eastman UP, Brodie, Longview Greggton, Waskom TX",id:1153 id:1282 id:1401 id:2398 id:2395 id:2396 id:2397 rr:CPKC:OK/MS/AL id:1251 id:1044 id:2734 id:3154 id:2399,,
UP,LDDI-##,"Port Laredo, with IM grouped by destination",leaving,Mesquite Autos,IMQMQ,,id:1845 class:auto,,
UP,LDDI-##,"Port Laredo, with IM grouped by destination",leaving,Dallas Intermodal Terminal IM,,,id:1938 class:im,,
UP,LDDI-##,"Port Laredo, with IM grouped by destination",leaving,SAIT IM,,"Lathrop, East LA, ICTF, Portland Brooklyn, Houston Barbour's Cut, SAIT baretables, East LA baretables, Detroit Livernois IM, Yard Center IM, Louisville CSX IM",id:1857 id:1588 id:1001 id:1866 id:1812 id:2528 id:3780 id:1697 id:2097 id:2098 class:im id:1161 class:im id:2900 class:im,,SAIT baretables; East LA baretables
UP,LDDI-##,"Port Laredo, with IM grouped by destination",leaving,Marion IM/Baretables,ZYCAS,,class:im,,Marion IM/Baretables
UP,LDDI-##,"Port Laredo, with IM grouped by destination",leaving,CSX SE IM,ZYCAS,"Winter Haven, Jacksonville Duval, Charlotte Pinoca, Misc CXS southeast IM",id:1519 id:1679 id:1907 class:im,,Misc CXS southeast
UP,RVEP-##,Roseville,leaving,Ft Worth,MEPFW,"Traffic for Ft Worth, Settegast, San Antonio, Shreveport Reisor service area [Englewood block preferred for any areas shared by Englewood and Settegast]",id:3480 id:2239 id:2242 id:3118 id:3119 id:3432,3503,Shreveport Reisor service area [Englewood block preferred for any areas shared by Englewood and Settegast]
UP,RVEP-##,Roseville,leaving,Ft Worth Loaded Autos,MEPFW,"Loaded Autoracks for Dallas/Ft Worth, Mesquite, NS/CSX Southeast",id:1795 id:1797 id:1846 id:1938 id:3748 id:1023 id:1847 id:1888 id:1904 id:3248 id:3249 id:3250 id:3251 id:3252 id:3532 id:3535 class:auto id:1845 region:NS:B1 region:NS:B2 region:NS:B3 region:CSX:B,3503,
UP,RVEP-##,Roseville,leaving,Englewood,MWCSA,"Houston Englewood, Houston Eureka, Houston Melendy, Houston Fairbanks, Houston Galena, Houston Pasadena, Houston Deer Park, Houston Bayport, Houston Seabrook, Spring, Westfield, BNSF Houston, Port Arthur, Tenaha BNSF, Longview BNSF, Longview Eastman BNSF",id:1372 id:3784 id:1460 id:1372 id:1372 id:1878 id:3729 id:2529 id:3334 id:3343 id:3351 id:2530 id:3772 id:3773 id:3774 id:2531 id:1375 rr:BNSF@1372 rr:BNSF@1374 rr:BNSF@1378 rr:BNSF@1383 rr:BNSF@1460 rr:BNSF@1812 id:1241 id:1617 id:2217 id:2333 id:2393 id:2733 id:2735,3503,
UP,RVEP-##,Roseville,leaving,Livonia,MEPEW,"Livonia and New Orleans service areas, including CN LA",,3503,Livonia and New Orleans service areas; including CN LA
UP,RVEP-##,Roseville,leaving,Yermo,,Overflow MRVWC Yermo,ref:MRVWC:Yermo,3503,
UP,NPNY-##,North Platte,leaving,North Yard,,"CO, Potash UT, DRIR",st:CO id:2782 rr:DRIR,1683,
UP,NPNY-##,North Platte,leaving,Pueblo,MNYPU,"Pueblo UP/BNSF, Rio Grande Cement Spur UP/BNSF, Parkdale, Walsenburg UP/BNSF",id:3323 id:3324 id:3328 id:3329 id:3330 id:3331 id:3327 id:3332 id:3333,1683,
UP,NPNY-##,North Platte,leaving,Cheyenne,,"Cheyenne UP/BNSF, SRRR, Carr CO, BNSF WY, BNSF MT, Dore, ND",id:1874 id:2844 rr:SRRR id:1633 rr:BNSF:WY rr:BNSF:MT id:2230 st:ND,1683,
UP,NPNY-##,Cheyenne,added at,CY North Yard,,"WY, CO, OR, ID, WA, Potash UT",st:WY not:RCPE st:CO st:OR st:ID st:WA id:2782,1874|2844,
UP,NPNY-##,Cheyenne,added at,BNSF,,UP-handled cars for BNSF CO,,1874|2844,UP-handled cars for BNSF CO
UP,ITPS-##,Itasca,leaving,South St Paul,,"MN, IA, NM, AZ, KS, MO, ND, SD, Eastern MT, NE, TX, CPKC Regions 1/2/3/4/5/6 except no Duluth/Superior, Eagle Pass, Mexico Eagle Pass UP",st:MN st:IA st:NM st:AZ st:KS st:MO st:ND st:SD st:NE st:TX id:1608 id:2447,2475,Eastern MT; CPKC Regions 1/2/3/4/5/6 except no Duluth/Superior
UP,ITPS-##,Itasca,leaving,North Platte,MSSNP,"ID, OR, WA, CA, NV, UT, CO, Western MT, North Platte, Sidney UP",st:ID st:OR st:WA st:CA st:NV st:UT st:CO st:MT id:1683 id:1199,2475,
UP,ITPS-##,Itasca,leaving,"Parsons (Parsons, Coffeville UP/SKOL, Pittsburg SKOL, Mexico Laredo UP, Eagle Pass UP, Mexico Eagle Pass UP, TX, OK, AR, UP LA, CN TN/MS/AL/LA, CPKC LA/TX/MS/AL, NS Regions B2/B3, BNSF TN/MS/AL) - No CSX, No Amarillo/El Paso",,,,2475,"Parsons (Parsons, Coffeville UP/SKOL, Pittsburg SKOL, Mexico Laredo UP, Eagle Pass UP, Mexico Eagle Pass UP, TX, OK, AR, UP LA, CN TN/MS/AL/LA, CPKC LA/TX/MS/AL, NS Regions B2/B3, BNSF TN/MS/AL) - No CSX, No Amarillo/El Paso"
UP,NPSA-##,NP,leaving,San Antonio,,San Antonio service area,id:2239 id:2242 id:3118 id:3119 id:3432,,
UP,NPSA-##,NP,leaving,KCSM,,Mexico Laredo UP,id:2482,,
UP,NPSA-##,NP,leaving,Eagle Pass,,"Eagle Pass, Mexico Eagle Pass",id:1608 id:2446 id:2447,,
UP,NPSA-##,NP,leaving,Englewood,MPSEW,"Houston Englewood, Lake Charles, Tenaha/Longview BNSF service areas",id:1372 id:3784 id:3277 id:3278,,Tenaha/Longview BNSF service areas
UP,NPSA-##,NP,leaving,Settegast,MPSEW,Settegast service area,id:3480,,
UP,NPSA-##,NP,leaving,Parsons,,"Parsons, Muskogee, Denison service areas [no DQE], overflow MNPHN Ft Worth block",id:2833 id:1231 id:2110 ref:MNPHN:Ft_Worth,,Denison service areas [no DQE]
UP,WCRV-##,West Colton,leaving,Roseville,,"Northern California, OR, WA, Plummer ID, STMA, West Sacramento SERA, I-5 Corridor, overflow Stockton, Reno, Sparks, Fernley NV",st:CA st:OR st:WA id:2199 rr:STMA id:3114 catchall id:1141 id:2338 id:1131 id:2337,1255,I-5 Corridor; Reno
UP,WCRV-##,West Colton,leaving,Stockton,,"Stockton, Lathrop, Tracy, Riverbank, Oakdale, MET, SERA, CCT, STE, Mariposa",id:1353 id:1354 id:2377 id:2934 id:1857 id:1783 id:2023 id:2024 rr:MET rr:SERA rr:CCT rr:STE id:1313,1255,
UP,WCRV-##,West Colton,leaving,Fresno,,"Fresno, Bakersfield, SJVR, Tulare, Goshen",id:1021 id:1201 id:2321 id:1013 id:1015 id:1133 id:1984 rr:SJVR id:1168 id:1651,1255,
UP,WCRV-##,West Colton,leaving,SJVR Bakersfield,MBKBK,"Bakersfield Oildale, Bakersfield Landco, Rogas, Gulf, Levee",id:1133 id:1984 id:2329 id:2327 id:2328,1255,
UP,WCRV-##,Fresno/Stockton,created at,North Platte,,Overflow MFRRV North Platte,ref:MFRRV:North_Platte,1021|1201|2321|1353|1354|2377|2934,
UP,RVNP-##,Roseville,leaving,Sparks,,"Sparks, North Reno, Fernley",id:1141 id:2338 id:2213 id:1131 id:2337,3503,
UP,RVNP-##,Roseville,leaving,Ogden,,"Elko, Battle Mountain, Osino, Winnemucca, Colado, Empire, UT, ID, overflow Las Vegas, overflow Eastern OR/WA",id:3791 id:3792 id:3794 id:3795 id:3793 id:3796 id:3797 id:3798 st:UT st:ID catchall catchall,3503,
UP,RVNP-##,Roseville,leaving,Ogden Loaded Autos,,Loaded autoracks for destinations in the Ogden block,class:auto,3503,destinations in the Ogden block
UP,RVNP-##,Roseville,leaving,Green River,,"WY, CO, Potash UT, BNSF Laurel service area",st:WY not:RCPE st:CO id:2782 rr:BNSF@1894,3503,
UP,RVNP-##,Roseville,leaving,North Platte Loaded Autos,,Loaded autoracks for destinations East of North Platte,class:auto,3503,destinations East of North Platte
UP,RVNP-##,Roseville,leaving,North Platte,MBFNPS,Overflow MRVNP North Platte,ref:MRVNP:North_Platte,3503,
UP,RVNP-##,Ogden,created at,Ogden Green River,,"Green River, Rock Springs, Westvaco Trona",id:1393 id:1340 id:1875,1842|2168,
UP,RVNP-##,Ogden,created at,North Yard,,"CO, WY, Billings MT, Fairview MT, Dore ND, Potash UT",st:CO st:WY not:RCPE id:1893 id:2335 id:2230 id:2782,1842|2168,
UP,RVNP-##,Cheyene,created at,WY North Platte,,overflow MBFNPS,catchall,,
UP,NYGR-##,Denver North Yard,leaving,Green River,,"Green River, Westvaco Trona Mine, Rock Springs, ID, OR, WA, CA, Sparks NV, Reno NV, CPKC Region 5",id:1393 id:1875 id:1340 st:ID st:OR st:WA st:CA id:1141 id:2338 region:CPKC:5,1770,Reno NV
UP,NYGR-##,Denver North Yard,leaving,I-5 Corridor,MGRPC,"BNSF WA/ID/MT West of Billings, CN BC/AB/SK, CPKC Region 6",rr:BNSF:WA/ID/MT rr:CN:BC/AB/SK region:CPKC:6,1770,
UP,NYGR-##,Denver North Yard,leaving,Montpelier,,Conda ID,id:2779,1770,
UP,NYGR-##,Denver North Yard,leaving,Ogden,MGRRV,"UT, NV, MNPWC West Colton",st:UT st:NV ref:MNPWC:West_Colton,1770,
UP,NYGR-##,Denver North Yard,leaving,Elko,MGRRV,Elko and Sparks service areas,,1770,Elko and Sparks service areas
UP,GRRV-##,Green River,leaving,Roseville,,CA,st:CA,1393,
UP,GRRV-##,Green River,leaving,Elko,,Elko and Sparks service areas,,1393,Elko and Sparks service areas
UP,GRRV-##,Green River,leaving,Ogden,,"UT, NV",st:UT st:NV,1393,
UP,GRRV-##,Green River,leaving,Roper Yard,,Salt Lake City,id:1009 id:1325 id:2361 id:2362 id:3755,1393,
UP,GRRV-##,Green River,leaving,West Colton,,MNPWC West Colton,ref:MNPWC:West_Colton,1393,
UP,GRRV-##,Green River,leaving,NV Roseville,,"CA, OR, BC, CN AB/SK, CPKC regions 4 and 5, overflow Ogden traffic",st:CA st:OR st:BC rr:CN:AB/SK catchall,1393,CPKC regions 4 and 5
UP,FWHN-##,Davidson,leaving,Topeka,,"Topeka, Kansa City, North Platte service areas, CPKC IA, NS Region C2",id:4002 rr:CPKC:IA region:NS:C2,2973,Kansa City; North Platte service areas
UP,FWHN-##,Davidson,leaving,Wichita,,"Wichita, Council Bluffs, Boone, Mason City, Marshalltown, Valley Park, South St Paul service areas",id:2824 id:2825 id:2826 id:2829 id:1107 id:1115 id:1767 id:1768 id:2583 id:2584 id:3064 id:2839 id:2840 id:2124 id:2125 id:3067 id:1287 id:2356,2973,South St Paul service areas
UP,FWHN-##,Wichita,created at,Herington,,"Herington, El Paso, Tucson, Council Bluffs, Boone, Mason City, Marshalltown, Valley Park, South St Paul service areas",id:3170 id:1779 id:1799 id:2099 id:1477 id:1107 id:1115 id:1767 id:1768 id:2583 id:2584 id:3064 id:2839 id:2840 id:2124 id:2125 id:3067 id:1287 id:2356,2824|2825|2826|2829,South St Paul service areas
UP,FWHN-##,Wichita,created at,WT Topeka,MTPNS/MTPKC,"Kansas City, North Little Rock, Livonia service areas, CPKC OK/IA, All NS Regions except C3",id:1059 id:1169 id:1200 id:1214 id:1218 id:1227 id:1229 id:1301 id:1620 id:1817 id:1889 id:2011 id:1920 id:2621 id:3424 rr:CPKC:OK/IA,2824|2825|2826|2829,Livonia service areas; All NS Regions except C3
UP,FWHN-##,Wichita,created at,North Platte,MHNTP,"North Platte service area, Laurel BNSF service area",id:1683 id:1894,2824|2825|2826|2829,
UP,FWHN-##,Wichita,created at,ALS,ITUG4,"All CSX, St Louis/Chicago, CN Canada East of Thunder Bay, CN IL/MS/TN/AL/Eastern US, CPKC Region 1",all:CSX id:1004 id:1277 id:1562 id:1736 id:2045 id:2174 id:2391 id:3617 id:1055 id:1066 id:1072 id:1088 id:1092 id:1094 id:1098 id:1161 id:1222 id:1278 id:1279 id:1305 region:CN:East_of_Thunder_Bay region:CPKC:1,2824|2825|2826|2829,CN IL/MS/TN/AL/Eastern US
UP,DAFW-##,Miller,leaving,Fort Worth,,All outbound traffic not covered by other trains/blocks,,1846|2391,
UP,DAFW-##,Miller,leaving,Englewood,MFWEW,"Houston Sinco, Houston Englewood, Houston Eureka, Houston Melendy, Houston Fairbanks, Houston Galena, Houston Deer Park, Spring, Westfield, Hearne, Port Aurthur, Westlake/Mossville LA, BNSF Houston",id:2322 id:1372 id:3784 id:1460 id:1372 id:1372 id:1878 id:3729 id:3351 id:2531 id:1375 id:2033 id:1241 id:1617 id:2217 id:1563 id:1987 id:2358 rr:BNSF@1372 rr:BNSF@1374 rr:BNSF@1378 rr:BNSF@1383 rr:BNSF@1460 rr:BNSF@1812,1846|2391,
UP,DAFW-##,Miller,leaving,North Little Rock,,Overflow MDARE North Little Rock,ref:MDARE:North_Little_Rock,1846|2391,
UP,DAFW-##,Miller,leaving,Livonia,,Overflow MDARE Livonia,ref:MDARE:Livonia,1846|2391,
UP,ENEN-##,Ennis,leaving,DIT,,Dallas Intermodal Terminal IM/manifest traffic,class:im,2037,Dallas Intermodal Terminal IM/manifest traffic
UP,ENEN-##,Ennis,leaving,North Little Rock,MDARE,MDARE North Little Rock block,ref:MDARE:North_Little_Rock,2037,
UP,ENEN-##,Ennis,leaving,Livonia,MDARE,MDARE Livonia block,ref:MDARE:Livonia,2037,
UP,ENEN-##,Ennis,leaving,Englewood,MDAFW,MDAFW Englewood block,ref:MDAFW:Englewood,2037,
UP,ENEN-##,Ennis,leaving,Dallas,,All other traffic not covered by other trains/blocks,catchall,2037,
UP,DARE-##,Longview,added at,Little Rock,,"AR, LA, IA, KS, MO, SD, ND, MN, WI, IL, IN, CSX Regions A/C/E, BNSF TN/MS/AL, All CN except LA, All NS except Region B3",st:AR st:LA st:IA st:KS st:MO st:SD st:ND st:MN st:WI st:IL st:IN region:CSX:A region:CSX:C region:CSX:E rr:BNSF:TN/MS/AL all:CN not:CN:LA all:NS not:region:NS:B3,1044|2208|2733|2734|2735|3154,
UP,DARE-##,Longview,added at,Englewood,,MNLEW Englewood,ref:MNLEW:Englewood,1044|2208|2733|2734|2735|3154,
UP,NPRV-##,North Platte,leaving,Roseville,,"CA, West Sacramento SERA",st:CA id:3114,1683,
UP,NPRV-##,North Platte,leaving,Stockton,,"Stockton UP, STE, MET, SERA, Modesto UP, Lathrop, Tracy, CCT, BNSF Mariposa/Rivebank/Modesto BNSF/Stockton BNSF/Pittsburg BNSF",id:1354 rr:STE rr:MET rr:SERA id:3462 id:1857 id:1783 rr:CCT,1683,BNSF Mariposa/Rivebank/Modesto BNSF/Stockton BNSF/Pittsburg BNSF
UP,NPRV-##,North Platte,leaving,Fresno,,"Fresno, SJVR, Bakersfield, Goshen, Tulare",id:1021 id:1201 id:2321 rr:SJVR id:1013 id:1015 id:1133 id:1984 id:1651 id:1168,1683,
UP,NPRV-##,North Platte,leaving,Oakland,,"Oakland UP, RPRC, Warm Springs, Permanente, Newark San Jose, Watsonville, Watsonville Jct, Hollister, Salinas, Redwood City, North San Jose, Milpitas manifest",id:1566 rr:RPRC id:1789 id:2534 id:2608 id:1790 id:2600 id:2601 id:2535 id:3163 id:1213,1683,Newark San Jose
UP,NPRV-##,North Platte,leaving,Sparks,,"Sparks, Fernley, North Reno, [overflow North Platte from Elko]",id:1141 id:2338 id:1131 id:2337 id:2213,1683,[overflow North Platte from Elko]
UP,NPRV-##,North Platte,leaving,Elko,,"Elko, Battle Mountain, Osino, Winnemucca, Colado, Empire",id:3791 id:3792 id:3794 id:3795 id:3793 id:3796 id:3797 id:3798,1683,
UP,NPRV-##,Sparks/Elko,created at,NV Roseville,,"CA, OR, WA, MT, CPKC Regions 4/5/6, CN BC/AB/SK, BNSF WA/ID/MT West of Billings",st:CA st:OR st:WA st:MT region:CPKC:4 region:CPKC:5 region:CPKC:6 rr:CN:BC/AB/SK rr:BNSF:WA/ID/MT,1141|2338|3791|3792,
UP,NPRV-##,Sparks/Elko,created at,NV ROSV,,Overflow MGRRV Roseville,ref:MGRRV:Roseville,1141|2338|3791|3792,
UP,NPPC-##,North Platte,leaving,Pocatello,,Pocatello service area,id:1843,1683,
UP,NPPC-##,North Platte,leaving,Minidoka,,"Rupert, Buhl, Burley, Delco, Martin, Wendell",id:3467 id:3472 id:3469 id:3470 id:3471 id:3468,1683,
UP,NPPC-##,North Platte,leaving,Hinkle,,Overflow MNPPD,catchall,1683,
UP,FWLI-##,Davidson,leaving,Livonia,,"UP Southeast LA, New Orleans, CPKC Reserve/Baton Rouge/Baton Rouge D Line/Shrewsbury, CN LA, CSX Regions B/D, NS Region B3, overflow Westlake/Mossville",rr:UP:LA id:1422 id:1423 id:1424 id:1425 id:1426 id:1858 id:2181 id:2727 id:2937 id:2938 id:1902 id:1890 id:1931 id:2301 id:2302 id:2301 id:1424 rr:CN:LA region:CSX:B region:CSX:D region:NS:B3 catchall,2973,
UP,PRNL-##,Proviso,leaving,Yard Center,,"Yard Center, Chicago Heights UP, Canal Street, IHB, MYCAS Villa Grove, Rochelle Global 3, Rochelle BNSF, overflow BRC interchange, overflow MPRNP Marshalltown, overflow MPRAS ALS",id:1161 id:2038 id:1094 rr:IHB ref:MYCAS:Villa_Grove id:1760 id:2112 catchall ref:MPRNP:Marshalltown ref:MPRAS:ALS,1595,
UP,PRNL-##,Proviso,leaving,North Little Rock,,"AR, OK, TX, CN TN/MS/AL/LA, BNSF TN/MS/AL",st:AR st:OK st:TX rr:CN:TN/MS/AL/LA rr:BNSF:TN/MS/AL,1595,
UP,PRNL-##,Yard Center,created at,Salem,,"Salem, EVWR, Mt Vernon UP, Mt Vernon NS, COER",id:1892 rr:EVWR id:3002 id:3003 rr:COER,,
UP,PRNL-##,Pine Bluff,created at,PB NLR,,Overflow MSFNL NLR,ref:MSFNL:NLR,1081|3340,
UP,PRNL-##,Pine Bluff,created at,Settegast,,Overflow MSFNL Settegast,ref:MSFNL:Settegast,1081|3340,
UP,PRNL-##,Pine Bluff,created at,Lufkin,,Overflow MSFNL Lufkin,ref:MSFNL:Lufkin,1081|3340,
UP,TTNL-##,Salem,leaving,CN NLR,,AR/LA/TX,st:AR st:LA st:TX,1892,
UP,TTNL-##,Salem,leaving,Englewood,,Englewood service area,id:1372 id:3784,1892,
UP,SRHO-##,Strang,leaving,Settegast,,"Hyper-local traffic for Houston Basin/Glass and PTRA connections, OR, WA, ID, CO, North Platte, Sidney UP, Mexico Laredo CPKC, Kendleton, Laredo CPKC, MN, ND, WI,  CPKC Regions 2/3/4/5/6, DMVW, CN Thunder Bay ON Westward, CN WI/MN, overflow MSREW",st:OR st:WA st:ID st:CO id:1683 id:1199 id:2484 id:2557 id:2050 st:MN st:ND st:WI region:CPKC:2 region:CPKC:3 region:CPKC:4 region:CPKC:5 region:CPKC:6 rr:DMVW region:CN:Thunder_Bay_Westward rr:CN:WI/MN catchall,1982|3778|3779,Hyper-local traffic for Houston Basin/Glass and PTRA connections
UP,SRHO-##,Strang,leaving,Livonia,,"LA, Waskom TX, Tenaha UP TX, Texarkana UP/CPKC, CPKC MS/AL, CN LA, CSX Regions B/D, NS Regions B1/B3/D1",st:LA id:2399 id:2394 id:1251 id:1729 rr:CPKC:MS/AL rr:CN:LA region:CSX:B region:CSX:D region:NS:B1 region:NS:B3 region:NS:D1,1982|3778|3779,
UP,SRHO-##,Strang,leaving,ALS,MHOAS,MHOAS ALS block,ref:MHOAS:ALS,1982|3778|3779,
UP,SRHO-##,Strang,leaving,North Little Rock,MHONL,MHONL North Little Rock block,ref:MHONL:North_Little_Rock,1982|3778|3779,
UP,SREW-##,Strang Yard,leaving,Ft Worth,,Overflow MSRSP Ft Worth,ref:MSRSP:Ft_Worth,1982|3778|3779,
UP,SREW-##,Strang Yard,leaving,Englewood,,"CA, NV, UT, Mexico Eagle Pass UP, Eagle Pass, Spofford, Mexico Laredo UP, Port Laredo, Gardendale, San Antonio, Gonzales, Houston Eureka/Fairbanks/Melendy",st:CA st:NV st:UT id:2447 id:1608 id:2730 id:2482 id:1285 id:2481 id:2239 id:2242 id:3118 id:3119 id:3432 id:1160,1982|3778|3779,Houston Eureka/Fairbanks/Melendy
UP,TUWC-##,Tuscon,leaving,West Colton,,"West Colton, Roseville, Ogden, Green River, Denver, Albina, Seattle, I-5 Corridor, CPCK Eastport service areas",id:1255 id:1484 id:1842 id:2168 id:1393 id:1718 id:1769 id:1770 id:1800 id:1976 id:1977 id:1978 id:1979 id:1980 id:1981 id:2407 id:1302 id:1481 id:1538 id:1803 id:2008,,I-5 Corridor; CPCK Eastport service areas
UP,HNPX-##,Herington,leaving,Dalhart,,"Amarillo, BNSF NM, Dalhart, Hooker, Santa Rosa",id:1394 id:1443 id:1716 id:2632 id:2633 id:3126 id:3127 id:3128 id:3129 rr:BNSF:NM id:3715 id:3716 id:3718 id:3717,3170,
UP,HNPX-##,Herington,leaving,Alfalfa,,"El Paso, Mexico El Paso, Santa Teresa, Mira Loma autos [LA, AR, TX from Dalhart]",id:1779 id:1799 id:2099 id:2486 id:2487 id:1403 class:auto st:AR,3170,Mira Loma autos [LA; TX from Dalhart]
UP,HNPX-##,Herington,leaving,Tuscon,,"Tuscon, Southern CA, [Las Vegas area, alternate route Northern CA from Dalhart]",id:1477,3170,Southern CA; [Las Vegas; alternate route Northern CA from Dalhart]
UP,HNPX-##,Herington,leaving,Mexico Nogalez,,,,3170,Mexico Nogalez
UP,HNPX-##,Herington,leaving,Phoenix,,,id:1345 id:1536 id:1537 id:1565 id:2707,3170,
UP,HNPX-##,Herington,leaving,Santa Rosa,,Loaded autoracks for Santa Rosa,id:3717 class:auto,3170,
UP,HNPX-##,Santa Rosa,created at,Alfalfa Autos,,"All outbound empty autoracks, mostly billed to Mexico El Paso UP, Mexico Nogales, and San Antonio TMMTX UP",class:auto id:2489,3717,mostly billed to Mexico El Paso UP; and San Antonio TMMTX UP
UP,BZCN-##,Brazos,leaving,CN Autos,,Autoracks for CN Eastern Canada and US,region:CN:East_of_Thunder_Bay region:CN:US class:auto,3545,
UP,BZCN-##,Brazos,leaving,Yard Center Autos,,"Autoracks for Chicago Heights, CPKC Ontario",id:2038 id:2424 class:auto rr:CPKC@3405,3545,
UP,BZCN-##,Brazos,leaving,West Chicago Autos,,Autoracks for West Chicago,id:2028 id:2029 id:2451 class:auto,3545,
UP,ASPR-##,Gateway,leaving,Villa Grove,,"Villa Grove, Royal, Tuscola UP,Shelbyville IL, DREI, TPW",id:2811 id:2813 id:2810 id:2812 rr:DREI rr:TPW,1300|2336,
UP,ASPR-##,Gateway,leaving,Proviso,,"IA, MN, IL, WI, RCPE, CRL, IHB overflow MASYC",st:IA st:MN st:IL st:WI rr:RCPE rr:CRL,1300|2336,IHB overflow MASYC
UP,ASPR-##,Gateway,leaving,Proviso Loaded Autos,,Loaded autoracks for destinations in Proviso block,class:auto,1300|2336,destinations in Proviso block
UP,ASPR-##,Gateway,leaving,CPKC,,"CPKC Regions 1/2/3/4/5/6, DMVW, RRVW, CP IA",region:CPKC:1 region:CPKC:2 region:CPKC:3 region:CPKC:4 region:CPKC:5 region:CPKC:6 rr:DMVW rr:RRVW rr:CP:IA,1300|2336,
UP,ASPR-##,Gateway,leaving,CN Gary,,CN Chicago/ON/QC/NS/NF/IN/MI/OH/PA/NY/IA,,1300|2336,CN Chicago/ON/QC/NS/NF/IN/MI/OH/PA/NY/IA
UP,ASYC-##,Gateway,leaving,Yard Center Autoracks,,"Autoracks for Chicago Heights, overflow Proviso Autos",id:2038 id:2424 class:auto catchall class:auto,1300|2336,
UP,ASYC-##,Gateway,leaving,Yard Center,,"Yard Center, Chicago Heights, Canal Street, IA, CN Canada/WI/MN/IA, GRW, Peoria UP/TWP, Mapleton UP, Bartonville IL, Rochelle Global 3, Rochelle BNSF, BRC, CSS, SCIH, overflow MASPR",id:1161 id:2038 id:2424 id:1094 st:IA rr:GRW id:3665 id:3663 id:1760 id:2112 rr:BRC rr:CSS rr:SCIH catchall,1300|2336,CN Canada/WI/MN/IA; Peoria UP/TWP
UP,ASYC-##,Gateway,leaving,CN Autos,IYCCN,Autoracks for CN Eastern Canada and US,region:CN:East_of_Thunder_Bay region:CN:US class:auto,1300|2336,
UP,ASLI-##,Gateway,leaving,Livonia,,"South LA UP, CPKC Reserve/Baton Rouge/Baton Rouge D Line/New Orleans Shrewsbury, CN LA, Port Arthur UP/CPKC/Williams",id:3099 id:1902 id:1890 id:1931 id:2301 id:2302 id:2301 id:1424 rr:CN:LA id:1617 id:1241 not:CSX,1300|2336,
UP,ASLI-##,Gateway,leaving,Beaumont,MLIBT/MLILK,Port Arthur,id:1241 id:1617 id:2217 id:2333,1300|2336,
UP,ASLI-##,Gateway,leaving,KCSM (Mexico Laredo UP ONLY,MPBEY/MMNMX,,,1300|2336,KCSM (Mexico Laredo UP
UP,ASLI-##,Pine Bluff,added at,AR Livonia,,"South LA UP, CPKC Reserve/Baton Rouge/Baton Rouge D Line/New Orleans Shrewsbury, CN LA, NS Region B3",id:3099 id:1902 id:1890 id:1931 id:2301 id:2302 id:2301 id:1424 rr:CN:LA region:NS:B3,1081|3340,
UP,ASLI-##,Pine Bluff,added at,Livonia Autos,,Loaded autoracks for Port Allen,id:1678 class:auto,1081|3340,
UP,ASNL-##,Gateway,leaving,Little Rock,,"AR, OK, TX, Tenaha UP, Coffeyville UP/SKOL, Pittsburg SKOL, Eagle Pass, Mexcio Eagle Pass UP, overflow MASEW, overflow MASLI",st:AR st:OK st:TX id:2394 id:2831 id:2832 rr:SKOL:KS id:1608 catchall catchall,1300|2336,Mexcio Eagle Pass UP
UP,ASNL-##,Gateway,leaving,Settegast,,"Settegast service area, including overflow for destinations served by both Englewood and Settegast",id:3480,1300|2336,including overflow for destinations served by both Englewood and Settegast
UP,CCBZ-##,Spring,leaving,Ft Worth,,"Traffic for Ft Worth, El Paso, Montclair, City of Industry, East Los Angeles, Long Beach, Wichita, Herington, Kansas City service areas",id:1779 id:1799 id:2099 id:3806 id:1095 id:1588 id:1014 id:1149 id:2514 id:2515 id:2516 id:2517 id:3090 id:3091 id:3092 id:3093 id:3094 id:3095 id:2824 id:2825 id:2826 id:2829 id:3170,2531,Kansas City service areas
UP,PSEW-##,Parsons,leaving,Englewood,,"Englewood service area, BNSF Longivew/Tenaha service areas, any Houston locations served by both Settegast and Englewood",id:1372 id:3784,2833,BNSF Longivew/Tenaha service areas; any Houston locations served by both Settegast and Englewood
UP,PSEW-##,Parsons,leaving,Settegast,,Settegast service area,id:3480,2833,
UP,PSEW-##,Parsons,leaving,Muskogee,,"Muskogee, Coffeyville, and Denison service areas, BNSF Tulsa, OKC, Gainesville service areas",id:1231 id:2110 id:2831 id:2832 rr:BNSF@2184 rr:BNSF@3038 rr:BNSF@3039,2833,and Denison service areas; OKC; Gainesville service areas
UP,PSEW-##,Parsons,leaving,Ft Worth,MPTDN,Overflow MPSFW,catchall,2833,
UP,HONL-##,Settegast,leaving,Englewood - NLR: 0.8,,,,3480,Englewood - NLR: 0.8
UP,HONL-##,Settegast,leaving,Little Rock,,"Little Rock, Coffeyville, Kansas City, Council Bluffs, Sioux City, Boone, Mason City, Marshalltown service areas, CPKC IA, DQE, CSX Region C, NS Regions B2/D2, CN IL/TN/MS/Eastern US/Canada East of Thunder Bay ON, BNSF TN/MS/AL",id:3425 id:3426 id:2831 id:2832 id:1169 id:1200 id:1229 id:1620 id:1889 id:1107 id:1115 id:1767 id:1768 id:2583 id:2584 id:3064 id:1351 id:2610 id:2611 id:2612 id:2613 id:2839 id:2840 id:2124 id:2125 id:3067 rr:CPKC:IA rr:DQE region:CSX:C region:NS:B2 region:NS:D2 rr:CN:IL/TN/MS region:CN:Eastern_US region:CN:East_of_Thunder_Bay rr:BNSF:TN/MS/AL,3480,Marshalltown service areas
UP,FXAS-##,Fairfax,leaving,ALS,,"All CSX, Gateway, Yard Center, Proviso, Butler, Livonia, New Orleans service areas, CPKC Region 1, CN Northeast US, CN Canada East of Thunder Bay, autoracks for these destinations",all:CSX id:1300 id:1161 id:1595 id:2990 id:1959 id:3833 region:CPKC:1 region:CN:East_of_Thunder_Bay class:auto,2641,New Orleans service areas; CN Northeast US; these destinations
UP,DMNL-##,Des Moines,leaving,North Little Rock,,"North Little Rock, Pine Bluff, Shreveport service areas, BNSF TN/MS/AL, NS Region B2, CN TN/MS/AL, DQE",id:1920 id:2621 id:3424 id:1081 id:3340 rr:BNSF:TN/MS/AL region:NS:B2 rr:CN:TN/MS/AL rr:DQE not:CSX,1046|2719|2720|2721|2726|3693,Shreveport service areas
UP,DMNL-##,Des Moines,leaving,Eagle Pass,MNPSA,"Eagle Pass, Mexico Eagle Pass UP",id:1608 id:2447,1046|2719|2720|2721|2726|3693,
UP,DMNL-##,Des Moines,leaving,Ft Worth,MPSFW,"Dallas, Arlington, Ft Worth, Ennis, Hearne, Benchley, Easterly, Bryan, West Hearne, Chico, Mesquite",id:1795 id:1797 id:1846 id:1938 id:3748 id:1110 id:1918 id:1023 id:1847 id:1888 id:1904 id:3248 id:3249 id:3250 id:3251 id:3252 id:3532 id:3535 id:2037 id:2033 id:2553 id:2555 id:2554 id:3537 id:3534 id:1845,1046|2719|2720|2721|2726|3693,
UP,DMNL-##,Des Moines,leaving,Englewood,MPSEW,"Houston Sinco, Houston Englewood, Houston Eureka, Houston Melendy, Houston Fairbanks, Houston Galena, Houston Pasadena, Houston Deer Park, Spring, Westfield, Port Aurthur, Westlake UP/BNSF/CPKC, West Lake Charles UP/BNSF/CPKC, Lake Charles UP/BNSF, Port of Lake Charles UP/BNSF/CPKC, BNSF Houston",id:2322 id:1372 id:3784 id:1460 id:1372 id:1372 id:1878 id:3729 id:2529 id:3334 id:3343 id:3351 id:2531 id:1375 id:1241 id:1617 id:2217 id:1563 id:1987 id:2358 id:3282 id:3283 id:3284 id:3277 id:3278 id:3279 id:3280 id:3281 rr:BNSF@1372 rr:BNSF@1374 rr:BNSF@1378 rr:BNSF@1383 rr:BNSF@1460 rr:BNSF@1812,1046|2719|2720|2721|2726|3693,
UP,DMNL-##,Des Moines,leaving,Parsons,,"Parsons, Muskogee, BNSF OK, Coffeyville UP/SKOL, Pittsburg KS, Mexico Laredo UP, PTRA, Houston Basin UP,  Houston Glass UP, Houston Tower 86, Houston Market St UP,  Houston Greens Bayou Pass, Channelview Smith Pass, Channelview Arco Ind Lead, Houston Old City [Booth], Houston Strang, Kendleton, Laredo CPKC, Mexico Laredo CPKC, Gainesville, TX, Denison, KRR",id:2833 id:1231 id:2110 rr:BNSF:OK id:2831 id:2832 id:2809 id:2482 rr:PTRA id:1374 id:3010 id:1383 id:1378 id:3013 id:3014 id:3015 id:1935 id:1982 id:3778 id:3779 id:2557 id:2050 id:2484 id:1827 st:TX id:1232 rr:KRR,1046|2719|2720|2721|2726|3693,
UP,DMNL-##,Parsons,created at,PS NLR,,"NLR block above plus Livonia and New Orleans Avondale service areas, CSX Regions B/C/D, NS Regions B2/B3/D1/D2",region:CSX:B region:CSX:C region:CSX:D region:NS:B2 region:NS:B3 region:NS:D1 region:NS:D2,2833,NLR block above plus Livonia and New Orleans Avondale service areas
UP,EWLI-##,Englewood,leaving,Livonia,,"Livonia, Shreveport, New Orleans Avondale service areas, CPKC MS/AL, CN LA, CSX Regions B/D, NS Regions B1/B3/D1",id:1959 id:1153 id:1282 id:1401 id:2398 rr:CPKC:MS/AL rr:CN:LA region:CSX:B region:CSX:D region:NS:B1 region:NS:B3 region:NS:D1,1372|3784,New Orleans Avondale service areas
UP,JAJA-##,Janesville,leaving,North Little Rock,,MPRNL North Little Rock block,ref:MPRNL:North_Little_Rock,2816|2817|2818,
UP,JAJA-##,Janesville,leaving,ALS,,MPRAS ALS block,ref:MPRAS:ALS,2816|2817|2818,
UP,JAJA-##,Janesville,leaving,Proviso,,All other outbound UP manifest from UP/WSOR,catchall,2816|2817|2818,
UP,JAJA-##,Proviso,leaving,Janesville,,"Janesville UP/WSOR, Evansville, Anderson, Monroe, Avalon",id:2816 id:2817 id:2821 id:2819 id:2820 id:2822 id:2823,1595,
UP,RVOA-##,Roseville,leaving,Davis,,CFNR,rr:CFNR,3503,
UP,RVOA-##,Roseville,leaving,Ozol,,"Martinez, Pittsburg UP/BNSF ->LRJ49, Tolenas ->LRJ48, Avon CA, Rodeo CA",id:1772 id:2809 id:1794 id:3733 id:3732,3503,
UP,RVOA-##,Roseville,leaving,Benicia autos,,"Loaded/empty autoracks for Benicia, placed on rear end if 40 or more loaded autoracks on the train",class:auto class:auto,3503,Loaded/empty autoracks for Benicia; placed on rear end if 40 or more loaded autoracks on the train
UP,RVOA-##,Roseville,leaving,Oakland,,"Oakland UP/BNSF, Pittsburg RPRC ->YOA78",id:3767,3503,Pittsburg RPRC
UP,RVOA-##,Roseville,leaving,Warm Springs,MOAOA,"Warm Springs, Watsonville, Watsonville Jct, Redwood City, Hollister, Salinas, San Jose, North San Jose, Permanente, Newark",id:1789 id:2608 id:1790 id:2535 id:2600 id:2601 id:2536 id:3163 id:2534 id:1352,3503,
UP,RVOA-##,Roseville,leaving,Milpitas,MOAOA,"Milptias autos/manifest, North San Jose",class:auto id:3163,3503,Milptias autos/manifest
UP,RVWC-##,Roseville,leaving,Inland Empire IM,,,id:1102 id:1255 id:3723 class:im,3503,
UP,RVWC-##,Roseville,leaving,West Colton,,"BNSF LA Basin/San Diego, SDIY, West Colton, El Centro, AZ, NM, El Paso, Amarillo, overflow MRVEP",rr:BNSF@1007 rr:BNSF@1102 rr:BNSF@1029 rr:BNSF@2146 rr:SDIY id:1255 id:1581 st:AZ st:NM id:1779 id:1799 id:2099 id:1394 id:1443 id:1716 id:2632 id:2633 id:3126 id:3127 id:3128 id:3129 catchall,3503,
UP,RVWC-##,Roseville,leaving,Livonia,,Overflow MRVEP Livonia,ref:MRVEP:Livonia,3503,
UP,RVWC-##,Roseville,leaving,Englewood,,Overflow MRVEP Englewood,ref:MRVEP:Englewood,3503,
UP,RVWC-##,Roseville,leaving,Yermo,,"Creal, Mojave, Las Vegas, Henderson NV, Apex NV",id:2491 id:1010 id:1400 id:1492 id:1402 id:2705,3503,
UP,RVWC-##,Roseville,leaving,Fresno,,Overflow/alternate path MRVFR Fresno,catchall,3503,
UP,RVWC-##,Roseville,leaving,SJVR Bakersfield,MBKBK,"Bakersfield Oildale, Bakersfield Landco, Rogas, Gulf, Levee",id:1133 id:1984 id:2329 id:2327 id:2328,3503,
UP,RVWCB-##,Roseville,leaving,Inland Empire IM,,,id:1102 id:1255 id:3723 class:im,3503,
UP,RVWCB-##,Roseville,leaving,West Colton,,"BNSF LA Basin/San Diego, SDIY, West Colton, El Centro, NM, El Paso, Amarillo, San Antonio service areas, overflow MRVEP",rr:BNSF@1007 rr:BNSF@1102 rr:BNSF@1029 rr:BNSF@2146 rr:SDIY id:1255 id:1581 st:NM id:1779 id:1799 id:2099 id:1394 id:1443 id:1716 id:2632 id:2633 id:3126 id:3127 id:3128 id:3129 catchall,3503,San Antonio service areas
UP,RVWCB-##,Roseville,leaving,Livonia,MWCSA,Overflow MRVEP Livonia,ref:MRVEP:Livonia,3503,
UP,RVWCB-##,Roseville,leaving,Englewood,MWCSA,Overflow MRVEP Englewood,ref:MRVEP:Englewood,3503,
UP,RVWCB-##,Roseville,leaving,Yermo,,"Creal, Mojave, Las Vegas, Henderson NV, Apex NV",id:2491 id:1010 id:1400 id:1492 id:1402 id:2705,3503,
UP,RVWCB-##,Roseville,leaving,Fresno,,Overflow/alternate path MRVFR Fresno,catchall,3503,
UP,RVWCB-##,Roseville,leaving,SJVR Bakersfield,MBKBK,"Bakersfield Oildale, Bakersfield Landco, Rogas, Gulf, Levee",id:1133 id:1984 id:2329 id:2327 id:2328,3503,
UP,MLWC-##,Mira Loma,leaving,West Colton,,All outbound manifest traffic,,1406,
UP,MLWC-##,Montclair,created at,Kaiser,LOH45,"Fontana Kaiser UP, CSI",id:1407 rr:CSI,3806,
UP,MLWC-##,Montclair,created at,Alfalfa,,MWCSA Alfalfa,ref:MWCSA:Alfalfa,3806,
UP,MLWC-##,Montclair,created at,Englewood,,MWCSA Englewood,ref:MWCSA:Englewood,3806,
UP,MLWC-##,Montclair,created at,Ft Worth,,MWCSA Ft Worth,ref:MWCSA:Ft_Worth,3806,
UP,MLWC-##,Montclair,created at,San Antonio,,MWCSA San Antonio,ref:MWCSA:San_Antonio,3806,
UP,EPLA-##,Alfalfa,leaving,City of Industry,,"City of Industry, Covina, Whittier Jct, Anaheim, Los Nietos",id:1095 id:2587 id:2588 id:2702 id:1016,1799,
UP,EPLA-##,Alfalfa,leaving,Montclair,,"Kaiser UP, CSI, Colton, PHL, Long Beach UP, Long Beach Toyota UP, Los Angeles Nissan UP, Dolores/ICTF, Los Angeles Paramount, Compton, Los Angeles Phillips 66 Carson Refinery, Los Angeles Carson Siding North/South, Oxnard/Pt. Hueme, White Hills, Guadalupe, Santa Maria, Montclair, Chino, Beaumont CA, Pomona, SVGX, East Los Angeles, Los Angeles LATC, LAJ, Vernon UP, Los Angeles J Yard",id:1407 rr:CSI id:1255 rr:PHL id:3090 id:3096 id:3106 id:1001 id:3158 id:3159 id:2513 id:3157 id:3156 id:1303 id:1784 id:1035 id:1785 id:3806 id:3808 id:1350 id:3807 rr:SVGX id:1588 id:1203 rr:LAJ id:1439 id:1190,1799,
UP,EPLA-##,Alfalfa,leaving,West Colton,,"West Colton, El Centro, NV, UT, CA, OR, WA, ID. CN BC/AB/SK, CPKC Regions 5/6",id:1255 id:1581 st:NV st:UT st:CA st:OR st:WA region:CPKC:5 region:CPKC:6,1799,ID. CN BC/AB/SK
UP,EPLA-##,Alfalfa,leaving,Tucson,,AZ,st:AZ,1799,
UP,EPLA-##,Alfalfa,leaving,Los Angeles,,"East Los Angeles, LAJ, Vernon UP, Los Angeles J Yard",id:1588 rr:LAJ id:1439 id:1190,1799,
UP,EPLA-##,Alfalfa,leaving,4th Street,,"Los Angeles LATC, SVGX",id:1203 rr:SVGX,1799,
UP,NPWC-##,North Platte,leaving,West Colton,,"West Colton, Old Colton, East LA, LAJ, Vernon UP, Anaheim, Los Nietos, Mira Loma, El Centro, San Diego, SDIY, BNSF LA Basin",id:1255 id:1588 rr:LAJ id:1439 id:2702 id:1016 id:1406 id:1581 id:2145 rr:SDIY rr:BNSF@1007 rr:BNSF@1102 rr:BNSF@1029,1683,Old Colton
UP,NPWC-##,North Platte,leaving,Yermo,,"Mojave, Montclair, Long Beach, and City of Industry service areas",id:1010 id:3806 id:1014 id:1149 id:2514 id:2515 id:2516 id:2517 id:3090 id:3091 id:3092 id:3093 id:3094 id:3095,1683,and City of Industry service areas
UP,NPWC-##,North Platte,leaving,Mira Loma Autos,,Loaded autoracks for Mira Loma,id:1406 class:auto,1683,
UP,NPWC-##,North Platte,leaving,Valley Manifest,,"Las Vegas Valley, Apex",id:1492 id:2705,1683,
UP,NPWC-##,North Platte,leaving,Valley Autos,,Autoracks for Las Vegas Valley,id:1492 class:auto,1683,
UP,NPWC-##,North Platte,leaving,Ogden,,"UT, Sparks, North Reno, Fernley, Las Vegas Arden, Henderson, overflow MNPRO",st:UT id:1141 id:2338 id:2213 id:1131 id:2337 id:1400 id:1402 catchall,1683,
UP,NPWC-##,Cheyenne UP,created at,CY Ogden,,"UT, NV, CA",st:UT st:NV st:CA,1874,
UP,NPWC-##,Ogden UP,created at,Arden,,"Las Vegas Arden, Henderson, traffic for Yermo block",id:1400 id:1402,1842,
UP,NPWC-##,Ogden UP,created at,Milford,,"Milford, Delta, Bloom, Iron Springs, Cedar City",id:3786 id:3788 id:3787 id:3789 id:3790,1842,
UP,NPWC-##,Ogden UP/Milford,created at,UT West Colton,,"West Colton block above plus AZ, NM, El Paso",st:NM id:1779 id:1799 id:2099,1842|3786,West Colton block above plus AZ
UP,NPWC-##,Las Vegas Arden,created at,Vegas West Colton,,"CA, AZ, NM, TX, LA, overflow Northbound traffic",st:CA st:AZ st:NM st:TX st:LA catchall,1400,
UP,NPWC-##,Las Vegas Arden,created at,BNSF,,"BNSF LA Basin/San Diego, SDIY",rr:BNSF@1007 rr:BNSF@1102 rr:BNSF@1029 rr:BNSF@2146 rr:SDIY,1400,
UP,NPWC-##,Las Vegas Arden,created at,I-5 Corridor,MWCRV,"CN BC/AB/SK, CPKC BC, BNSF WA/ID/MT West of Billings",rr:CN:BC/AB/SK rr:CPKC:BC rr:BNSF:WA/ID/MT,1400,
UP,RVLB-##,Roseville,leaving,City of Industry,MEPLA,"City of Industry including IM baretables, Covina, Whittier Jct, Anaheim, Los Nietos",class:im id:2587 id:2588 id:2702 id:1016,3503,City of Industry including IM baretables
UP,RVLB-##,Roseville,leaving,Montclair,,"Beaumont CA, Kaiser UP, CSI, White Hills, Guadalupe, Oxnard/Pt. Hueme, Santa Maria, Chino, Montclair, Pomona, Los Angeles LATC, Los Angeles J Yard, East LA, Vernon UP, LAJ, Los Angeles LATC, J Yard, SVGX",id:1350 id:1407 rr:CSI id:1784 id:1035 id:1303 id:1785 id:3808 id:3806 id:3807 id:1203 id:1190 id:1588 id:1439 rr:LAJ id:1203 rr:SVGX,3503,J Yard
UP,RVLB-##,Roseville,leaving,Long Beach,,"Long Beach UP, Long Beach Toyota UP, Los Angeles Nissan UP, Terminal Island UP, PHL, Dolores/ICTF, Los Angeles Phillips 66 Carson Refinery, Compton, Los Angeles Paramount, Carson Lead North, Carson Lead South, repaired baretables for all Los Angeles/Long Beach harbor complex maps",id:3090 id:3096 id:3106 id:3097 rr:PHL id:1001 id:2513 id:3159 id:3158 id:3157 id:3156,3503,repaired baretables for all Los Angeles/Long Beach harbor complex maps
UP,RVLB-##,Roseville,leaving,Yermo,,Overflow MWCRVB Yermo,ref:MWCRVB:Yermo,3503,
UP,NPPD-##,North Platte,leaving,Albina Autos,MPDSE,"Autoracks for Kent Auto Facility, Tacoma. Placed on rear end if more than 40 autoracks on train)",id:1553 class:auto class:auto,1683,Tacoma. Placed on rear end if more than 40 autoracks on train)
UP,NPPD-##,North Platte,leaving,Albina,,"Portland, Salem, Albany, Vancouver WA, PNWR, AERC, OPR, RNIR, Seattle/Tacoma, TMBL",id:1302 id:1866 id:1868 id:1877 id:2137 id:2138 id:2140 id:2141 id:2995 id:2996 id:3275 id:3276 id:1665 id:1820 id:1821 id:3846 id:3847 id:1823 id:1702 id:3056 id:1712 id:3059 rr:PNWR rr:AERC rr:OPR rr:RNIR id:1481 id:1538 id:1803 id:2008 id:1502 id:1503 id:1554 id:1555 id:2626 id:2710 id:2711 id:2712 id:2714 id:3286 id:3287 id:3288 rr:TMBL,1683,
UP,NPPD-##,North Platte,leaving,Lake Yard,,"PTRC, PSAP, CLC, LVSW, Kalama, Ranier, Banks, Hillsboro, Seghers, Beaverton, Overflow Tigard",rr:PTRC rr:PSAP rr:CLC rr:LVSW id:1853 id:2617 id:2134 id:2136 id:2924 id:2133 catchall,1683,Ranier
UP,NPPD-##,North Platte,leaving,Eugene,MHKRV,"Eugene UP/PNWR, CORP, CBRL, Springfield, Junction City",id:1024 id:1548 id:3919 id:3920 id:3921 rr:CORP rr:CBRL id:3924 id:3922 id:3925,1683,
UP,NPPD-##,North Platte,leaving,Hinkle,,"OR, WA, STMA, Spokane, Richland, Connell, Plymouth, Lind, Coeur d'Alene, Athol",st:OR st:WA rr:STMA id:1741 id:1742 id:1743 id:1876 id:2202 id:2212 id:3179 id:3646 id:2850 id:2851 id:2853 id:3162 id:2837 id:3460 id:3644,1683,
UP,NPPD-##,North Platte,leaving,Barnes Autos,MHKRV,"Autoracks for Portland Barnes UP, Portland Terminal 4 UP",id:2137 class:auto id:3414,1683,
UP,NPPD-##,North Platte,leaving,Lake Yard Autos,MPTLV,Autoracks for PSAP,rr:PSAP class:auto,1683,
UP,NPPD-##,Hinkle,created at,Tacoma IM,MPDSE,"Tacoma IM, West Seattle IM from Boardman",id:1502 id:1503 id:1554 id:1555 id:2626 id:2710 id:2711 id:2712 id:2714 id:3286 id:3287 id:3288 class:im class:im,1895,West Seattle IM from Boardman
UP,BZYC%-##,Brazos,leaving,CN Autos,IHB transfer,Autoracks for CN Eastern Canada and US,region:CN:East_of_Thunder_Bay region:CN:US class:auto,3545,
UP,BZYC%-##,Brazos,leaving,Yard Center Autos,,"Autoracks for Chicago Heights, CPKC Ontario",id:2038 id:2424 class:auto rr:CPKC@3405,3545,
UP,BZYC%-##,Brazos,leaving,West Chicago Autos,,Autoracks for West Chicago,id:2028 id:2029 id:2451 class:auto,3545,
UP,SFNL-##,Memphis Sargent,created at,Marion,,All outbound autoracks for classification at Marion,class:auto,1446,
UP,SFNL-##,Pine Bluff,created at,PB NLR,,"AR, MO, OK, KS, IL, IA, NE, MN, WI, ND, SD, MT, WY, CO, UT, ID, OR, WA, NV, TX, All CSX, All NS except Region B3, All CP, DMVW, All CN except LA, BNSF TN/MS/AL, Eagle Pass UP, Mexico Eagle Pass UP, DQE",st:AR st:MO st:OK st:KS st:IL st:IA st:NE st:MN st:WI st:ND st:SD st:MT st:WY not:RCPE st:CO st:UT st:ID st:OR st:WA st:NV st:TX all:CSX all:NS not:region:NS:B3 all:CP rr:DMVW all:CN not:CN:LA rr:BNSF:TN/MS/AL id:1608 id:2447 rr:DQE,1081|3340,
UP,SFNL-##,Pine Bluff,created at,Settegast,,MNLHO Settegast traffic,ref:MNLHO:Settegast_traffic,1081|3340,
UP,SFNL-##,Pine Bluff,created at,Englewood,,MNLEW Englewood traffic,ref:MNLEW:Englewood_traffic,1081|3340,
UP,SFNL-##,Pine Bluff,created at,Lufkin,,Tenaha UP,id:2394,1081|3340,
UP,BZFW-##,Spring,leaving,Ft Worth,,"Dallas/Ft Worth, Ennis, Mesquite, OK, KS, Kansas City, Jefferson City MO, St Joseph MO, El Paso, Amarillo, NM, CPKC MO/IL/IA, PHL, Long Beach UP, Los Angeles Dolores/ICTF, Los Angeles Paramount, SVGX, White Hills, Guadalupe, SMV, Los Angeles LATC, Los Angeles J Yard, Compton, Los Angeles Carson Lead North/South, Los Angeles Phillips 66, East Los Angeles, Los Nietos, Anaheim, LAJ, Vernon UP, City of Industry, Covina, Whittier Jct, Montclair, Pompona, Chino",id:1795 id:1797 id:1846 id:1938 id:3748 id:1023 id:1847 id:1888 id:1904 id:3248 id:3249 id:3250 id:3251 id:3252 id:3532 id:3535 id:2037 id:1845 st:OK st:KS id:1059 id:1169 id:1200 id:1214 id:1218 id:1227 id:1229 id:1301 id:1620 id:1817 id:1889 id:2011 id:1323 id:1310 id:2109 id:1779 id:1799 id:2099 id:1394 id:1443 id:1716 id:2632 id:2633 id:3126 id:3127 id:3128 id:3129 st:NM rr:CPKC:MO/IL/IA rr:PHL id:3090 id:3158 rr:SVGX id:1784 id:1035 rr:SMV id:1203 id:1190 id:3159 id:3157 id:1008 id:1121 id:1466 id:1628 id:1658 id:1700 id:2241 id:2402 id:2480 id:2490 id:2708 id:2999 id:2513 id:1588 id:1016 id:2702 rr:LAJ id:1439 id:1095 id:2587 id:2588 id:3806 id:3808,2531,Los Angeles Dolores/ICTF; Pompona
UP,SPCP-##,South St Paul,leaving,CPRS,,"CPKC Regions 2/3/4/5/6, DMVW",region:CPKC:2 region:CPKC:3 region:CPKC:4 region:CPKC:5 region:CPKC:6 rr:DMVW,1658|3274|4018|4019,
UP,GP60-##,Englewood,leaving,Galena Park,,Houston Galena Park,id:1878 id:3729,1372|3784,
UP,GP60-##,Galena Park,leaving,UP,,All outbound traffic from Houston Galena Park UP,,1878|3729,
UP,GP60-##,Galena Park,leaving,BNSF,BNSF M-EGWHOU,All outbound traffic from Houston Galena Park BNSF,,1878|3729,
UP,BS83-##,Houston Basin,leaving,BNSF Outbounds,M-EGWHOU,All outbound traffic from Houston Basin BNSF/Houston Glass BNSF regardless of destination,,1374|3008|3009,
UP,BS83-##,Houston Basin,leaving,Englewood,,"All outbound manifest covered by trains from Englewood, such as MEWWC, MEWFW, MEWNL, one option for Livonia traffic",,1374|3008|3009,such as MEWWC; MEWFW; MEWNL; one option for Livonia traffic
UP,SPCP-##,Pig's Eye,leaving,UP,,"UP Regions B, C, D, E, F, G, H",id:1099 id:1120 id:1137 id:1212 id:1259 id:1263 id:1300 id:1324 id:1364 id:1588 id:1615 id:2116,1540,region:UP:B; C; D; F; G; H
UP,SP68-##,Western Ave,leaving,TCWR,YSPMP,All outbound manifest from the Western Ave TCWR MIM for sorting at Midway,,1409,
UP,SP68-##,Western Ave,leaving,South St Paul,,All outbound manifest from Western Ave UP,,1409,
UP,PD81-##,"Brooklyn yard, with IM grouped by destination",leaving,Albina,,"All outbound manifest, IM repair cars",class:im,,IM repair cars
UP,PD81-##,"Brooklyn yard, with IM grouped by destination",leaving,"Overflow/standard priority IM for Global 4, Marion, and KC Neff",MPDNP,,catchall class:im,,
UP,PD63-##,Albina,leaving,Barnes,,"Portland Barnes UP, Portland Rivergate UP, Portland Peninsula Terminal",id:2137 id:3276 id:2141,1302,
UP,PD63-##,Barnes,leaving,Albina,,"All outbound manifest from UP, UP outbounds from PT",,2137|3275,UP outbounds from PT
UP,PD63-##,Barnes,leaving,BNSF,YPD51,Outbound BNSF traffic from PT forwarded to Portland Lake,,2137|3275,Outbound BNSF traffic from PT forwarded to Portland Lake
UP,PD51-##,Albina,leaving,Lake Yard,,"PTRC, Rainier OR, Kalama, LVSW, CLC, PSAP",rr:PTRC id:2649 id:1853 id:2617 rr:LVSW rr:CLC rr:PSAP,1302,
UP,PD51-##,Albina,leaving,I-5 Corridor,BNSF H-LYDVBT/H-PTLPAS/Y-VAW3502 depending on destination,I-5 Corridor blocks from connecting trains,,1302,I-5 Corridor blocks from connecting trains
UP,PD51-##,Portland Lake,leaving,Albina,,All outbound UP traffic not for MPTLV,,1868,
UP,BA77-##,Barnes Yard,leaving,BNSF Transfer,,"Cars loaded/unloaded by UP on behalf of BNSF [ALL cars tagged for Rivergate MIM regardless of destination], as well as Sidings 1 and 19 [BNSF switches for UP]",,2137|3275,Cars loaded/unloaded by UP on behalf of BNSF [ALL cars tagged for Rivergate MIM regardless of destination]; as well as Sidings 1 and 19 [BNSF switches for UP]
UP,BA77-##,Barnes Yard,leaving,Rivergate,,Sidings 2-18,,2137|3275,Sidings 2-18
UP,BA77-##,Barnes Yard,leaving,Industry,,Siding 20,,2137|3275,Siding 20
UP,FW82-##,Davidson,leaving,FWWR,,All FWWR traffic,,2973,All FWWR traffic
UP,FW82-##,Davidson,leaving,BNSF,,"Alliance TX, Irving BNSF, Ft Worth North Yard, Midlothian Railport BNSF, Mexico Eagle Pass BNSF, Mexico Laredo BNSF, Gainesville TX",id:1556 id:1798 id:1904 id:2032 id:2446 id:2483 id:1827,2973,
UP,FW82-##,Davidson,leaving,UP Reciprocal,,"Ft Worth North Yard UP, Saginaw UP",id:1904 id:2470,2973,
UP,FW82-##,at North Yard,leaving,UP Interchange,,"UP Dallas/Ft Worth, Denison, Ennis, Bryan, Benchley, Hearne, Easterly, Longview UP, Longview Eastman UP",id:1232 id:2037 id:2554 id:2553 id:2033 id:2555 id:1044 id:2734,,UP Dallas/Ft Worth
UP,FW82-##,at North Yard,leaving,UP Outbounds (All outbound traffic from Saginaw UP and North Yard UP).,,,,,UP Outbounds (All outbound traffic from Saginaw UP and North Yard UP)
UP,FW82-##,Tower 55,created at,UP Ft Worth,,outbound UP traffic from FWWR/Tower 55,,1023|1847,outbound UP traffic from FWWR/Tower 55
UP,FW63%-##,Davidson,leaving,Tower 55,,"Tower 55, Peach Yard, Saginaw UP, Tarrant",id:1023 id:1847 id:1273 id:2470 id:2286,2973,
UP,FW63%-##,Davidson,leaving,BNSF,BNSF M-NYFNYF,"Alliance TX, Temple, Irving BNSF, Ft Worth North Yard, Mexico Eagle Pass BNSF, Mexico Laredo BNSF",id:1556 id:2330 id:3741 id:1798 id:1904 id:2446 id:2483,2973,
UP,FW63-##,Tower 55,leaving,Ft Worth,,all outbound UP-handled traffic from Tower 55,,1023|1847,
UP,KS87R-##,18th Street,leaving,Neff,,"Neff, Fairfax, ASB Junction, Gooseneck, St Joseph UP, Jefferson City, MNA, State Line Yard, Glen Park Yard",id:1301 id:2641 id:2194 id:2195 id:1218 id:2109 id:1323 rr:MNA id:2196 id:2197,1229|2046,
UP,KS87R-##,18th Street,leaving,KCT,Kansas City Mill St,"KAW, KCT, All outbound traffic from 18th Street KCT",rr:KAW rr:KCT,1229|2046,
UP,KS87R-##,Neff,leaving,18th Street,,"Kansas City 18th Street, connections from 18th Street",id:1229 id:2046,,connections from 18th Street
UP,KS87R-##,Neff,leaving,KCT,,Kansas City 18th Street KCT,id:2046,,
UP,SA82-##,South San Antonio,leaving,TMMTX Manifest,,,id:2242 id:3432,2241|2490|3431,
UP,SA82-##,South San Antonio,leaving,TMMTX Autos,,,id:2242 id:3432 class:auto,2241|2490|3431,
UP,SA82-##,TMMTX,leaving,Phoenix Autos,MSAEW,,id:1345 id:1536 id:1537 id:1565 id:2707 class:auto,2242|3432,
UP,SA82-##,TMMTX,leaving,Mira Loma Autos,MKBSAR,,id:1406 class:auto,2242|3432,
UP,SA82-##,TMMTX,leaving,Spring/Westfield Autos,,,id:2531 id:1375 class:auto,2242|3432,
UP,SA82-##,TMMTX,leaving,Misc autos for sorting at SSA,,"grouped by destination, allocated in blocks of 10 cars",,2242|3432,allocated in blocks of 10 cars
UP,SA82-##,TMMTX,leaving,Outbound manifest,,,,2242|3432,Outbound
UP,ER62-##,Lois,leaving,Englewood,,All outbound manifest traffic,,,
UP,JY68-##,4th Street Yard,leaving,J Yard Sidings 8-13,,worked en route to East LA,,,worked en route to East LA
UP,JY68-##,4th Street Yard,leaving,East LA,,"East LA, LAJ, Vernon UP",id:1588 rr:LAJ id:1439,,
UP,JY68-##,4th Street Yard,leaving,West Colton,,All outbound traffic except LOQ35 destinations,,,
UP,LB91-##,Long Beach UP,leaving,LA Harbor,,LA Harbor PHL manifest,,3090,LA Harbor PHL
UP,LB91-##,Long Beach UP,leaving,Manuel,PHL YP023,"Los Angeles Manuel, Long Beach Siding 1, Terminal Island PHL",id:2511 id:1389,3090,Long Beach Siding 1
UP,LB91-##,Long Beach UP,leaving,Wilmington Wye,PHL YP007,Los Angeles Wilmington Wye,id:2512,3090,
UP,LB91-##,Long Beach UP,leaving,Long Beach,PHL YP009/YP020,Long Beach PHL,id:1014,3090,
UP,LB91-##,Long Beach UP,leaving,Compton,PHL YP024,Compton manifest for PHL swiching,,3090,Compton manifest for PHL swiching
UP,LB91-##,Los Angeles Harbor,leaving,UP,,UP outbounds from PHL jobs,,1103,UP outbounds from PHL jobs
UP,LB91-##,LA Harbor,leaving,Long Beach UP,,UP outbounds from PHL jobs,,,UP outbounds from PHL jobs
UP,OI18-##,"Long Beach, grouped by destination in each block",leaving,ICTF IM,,"IM for Denver, Salt Lake City, Houston, New Orleans Avondale, Port Laredo, Santa Teresa, KC Neff, Dallas Intermodal Terminal, Global 4, NS Northeast, CSX Northeast, Shell Rock, Council Bluffs, Marion, Dupo, NS Southeast, CSX Southeast, Avon, FEC, ICTF baretables",id:1718 id:1769 id:1770 id:1800 id:1976 id:1977 id:1978 id:1979 id:1980 id:1981 id:2407 class:im id:1009 id:1325 id:2361 id:2362 id:3755 id:1372 id:1374 id:1378 id:1383 id:1460 id:1812 id:1878 id:1879 id:1880 id:1935 id:1936 id:1937 id:1423 id:1285 id:1403 id:1301 id:1938 id:2183 region:NS:A1 region:NS:A2 region:NS:A3 region:CSX:A id:2077 id:1107 id:1115 id:1767 id:1768 id:2583 id:2584 id:3064 id:1180 id:1578 rr:NS@2686 rr:CSX@2686 id:2723 id:3694 id:3695 id:3696 rr:FEC,,ICTF baretables
UP,OI18-##,"Long Beach, grouped by destination in each block",leaving,ICTF Autos,,"Autoracks for Mesquite, Shreveport Reisor, Rolla",id:1845 class:auto id:2398 id:1917,,
UP,OI17-##,"ICTF, grouped by destination in each block",leaving,Terminal Island,,"Terminal Island ITCF, Long Beach Hanjin, APM Pier 400, Global South, Barstow 53' BNSF baretables",id:1146 id:3098 id:1149 id:3101 id:1152 id:1163 id:3099,,Barstow 53' BNSF baretables
UP,OI17-##,"ICTF, grouped by destination in each block",leaving,Long Beach,,"Long Beach ITF, Long Beach Container Terminal, Long Beach Pacific Container Terminal, Long Beach Pier A, Hobart 53' BNSF baretables, unassigned 40' BNSF baretables to load for BNSF trains",id:2515 id:3094 id:2516 id:3092 id:2514 id:3093 id:2517 id:3091,,Hobart 53' BNSF baretables; unassigned 40' BNSF baretables to load for BNSF trains
UP,OI17-##,"ICTF, grouped by destination in each block",leaving,LA Harbor,,"TRAPAC, West Basin, stray autos",id:3104 id:3102 id:3103 class:auto,,stray
UP,OI17-##,LA Harbor/Terminal Island,created at,ICTF,YOI18/LOG44,"LOI18 ICTF autos/IM blocks, ICTF 53' baretables",class:auto class:im,1389|3097,LOI18 ICTF autos/IM blocks; ICTF 53' baretables
UP,OI17-##,LA Harbor/Terminal Island,created at,East LA,LOG44,"Mesquite IM, Midlothian autos, City of Industry baretables",id:1845 class:im id:2031 id:2032 id:2364 class:auto,1389|3097,City of Industry baretables
UP,SPBN-##,South St Paul,leaving,BNSF,,"BNSF ND/MN/WI, RRVW",rr:BNSF:ND/MN/WI rr:RRVW,1658|3274|4018|4019,
UP,SPMP-##,South St Paul,leaving,MNNR,,All MNNR traffic,,1658|3274|4018|4019,All MNNR traffic
UP,SPMP-##,South St Paul,leaving,MPLI,,,rr:MPLI,1658|3274|4018|4019,
UP,SPMP-##,South St Paul,leaving,TCWR Inbounds,,"All inbound TCWR traffic except Savage, Shakopee, Western Ave, and Hoffman",id:2356 id:3270 id:1409,1658|3274|4018|4019,All inbound TCWR traffic except Savage; and Hoffman
UP,SPMP-##,South St Paul,leaving,TCWR Outbounds,,All TCWR MIMs switched by UP for distribution from Midway to BNSF/CN/CPKC,,1658|3274|4018|4019,All TCWR MIMs switched by UP for distribution from Midway to
UP,SP31R-##,Hoffman Yard,leaving,South St Paul,,All outbound manifest from St Paul Hoffman UP,,1176|3444,
UP,SP31R-##,Hoffman Yard,leaving,TCWR,YSPMP,All outbound manifest from St Paul Hoffman TCWR,,1176|3444,
UP,SP31R-##,South St. Paul,leaving,UP,,All traffic for St Paul Hoffman UP,,1658|3274|4018|4019,
UP,SP31R-##,South St. Paul,leaving,TCWR,,All traffic for St Paul Hoffman TCWR,,1658|3274|4018|4019,
UP,HO70R%-##,East Yard,leaving,PTRA,,"PTRA, Mexico Laredo Interchange CPKC, Kendleton, CPKC block from YBS83",rr:PTRA id:2484 id:2557,,CPKC block from YBS83
UP,YCCH%-##,Yard Center,leaving,BRC,,"BRC, SCIH, CSS, CRL, BNSF Chicago area/WI, All CSX",rr:BRC rr:SCIH rr:CSS rr:CRL all:CSX,,BNSF Chicago area/WI
UP,CHYC%-##,Chicago Clearing,leaving,Yard Center,,"Yard Center, Chicago Heights UP, Canal Street, Villa Grove, Royal, Tuscola UP, Shelbyville, Salem, Mt Vernon UP, EVWR, MO, Overflow KS/NM/AZ/El Paso/Amarillo, overflow Proviso",id:1161 id:2038 id:1094 id:2811 id:2813 id:2810 id:2812 id:1892 id:3002 rr:EVWR st:MO catchall catchall,1473,
UP,RF13-##,Shreveport Riverfront,leaving,Hollywood,,Shreveport Hollywood,id:1282,1401,
UP,RF13-##,Shreveport Riverfront,leaving,Reisor (All other outbound UP traffic and interchange traffic from CPKC).,,,,1401,Reisor (All other outbound UP traffic and interchange traffic from CPKC)
UP,DE29R-##,Sand Creek,leaving,Denver,,All outbound uP traffic from Sand Creek regardless of destination,,1976,
UP,DE29R-##,36th Street,leaving,Denver Sand Creek,,,id:1976,1769,
UP,NYBN-##,North Yard,leaving,BNSF,,"BNSF CO, BNSF WY, Billings MT, Fairview MT, Dore ND",rr:BNSF:CO rr:BNSF:WY id:1893 id:2335 id:2230,,
UP,NYBN-##,Rennicks,leaving,UP,,UP CO,rr:UP:CO,1981,
UP,LP27-##,Dallas St Yard,leaving,Mexico,,Mexico El Paso UP Interchange,id:2487,1779,
UP,SA81-##,South San Antonio,leaving,Kirby,,"San Antonio Kirby autoracks/manifest, Eagle Pass, Mexico Eagle Pass, overflow MSALI Settegast",class:auto id:1608 id:2446 id:2447 ref:MSALI:Settegast,2241|2490|3431,San Antonio Kirby autoracks/manifest
UP,SA81-##,South San Antonio,leaving,E Yard,,"Spruce 2, Gonzales",id:2240 id:1160,2241|2490|3431,
UP,TA91-##,TACSIM,leaving,Tacoma,,All outbound UP IM not covered by ITUG4,class:im,2714,
UP,KS75-##,Argentine Yard,leaving,UP,,"UP Kansas City, Spring Hill, Jefferson City, Parsons",rr:UP@1059 rr:UP@1169 rr:UP@1200 rr:UP@1214 rr:UP@1218 rr:UP@1227 id:1228 id:1323 id:2833,1620,
UP,KS75-##,18th Street,leaving,BNSF,,"BNSF Kansas City, West Quincy MO, Gardner, Emporia",rr:BNSF@1059 rr:BNSF@1169 rr:BNSF@1200 rr:BNSF@1214 rr:BNSF@1218 rr:BNSF@1227 id:1901 id:2455 id:1275,1229|2046,
UP,KC44R%-##,Fairfax,leaving,KCT,KCT 315,All outbound traffic from Fairfax KCT MIM,,2641,
UP,KC44R%-##,Fairfax,leaving,Neff,,Overflow MFXAS,catchall,2641,
UP,KB82-##,Kirby,leaving,San Antonio,,All Outbound traffic for sorting at South San Antonio not covered by other blocks,,2239,
UP,PD81-##,Albina Yard,leaving,Portland Terminal 6 UP IM,,,id:2140 class:im,1302,
UP,PD81-##,Albina Yard,leaving,Portland Terminal 6 UP manifest,,,id:2140,1302,
UP,PD81-##,T6,leaving,Repair IM cars for travel via Manifest,,,class:im,,Repair IM cars for travel via
UP,PD81-##,T6,leaving,All outbound cars from Portland Terminal 6 UP,,Portland Peninsula Terminal outbounds run to Barnes via YPD56,,,Portland Peninsula Terminal outbounds run to Barnes via YPD56
UP,JY68-##,East Los Angeles,leaving,J Yard,,All Los Angeles J Yard traffic,,1588,All Los Angeles J Yard traffic
UP,EY54-##,Kirby,leaving,Loose manifest for Spruce 2,,,,2239,Loose manifest for Spruce 2
UP,EY54-##,Kirby,leaving,Repaired coal unit cars,,,,2239,Repaired coal unit cars
UP,EY54-##,Spruce 2,leaving,Loose manifest,,,,2240,Loose
UP,EY54-##,Spruce 2,leaving,Coal cars for home shop repair,,,,2240,Coal cars for home shop repair
UP,MY59-##,Miller Yard,leaving,Mesquite,,"Mesquite IM, Autos, manifest",id:1845 class:im class:auto,1846|2391,Autos; manifest
UP,MY59-##,Miller Yard,leaving,Overflow Dallas Intermodal Terminal IM,IMQMQ,,catchall class:im,1846|2391,
UP,MY59-##,Mesquite,leaving,Dallas,,"All outbound manifest, IM home shop cars",class:im,1845,IM home shop cars
UP,MY59-##,Mesquite,leaving,Arlington Empty Autos,MDAFW,Overflow from AMQARR,catchall,1845,
UP,LZ52-##,LATC,leaving,City of Industry,YLZ52,"City of Industry manifest/53' IM baretables, Covina, Whittier Jct",class:im id:2587 id:2588,,City of Industry manifest/53' IM baretables
UP,LZ52-##,LATC,leaving,PHL,YLZ52,"PHL, Long Beach siding 1, Terminal Island sidings 1-2",rr:PHL,,Long Beach siding 1; Terminal Island sidings 1-2
UP,LZ52-##,LATC,leaving,Long Beach,YLZ52,"Long Beach, Terminal Island, Dolores/ICTF, repaired baretables for ports",id:1014 id:1149 id:2514 id:2515 id:2516 id:2517 id:3090 id:3091 id:3092 id:3093 id:3094 id:3095 id:1389 id:3097 id:1001,,repaired baretables for ports
UP,LZ52-##,LATC,leaving,LA Global South IM,MRVLB/MFWLB,,id:1163 id:3099 class:im,,
UP,LZ52-##,City of Industry,leaving,West Colton,YJY68,outbound manifest traffic,,1095,outbound manifest traffic
UP,LX90-##,Long Beach,leaving,Terminal Island baretables,,"Repaired baretables from MRVLB/MFWLB, baretable transfers from overburdened Long Beach terminals",,1014|1149|2514|2515|2516|2517,Repaired baretables from MRVLB/MFWLB; baretable transfers from overburdened Long Beach terminals
UP,LX90-##,Long Beach,leaving,LA Harbor baretables,,"Repaired baretables from MRVLB/MFWLB, baretable transfers from overburdened Long Beach terminals",,1014|1149|2514|2515|2516|2517,Repaired baretables from MRVLB/MFWLB; baretable transfers from overburdened Long Beach terminals
UP,LX90-##,LA Harbor,leaving,Home Shop,,IM cars billed for UP home shop repair from both BNSF and UP MIMs - Cars for e.g. Spokane Yardley transfer to Watson via PHL,class:im,,IM cars billed for UP home shop repair from both BNSF and UP MIMs - Cars for e.g. Spokane Yardley transfer to Watson via PHL
UP,SA30-##,South San Antonio,leaving,Kirby autoracks,,,id:2239 class:auto,2241|2490|3431,
UP,SA30-##,South San Antonio,leaving,Kirby Manifest,,,id:2239,2241|2490|3431,
UP,SA30-##,South San Antonio,leaving,Eagle Pass,,"Eagle Pass, Mexico Eagle Pass",id:1608 id:2446 id:2447,2241|2490|3431,
UP,SA30-##,South San Antonio,leaving,Laughlin,MHELF,"CA, AZ, NV, UT",st:CA st:AZ st:NV st:UT,2241|2490|3431,
UP,NY57-##,Tower 55,leaving,Hodge Jct,,Cars for Ft Worth Hodge Jct,,1023|1847,Cars for Ft Worth Hodge Jct
UP,NY57-##,Tower 55,leaving,FWWR,,Overflow FWWR interchange,catchall,1023|1847,
UP,LC51-##,Lake Charles,leaving,PRI,,Port of Lake Charles UP,id:3279,3277|3278,
UP,LC51-##,Lake Charles,leaving,PRI,,Port of Lake Charles BNSF,id:3281,3277|3278,
UP,LC51-##,Lake Charles,leaving,PRI,,Port of Lake Charles CPKC,id:3280,3277|3278,
UP,AK63R-##,Westlake,leaving,Lake Charles,,outbound traffic picked up as described above,,1563|1987|2358,outbound traffic picked up as described above
UP,AK63R-##,Lake Charles,leaving,BioLab,,Westlake siding 24,,3277|3278,Westlake siding 24
UP,AK63R-##,Lake Charles,leaving,Philips 66,,Westlake Sidings 18-23,,3277|3278,Westlake Sidings 18-23
UP,AK63R-##,Lake Charles,leaving,Westlake,,Westlake Sidings 6-17,,3277|3278,Westlake Sidings 6-17
UP,AK63R-##,Lake Charles,leaving,CPKC,,"All outbound traffic from CPKC IDs switched by UP, Westlake UP Sidings 1-5, 41",,3277|3278,Westlake UP Sidings 1-5; 41
UP,AK64-##,Lake Charles,leaving,BNSF,BNSF H-LALTPL,All outbound traffic from BNSF MIMs,,3277|3278,
UP,AK64-##,Lake Charles,leaving,West Lake Charles BNSF,,,id:3284,3277|3278,
UP,FW82-##,Davidson,leaving,FWWR,,All FWWR traffic,,2973,All FWWR traffic
UP,FW82-##,Davidson,leaving,BNSF,,"Alliance TX, Temple, Irving BNSF, Ft Worth North Yard, Midlothian Railport BNSF, Mexico Eagle Pass BNSF, Mexico Laredo BNSF, Gainesville TX",id:1556 id:2330 id:3741 id:1798 id:1904 id:2032 id:2446 id:2483 id:1827,2973,
UP,FW82-##,Tower 55,leaving,Davidson,,"Any outbound UP traffic in the yard, otherwise runs engine light",,1023|1847,Any outbound UP traffic in the yard; otherwise runs engine light
UP,LX90-##,Long Beach,leaving,Terminal Island,,Loose intermodal and repaired baretables from MRVLB,class:im,1014|1149|2514|2515|2516|2517,Loose intermodal and repaired baretables from MRVLB
UP,LX90-##,Long Beach,leaving,LA Harbor baretables,,Loose intermodal and repaired baretables from MRVLB,class:im,1014|1149|2514|2515|2516|2517,Loose intermodal and repaired baretables from MRVLB
UP,LX90-##,LA Harbor,leaving,Home Shop,MLBWC,IM cars billed for UP home shop repair from both BNSF and UP MIMs - Cars for e.g. Spokane Yardley transfer to Watson via PHL,class:im,,IM cars billed for UP home shop repair from both BNSF and UP MIMs - Cars for e.g. Spokane Yardley transfer to Watson via PHL
UP,LX90-##,LA Harbor,leaving,East LA,LOG44,"Mesquite IM, Midlothian autos, City of Industry baretables",id:1845 class:im id:2031 id:2032 id:2364 class:auto,,City of Industry baretables
UP,OI17-##,"ICTF, grouped by destination in each block",leaving,Terminal Island,LOG44/PHL YP008,"Terminal Island ITCF, Long Beach Hanjin, APM Pier 400, Global South, Barstow 53' BNSF baretables",id:1146 id:3098 id:1149 id:3101 id:1152 id:1163 id:3099,,Barstow 53' BNSF baretables
UP,OI17-##,"ICTF, grouped by destination in each block",leaving,Long Beach,PHL YP001,"Long Beach ITF, Long Beach Container Terminal, Long Beach Pacific Container Terminal, Long Beach Pier A, Hobart 53' BNSF baretables, unassigned 40' BNSF baretables to load for BNSF trains",id:2515 id:3094 id:2516 id:3092 id:2514 id:3093 id:2517 id:3091,,Hobart 53' BNSF baretables; unassigned 40' BNSF baretables to load for BNSF trains
UP,OI17-##,"ICTF, grouped by destination in each block",leaving,LA Harbor,PHL YP004,"TRAPAC, West Basin, stray autos",id:3104 id:3102 id:3103 class:auto,,stray
UP,HO91-##,Settegast,leaving,Englewood,,All outbound cars not covered by trains from Settegast,,3480,
UP,HO91-##,Settegast,leaving,BNSF,M-EGWHOU,All outbound traffic from BNSF industries reciprocal switched by UP,,3480,
UP,EW64A%-##,Englewood,leaving,Settegast,,"traffic for MHOAS, MHOLI, MHOSS, Houston locals serviced by Settegast, overflow Strang, overflow Houston Pasadena/Deer Park",catchall catchall,1372|3784,MHOLI; MHOSS; Houston locals serviced by Settegast
UP,EW64D-##,Settegast,leaving,Englewood,,Same traffic as YEW64A,,3480,
UP,EW64D-##,Settegast,leaving,BNSF,M-EGWHOU,Same traffic as YEW64A,,3480,
UP,EW64D-##,Englewood,leaving,Settegast,,Same traffic as YEW64A,,1372|3784,
UP,EW64C-##,Englewood,leaving,Settegast,,Same traffic as YEW64A,,1372|3784,
UP,HO82R-##,Settegast,leaving,Basin,,"Houston Basin UP/BNSF/CPKC, Houston Sinco",id:1374 id:3008 id:3009 id:2322,3480,
UP,HO82R-##,Settegast,leaving,Glass,,Houston Glass UP/BNSF/CPKC,id:3010 id:3011 id:3012,3480,
UP,HO82R-##,Houston Basin,leaving,CPKC,YHO70R,All outbound traffic from Houston Basin/Glass CPKC,,1374|3008|3009,
UP,HO82R-##,Houston Basin,leaving,Settegast,,"All outbound manifest from UP/PTRA transfer for UP leaving Houston via MHOBO/MHOAS, alternate path Livonia",,1374|3008|3009,alternate path Livonia
UP,HO70R-##,Settegast,leaving,PTRA,,"PTRA, Mexico Laredo Interchange CPKC, Kendleton, CPKC block from YBS83",rr:PTRA id:2484 id:2557,3480,CPKC block from YBS83
UP,FW63-##,Davidson,leaving,Tower 55,,"Tower 55, Peach Yard, Tarrant, Chico",id:1023 id:1847 id:1273 id:2286 id:3534,2973,
UP,MA51A-##,Madison,leaving,ALS,,As-needed extra transfer to AA Siding for outbound manifest,,2647|3893,As-needed extra transfer to AA Siding for outbound
UP,MA51A-##,Madison,leaving,Wann,,"Wood River UP, Alton UP, Alton CN",id:1125 id:3608 id:3610,2647|3893,
UP,MA51A-##,Madison,leaving,Shops,,"Wood River sidings 9/10, Watco repair shop",,2647|3893,Wood River sidings 9/10; Watco repair shop
UP,MA51B-##,Wood River,leaving,ALS,,"All outbound traffic from Wood River UP, Alton UP, and Alton CN",id:3608,1125|3605|3606|3607,and Alton CN
UP,MA51B-##,AA Siding,created at,Madison,,"Granite City Madison, Wood River UP, Alton UP, Alton CN",id:1974 id:1125 id:3608 id:3610,2903,
UP,BA56-##,Peninsula Terminal,leaving,UP,,traffic routed via UP from PT,,2141,traffic routed via UP from PT
UP,BA56-##,Peninsula Terminal,leaving,BNSF,,traffic routed via BNSF from PT,,2141,traffic routed via BNSF from PT
UP,KS87R-##,18th Street,leaving,Neff,,"Neff, ASB Junction, Gooseneck, St Joseph, Jefferson City, Algoa, MNA, Harrisonville UP/MNA/CPKC, Clinton MO,Springfield UP MO, Carthage UP/BNSF, Aurora UP/BNSF, Batesville AR, Limedale UP/CPKC, Magness AR, Newark AR, KAW, KCT",id:1301 id:2194 id:2195 id:1218 id:1310 id:2109 id:1323 id:3355 rr:MNA id:2872 id:2872 id:2873 id:2867 id:2123 id:3493 id:3494 id:3496 id:3492 rr:KAW rr:KCT,1229|2046,Springfield UP MO
UP,KS87R-##,18th Street,leaving,KCT,Kansas City Mill St,"KAW, KCT, All outbound traffic from 18th Street KCT, ",rr:KAW rr:KCT,1229|2046,
UP,KS87R-##,18th Street,leaving,IM,,18th St IM block from MDMHN,class:im,1229|2046,18th St IM block from MDMHN
UP,LZ52-##,LATC,leaving,City of Industry,,"City of Industry manifest/53' IM baretables, Covina, Whittier Jct, Anaheim, Los Nietos",class:im id:2587 id:2588 id:2702 id:1016,,City of Industry manifest/53' IM baretables
UP,LZ52-##,LATC,leaving,PHL,MRVLB,"PHL, Long Beach siding 1, Terminal Island sidings 1-2",rr:PHL,,Long Beach siding 1; Terminal Island sidings 1-2
UP,LZ52-##,LATC,leaving,Long Beach,MRVLB,"Long Beach, Terminal Island, Dolores/ICTF, repaired baretables for ports",id:1014 id:1149 id:2514 id:2515 id:2516 id:2517 id:3090 id:3091 id:3092 id:3093 id:3094 id:3095 id:1389 id:3097 id:1001,,repaired baretables for ports
UP,PRIHB-##,Global 2,leaving,IHB Manifest,,"IHB, CFE",rr:IHB rr:CFE,1595,
UP,PRIHB-##,Global 2,leaving,IHB Racks,IHB GA1,"loaded/empty Autoracks for NS, CSX , AA, Conrail, FEC",class:auto rr:CSX rr:AA rr:FEC,1595,loaded/empty Autoracks for NS; Conrail
UP,CHYC-##,Chicago Clearing,leaving,Yard Center,,"Yard Center, Chicago Heights UP, Canal Street, Villa Grove, Royal, Tuscola UP, Shelbyville, Salem, Mt Vernon UP, EVWR, MO, Des Moines, Marshalltown, Tama, Eddyville, Cedar Rapids Beverly, Rochelle Global 3, Overflow KS/NM/AZ/El Paso/Amarillo, overflow Proviso",id:1161 id:2038 id:1094 id:2811 id:2813 id:2810 id:2812 id:1892 id:3002 rr:EVWR st:MO id:1046 id:2719 id:2720 id:2721 id:2726 id:3693 id:1287 id:3311 id:1708 id:1753 id:1760 catchall catchall,1473,
UP,YCCH-##,Yard Center,leaving,BRC,,"BRC, SCIH, CSS, CRL, BNSF Chicago area/WI, All CSX",rr:BRC rr:SCIH rr:CSS rr:CRL all:CSX,,BNSF Chicago area/WI
UP,DV72-##,North Yard,leaving,Denver North Washington,,,id:1979,,
UP,DV72-##,North Washington,leaving,1.,,,,,?unparsed
UP,DV72-##,North Yard,leaving,Denver Stockyards,,,,,Denver Stockyards
UP,DV72-##,Stock Yards,leaving,UP interchange,,,id:2447 id:2482 id:2487,1980,
UP,DV72-##,North Yard,leaving,Denver Silver Yard,,,id:1977,,
UP,DV72-##,Stock Yards,leaving,UP interchange,,,id:2447 id:2482 id:2487,1980,
UP,DV72-##,North Yard,leaving,Denver Post (Denver Belt Line siding 14) - max 8 cars,,,,,Denver Post (Denver Belt Line siding 14) - max 8 cars
UP,DV72-##,North Yard,leaving,Metro Water Recovery (Denver Belt Line siding 16) - max 6 cars,,,,,Metro Water Recovery (Denver Belt Line siding 16) - max 6 cars
UP,DV72-##,Belt Line,leaving,Denver,,all outbound manifest/home shop coal cars,,1718|2253,
UP,KS99-##,18th Street,leaving,KCIT,,Kansas City 18th Street IM,id:1229 id:2046 class:im,1229|2046,
UP,KS99-##,"Neff, with IM grouped by destination",leaving,North Platte IM,ZMNNP,"loaded IM for Oakland, Lathrop, Portland Brooklyn, Salt Lake City, Seattle, Tacoma",class:im id:1857 id:1866 id:1009 id:1325 id:2361 id:2362 id:3755 id:1481 id:1538 id:1803 id:2008 id:1502 id:1503 id:1554 id:1555 id:2626 id:2710 id:2711 id:2712 id:2714 id:3286 id:3287 id:3288,,loaded IM for Oakland
UP,KS99-##,"Neff, with IM grouped by destination",leaving,City of Industry IM,IKCLB,53' wells,,,
UP,KS99-##,"Neff, with IM grouped by destination",leaving,Terminal Island IM,IKCLB,"40/53' wells with international containers for LA TICTF, LA Pier 400, LA Global South, Long Beach Pier T",class:im id:1152 id:3100 id:1163 id:3099 id:1149 id:3101,,40/53' wells with international containers for LA TICTF
UP,KS99-##,"Neff, with IM grouped by destination",leaving,Long Beach IM,IKCLB,"40/53' wells with international containers for Long Beach ITS, Long Beach PCT, Long Beach Terminal A",class:im id:2514 id:3093 id:2517 id:3091,,40/53' wells with international containers for Long Beach ITS
UP,KS99-##,"Neff, with IM grouped by destination",leaving,LA Harbor IM,IKCLB,"40/53' wells with international containers for TRAPAC [TriPac], West Basin",class:im id:3102 id:3103,,40/53' wells with international containers for TRAPAC [TriPac]
UP,KS99-##,"Neff, with IM grouped by destination",leaving,ICTF,IKCLB,"40/53' wells with international containers, 53' with domestic containers for Los Angeles Dolores Yard/ICTF",class:im class:im,,40/53' wells with international containers
UP,KS99-##,"Neff, with IM grouped by destination",leaving,ICTF Baretables,IKCLB,empty wells for ICTF,,,empty wells for ICTF
UP,KS99-##,"Neff, with IM grouped by destination",leaving,Marion IM,INPMN,"IM for Marion, Dupo, CSX Southeast, Barbour's Cut",id:1180 class:im id:1578 rr:CSX@2686 id:1812 id:2528 id:3780,,
UP,KC44R-##,Neff,leaving,Fairfax,,"Fairfax UP/KCT, State Line, Glen Park",id:2641 id:3443 id:2196 id:2404 id:2197,,
UP,KC44R-##,Neff,leaving,ALS,,MFXAS ALS block,ref:MFXAS:ALS,,
UP,KC44R-##,Fairfax,leaving,KCT,KCT 315,All outbound traffic from Fairfax KCT MIM,,2641,
UP,EW64A-##,Englewood,leaving,Settegast,,"traffic for MHOAS, MHOSS, MHONL, Houston locals serviced by Settegast, overflow Strang, overflow Houston Pasadena/Deer Park, overflow MEWLI",catchall catchall catchall,1372|3784,MHOSS; MHONL; Houston locals serviced by Settegast
UP,MNLA-##,Marion,leaving,East LA,,,id:1588,1180|1448|1705,
UP,MNLA-##,Marion,leaving,Reefer traffic from Tropicana,,,,1180|1448|1705,Reefer traffic from Tropicana
UP,MQLA-##,"Mesquite, grouped by destination in each block",leaving,East LA,,,id:1588,,
UP,MQLA-##,"Mesquite, grouped by destination in each block",leaving,LATC,ILALA,"LATC, Lathrop, Portland Brooklyn",id:1203 id:1857 id:1866,,
UP,LBDV%-##,ICTF,leaving,Rolla Autos,LDI06,,id:1917 class:auto,,
UP,LBDV%-##,ICTF,leaving,Denver,,,id:1718 id:1769 id:1770 id:1800 id:1976 id:1977 id:1978 id:1979 id:1980 id:1981 id:2407,,
UP,LBDV%-##,ICTF,leaving,Salt Lake City,,,id:1009 id:1325 id:2361 id:2362 id:3755,,
UP,LBDV%-##,ICTF,leaving,Sparks IM,INPOA,,id:1141 id:2338 class:im,,
UP,LCLT-##,LATC,leaving,Lathrop,,,id:1857,,
UP,LCLT-##,LATC,leaving,Oakland IM,ZG2OAB,,id:3767 class:im,,
UP,LAMQ-##,"East LA, grouped by destination in each block",leaving,IM for Mesquite,,,id:1845 class:im,,
UP,LAMQ-##,"East LA, grouped by destination in each block",leaving,Mesquite Autoracks,,,id:1845 class:auto,,
UP,LAMQ-##,"East LA, grouped by destination in each block",leaving,Midlothian Autoracks,YMY59,,id:2031 id:2032 id:2364 class:auto,,
UP,SCG2-##,"Salt Lake, grouped by destination in each block",leaving,Global 2,,,id:1595,,
UP,SCG2-##,"Salt Lake, grouped by destination in each block",leaving,CSX Southeast,LG2G2,"Winter Haven, Fairburn, Jaxonville CSX, Charleston CSX, Charlotte CSX, other CSX southeast",id:1519 id:1261 id:1838 id:3181,,Jaxonville CSX; other CSX southeast
UP,G4CI-##,"Global 4, grouped by destination yard",leaving,City of Industry IM,,53' and spines only,,,
UP,G4CI-##,"Global 4, grouped by destination yard",leaving,Inland Empire,,"IM billed to West Colton, 53' only, max 40",class:im,,IM billed to West Colton; max 40
UP,G4CI-##,"Global 4, grouped by destination yard",leaving,Santa Teresa IM,,"Santa Teresa, Mexico El Paso->ISIEP",id:1403 id:2486 id:2487,,
UP,G4CI-##,"Global 4, grouped by destination yard",leaving,Tuscon IM,LKP36,,id:1477 class:im,,
UP,G4CI-##,"Global 4, grouped by destination yard",leaving,Mexico Nogales,MTUNG,,id:2489,,
UP,G4CI-##,"Global 4, grouped by destination yard",leaving,Terminal Island IM,ISILB2/ISILB3/ISILB4,"Terminal Island ITCF, Long Beach Hanjin, APM, Pier 400, Global South",id:1146 id:3098 id:1149 id:3101 id:1152 id:1152 id:1163 id:3099,,
UP,G4CI-##,"Global 4, grouped by destination yard",leaving,Long Beach IM,ISILB2/ISILB3/ISILB4,"Long Beach ITF, Long Beach Pacific Container Terminal, Long Beach Pier A",id:2515 id:3094 id:2514 id:3093 id:2517 id:3091,,
UP,G4CI-##,"Global 4, grouped by destination yard",leaving,LA Harbor IM,ISILB2/ISILB3/ISILB4,"TRAPAC [TriPac], West Basin",id:3104 id:3102 id:3103,,
UP,G4CI-##,"Global 4, grouped by destination yard",leaving,Dolores ICTF IM,ISILB/ISILB2/ISILB3/ISILB4,,id:1001 class:im,,
UP,G2BR-##,Global 2,leaving,Portland Brooklyn IM,,53' and spines only,,1595,
UP,G2BR-##,Global 2,leaving,Portland Terminal 6 UP,IG4SE,,id:2140,1595,
UP,G2BR-##,Global 2,leaving,Tacoma Tacsim IM,IG4SE,53' only,,1595,
UP,BRG2%-##,"Brooklyn, grouped by destination within each block",leaving,Global 2,,,id:1595,,
UP,BRG2%-##,"Brooklyn, grouped by destination within each block",leaving,Global 4,ITAG3/MNPCH,,id:2183,,
UP,BRG2%-##,"Brooklyn, grouped by destination within each block",leaving,CSX Northest,ITAG3,"Northwest Ohio ICTF, South Kearney, W. Springfield, Chambersburg, Misc CSX Northeast",id:2047 id:1002 id:1674 region:CSX:A,,South Kearney
UP,BRG2%-##,"Brooklyn, grouped by destination within each block",leaving,NS Northeast,ITAG3,"Harrisburg, Jersey City Croxton, Cleveland Heights, Mechanicville, Misc NS Northeast",id:1476 id:1108 id:1451 id:2057 region:NS:A1 region:NS:A2 region:NS:A3,,
UP,BRG2%-##,"Brooklyn, grouped by destination within each block",leaving,KCIT IM,INPDU,KC 18th Street,id:1229 id:2046,,
UP,BRG2%-##,"Brooklyn, grouped by destination within each block",leaving,Dupo,INPDU,"Dupo, Marion, Port Laredo, Austell, Huntsville, Charleston IMF, Misc NS Southeast, Fairburn, Misc CSX Southeast",id:1578 id:1180 id:1285 id:1244 id:1432 region:NS:B1 region:NS:B2 region:NS:B3 id:1261 region:CSX:B,,Charleston IMF
UP,BRG2%-##,"Brooklyn, grouped by destination within each block",leaving,Council Bluffs,ITAG3/MNPVP,,id:1107 id:1115 id:1767 id:1768 id:2583 id:2584 id:3064,,
UP,MQG4B-##,Mesquite,leaving,Global 4 IM,,,id:2183 class:im,1845,
UP,MQG4B-##,Mesquite,leaving,Harrisburg,IG4AH,,id:1476,1845,
UP,SCLB%-##,"Salt Lake, grouped by destination in each block",leaving,"LATC, East LA",,,,,"LATC, East LA"
UP,SCLB%-##,"Salt Lake, grouped by destination in each block",leaving,Terminal Island,,"Terminal Island ITCF, Long Beach Hanjin, APM, Pier 400, Global South",id:1146 id:3098 id:1149 id:3101 id:1152 id:1152 id:1163 id:3099,,
UP,SCLB%-##,"Salt Lake, grouped by destination in each block",leaving,Long Beach,,"Long Beach ITF, Long Beach Pacific Container Terminal, Long Beach Pier A",id:2515 id:3094 id:2514 id:3093 id:2517 id:3091,,
UP,SCLB%-##,"Salt Lake, grouped by destination in each block",leaving,LA Harbor,,"Los Angeles West Basin, Los Angeles TriPac",id:3102 id:3103 id:3104,,
UP,SCLB%-##,"Salt Lake, grouped by destination in each block",leaving,Dolores ICTF,,,id:1001,,
UP,SCLB%-##,"Salt Lake, grouped by destination in each block",leaving,Valley IM,,Las Vegas Valley,id:1492,,
UP,LCTM-##,"LATC, grouped by destination in each block",leaving,Tacoma TACSIM,,,id:2714,,
UP,LCTM-##,"LATC, grouped by destination in each block",leaving,Seattle,IG4SE,,id:1481 id:1538 id:1803 id:2008,,
UP,LCTM-##,"LATC, grouped by destination in each block",leaving,"Tacoma Container, Washington United",YTA23,,,,"Tacoma Container, Washington United"
UP,LCTM-##,"LATC, grouped by destination in each block",leaving,Portland Brooklyn,,,id:1866,,
UP,PBHO-##,"Pine Bluff, grouped by destination",leaving,Houston IM,,"Houston Settegast, Houston Barbour's Cut UP",id:3480 id:1812,,
UP,G2LT-##,Global 2,leaving,Sparks IM,,53' containers,class:im,1595,
UP,G2LT-##,Global 2,leaving,Lathrop IM,,53' containers,class:im,1595,
UP,LTG2-##,"Lathrop, grouped by destination in each block",leaving,Global 2,,,id:1595,,
UP,LAMN-##,East LA,leaving,Marion IM,,,id:1180 id:1448 id:1705 class:im,,
UP,LAMN-##,East LA,leaving,Marion Autos,,,id:1180 id:1448 id:1705 class:auto,,
UP,LAMN-##,East LA,leaving,Fairburn IM,,,id:1261 class:im,,
UP,LAMN-##,East LA,leaving,Charleston CSX IM,,,id:1838 class:im,,
UP,LAMN-##,East LA,leaving,Charlotte CSX IM,,,id:3181 class:im,,
UP,LAMN-##,East LA,leaving,Nashville IM,,,id:2859 class:im,,
UP,LAMN-##,East LA,leaving,Overflow ZLAAI,,,catchall,,
UP,G2OAB%-##,Global 2,leaving,Lathrop IM,,Overflow ZG2LT Lathrop,catchall,1595,
UP,G2OAB%-##,Global 2,leaving,Sparks IM,,,id:1141 id:2338 class:im,1595,
UP,DVLB%-##,"Denver, grouped by destination in each block",leaving,Salt Lake,,"Salt Lake, Oakland -> IOANP, Barbour's Cut UP ->IOANP",id:1009 id:1325 id:2361 id:2362 id:3755 id:3767 id:1812,,
UP,DVLB%-##,"Denver, grouped by destination in each block",leaving,LATC,LOG44,"LATC, East LA IM",id:1203 id:1588 class:im,,
UP,DVLB%-##,"Denver, grouped by destination in each block",leaving,Terminal Island,,"Terminal Island ITCF, Long Beach Hanjin, APM, Pier 400, Global South",id:1146 id:3098 id:1149 id:3101 id:1152 id:1152 id:1163 id:3099,,
UP,DVLB%-##,"Denver, grouped by destination in each block",leaving,Long Beach,,"Long Beach ITF, Long Beach Pacific Container Terminal, Long Beach Pier A",id:2515 id:3094 id:2514 id:3093 id:2517 id:3091,,
UP,DVLB%-##,"Denver, grouped by destination in each block",leaving,LA Harbor,,"TRAPAC [TriPac], West Basin",id:3104 id:3102 id:3103,,
UP,DVLB%-##,"Denver, grouped by destination in each block",leaving,Dolores ICTF,,,id:1001,,
UP,DVLB%-##,Centennial Park,created at,Valley IM,,Las Vegas Valley IM,id:1492 class:im,1325,
UP,G4MQ-##,"Global 4, grouped by destination in each block",leaving,Mesquite,,53' and spines,,,
UP,G4MQ-##,"Global 4, grouped by destination in each block",leaving,Houston,ZPBHO,"Houston Englewood 53' and spines, Houston Barbour's Cut",id:1812 id:2528 id:3780,,Houston Englewood 53' and spines
UP,LTG2%-##,"Lathrop, grouped by destination in each block",leaving,Global 2,,,id:1595,,
UP,LTG2%-##,"Lathrop, grouped by destination in each block",leaving,CSX Northeast,,Expedited ILTG2 CSX Northeast traffic,,,Expedited ILTG2 CSX Northeast traffic
UP,LTG2%-##,"Lathrop, grouped by destination in each block",leaving,NS Northeast,,Expedited ILTG2 NS Northeast traffic,,,Expedited ILTG2 NS Northeast traffic
UP,LAAI-##,"East LA, grouped by destination",leaving,Austell GA,,,id:1244,,
UP,LAAI-##,"East LA, grouped by destination",leaving,Savannah Garden City,,,id:1919 id:3363 id:3364,,
UP,LAAI-##,"East LA, grouped by destination",leaving,Jacksonville Simpson,,,id:1057,,
UP,LAAI-##,"East LA, grouped by destination",leaving,Miami FEC,,,id:1077,,
UP,LAAI-##,"East LA, grouped by destination",leaving,McCalla,,,id:2348,,
UP,LAAI-##,"East LA, grouped by destination",leaving,Baltimore NS,,,id:1417 id:1464 id:2736,,
UP,DUNP%-##,"Dupo, grouped by destination within each block",leaving,KS 18th Street IM,,,class:im,,KS 18th Street
UP,DUNP%-##,"Dupo, grouped by destination within each block",leaving,Council Bluffs IM,MNLCB,,id:1107 id:1115 id:1767 id:1768 id:2583 id:2584 id:3064 class:im,,
UP,DUNP%-##,"Dupo, grouped by destination within each block",leaving,Seattle,IG4SE,"Seattle, TACSIM, Washington United, Portland Terminal 6, other Pacific Northwest IM",id:1481 id:1538 id:1803 id:2008 id:2714 id:2711 id:3289 id:1877 id:2140 class:im,,other Pacific Northwest
UP,DUNP%-##,"Dupo, grouped by destination within each block",leaving,Oakland,INPOA,"Oakland, Lathrop, Salt Lake",id:1566 id:2237 id:1857 id:1009 id:1325 id:2361 id:2362 id:3755,,
UP,DUNP%-##,"Dupo, grouped by destination within each block",leaving,Denver,MNPDV,Denver,id:1718 id:1769 id:1770 id:1800 id:1976 id:1977 id:1978 id:1979 id:1980 id:1981 id:2407,,
UP,DUNP%-##,"Dupo, grouped by destination within each block",leaving,Portland,ZG2BR,Portland Brooklin,,,Portland Brooklin
UP,YCEG%-##,"Yard Center, with IM grouped by destination",leaving,Salem Manifest,,"Salem, EVWR, Mt Vernon UP, Mt Vernon NS, COER",id:1892 rr:EVWR id:3002 id:3003 rr:COER,,
UP,YCEG%-##,"Yard Center, with IM grouped by destination",leaving,Mexico Eagle Pass Interchange UP IM,,,id:2447 class:im,,
UP,YCEG%-##,"Yard Center, with IM grouped by destination",leaving,San Antonio SAIT,,,id:3118,,
UP,YCEG%-##,"Yard Center, with IM grouped by destination",leaving,Port Laredo IM,ISALD,,id:1285 class:im,,
UP,YCEG%-##,"Yard Center, with IM grouped by destination",leaving,Mexico Laredo Interchange UP IM,ISAMX/IDIMX,,id:2482 class:im,,
UP,BRNP%-##,"Brooklyn, grouped by destination within each block",leaving,Global 2,ITAG4,,id:1595,,
UP,BRNP%-##,"Brooklyn, grouped by destination within each block",leaving,Global 4,ITAG4/MNPCH,,id:2183,,
UP,BRNP%-##,"Brooklyn, grouped by destination within each block",leaving,CSX Northest,ITAG4,"Northwest Ohio ICTF, South Kearney, W. Springfield, Chambersburg, Misc CSX Northeast",id:2047 id:1002 id:1674 region:CSX:A,,South Kearney
UP,BRNP%-##,"Brooklyn, grouped by destination within each block",leaving,NS Northeast,ITAG4,"Harrisburg, Jersey City Croxton, Cleveland Heights, Mechanicville, Misc NS Northeast",id:1476 id:1108 id:1451 id:2057 region:NS:A1 region:NS:A2 region:NS:A3,,
UP,BRNP%-##,"Brooklyn, grouped by destination within each block",leaving,KCIT IM,INPDU,KC 18th Street,id:1229 id:2046,,
UP,BRNP%-##,"Brooklyn, grouped by destination within each block",leaving,Dupo,INPDU,"Dupo, Marion, Port Laredo, Austell, Huntsville, Charleston IMF, Misc NS Southeast, Fairburn, Misc CSX Southeast",id:1578 id:1180 id:1285 id:1244 id:1432 region:NS:B1 region:NS:B2 region:NS:B3 id:1261 region:CSX:B,,Charleston IMF
UP,BRNP%-##,"Brooklyn, grouped by destination within each block",leaving,Council Bluffs,ITAG4/MNPVP,,id:1107 id:1115 id:1767 id:1768 id:2583 id:2584 id:3064,,
UP,BRNP%-##,Pocatello,created at,North Platte Reefers,,Refridgerated cars for destinations covered by MPCNP,,1843,Refridgerated cars for destinations covered by MPCNP
UP,LCG2-##,"LATC, grouped by destination in each block",leaving,CSX Northeast,IG3SK,"Jersey City Kearney, W Springfield, NW Ohio ICTF, Worcester, Chambersburg, misc CSX northeast",id:3294 id:3600 id:1002 id:1006 id:1870 id:1674 region:CSX:A,,NW Ohio ICTF
UP,LCG2-##,"LATC, grouped by destination in each block",leaving,NS Northeast,ITAG4,"Harrisburg, Morrisville, Jersey City Croxton, Cincinnati Gest, misc NS northeast",id:1476 id:1911 id:1108 id:2048 region:NS:A1 region:NS:A2 region:NS:A3,,
UP,LCG2-##,"LATC, grouped by destination in each block",leaving,Global 2 IM,,,id:1595 class:im,,
UP,YCEG-##,"Yard Center, with IM grouped by destination",leaving,Mexico Eagle Pass Interchange UP IM,,,id:2447 class:im,,
UP,YCEG-##,"Yard Center, with IM grouped by destination",leaving,San Antonio SAIT,,,id:3118,,
UP,YCEG-##,"Yard Center, with IM grouped by destination",leaving,Port Laredo IM,ISALD,,id:1285 class:im,,
UP,YCEG-##,"Yard Center, with IM grouped by destination",leaving,Mexico Laredo Interchange UP IM,IMNMX,,id:2482 class:im,,
UP,BRLC%-##,"Portland Brooklyn, grouped by destination within each block",leaving,Mesquite IM,ZLAMQ,,id:1845 class:im,,
UP,BRLC%-##,"Portland Brooklyn, grouped by destination within each block",leaving,LATC IM,,,id:1203 class:im,,
UP,LAMN2-##,East LA,leaving,Marion IM,,Marion,id:1180 id:1448 id:1705,,
UP,LAMN2-##,East LA,leaving,CSX Southeast,,"Charleston CSX, Charlotte CSX, Nashville",id:1838 id:3181 id:1865,,
UP,LAMN2-##,East LA,leaving,NS Southeast,,Overflow ZLAAI,catchall,,
UP,LCG2%-##,"LATC, grouped by destination in each block",leaving,CSX Northeast,IG3SK,"Jersey City Kearney, W Springfield, NW Ohio ICTF, Worcester, Chambersburg, misc CSX northeast",id:3294 id:3600 id:1002 id:1006 id:1870 id:1674 region:CSX:A,,NW Ohio ICTF
UP,LCG2%-##,"LATC, grouped by destination in each block",leaving,NS Northeast,IG3AH,"Harrisburg, Morrisville, Jersey City Croxton, Cincinnati Gest, misc NS northeast",id:1476 id:1911 id:1108 id:2048 region:NS:A1 region:NS:A2 region:NS:A3,,
UP,LCG2%-##,"LATC, grouped by destination in each block",leaving,Global 2 IM,,,id:1595 class:im,,
UP,G2SC%-##,Global 2,leaving,Salt Lake City,,,id:1009 id:1325 id:2361 id:2362 id:3755,1595,
UP,G2SC%-##,Global 2,leaving,Las Vegas IM,ZDVLB,,id:1400 id:1492 class:im,1595,
UP,G2SC%-##,Global 2,leaving,Overflow Lathrop,INPOA,,catchall,1595,
UP,G2SC%-##,Global 2,leaving,Oakland,INPOA,,id:3767,1595,
UP,G2SC%-##,Global 2,leaving,ICTF Baretables,ZDVLB,Unassigned 40' and 53' wells for distribution from Dolores/ICTF,,1595,Unassigned 40' and 53' wells for distribution from Dolores/ICTF
UP,PBHO-##,"Pine Bluff, grouped by destination",leaving,Houston IM,,"Houston Settegast, Houston Barbour's Cut UP",id:3480 id:1812,,
UP,G2SC-##,Global 2,leaving,Salt Lake City,,,id:1009 id:1325 id:2361 id:2362 id:3755,1595,
UP,G2SC-##,Global 2,leaving,Denver IM,ZLBDV,,id:1718 id:1769 id:1770 id:1800 id:1976 id:1977 id:1978 id:1979 id:1980 id:1981 id:2407 class:im,1595,
UP,G2SC-##,Global 2,leaving,Las Vegas IM,ZDVLB,,id:1400 id:1492 class:im,1595,
UP,G2SC-##,Global 2,leaving,Overflow Lathrop,INPOA,,catchall,1595,
UP,G2SC-##,Global 2,leaving,Oakland,INPOA,,id:3767,1595,
UP,G2SC-##,Global 2,leaving,ICTF Baretables,ZDVLB,Unassigned 40' and 53' wells for distribution from Dolores/ICTF,,1595,Unassigned 40' and 53' wells for distribution from Dolores/ICTF
UP,LBHO%-##,"ICTF, grouped by destination in each block",leaving,Santa Teresa IM,,"Santa Teresa, Mexico El Paso ->ISIEP",id:1403 id:2486 id:2487,,
UP,LBHO%-##,"ICTF, grouped by destination in each block",leaving,San Antonio IM,,"San Antonio IT, Port Laredo->ISALD/IYCMX",,,San Antonio IT; Port Laredo->ISALD/IYCMX
UP,LBHO%-##,"ICTF, grouped by destination in each block",leaving,Houston IM,,"Houston, Houston Barbour's Cut->MHOBC, New Orleans Avondale ->MHOLI/MEWLI",id:1372 id:1374 id:1378 id:1383 id:1460 id:1812 id:1878 id:1879 id:1880 id:1935 id:1936 id:1937 id:1812 id:2528 id:3780,,New Orleans Avondale ->MHOLI/MEWLI
UP,LBHO%-##,SAIT,created at,Westfield Autos,,Loaded Westfield autoracks,class:auto,,Loaded Westfield
UP,LAMN2-##,East LA,leaving,Marion IM,,Marion,id:1180 id:1448 id:1705,,
UP,LAMN2-##,East LA,leaving,CSX Southeast,,"Charleston CSX, Charlotte CSX",id:1838 id:3181,,
UP,LAMN2-##,East LA,leaving,NS Southeast,,Overflow ZLAAI,catchall,,
UP,LAMN-##,East LA,leaving,Marion IM,,,id:1180 id:1448 id:1705 class:im,,
UP,LAMN-##,East LA,leaving,Marion Autos,,,id:1180 id:1448 id:1705 class:auto,,
UP,LAMN-##,East LA,leaving,Fairburn IM,,,id:1261 class:im,,
UP,LAMN-##,East LA,leaving,Charleston CSX IM,,,id:1838 class:im,,
UP,LAMN-##,East LA,leaving,Charlotte CSX IM,,,id:3181 class:im,,
UP,LAMN-##,East LA,leaving,Overflow ZLAAI,,,catchall,,
UP,G2LC-##,"Global 2, grouped by destination in each block",leaving,CSX Northeast IM,IG3SK,"Kearney, Chambersburg, Misc CSX Northeast",id:2598 id:1674 region:CSX:A,,
UP,G2LC-##,"Global 2, grouped by destination in each block",leaving,City of Industry IM,,53' and spines only,,,
UP,G2LC-##,"Global 2, grouped by destination in each block",leaving,East LA/LATC IM,,,class:im,,East LA/LATC
UP,G2LC-##,"Global 2, grouped by destination in each block",leaving,Inland Empire IM,,"53' only, max 40 West Colton IM",class:im,,max 40 West Colton
UP,G2LC-##,"Global 2, grouped by destination in each block",leaving,Mira Loma Autos,,,id:1406 class:auto,,
UP,EGYC-##,"Eagle Pass, with IM grouped by destination yard in each block",leaving,SAIT IM,,"Lathrop, Dolores/ICTF, Marion",id:1857 id:1001 id:1180 id:1448 id:1705,,
UP,EGYC-##,"Eagle Pass, with IM grouped by destination yard in each block",leaving,Yard Center IM,,,id:1161 class:im,,
UP,EGYC-##,"Eagle Pass, with IM grouped by destination yard in each block",leaving,CN IM,,"All CN IM from Mexico Eagle Pass, grouped by destination",class:im,,All CN IM from Mexico Eagle Pass
UP,EGYC-##,SAIT,created at,CSX IM,,"Detroit Livernois CSX, Louisville Osborne CSX",id:2097,,Louisville Osborne CSX
UP,MQG4%-##,"Mesquite, grouped by destination in each block",leaving,Joliet global 4,,,id:2183,,
UP,MQG4%-##,"Mesquite, grouped by destination in each block",leaving,NS Northeast,IG4AH,"Harrisburg, Norfolk, Jersey City Croxton, Columbus NS, Misc NS Northeast",id:1476 id:3558 id:3559 id:3561 id:1108 id:1447 id:1639 id:1453 region:NS:A1 region:NS:A2 region:NS:A3,,
UP,MQG4%-##,"Mesquite, grouped by destination in each block",leaving,CSX Northeast,IG4G3,Chambersburg,id:1674,,
UP,MQG4%-##,"Mesquite, grouped by destination in each block",leaving,Dupo IM,,,id:1578 class:im,,
UP,MQG4%-##,"Mesquite, grouped by destination in each block",leaving,Dupo Transfers,,"Seattle, Tacoma ->ZDUNP",id:1481 id:1538 id:1803 id:2008 id:1502 id:1503 id:1554 id:1555 id:2626 id:2710 id:2711 id:2712 id:2714 id:3286 id:3287 id:3288,,
UP,MQG4%-##,"Mesquite, grouped by destination in each block",leaving,Marion IM,MNLNV,,id:1180 id:1448 id:1705 class:im,,
UP,MQG4%-##,Dupo,added at,NS Southeast,IG4CL,Austell,id:1244,1578,
UP,SALB%-##,"SAIT, grouped by destination within each block",leaving,LATC,,"Tacoma IM, Lathrop IM, LATC IM, East LA IM, Portland Brooklyn, Loaded Oxnard/Pt. Hueme Autos",id:1502 id:1503 id:1554 id:1555 id:2626 id:2710 id:2711 id:2712 id:2714 id:3286 id:3287 id:3288 class:im id:1857 class:im id:1203 class:im id:1588 class:im id:1866 class:auto,,Loaded Oxnard/Pt. Hueme
UP,SALB%-##,"SAIT, grouped by destination within each block",leaving,Terminal Island,,"Terminal Island ITCF, Long Beach Hanjin, APM Pier 400, Global South",id:1146 id:3098 id:1149 id:3101 id:1152 id:1163 id:3099,,
UP,SALB%-##,"SAIT, grouped by destination within each block",leaving,Long Beach,,"Long Beach ITF, Long Beach Container Terminal, Long Beach Pacific Container Terminal, Long Beach Pier A",id:2515 id:3094 id:2516 id:3092 id:2514 id:3093 id:2517 id:3091,,
UP,SALB%-##,"SAIT, grouped by destination within each block",leaving,LA Harbor,,"TRAPAC [TriPac], West Basin",id:3104 id:3102 id:3103,,
UP,SALB%-##,"SAIT, grouped by destination within each block",leaving,Dolores ICTF,,,id:1001,,
UP,SALB%-##,"SAIT, grouped by destination within each block",leaving,Sparks,ZLBDV,,id:1141 id:2338,,
UP,SALB%-##,"SAIT, grouped by destination within each block",leaving,Mira Loma Autos,,,id:1406 class:auto,,
UP,SALB%-##,"SAIT, grouped by destination within each block",leaving,Santa Teresa,,"Santa Teresa IM, Mexico El Paso IM, Phoenix Autos",id:1403 class:im id:2486 id:2487 class:im id:1345 id:1536 id:1537 id:1565 id:2707 class:auto,,
UP,SALB%-##,LATC,created at,Reisor Autos,,Autoracks for Shreveport Reisor,id:2398 class:auto,,
UP,CIG4%-##,City of Industry,leaving,Global 4,,,id:2183,1095,
UP,CIG4%-##,City of Industry,leaving,Kanas City IM,YKS87R,Kansas City 18th IM,id:1229 id:2046 class:im,1095,
UP,CIG4%-##,Inland Empire (West Colton),added at,Global 2,IG4G2,,id:1595,,
UP,G2LC-##,"Global 2, grouped by destination in each block",leaving,Mira Loma Autos,,,id:1406 class:auto,,
UP,G2LC-##,"Global 2, grouped by destination in each block",leaving,City of Industry IM,,53' and spines only,,,
UP,G2LC-##,"Global 2, grouped by destination in each block",leaving,East LA/LATC IM,,,class:im,,East LA/LATC
UP,G2LC-##,"Global 2, grouped by destination in each block",leaving,Inland Empire IM,,"53' only, max 50 West Colton IM",class:im,,max 50 West Colton
UP,LBHO-##,"ICTF, grouped by destination in each block",leaving,Santa Teresa IM,,"Santa Teresa, Mexico El Paso ->ISIEP, Kansas City Neff ->ITUG4",id:1403 id:2486 id:2487 id:1301,,
UP,LBHO-##,"ICTF, grouped by destination in each block",leaving,San Antonio IM,,"San Antonio IT, Port Laredo->ISALD/IYCMX, [Louisville CSX from Santa Teresa] -> ZSAYC",,,San Antonio IT; Port Laredo->ISALD/IYCMX; [Louisville CSX from Santa Teresa]
UP,LBHO-##,"ICTF, grouped by destination in each block",leaving,Houston IM,,"Houston, Houston Barbour's Cut->MHOBC, New Orleans Avondale ->MHOLI/MEWLI",id:1372 id:1374 id:1378 id:1383 id:1460 id:1812 id:1878 id:1879 id:1880 id:1935 id:1936 id:1937 id:1812 id:2528 id:3780,,New Orleans Avondale ->MHOLI/MEWLI
UP,LBHO-##,SAIT,created at,Dupo IM,MHOAS,Loaded IM for Dupo IL,class:im,,Loaded IM for Dupo IL
UP,LBHO-##,SAIT,created at,Westfield Autos,,Loaded Westfield autoracks,class:auto,,Loaded Westfield
UP,CIG4-##,City of Industry,leaving,Global 4,,,id:2183,1095,
UP,CIG4-##,City of Industry,leaving,KCIT,,Kansas City 18th St IM,id:1229 id:2046 class:im,1095,
UP,MQG4-##,"Mesquite, grouped by destination in each block",leaving,Joliet global 4,,,id:2183,,
UP,MQG4-##,"Mesquite, grouped by destination in each block",leaving,NS Northeast,IG4AH,"Harrisburg, Norfolk, Jersey City Croxton, Columbus NS, Misc NS Northeast",id:1476 id:3558 id:3559 id:3561 id:1108 id:1447 id:1639 id:1453 region:NS:A1 region:NS:A2 region:NS:A3,,
UP,MQG4-##,"Mesquite, grouped by destination in each block",leaving,CSX Northeast,IG4G3,Chambersburg,id:1674,,
UP,MQG4-##,"Mesquite, grouped by destination in each block",leaving,Dupo IM,,,id:1578 class:im,,
UP,MQG4-##,"Mesquite, grouped by destination in each block",leaving,North Platte IM,,"Seattle, Tacoma ->INPMN",id:1481 id:1538 id:1803 id:2008 id:1502 id:1503 id:1554 id:1555 id:2626 id:2710 id:2711 id:2712 id:2714 id:3286 id:3287 id:3288,,
UP,MQG4-##,"Mesquite, grouped by destination in each block",leaving,Marion IM,INPMN,,id:1180 id:1448 id:1705 class:im,,
UP,MQG4-##,Dupo,added at,NS Southeast,IG3CL,Austell,id:1244,1578,
UP,MNNP%-##,"Marion, grouped by destination within each block",leaving,Seattle,IG4SE,"Seattle, TACSIM, Washington United, Portland Terminal 6, other Pacific Northwest IM",id:1481 id:1538 id:1803 id:2008 id:2714 id:2711 id:3289 id:1877 id:2140 class:im,,other Pacific Northwest
UP,MNNP%-##,"Marion, grouped by destination within each block",leaving,Oakland,INPOA,"Oakland, Lathrop [53' only], Salt Lake",id:1566 id:2237 id:1857 id:1009 id:1325 id:2361 id:2362 id:3755,,
UP,MNNP%-##,"Marion, grouped by destination within each block",leaving,Denver,MNPDV,Denver,id:1718 id:1769 id:1770 id:1800 id:1976 id:1977 id:1978 id:1979 id:1980 id:1981 id:2407,,
UP,MNNP%-##,"Marion, grouped by destination within each block",leaving,Portland,ZG2BR,Portland Brooklin,,,Portland Brooklin
UP,MNNP%-##,"Marion, grouped by destination within each block",leaving,KCIT,,"18th Street UP, Council Bluffs ->YKS87R",id:1229 id:1107 id:1115 id:1767 id:1768 id:2583 id:2584 id:3064,,
UP,MNNP%-##,"Marion, grouped by destination within each block",leaving,Dupo IM,,"Dupo, Avon ->MCHAS",id:1578 id:1611 id:3733,,
UP,MNNP%-##,Dupo,created at,ICTF,IKCLB/ZKCLB,Loaded wells for Dolores/ICTF,,1578,Loaded wells for Dolores/ICTF
UP,IEG2-##,Inland Empire IT,leaving,Global 2,,53' Containers for Global 2,,,
UP,DVSC-##,"Denver, grouped by destination in each block",leaving,Salt Lake,,"Salt Lake, Oakland -> INPOA",id:1009 id:1325 id:2361 id:2362 id:3755 id:3767,,
UP,DVSC-##,"Denver, grouped by destination in each block",leaving,Houston IM,,"Houston Settegast, Barbour's Cut UP ->IOANP",id:3480 id:1812,,
UP,DVSC-##,"Denver, grouped by destination in each block",leaving,Terminal Island,ZSCLB,"Terminal Island ITCF, Long Beach Hanjin, APM, Pier 400, Global South",id:1146 id:3098 id:1149 id:3101 id:1152 id:1152 id:1163 id:3099,,
UP,DVSC-##,"Denver, grouped by destination in each block",leaving,Long Beach,ZSCLB,"Long Beach ITF, Long Beach Pacific Container Terminal, Long Beach Pier A",id:2515 id:3094 id:2514 id:3093 id:2517 id:3091,,
UP,DVSC-##,"Denver, grouped by destination in each block",leaving,LA Harbor,ZSCLB,"TRAPAC [TriPac], West Basin",id:3104 id:3102 id:3103,,
UP,DVSC-##,"Denver, grouped by destination in each block",leaving,Dolores ICTF,ZSCLB,,id:1001,,
UP,LBDV-##,ICTF,leaving,Rolla Autos,LDI06,,id:1917 class:auto,,
UP,LBDV-##,ICTF,leaving,Denver,,,id:1718 id:1769 id:1770 id:1800 id:1976 id:1977 id:1978 id:1979 id:1980 id:1981 id:2407,,
UP,LBDV-##,ICTF,leaving,Salt Lake City,,"Salt Lake City, Sparks IM -> INPOA",id:1009 id:1325 id:2361 id:2362 id:3755 id:1141 id:2338 class:im,,
UP,LBDV-##,ICTF,leaving,North Platte IM,,"Council Bluffs IM, Shell Rock IM, Twin Cities IT IM",id:1107 id:1115 id:1767 id:1768 id:2583 id:2584 id:3064 class:im id:2077 class:im class:im,,Twin Cities IT
UP,EGSA%-##,"Eagle Pass, with IM grouped by destination yard in each block",leaving,SAIT IM,,"Lathrop, Dolores/ICTF, misc UP California destinations",id:1857 id:1001,,misc UP California destinations
UP,EGSA%-##,"Eagle Pass, with IM grouped by destination yard in each block",leaving,Marion IM,,"Marion, Dupo, Charlotte Pinoca, Misc CSX Southeast IM",id:1180 id:1578 id:1907 region:CSX:B class:im,,
UP,EGSA%-##,"Eagle Pass, with IM grouped by destination yard in each block",leaving,Jersey City Croxton IM,MLDBZ,,id:1108 class:im,,
UP,EGSA%-##,"Eagle Pass, with IM grouped by destination yard in each block",leaving,CSX Northeast IM,ZSAYC,"Louisville, Detroit Livernois CSX",id:1026 id:1462 id:1906 id:1939 id:1940 id:1941 id:1942 id:1943 id:1945 id:2188 id:2585 id:2900 id:2097,,
UP,EGSA%-##,"Eagle Pass, with IM grouped by destination yard in each block",leaving,CN IM,ZSAYC,"All CN IM from Mexico Eagle Pass, grouped by destination",class:im,,All CN IM from Mexico Eagle Pass
UP,SAYC%-##,"SAIT, with IM grouped by destination yard in each block",leaving,Yard Center IM,,,id:1161 class:im,,
UP,SAYC%-##,"SAIT, with IM grouped by destination yard in each block",leaving,CN IM,,"All CN IM from Mexico Eagle Pass, grouped by destination",class:im,,All CN IM from Mexico Eagle Pass
UP,SAYC%-##,"SAIT, with IM grouped by destination yard in each block",leaving,CSX IM,,"Detroit Livernois CSX, Louisville Osborne CSX",id:2097,,Louisville Osborne CSX
UP,BRLC-##,"Portland Brooklyn, grouped by destination within each block",leaving,Mesquite IM,ZLAMQ,,id:1845 class:im,,
UP,BRLC-##,"Portland Brooklyn, grouped by destination within each block",leaving,LATC Spines,,,,,LATC Spines
UP,BRLC-##,"Portland Brooklyn, grouped by destination within each block",leaving,LATC 53 ft wells,,,,,LATC 53 ft wells
UP,BRLC-##,"Portland Brooklyn, grouped by destination within each block",leaving,LATC 53 ft baretables,,,,,LATC 53 ft baretables
UP,BRG2-##,"Brooklyn, grouped by destination within each block",leaving,Global 2,,,id:1595,,
UP,BRG2-##,"Brooklyn, grouped by destination within each block",leaving,Global 4,ISEG4/MNPCH,,id:2183,,
UP,BRG2-##,"Brooklyn, grouped by destination within each block",leaving,CSX Northest,ITAG3,"Northwest Ohio ICTF, South Kearney, W. Springfield, Chambersburg, Misc CSX Northeast",id:2047 id:1002 id:1674 region:CSX:A,,South Kearney
UP,BRG2-##,"Brooklyn, grouped by destination within each block",leaving,NS Ashland,ITAG3,"Harrisburg, Jersey City Croxton, Cleveland Heights, Mechanicville, Misc NS Northeast",id:1476 id:1108 id:1451 id:2057 region:NS:A1 region:NS:A2 region:NS:A3,,
UP,BRG2-##,"Brooklyn, grouped by destination within each block",leaving,NS Calumet,,"Cleveland Maple Heights, Cincinnatti Gest",id:1451 id:2048,,
UP,BRG2-##,"Brooklyn, grouped by destination within each block",leaving,KCIT IM,INPDU,KC 18th Street,id:1229 id:2046,,
UP,BRG2-##,"Brooklyn, grouped by destination within each block",leaving,Dupo,INPDU,"Dupo, Marion, Port Laredo, Austell, Huntsville, Charleston IMF, Misc NS Southeast, Fairburn, Misc CSX Southeast",id:1578 id:1180 id:1285 id:1244 id:1432 region:NS:B1 region:NS:B2 region:NS:B3 id:1261 region:CSX:B,,Charleston IMF
UP,BRG2-##,"Brooklyn, grouped by destination within each block",leaving,Council Bluffs,ITAG3/MNPVP,,id:1107 id:1115 id:1767 id:1768 id:2583 id:2584 id:3064,,
UP,MNNP-##,"Marion, grouped by destination within each block",leaving,North Platte Autos,,"Loaded autoracks for CO, UT, NV, WA, OR, Northern California",st:CO class:auto st:UT st:NV st:WA st:OR st:CA,,
UP,MNNP-##,"Marion, grouped by destination within each block",leaving,Seattle,IG4SE,"Seattle, TACSIM, Washington United, Portland Terminal 6, other Pacific Northwest IM",id:1481 id:1538 id:1803 id:2008 id:2714 id:2711 id:3289 id:1877 id:2140 class:im,,other Pacific Northwest
UP,MNNP-##,"Marion, grouped by destination within each block",leaving,Oakland,INPOA,"Oakland, Lathrop [53' and spines only], Salt Lake",id:1566 id:2237 id:1857 id:1009 id:1325 id:2361 id:2362 id:3755,,
UP,MNNP-##,"Marion, grouped by destination within each block",leaving,Denver,MNPDV,Denver,id:1718 id:1769 id:1770 id:1800 id:1976 id:1977 id:1978 id:1979 id:1980 id:1981 id:2407,,
UP,MNNP-##,"Marion, grouped by destination within each block",leaving,Portland,ZG2BR,Portland Brooklin,,,Portland Brooklin
UP,MNNP-##,"Marion, grouped by destination within each block",leaving,KCIT,,"18th Street UP, Council Bluffs ->YKS87R",id:1229 id:1107 id:1115 id:1767 id:1768 id:2583 id:2584 id:3064,,
UP,MNNP-##,"Marion, grouped by destination within each block",leaving,Dupo IM,,"Dupo, Avon ->MCHAS",id:1578 id:1611 id:3733,,
UP,MNNP-##,Dupo,created at,ICTF,IKCLB/ZKCLB,Loaded 53' and 40' wells for Dolores/ICTF,,1578,Loaded 53' and 40' wells for Dolores/ICTF
UP,MNNP-##,Dupo,created at,Long Beach IM,IKCLB/ZKCLB,"International containers, 53' or 40' wells for Long Beach ITS, Long Beach Container Terminal, Long Beach PCT, Long Beach Terminal A",class:im id:2516 id:3092 id:2514 id:3093 id:2517 id:3091,1578,International containers
UP,SCLB-##,"Salt Lake, grouped by destination in each block",leaving,"LATC, East LA",,,,,"LATC, East LA"
UP,SCLB-##,"Salt Lake, grouped by destination in each block",leaving,Terminal Island,,"Terminal Island ITCF, Long Beach Hanjin, APM, Pier 400, Global South",id:1146 id:3098 id:1149 id:3101 id:1152 id:1152 id:1163 id:3099,,
UP,SCLB-##,"Salt Lake, grouped by destination in each block",leaving,Long Beach,,"Long Beach ITF, Long Beach Pacific Container Terminal, Long Beach Pier A",id:2515 id:3094 id:2514 id:3093 id:2517 id:3091,,
UP,SCLB-##,"Salt Lake, grouped by destination in each block",leaving,LA Harbor,,"Los Angeles West Basin, Los Angeles TriPac",id:3102 id:3103 id:3104,,
UP,SCLB-##,"Salt Lake, grouped by destination in each block",leaving,Dolores ICTF,,,id:1001,,
UP,SCLB-##,"Salt Lake, grouped by destination in each block",leaving,Valley IM,,Las Vegas Valley,id:1492,,
UP,SAYC-##,"SAIT, with IM grouped by destination yard in each block",leaving,Yard Center IM,,,id:1161 class:im,,
UP,SAYC-##,"SAIT, with IM grouped by destination yard in each block",leaving,CN IM,,"All CN IM from Mexico Eagle Pass, grouped by destination",class:im,,All CN IM from Mexico Eagle Pass
UP,SAYC-##,"SAIT, with IM grouped by destination yard in each block",leaving,CSX IM,,"Detroit Livernois CSX, Louisville Osborne CSX",id:2097,,Louisville Osborne CSX
UP,SAYC-##,"SAIT, with IM grouped by destination yard in each block",leaving,Marion IM,,"Loaded wells for Marion, Dupo",id:1578,,Loaded wells for Marion
UP,SAYC-##,"SAIT, with IM grouped by destination yard in each block",leaving,NS SE IM,,"Jacksonville NS, Austell, Misc NS Southeast IM",id:1118 id:1244 region:NS:B1 region:NS:B2 region:NS:B3 class:im,,
UP,SAYC-##,"SAIT, with IM grouped by destination yard in each block",leaving,CSX SE IM,,"Jaxonville, Winter Haven, Charlotte, Charleston, Nashville, Fairburn, misc southeast CSX IM",id:1519 id:1052 id:1112 id:1274 id:1907 id:1910 id:1838 id:1865 id:1261 class:im,,Jaxonville; misc southeast CSX
UP,SAYC-##,"SAIT, with IM grouped by destination yard in each block",leaving,Marion Baretables,,Empty wells billed to Marion,,,Empty wells billed to Marion
UP,EGSA-##,"Eagle Pass, with IM grouped by destination yard in each block",leaving,SAIT IM,,"Lathrop, Dolores/ICTF, misc UP California destinations",id:1857 id:1001,,misc UP California destinations
UP,EGSA-##,"Eagle Pass, with IM grouped by destination yard in each block",leaving,CN IM,ZSAYC,"All CN IM from Mexico Eagle Pass, grouped by destination",class:im,,All CN IM from Mexico Eagle Pass
UP,EGSA-##,"Eagle Pass, with IM grouped by destination yard in each block",leaving,CSX Northeast IM,ZSAYC,"Louisville, Detroit Livernois CSX",id:1026 id:1462 id:1906 id:1939 id:1940 id:1941 id:1942 id:1943 id:1945 id:2188 id:2585 id:2900 id:2097,,
UP,EGSA-##,"Eagle Pass, with IM grouped by destination yard in each block",leaving,Marion IM,ZSAYC,"Marion, Dupo",id:1180 id:1578,,
UP,EGSA-##,"Eagle Pass, with IM grouped by destination yard in each block",leaving,NS Southeast IM,ZSAYC,"Jacksonville Simpson [53' only], Austell, Misc NS Southeast IM",id:1057 id:1244 region:NS:B1 region:NS:B2 region:NS:B3 class:im,,
UP,EGSA-##,"Eagle Pass, with IM grouped by destination yard in each block",leaving,CSX SE IM,,"Charlotte Pinoca, Misc CSX Southeast IM",id:1907 region:CSX:B class:im,,
UP,SALB-##,"SAIT, grouped by destination within each block",leaving,LATC,,"Tacoma IM, Lathrop IM, LATC IM, East LA IM, Portland Brooklyn, Tacoma TACSIM, Loaded Oxnard/Pt. Hueme Autos",id:1502 id:1503 id:1554 id:1555 id:2626 id:2710 id:2711 id:2712 id:2714 id:3286 id:3287 id:3288 class:im id:1857 class:im id:1203 class:im id:1588 class:im id:1866 id:2714 class:auto,,Loaded Oxnard/Pt. Hueme
UP,SALB-##,"SAIT, grouped by destination within each block",leaving,Terminal Island,,"Terminal Island ITCF, Long Beach Hanjin, APM Pier 400, Global South",id:1146 id:3098 id:1149 id:3101 id:1152 id:1163 id:3099,,
UP,SALB-##,"SAIT, grouped by destination within each block",leaving,Long Beach,,"Long Beach ITF, Long Beach Container Terminal, Long Beach Pacific Container Terminal, Long Beach Pier A",id:2515 id:3094 id:2516 id:3092 id:2514 id:3093 id:2517 id:3091,,
UP,SALB-##,"SAIT, grouped by destination within each block",leaving,LA Harbor,,"TRAPAC [TriPac], West Basin",id:3104 id:3102 id:3103,,
UP,SALB-##,"SAIT, grouped by destination within each block",leaving,Dolores ICTF,,,id:1001,,
UP,SALB-##,"SAIT, grouped by destination within each block",leaving,Sparks,ZLBDV,,id:1141 id:2338,,
UP,SALB-##,"SAIT, grouped by destination within each block",leaving,Mira Loma Autos,,,id:1406 class:auto,,
UP,SALB-##,"SAIT, grouped by destination within each block",leaving,Santa Teresa,,"Santa Teresa IM, Mexico El Paso IM, Phoenix Autos",id:1403 class:im id:2486 id:2487 class:im id:1345 id:1536 id:1537 id:1565 id:2707 class:auto,,
UP,SALB-##,LATC,created at,Reisor Autos,,Autoracks for Shreveport Reisor,id:2398 class:auto,,
