railroad,symbol,yard_id,yard,verb,block
BNSF,ALTRIC1-##A,1040,Clovis,set out,Clovis
BNSF,ALTSBD1-##A,1040,Clovis,set out,Clovis; Pick Up San Bernardino in
BNSF,ATGLAC9-##A,1040,Clovis,set out,Clovis
BNSF,CHISBD6-##L,1040,Clovis,set out,Clovis
BNSF,LACLPC6-##C,1040,Clovis,set out,Clovis; Pick Up LPK
BNSF,LACLPC6-##C,1040,Clovis,set out,LPC in
BNSF,MEMLAC1-##A,1040,Clovis,set out,Clovis; Pick Up Barstow
BNSF,MEMLAC1-##A,1040,Clovis,set out,Hobart in
BNSF,MEMRIC1-##A,1040,Clovis,set out,Clovis; Pick Up Mariposa
BNSF,MEMRIC1-##A,1040,Clovis,set out,Oakland BNSF in
BNSF,PHXCHI1-##A,1809,Fort Madison,set out,Ft. Madison
BNSF,PHXCHI1-##A,1040,Clovis,pick up,in
BNSF,SBDCHI6-##K1,1809,Fort Madison,set out,Ft. Madison
BNSF,STOATG6-##A,1040,Clovis,pick up,Fairburn
BNSF,STOATG6-##A,1040,Clovis,pick up,Jacksonville
BNSF,STOATG6-##A,1040,Clovis,pick up,Charlotte in
BNSF,STOCHI6-##A,1040,Clovis,set out,Clovis; Pick Up LPK
BNSF,STOCHI6-##A,1040,Clovis,set out,Corwtih in
BNSF,LACCXO1-##A,1040,Clovis,pick up,CSX destinations in
BNSF,RICCHI6-##A,1135,Belen,set out,Albuqerque
BNSF,LACATG6-##A,1040,Clovis,pick up,in
BNSF,PEALAC1-##C,1040,Clovis,set out,Clovis
BNSF,ALTCHI1-##A,1505,Logistics Park Chicago,set out,Logistics Park
BNSF,SBDALT6-##V1,1040,Clovis,set out,Clovis (block 2); pick up Alliance
BNSF,SBDALT6-##V1,1040,Clovis,set out,Pearland in
BNSF,SBDAUG6-##V,1040,Clovis,pick up,NS in
BNSF,SBDLPC6-##K1,1809,Fort Madison,set out,Ft. Madison
BNSF,CHCSSE2-##V,1584,Mandan,set out,NW Autorack
BNSF,CHCPTL1-##M,1584,Mandan,set out,NW Autorack
BNSF,CHIALT6-##V,1620,Kansas City Argentine Yard,pick up,Autoracks in proper
BNSF,CHICLO1-##A,1809,Fort Madison,pick up,Clovis per
BNSF,CHIPHX6-##V1,1135,Belen,set out,Albuquerque
BNSF,CHILAC6-##L8,1040,Clovis,set out,Clovis
BNSF,CHILAC7-##L8,1040,Clovis,set out,Clovis
BNSF,BELCHI6-##A,1040,Clovis,pick up,in assigned
BNSF,PTLALT6-##F3,1628,South Seattle Yard,pick up,in
BNSF,PTLALT6-##G1,1628,South Seattle Yard,pick up,in
BNSF,FTMLAC1-##A,1040,Clovis,set out,Clovis; Pick Up in
BNSF,FTMLAC1-##A,2454,Logistics Park Kansas City,set out,Logisitics Park Kansas City IM; Pick Up in
BNSF,ABQWSP9-##A,1040,Clovis,pick up,in
BNSF,SBDWSP4-##U,1040,Clovis,pick up,Logistics Park KC
BNSF,SBDWSP4-##U,1040,Clovis,pick up,Willow Springs in
BNSF,SBDCHI7-##A,1809,Fort Madison,set out,either of the foreign
BNSF,SBDWSP8-##A,1040,Clovis,set out,Clovis; Pick Up LPK
BNSF,SBDWSP8-##A,1040,Clovis,set out,Willow Springs in
BNSF,STOWSP7-##A,1040,Clovis,pick up,Logistics Park KC
BNSF,STOWSP7-##A,1040,Clovis,pick up,Willow Springs in
BNSF,CHCSSE8-##A,1742,Spokane Yardley,set out,Spokane
BNSF,SSECHC8-##A,1742,Spokane Yardley,set out,Spokane; Pick Up St. Paul
BNSF,SSECHC8-##A,1742,Spokane Yardley,set out,Cicero in
BNSF,PTLCHC8-##M,1742,Spokane Yardley,set out,Spokane; Pick Up St. Paul
BNSF,PTLCHC8-##M,1742,Spokane Yardley,set out,Cicero in
BNSF,PTLCHC8-##A,1742,Spokane Yardley,set out,Spokane; Pick Up St. Paul
BNSF,PTLCHC8-##A,1742,Spokane Yardley,set out,Cicero in
BNSF,LHGDEN1-##A,1040,Clovis,set out,Clovis
BNSF,SEACHC1-##A1,1215,La Crosse BNSF Yard,set out,La Crosse
BNSF,LBTCXO1-##L,1809,Fort Madison,set out,NS
BNSF,LBTCXO1-##L,1040,Clovis,pick up,CSX in
BNSF,LHACXO1-##L,1809,Fort Madison,set out,NS
BNSF,LHACXO1-##L,1040,Clovis,pick up,CSX in
BNSF,OIGCXO1-##C,1809,Fort Madison,set out,NS
BNSF,OIGCXO1-##C,1040,Clovis,pick up,CSX in
BNSF,LHWCXO1-##L,1809,Fort Madison,set out,NS
BNSF,LHWCXO1-##L,1040,Clovis,pick up,CSX in
BNSF,LHGCXO1-##L,1809,Fort Madison,set out,NS
BNSF,LHGCXO1-##L,1040,Clovis,pick up,CSX in
BNSF,SEACHC1-##B1,1215,La Crosse BNSF Yard,set out,La Crosse
BNSF,SEALPC1-##A,1491,St. Paul Intermodal Facility,set out,St. Paul
BNSF,SEALPC1-##E1,1582,Minot Gavin Yard,set out,Minot
BNSF,SEALPC1-##E1,1491,St. Paul Intermodal Facility,set out,St. Paul
BNSF,SEALPC1-##B1,1491,St. Paul Intermodal Facility,set out,St. Paul
BNSF,SEAOMA1-##D1,1293,Lincoln Hobson Yard,set out,Fremont
BNSF,SEAOMA1-##D1,1293,Lincoln Hobson Yard,set out,NE
BNSF,SEASTP1-##B1,1582,Minot Gavin Yard,set out,Minot
BNSF,SEPLPC1-##A,1491,St. Paul Intermodal Facility,set out,St. Paul
BNSF,SEPLPC1-##A,1491,St. Paul Intermodal Facility,set out,St. Paul
BNSF,SEPLPC1-##A,1582,Minot Gavin Yard,set out,Minot
BNSF,SEPLPC1-##A,1491,St. Paul Intermodal Facility,set out,St. Paul
BNSF,SEPOMA1-##A,1293,Lincoln Hobson Yard,set out,Fremont BNSF
BNSF,STPTAC1-##A5,2008,Seattle Stacy St. Yard,set out,Seattle
BNSF,STPTAC1-##K2,2008,Seattle Stacy St. Yard,set out,Seattle
BNSF,TACCHC1-##A1,1215,La Crosse BNSF Yard,set out,La Crosse
BNSF,TACCHC1-##B1,1215,La Crosse BNSF Yard,set out,La Crosse
BNSF,TACLPC1-##A1,1582,Minot Gavin Yard,set out,Minot
BNSF,TACLPC1-##A1,1491,St. Paul Intermodal Facility,set out,St. Paul
BNSF,TACLPC1-##E1,1582,Minot Gavin Yard,set out,Minot
BNSF,TACLPC1-##E1,1491,St. Paul Intermodal Facility,set out,St. Paul
BNSF,TACLPC1-##B1,1491,St. Paul Intermodal Facility,set out,St. Paul
BNSF,TACOMA1-##A1,1293,Lincoln Hobson Yard,set out,Fremont
BNSF,TACOMA1-##A1,1293,Lincoln Hobson Yard,set out,NE
BNSF,TACOMA1-##B1,1293,Lincoln Hobson Yard,set out,Fremont
BNSF,TACOMA1-##B1,1293,Lincoln Hobson Yard,set out,NE
BNSF,TACSTP1-##A1,1582,Minot Gavin Yard,set out,Minot
BNSF,TACSTP1-##B1,1582,Minot Gavin Yard,set out,Minot
BNSF,TCBCHC1-##A1,1215,La Crosse BNSF Yard,set out,La Crosse
BNSF,TCBCHC1-##B1,1215,La Crosse BNSF Yard,set out,La Crosse
BNSF,TCBLPC1-##A1,1582,Minot Gavin Yard,set out,Minot
BNSF,TCBLPC1-##A1,1491,St. Paul Intermodal Facility,set out,St. Paul
BNSF,TCBLPC1-##B1,1491,St. Paul Intermodal Facility,set out,St. Paul
BNSF,TCBLPC1-##E1,1582,Minot Gavin Yard,set out,Minot
BNSF,TCBLPC1-##E1,1491,St. Paul Intermodal Facility,set out,St. Paul
BNSF,TCECHC1-##A1,1215,La Crosse BNSF Yard,set out,La Crosse
BNSF,TCECHC1-##B1,1215,La Crosse BNSF Yard,set out,La Crosse
BNSF,TCELPC1-##A1,1582,Minot Gavin Yard,set out,Minot
BNSF,TCELPC1-##A1,1491,St. Paul Intermodal Facility,set out,St. Paul
BNSF,TCELPC1-##B1,1491,St. Paul Intermodal Facility,set out,St. Paul
BNSF,TCELPC1-##E1,1582,Minot Gavin Yard,set out,Minot
BNSF,TCELPC1-##E1,1491,St. Paul Intermodal Facility,set out,St. Paul
BNSF,TCPCHC1-##A1,1215,La Crosse BNSF Yard,set out,La Crosse
BNSF,TCPCHC1-##B1,1215,La Crosse BNSF Yard,set out,La Crosse
BNSF,TCPLPC1-##A1,1582,Minot Gavin Yard,set out,Minot
BNSF,TCPLPC1-##A1,1491,St. Paul Intermodal Facility,set out,St. Paul
BNSF,TCPLPC1-##B1,1491,St. Paul Intermodal Facility,set out,St. Paul
BNSF,TCPLPC1-##M2,1582,Minot Gavin Yard,set out,Minot
BNSF,TCPLPC1-##M2,1491,St. Paul Intermodal Facility,set out,St. Paul
BNSF,TCPSTP1-##B1,1582,Minot Gavin Yard,set out,Minot
BNSF,CHCTAC1-##H,2008,Seattle Stacy St. Yard,set out,Seattle
BNSF,CHISCO1-##V,1040,Clovis,pick up,in
BNSF,CLOSCO1-##A,1029,Barstow,set out,Barstow
BNSF,DENLAC1-##A,1040,Clovis,set out,Clovis
BNSF,LACLPC1-##L,1040,Clovis,set out,Clovis
BNSF,AMASCO1-##A,1040,Clovis,set out,Clovis; Pick Up SCO in
BNSF,AMADEN1-##A,3716,Dalhart BNSF,pick up,Pueblo
BNSF,AMADEN1-##A,3716,Dalhart BNSF,pick up,Denver in
BNSF,KCKDEN1-##A,3323,Pueblo BNSF,set out,Pueblo
BNSF,PASMIN1-##A,2884,Shelby,set out,Shelby; Pick Up in
BNSF,PASNTW1-##A,1584,Mandan,set out,Mandan; Pick Up in
BNSF,VAWFRS1-##A,4010,Klamath Falls Yard BNSF,set out,Klamath Falls. Pick up other
BNSF,VAWFRS1-##A,1071,Bend,set out,Bend Pick up other
BNSF,LAUDEN1-##A,1590,Greybull,set out,Greybull; Pick Up Cheyenne
BNSF,LAUDEN1-##A,1590,Greybull,set out,Denver in
BNSF,RICBAR1-##A,2023,Riverbank,set out,Riverbank
BNSF,RICBAR1-##A,1353,Stockton Mormon Yard,set out,Stockton
BNSF,SPOGAL1-##A,1582,Minot Gavin Yard,set out,Minot; Pick Up in
BNSF,SPOGAL1-##A,2884,Shelby,set out,Shelby; Pick Up in
BNSF,SPONTW1-##A,1582,Minot Gavin Yard,set out,Minot; Pick Up in
BNSF,SPONTW1-##A,2884,Shelby,set out,Shelby; Pick Up in
BNSF,CLODEN1-##A,3323,Pueblo BNSF,set out,Pueblo
BNSF,DILPAS1-##A,2884,Shelby,set out,Shelby; Pick Up Spokane
BNSF,DILPAS1-##A,2884,Shelby,set out,Pasco in
BNSF,DILPAS1-##A,1582,Minot Gavin Yard,set out,Minot; Pick Up Shelby
BNSF,DILPAS1-##A,1582,Minot Gavin Yard,set out,Spokane
BNSF,DILPAS1-##A,1582,Minot Gavin Yard,set out,Pasco in
BNSF,PASLIN1-##A,1742,Spokane Yardley Yard,pick up,if needed per
BNSF,PASKCK1-##A,1894,Laurel,set out,Laurel; Pick Up in
BNSF,MEMBAR1-##A,1040,Clovis,set out,Clovis Auto
BNSF,MEMBAR1-##A,2861,Springfield Yard,pick up,Clovis Autos
BNSF,MEMBAR1-##A,2861,Springfield Yard,pick up,Barstow Manifest in
BNSF,SUPPAS1-##A,1586,Dilworth,set out,Dilworth; Pick Up Laurel
BNSF,SUPPAS1-##A,1586,Dilworth,set out,Pasco in
BNSF,KCKBAR1-##A,1716,Amarillo South Yard BNSF,set out,Amarillo; Pick Up Barstow in
BNSF,PVORRB1-##A,1141,Sparks UP,set out,Sparks
BNSF,PVOKCK1-##A,1332,Grand Junction,set out,Grand Junction; Pick Up Pueblo
BNSF,PVOKCK1-##A,1332,Grand Junction,set out,Kansas City in
BNSF,BIRKCK1-##A,2877,Blue Springs,pick up,Kansas City Loads per
BNSF,LPCTAC4-##B,1293,Lincoln Hobson Yard,pick up,empty Autoracks from Omaha in
BNSF,BLUSBD1-##A,1620,Kansas City Argentine Yard,set out,Argentine; Pick Up in
BNSF,BLUSBD1-##A,1275,Emporia,set out,Emporia
BNSF,BLUSBD1-##A,1040,Clovis,set out,Clovis
BNSF,TACLPC1-##C,1183,St. Paul Dayton's Bluff Yard,set out,Dayton's Bluff; Pick Up Empties for Hammond in
BNSF,BIRLPC1-##A,2877,Blue Springs,pick up,Loads per
BNSF,FTMPEA1-##A,1275,Emporia,pick up,in
BNSF,KCKLPC1-##A,1809,Fort Madison,pick up,Autoracks in
BNSF,ABQSDG4-##A,1029,Barstow,set out,Barstow
BNSF,ABQBIR4-##A,1040,Clovis,set out,Clovis
BNSF,ABQBIR4-##A,1040,Clovis,pick up,in
BNSF,ABQKCK4-##A,1040,Clovis,pick up,in
BNSF,ABQMEM4-##A,1040,Clovis,set out,Clovis
BNSF,BGLPTS4-##A,1894,Laurel,pick up,Racks in
BNSF,BLURIC1-##A,1040,Clovis,set out,Clovis
BNSF,CLOBLU1-##A,1620,Kansas City Argentine Yard,set out,Kansas City; Pick Up Gibson by
BNSF,DENPTS4-##A,1894,Laurel,pick up,Autoracksacks in
BNSF,DENPVN4-##A,1894,Laurel,pick up,Racks in
BNSF,DENTAC4-##A,1742,Spokane Yardley Yard,pick up,Empty Autoracks in
BNSF,DENTAC4-##A,1894,Laurel,pick up,Empty Autoracks in
BNSF,DILBLU4-##A,1183,St. Paul Dayton's Bluff Yard,pick up,Empties in
BNSF,DILNSC4-##A,1183,St. Paul Dayton's Bluff Yard,pick up,Empty Autoracks in
BNSF,EAPGAL1-##A,3530,Saginaw BNSF,pick up,Loaded Autoracks in
BNSF,EMPPEA1-##A,1556,Alliance,set out,Alliance
BNSF,EMPSDG1-##A,1040,Clovis,pick up,Autoracks in
BNSF,KCKBLU1-##A,1505,Logistics Park Chicago,set out,Loads; Pick Up Empty Autoracks in
BNSF,KCKDIL3-##A,2100,Galesburg,pick up,Autoracks in
BNSF,KCKDIL3-##A,1901,West Quincy,pick up,Autoracks in
BNSF,KCKPTS1-##A,1293,Lincoln Hobson Yard,pick up,Autoracks from Omaha in
BNSF,KCKPTS1-##A,1894,Laurel,pick up,Racks in
BNSF,KCKTAC4-##A,1293,Lincoln Hobson Yard,pick up,empty Autoracks from Omaha in
BNSF,TACLPC1-##F,1620,Kansas City Argentine Yard,set out,Argentine; Pick Up Hammond Empty Autoracks in
BNSF,TACLPC1-##F,2407,Denver Big Lift,set out,Big Lift; Pick Up Hammond Empties Autoracks in
BNSF,TACLPC1-##F,1894,Laurel,pick up,Hammond Empty Autoracks in
BNSF,TACLPC1-##F,1742,Spokane Yardley Yard,pick up,Hammond Empty Autoracks in
BNSF,LPCPTS4-##E,1293,Lincoln Hobson Yard,pick up,Autoracks from Omaha in
BNSF,LPCPTS4-##E,1894,Laurel,pick up,Racks in
BNSF,MDOBIR4-##A,1904,Ft. Worth North Yard,pick up,Empties in
BNSF,MDOBIR4-##A,2200,Oklahoma City Flynn Yard,pick up,Empties in
BNSF,MDOBIR4-##A,1556,Alliance,pick up,Empties in
BNSF,PHXWAT4-##A,1102,San Bernardino,pick up,Autoracks in
BNSF,PHXWAT4-##A,1029,Barstow,pick up,Autoracks in
BNSF,PTSKCM4-##A,1894,Laurel,pick up,NS Empty Autoracks in
BNSF,PTSKCM4-##A,1742,Spokane Yardley Yard,pick up,NS Empty Autoracks in
BNSF,RICKCM4-##A,1040,Clovis,pick up,NS Empty Autoracks per
BNSF,RICMHY4-##A,1040,Clovis,pick up,NS Empty Autoracks by
BNSF,RICWAT4-##A,1102,San Bernardino,pick up,Empties per
BNSF,ROBBLU1-##A,1275,Emporia,set out,Emporia
BNSF,ROBBLU1-##A,1275,Emporia,pick up,Blue Island in
BNSF,SBDEAP4-##A,1040,Clovis,pick up,San Antonio
BNSF,SBDEAP4-##A,1040,Clovis,pick up,Mexico Eagle Pass in
BNSF,SBDMEM4-##A,2861,Springfield Yard BNSF,pick up,in
BNSF,SBDMEM4-##A,1040,Clovis,pick up,Smyrna
BNSF,SBDMEM4-##A,1040,Clovis,pick up,Spring Hill in
BNSF,SBDMHY4-##A,1040,Clovis,pick up,Empty NS Autoracks in
BNSF,SBDNWO4-##A,1040,Clovis,pick up,in
BNSF,SDGWQM3-##A,1040,Clovis,set out,Clovis; Pick Up in
BNSF,TACKCM4-##F,3300,Kent Orillia Yard,pick up,NS Empty Autoracks in
BNSF,TACKCM4-##F,1894,Laurel,pick up,NS Empty Autoracks in
BNSF,TACKCM4-##F,1742,Spokane Yardley Yard,pick up,NS Empty Autoracks in
BNSF,WELBEL1-##A,1040,Clovis,pick up,Mexico El Paso
BNSF,WELBEL1-##A,1040,Clovis,pick up,Albuquerque
BNSF,WELBEL1-##A,1040,Clovis,pick up,El Mirage in
BNSF,WQMBLU1-##A,2100,Galesburg,set out,NSI
BNSF,PTSBLU3-##A,1742,Spokane Yardley Yard,set out,Spokane Autoracks; Pick Up Hammond Autoracks in
BNSF,BLUBAR1,1620,Kansas City Argentine Yard,set out,Argentine; Pick Up in
BNSF,BLUBAR1,1275,Emporia,set out,Emporia
BNSF,BLUBAR1,1040,Clovis,set out,Clovis
BNSF,NWE7041-##I,1539,Auburn,set out,Auburn; Pick Up in
BNSF,ABEBRC1-##A,1810,Eola,set out,Eola
BNSF,COMBRC8-##A,1810,Eola,set out,Eola
BNSF,COMBRC8-##A,2100,Galesburg,set out,Galesburg
BNSF,AGMBRC8-##A,1810,Eola,set out,Eola
BNSF,ULEBRC8-##A,1810,Eola,set out,Eola
BNSF,ANDBRC8-##A,1810,Eola,set out,Eola
BNSF,NEWARK1-##A,2824,Wichita BNSF Yard,set out,Wichita
BNSF,ARKNEW1-##A,2824,Wichita BNSF Yard,set out,Wichita
BNSF,NYFNYF1-##A,1847,Ft. Worth Tower 55,pick up,UP-BNSF
BNSF,ABEKCK1-##A,1310,St. Joseph BNSF,set out,St. Joseph
BNSF,ABEKCK1-##A,1351,Sioux City BNSF,set out,Sioux City
BNSF,ARKKCK4-##A,2824,Wichita BNSF Yard,set out,Wichita; Pick Up Emporia
BNSF,ARKKCK4-##A,2824,Wichita BNSF Yard,set out,Kansas City in
BNSF,BIRKCK1-##A,2877,Blue Springs,pick up,Loaded Autoracks in
BNSF,BIRTUL1-##A,2877,Blue Springs,pick up,Autoracks in
BNSF,DENALN1-##A,1452,Brush,set out,Brush
BNSF,CSYNYF1-##A,2147,Teague,set out,UP Englewood
BNSF,DILBRC1-##A,1810,Eola,set out,Eola
BNSF,EOLNTW1-##A,1215,La Crosse BNSF Yard,set out,La Crosse
BNSF,EOLKCK1-##A,1901,West Quincy,set out,West Quincy
BNSF,EOLKCK1-##A,2100,Galesburg,set out,Galesburg
BNSF,EOLKCK1-##A,2100,Galesburg,pick up,West Quincy
BNSF,EOLKCK1-##A,2100,Galesburg,pick up,Argentine in
BNSF,EOLTUL1-##A,1901,West Quincy,set out,West Quincy
BNSF,EOLTUL1-##A,2100,Galesburg,set out,Galesburg
BNSF,EOLTUL1-##A,2100,Galesburg,pick up,Tulsa in
BNSF,EOLGFD1-##A,1586,Dilworth,set out,Dilworth
BNSF,EOLGFD1-##A,1593,Minneapolis Northtown Yard,set out,Northtown
BNSF,GALSTL1-##A,1901,West Quincy,set out,West Quincy
BNSF,GALTPL1-##A,1556,Alliance,set out,Alliance
BNSF,GALTPL1-##A,2200,Oklahoma City Flynn Yard,set out,Oklahoma City
BNSF,GALCHC1-##A,1810,Eola,set out,Eola
BNSF,GALCHC1-##A,1810,Eola,set out,NS
BNSF,HOULAL1-##A,1563,Westlake UP,set out,Westlake
BNSF,GFDBRC1-##A,1810,Eola,set out,Eola
BNSF,GFDBRC1-##A,1593,Minneapolis Northtown Yard,set out,Northtown; Pick Up Eola
BNSF,GFDBRC1-##A,1593,Minneapolis Northtown Yard,set out,Clearing in proper
BNSF,GFDBRC1-##A,1586,Dilworth,set out,Dilworth
BNSF,GFDGAL1-##A,1593,Minneapolis Northtown Yard,set out,Northtown
BNSF,GFDGAL1-##A,1586,Dilworth,set out,Dilworth
BNSF,LALHOU1-##A,1563,Westlake UP,set out,Westlake
BNSF,KCKBIR1-##A,2861,Springfield Yard,set out,Springfield; Pick Up Birmingham in
BNSF,DENLIN1-##A,1452,Brush,set out,Bruch
BNSF,FRSRIC1-##A,2023,Riverbank,set out,Riverbank; Pick Up in
BNSF,INBVBT1-##A,3973,Brownsville,set out,Brownsville
BNSF,INBVBT1-##A,3973,Brownsville,set out,Tilbury
BNSF,EMPEAP1-##A,3119,San Antonio Cadet Yard,set out,San Antonio
BNSF,GALTUL1-##A,1736,St. Louis Lindenwood Yard,set out,St. Louis; Pick Up per
BNSF,GALTUL1-##A,1901,West Quincy,set out,West Quincy; Pick Up per
BNSF,KCKTPL1-##A,1275,Emporia,pick up,Eagle Pass
BNSF,KCKTPL1-##A,1275,Emporia,pick up,San Antonio Autoracks in proper
BNSF,DYTGAL1-##A,2330,Temple,set out,Temple; Pick Up Outbound in
BNSF,MADTUL1-##A,1736,St. Louis Lindenwood Yard,pick up,Springfield
BNSF,MADTUL1-##A,1736,St. Louis Lindenwood Yard,pick up,Tulsa in
BNSF,NTWBRC1-##A,1810,Eola,set out,Eola
BNSF,NTWBRC1-##A,1810,Eola,pick up,Clearing
BNSF,NTWABE1-##A,1570,Willmar,set out,Willmar
BNSF,PASSEA1-##A,3335,Centralia BNSF,set out,Centralia; Pick Up Northbounds in
BNSF,PASVBT1-##A,1503,Tacoma BNSF Yard,set out,Tacoma; Pick Up in
BNSF,PASVBT1-##A,1155,Everett Delta Yard,set out,CP
BNSF,PASVBT1-##A,1155,Everett Delta Yard,set out,SRY
BNSF,STLLIN4-##A,2861,Springfield Yard,set out,Springfield
BNSF,STLLIN4-##A,2861,Springfield Yard,pick up,Lincoln
BNSF,VBCEVE1-##A,1511,Vancouver Fraser Surrey IMPEX,pick up,BNSF per
BNSF,VBTEVE1-##A,3973,Brownsville,pick up,BNSF per
BNSF,TULEAP4-##A,3119,San Antonio Cadet Yard,set out,Cadet
BNSF,CDTGAL1-##A,2330,Temple,set out,Temple; Pick Up Outboun in
BNSF,TULIRB1-##A,3995,Sherman BNSF,set out,Sherman
BNSF,MEMGAL1-##A,1736,St. Louis Lindenwood Yard,set out,Lindenwood; Pick Up West Quincy
BNSF,MEMGAL1-##A,1736,St. Louis Lindenwood Yard,set out,Galesburg in
BNSF,BIRGAL1-##A,2877,Blue Springs,pick up,in
BNSF,LAUNTW1-##A,1584,Mandan,set out,Mandan; Pick Up Dilworth
BNSF,LAUNTW1-##A,1584,Mandan,set out,Northtown in
BNSF,TULNTW1-##A,2861,Springfield Yard,pick up,Dayton's Bluff
BNSF,TULNTW1-##A,2861,Springfield Yard,pick up,Loaded Autoracks in
BNSF,TULNTW1-##A,1901,West Quincy,pick up,Dayton's Bluff
BNSF,TULNTW1-##A,1901,West Quincy,pick up,Loaded Autoracks in
BNSF,EVEABN1-##A,1702,Vancouver Yard,set out,Vancouver
BNSF,EVEABN1-##A,1503,Tacoma BNSF Yard,set out,Tacoma
BNSF,STLTUL1-##A,2861,Springfield Yard,set out,Springfield
BNSF,STLTUL1-##A,2861,Springfield Yard,set out,Kansas City
CN,41651-##,1512,Kamloops Junction,set out,Kamloops
CN,47351-##,1139,Taylor,set out,Taylor
CN,48971-##,1970,Jackson North Yard,set out,Jackson
CN,48971-##,1970,Jackson North Yard,set out,Jackson Intermodal
CN,48971-##,1970,Jackson North Yard,pick up,Memphis
CN,41751-##,1512,Kamloops Junction,set out,Kamloops
CN,41751-##,1512,Kamloops Junction,pick up,Vancouver
CN,41251-##,1512,Kamloops Junction,set out,Kamloops
CN,41141-##,3627,Lloydminster Aberfeldy Yard,set out,Lloydminster
CN,41141-##,2793,Vermilion,set out,Vermillion
CN,44251-##,3438,Calgary Logistics,set out,IM
CN,42071-##,1970,Jackson North Yard,pick up,Geismar
CN,41971-##,1970,Jackson North Yard,pick up,Memphis
CN,44791-##,1761,Neenah,set out,Neenah
CN,48871-##,1970,Jackson North Yard,set out,Jackson
CN,48871-##,1970,Jackson North Yard,pick up,Mobile
CN,48871-##,1970,Jackson North Yard,pick up,Mobile IM
CN,43171-##,3456,Fulton,set out,Fulton
CN,43171-##,2026,Effingham CN,set out,Effingham
CN,43291-##,2026,Effingham CN,set out,Effingham
CN,43291-##,3456,Fulton,set out,Fulton
CN,40541-##,1646,Saskatoon Chappell Yard,set out,Saskatoon
CN,40541-##,1596,Melville,set out,Melville
CN,40791-##,3628,Champaign,set out,Champaign
CN,40791-##,3628,Champaign,set out,Gilman
CN,40791-##,3647,Kankakee CN,set out,Kankakee
CN,40891-##,3647,Kankakee CN,set out,Kankakee
CN,40891-##,3682,Gilman CN,set out,Gilman
CN,40891-##,3628,Champaign,set out,Champaign
CN,40891-##,3628,Champaign,pick up,Effingham
CN,49131-##,3523,Flint CN Yard,set out,Flint
CN,49131-##,1731,Battle Creek CN Yard,set out,Battle Creek
CN,49291-##,1731,Battle Creek CN Yard,set out,Battle Creek
CN,49291-##,3523,Flint CN Yard,set out,Flint
CN,49081-##,3516,North Fond Du Lac Shops Yard,set out,Fond Du Lac
CN,41251-##,3627,Lloydminster Aberfeldy Yard,set out,Lloydminster
CN,41251-##,2793,Vermilion,set out,Vermillion
CN,40691-##,3456,Fulton,set out,Fulton
CN,40341-##,1596,Melville,set out,Melville
CN,40441-##,1646,Saskatoon Chappell Yard,set out,Saskatoon
CN,40441-##,1596,Melville,set out,Melville
CN,40251-##,1646,Saskatoon Chappell Yard,set out,Saskatoon
CN,50161-##,1731,Battle Creek CN Yard,pick up,Flint
CN,50161-##,1731,Battle Creek CN Yard,pick up,Flat Rock
CN,53361-##,1734,Detroit Moterm,set out,Detroit IM
CN,53361-##,1734,Detroit Moterm,set out,Lift Outbounds in
CN,57681-##,3048,Wisconsin Rapids CN,set out,outbound traffic from Taylor
CN,57681-##,3048,Wisconsin Rapids CN,set out,Lift Taylor
CN,57291-##,2897,Knierim,set out,Knierim
CN,57291-##,2897,Knierim,pick up,Council Bluffs
CN,55531-##,1864,Hamilton CN Yard,set out,Hamilton
CN,57191-##,2894,Fort Dodge CN,set out,Fort Dodge
CN,57191-##,2894,Fort Dodge CN,pick up,Tara
CN,57191-##,2894,Fort Dodge CN,pick up,Sioux City
CN,58361-##,1763,Toledo Lang Yard,set out,Flat Rock
CN,57791-##,2895,Tara CN,set out,Tara
CN,57791-##,2895,Tara CN,pick up,Fort Dodge
CN,57391-##,2897,Knierim,set out,Knierim
CN,57391-##,2897,Knierim,pick up,Fort Dodge
CN,56991-##,2895,Tara CN,set out,Tara
CN,56891-##,2895,Tara CN,pick up,Fort Dodge
CN,56891-##,2894,Fort Dodge CN,set out,Fort Dodge
CN,56891-##,2894,Fort Dodge CN,pick up,Waterloo
CN,58781-##,1761,Neenah,set out,Neenah
CN,58881-##,1761,Neenah,set out,Neenah
CN,51631-##,3874,Oshawa CN,set out,Oshawa
CN,50061-##,2215,Lansing Snow Yard,pick up,Flint
CN,50061-##,2215,Lansing Snow Yard,pick up,Flat Rock
CN,50061-##,1725,Durand,pick up,Flint
CN,50861-##,1734,Detroit Moterm,set out,Moterm IM
CN,35651-##,1646,Saskatoon Chappell Yard,set out,Saskatoon
CN,35651-##,1646,Saskatoon Chappell Yard,pick up,Winnipeg
CN,35651-##,1510,Edmonton Walker Yard,set out,Edmonton
CN,30451-##,1510,Edmonton Walker Yard,set out,Edmonton
CN,30451-##,1510,Edmonton Walker Yard,pick up,Winnipeg
CN,31051-##,1512,Kamloops Junction,pick up,Edmonton
CN,31251-##,1646,Saskatoon Chappell Yard,set out,Saskatoon
CN,31251-##,1646,Saskatoon Chappell Yard,pick up,Winnipeg
CN,32721-##,3887,Les Coteaux,set out,Les Coteaux
CN,35641-##,2474,Superior Pokegama Yard,pick up,Stevens Point
CN,35641-##,2474,Superior Pokegama Yard,pick up,Fond Du Lac
CN,35641-##,2474,Superior Pokegama Yard,pick up,Markham
CN,35641-##,3440,Stevens Point,set out,Stevens Point
CN,35641-##,3440,Stevens Point,set out,Arcadia IM
CN,35641-##,3440,Stevens Point,pick up,FDL
CN,35641-##,3440,Stevens Point,pick up,Markham
CN,35641-##,3516,North Fond Du Lac Shops Yard,set out,Fond Du Lac
CN,35641-##,3516,North Fond Du Lac Shops Yard,pick up,Markham
CN,34791-##,2474,Superior Pokegama Yard,pick up,PG sand
CN,34791-##,1610,Winnipeg Symington Yard,set out,Winnipeg
CN,35451-##,1512,Kamloops Junction,set out,Kamloops
CN,35451-##,1512,Kamloops Junction,pick up,Prince George
CN,35551-##,1512,Kamloops Junction,set out,Kamloops
CN,35551-##,1512,Kamloops Junction,pick up,Vancouver
CN,38261-##,2144,Sarnia Yard,set out,Sarnia
CN,38331-##,2144,Sarnia Yard,set out,Sarnia
CN,38331-##,1763,Toledo Lang Yard,set out,CSX Lang
CN,39491-##,1731,Battle Creek CN Yard,pick up,Toronto
CN,39491-##,2144,Sarnia Yard,pick up,Toronto
CN,39531-##,2144,Sarnia Yard,pick up,Kirk
CN,39531-##,1731,Battle Creek CN Yard,pick up,Kirk
CN,39931-##,2144,Sarnia Yard,set out,Sarnia
CN,39931-##,3523,Flint CN Yard,set out,Flint
CN,39931-##,1731,Battle Creek CN Yard,set out,Battle Creek
CN,39931-##,2026,Effingham CN,set out,Effingham
CN,39931-##,2026,Effingham CN,pick up,Pine Bluff
CN,39671-##,3456,Fulton,set out,Fulton
CN,39671-##,3628,Champaign,set out,Champaign
CN,39671-##,1731,Battle Creek CN Yard,set out,Battle Creek
CN,39671-##,3523,Flint CN Yard,set out,Flint
CN,39671-##,3523,Flint CN Yard,pick up,Sarnia
CN,39671-##,3523,Flint CN Yard,pick up,Toronto
CN,39671-##,2144,Sarnia Yard,set out,Sarnia
CN,39731-##,1571,Aldershot,set out,Aldershot
CN,39731-##,1731,Battle Creek CN Yard,set out,Battle Creek
CN,30171-##,1970,Jackson North Yard,set out,Jackson
CN,30171-##,1970,Jackson North Yard,pick up,Memphis
CN,30271-##,1970,Jackson North Yard,set out,Jackson
CN,30271-##,1970,Jackson North Yard,pick up,Baton Rouge
CN,33491-##,3628,Champaign,set out,Champaign
CN,33491-##,2026,Effingham CN,set out,Effingham
CN,33491-##,3456,Fulton,set out,Fulton
CN,31451-##,1596,Melville,set out,Melville
CN,31451-##,1646,Saskatoon Chappell Yard,set out,Saskatoon
CN,31451-##,3627,Lloydminster Aberfeldy Yard,set out,Lloydminster
CN,31451-##,1644,North Battleford,set out,North Battleford
CN,31451-##,1644,North Battleford,pick up,Winnipeg
CN,33791-##,1691,Chicago Hawthorne Yard,set out,Hawthorne
CN,33891-##,1691,Chicago Hawthorne Yard,set out,Hawthorne
CN,33681-##,1761,Neenah,set out,Neenah
CN,37231-##,3887,Les Coteaux,set out,Les Coteaux
CN,37231-##,3887,Les Coteaux,pick up,Montreal
CN,30511-##,2245,Edmundston,set out,Edmunston
CN,30511-##,2245,Edmundston,pick up,Montreal
CN,30511-##,2245,Edmundston,pick up,Toronto
CN,30511-##,1782,Montreal Taschereau Yard,set out,Montreal
CN,30511-##,1782,Montreal Taschereau Yard,pick up,Toronto
CN,30511-##,1782,Montreal Taschereau Yard,pick up,Toronto Autos
CN,30631-##,1782,Montreal Taschereau Yard,set out,Montreal
CN,30631-##,2245,Edmundston,set out,Edmunston
CN,31341-##,1644,North Battleford,set out,North Battleford
CN,31851-##,1596,Melville,set out,Melville
CN,31851-##,1596,Melville,pick up,Winnipeg
CN,31741-##,1646,Saskatoon Chappell Yard,set out,Saskatoon
CN,31741-##,1596,Melville,set out,Melville
CN,34191-##,1096,Joliet CN,set out,Joliet
CN,35791-##,3516,North Fond Du Lac Shops Yard,pick up,Stevens Point
CN,35791-##,3516,North Fond Du Lac Shops Yard,pick up,Pokegama
CN,35791-##,3516,North Fond Du Lac Shops Yard,pick up,and Winnipeg
CN,35791-##,3440,Stevens Point,set out,Stevens Point
CN,35791-##,3440,Stevens Point,set out,Arcadia IM
CN,35791-##,3440,Stevens Point,pick up,Pokegama
CN,35791-##,3440,Stevens Point,pick up,Winnipeg
CN,35791-##,2474,Superior Pokegama Yard,pick up,Winnipeg
CN,34441-##,2474,Pokegama,set out,Pokegama
CN,34581-##,2474,Pokegama,set out,Pokegama
CN,34581-##,2474,Pokegama,pick up,Winnipeg
CN,31541-##,1646,Saskatoon Chappell Yard,set out,Saskatoon
CN,31541-##,1646,Saskatoon Chappell Yard,pick up,Calgary
CN,31651-##,1596,Melville,set out,Melville
CN,31651-##,1646,Saskatoon Chappell Yard,set out,Saskatoon
CN,31651-##,1662,Edmonton CN Cloverbar Yard,set out,Edmonton
CN,33571-##,3456,Fulton,set out,Fulton
CN,33571-##,2026,Effingham CN,set out,Effingham
CN,33571-##,3628,Champaign,set out,Champaign
CN,30131-##,3523,Flint CN Yard,set out,Flint
CN,30131-##,1731,Battle Creek CN Yard,set out,Battle Creek
CN,30131-##,1731,Battle Creek CN Yard,pick up,Winnipeg
CN,38531-##,2144,Sarnia Yard,set out,Sarnia
CN,38461-##,2144,Sarnia Yard,set out,Sarnia
CN,34641-##,2388,Chicago Hawthorne Crossing,set out,Hawthorne
CN,37721-##,3887,Les Coteaux,set out,Les Coteaux
CN,37721-##,3887,Les Coteaux,pick up,Toronto
CN,32231-##,3887,Les Coteaux,set out,Les Coteaux
CN,30141-##,1646,Saskatoon Chappell Yard,set out,Saskatoon
CN,34681-##,2388,Chicago Hawthorne Crossing,set out,Hawthorne
CN,34041-##,3516,North Fond Du Lac Shops Yard,set out,Hawthorne
CN,34041-##,3516,North Fond Du Lac Shops Yard,set out,Clearing
CN,34681-##,2388,Chicago Hawthorne Crossing,set out,Hawthorne
CN,19851-##,1513,Edmonton McBain Intermodal,set out,McBain
CN,19851-##,2474,Superior Pokegama Yard,set out,Duluth
CN,19851-##,3440,Stevens Point,set out,Arcadia
CN,18651-##,1646,Saskatoon Chappell Yard,set out,Saskatoon
CN,18651-##,1610,Winnipeg Symington Yard,set out,Winnipeg
CN,19251-##,1513,Edmonton McBain Intermodal,set out,McBain
CN,19251-##,1610,Winnipeg Symington Yard,set out,Winnipeg
CN,19251-##,1096,Joliet CN,set out,Joliet
CN,19251-##,1096,Joliet CN,pick up,Markham
CN,19651-##,2026,Effingham CN,set out,Decatur
CN,19651-##,2026,Effingham CN,set out,Indianapolis
CN,19651-##,1096,Joliet,set out,Joliet
CN,19651-##,1096,Joliet,set out,Markham
CN,19651-##,2474,Pokegama,set out,Duluth
CN,19991-##,1513,Edmonton McBain/Bissell Yard,set out,Edmonton
CN,11941-##,1513,Edmonton McBain/Bissell Yard,set out,Edmonton
CN,19851-##,2474,Superior Pokegama Yard,set out,Duluth
CN,19851-##,3440,Stevens Point,set out,Arcadia
CN,77251-##,1510,Edmonton Walker Yard,pick up,Winnipeg
CN,77251-##,1610,Winnipeg Symington Yard,set out,Winnipeg
CN,47411-##,2245,Edmundston,set out,Edmundston
CN,47411-##,2245,Edmundston,pick up,Moncton
CN,47311-##,2245,Edmundston,set out,Edmundston
CN,47311-##,2245,Edmundston,pick up,Montreal
CN,35791-##,3440,Stevens Point,set out,Blocks 2
CN,35791-##,3440,Stevens Point,set out,3
CN,35791-##,3440,Stevens Point,set out,Lift Winnipeg
CN,27161-##,3628,Champaign,pick up,Effingham Autos
CN,27161-##,3628,Champaign,pick up,UP Salem Autos
CN,27161-##,2026,Effingham CN,set out,Effingham Autos
CN,27161-##,2026,Effingham CN,pick up,UP Salem Autos
CPKC,101-##,1395,Toronto Vaughan Intermodal Terminal,set out,Vaughan Intermodal
CPKC,101-##,1395,Toronto Vaughan Intermodal Terminal,pick up,Vancouver
CPKC,101-##,1395,Toronto Vaughan Intermodal Terminal,pick up,Vancouver South Shore
CPKC,101-##,1395,Toronto Vaughan Intermodal Terminal,pick up,Calgary Intermodal
CPKC,101-##,2142,Winnipeg Logan Yard,pick up,Vancouver
CPKC,101-##,2142,Winnipeg Logan Yard,pick up,Vancouver South Shore Intermodal
CPKC,101-##,1533,Calgary Shepard IM,set out,Calgary Intermodal
CPKC,101-##,1533,Calgary Shepard IM,pick up,Vancouver
CPKC,101-##,1533,Calgary Shepard IM,pick up,Vancouver South Shore Intermodal
CPKC,101-##,1854,Vancouver Intermodal Facility CPKC,set out,Vancouver Intermodal
CPKC,100-##,1533,Calgary Shepard IM,pick up,Vaughan Intermodal
CPKC,100-##,1395,Toronto Vaughan Intermodal Terminal,set out,Termont
CPKC,100-##,1395,Toronto Vaughan Intermodal Terminal,set out,Viau
CPKC,100-##,1395,Toronto Vaughan Intermodal Terminal,set out,Cast
CPKC,100-##,1395,Toronto Vaughan Intermodal Terminal,set out,Racine
CPKC,100-##,1395,Toronto Vaughan Intermodal Terminal,set out,and Vaughan
CPKC,100-##,1395,Toronto Vaughan Intermodal Terminal,pick up,Bensenville Intermodal
CPKC,100-##,1395,Toronto Vaughan Intermodal Terminal,pick up,Toronto
CPKC,119-##,1780,Montreal Lachine Yard,pick up,Edmonton
CPKC,119-##,1780,Montreal Lachine Yard,pick up,Vaughan
CPKC,119-##,1780,Montreal Lachine Yard,pick up,Roberts Bank
CPKC,119-##,1780,Montreal Lachine Yard,pick up,Regina
CPKC,119-##,1780,Montreal Lachine Yard,pick up,and Winnipeg Intermodal
CPKC,119-##,1516,Toronto Yard CPKC,set out,Toronto
CPKC,119-##,1395,Toronto Vaughan Intermodal Terminal,set out,Vaughan
CPKC,119-##,1395,Toronto Vaughan Intermodal Terminal,set out,Roberts Bank Intermodal
CPKC,119-##,1395,Toronto Vaughan Intermodal Terminal,pick up,Edmonton
CPKC,119-##,1395,Toronto Vaughan Intermodal Terminal,pick up,Calgary
CPKC,119-##,1395,Toronto Vaughan Intermodal Terminal,pick up,Winnipeg
CPKC,119-##,1395,Toronto Vaughan Intermodal Terminal,pick up,and Regina Intermodal
CPKC,119-##,2142,Winnipeg CPKC Yard,set out,Winnipeg
CPKC,119-##,2142,Winnipeg CPKC Yard,set out,Winnipeg Intermodal
CPKC,119-##,2142,Winnipeg CPKC Yard,set out,Pick up Calgary Intermodal
CPKC,119-##,2142,Winnipeg CPKC Yard,set out,Regina Intermodal
CPKC,119-##,2142,Winnipeg CPKC Yard,set out,Lambton Park
CPKC,119-##,2142,Winnipeg CPKC Yard,set out,Alyth
CPKC,119-##,2142,Winnipeg CPKC Yard,set out,and Alyth Autos
CPKC,119-##,2966,Regina CPKC Intermodal,pick up,Vancouver Intermodal
CPKC,119-##,1533,Calgary Shepard IM,set out,Calgary
CPKC,119-##,1533,Calgary Shepard IM,set out,Vancouver Intermodal
CPKC,119-##,1533,Calgary Shepard IM,pick up,Edmonton Intermodal
CPKC,119-##,1600,Calgary Alyth Yard,set out,Alyth
CPKC,119-##,1600,Calgary Alyth Yard,set out,Alyth Autos
CPKC,119-##,1600,Calgary Alyth Yard,set out,Pick up Lambton Park
CPKC,119-##,1709,Edmonton CPKC Intermodal,set out,Edmonton Intermodal
CPKC,118-##,1709,Edmonton CPKC Intermodal,set out,Edmonton Intermodal
CPKC,118-##,1709,Edmonton CPKC Intermodal,pick up,Calgary
CPKC,118-##,1709,Edmonton CPKC Intermodal,pick up,Port of Montreal
CPKC,118-##,1709,Edmonton CPKC Intermodal,pick up,Lachine
CPKC,118-##,1709,Edmonton CPKC Intermodal,pick up,Minneapolis
CPKC,118-##,1709,Edmonton CPKC Intermodal,pick up,Bensenville
CPKC,118-##,1709,Edmonton CPKC Intermodal,pick up,South Shore
CPKC,118-##,1709,Edmonton CPKC Intermodal,pick up,Vancouver
CPKC,118-##,1709,Edmonton CPKC Intermodal,pick up,Roberts Banks
CPKC,118-##,1709,Edmonton CPKC Intermodal,pick up,and Vaughan Intermodal
CPKC,118-##,1600,Calgary Alyth Yard,pick up,Calgary Intermodal
CPKC,118-##,1600,Calgary Alyth Yard,pick up,St. Luc Manifest
CPKC,118-##,1600,Calgary Alyth Yard,pick up,Toronto Manifest
CPKC,118-##,1600,Calgary Alyth Yard,pick up,and Winnipeg Manifest
CPKC,118-##,1533,Calgary Shepard IM,set out,Calgary
CPKC,118-##,1533,Calgary Shepard IM,set out,Minneapolis
CPKC,118-##,1533,Calgary Shepard IM,set out,Bensenville
CPKC,118-##,1533,Calgary Shepard IM,set out,South Shore
CPKC,118-##,1533,Calgary Shepard IM,set out,Vancouver
CPKC,118-##,1533,Calgary Shepard IM,set out,and Roberts Banks Intermodal
CPKC,118-##,1533,Calgary Shepard IM,pick up,Lachine
CPKC,118-##,1533,Calgary Shepard IM,pick up,Port of Montreal
CPKC,118-##,1533,Calgary Shepard IM,pick up,Regina
CPKC,118-##,1533,Calgary Shepard IM,pick up,and Vaughan Intermodal
CPKC,118-##,2966,Regina CPKC Intermodal,set out,Regina Intermodal
CPKC,118-##,2966,Regina CPKC Intermodal,pick up,Port of Montreal
CPKC,118-##,2966,Regina CPKC Intermodal,pick up,Vaughan Intermodal
CPKC,118-##,2142,Winnipeg CPKC Yard,set out,Winnipeg
CPKC,118-##,2142,Winnipeg CPKC Yard,pick up,St. Luc Manifest
CPKC,118-##,2142,Winnipeg CPKC Yard,pick up,Toronto Manifest
CPKC,118-##,2142,Winnipeg CPKC Yard,pick up,Port of Montreal Intermodal
CPKC,118-##,2142,Winnipeg CPKC Yard,pick up,and Vaughan Intermodal
CPKC,118-##,1395,Toronto Vaughan Intermodal Terminal,set out,Vaughan Intermodal
CPKC,118-##,1395,Toronto Vaughan Intermodal Terminal,pick up,Port of Montreal
CPKC,118-##,1395,Toronto Vaughan Intermodal Terminal,pick up,Saint John Intermodal
CPKC,118-##,1516,Toronto Yard CPKC,set out,Toronto
CPKC,118-##,1516,Toronto Yard CPKC,pick up,St. Luc Autos
CPKC,118-##,1516,Toronto Yard CPKC,pick up,St. Luc Manifest
CPKC,118-##,1516,Toronto Yard CPKC,pick up,Saint John
CPKC,118-##,1516,Toronto Yard CPKC,pick up,Port of Montreal Intermodal
CPKC,118-##,1781,Montreal St. Luc Yard,set out,St. Luc Manifest
CPKC,118-##,1781,Montreal St. Luc Yard,set out,St. Luc Autos
CPKC,118-##,1781,Montreal St. Luc Yard,set out,Lachine Intermodal
CPKC,118-##,1781,Montreal St. Luc Yard,set out,Saint John Intermodal
CPKC,113-##,1780,Montreal Lachine Yard,set out,Lachine Intermodal
CPKC,113-##,1780,Montreal Lachine Yard,pick up,Vancouver
CPKC,113-##,1780,Montreal Lachine Yard,pick up,Ragina
CPKC,113-##,1780,Montreal Lachine Yard,pick up,Calgary
CPKC,113-##,1780,Montreal Lachine Yard,pick up,Vaughan
CPKC,113-##,1780,Montreal Lachine Yard,pick up,Winnipeg
CPKC,113-##,1780,Montreal Lachine Yard,pick up,Edmonton
CPKC,113-##,1780,Montreal Lachine Yard,pick up,South Shore
CPKC,113-##,1780,Montreal Lachine Yard,pick up,and Roberts Bank Intermodal
CPKC,113-##,1395,Toronto Vaughan Intermodal Terminal,set out,Vaughan
CPKC,113-##,1395,Toronto Vaughan Intermodal Terminal,set out,Winnipeg
CPKC,113-##,1395,Toronto Vaughan Intermodal Terminal,set out,Edmonton
CPKC,113-##,1395,Toronto Vaughan Intermodal Terminal,set out,Roberts Bank Intermodal
CPKC,113-##,1395,Toronto Vaughan Intermodal Terminal,pick up,Regina
CPKC,113-##,1395,Toronto Vaughan Intermodal Terminal,pick up,South Shore Intermodal
CPKC,113-##,2142,Winnipeg CPKC Yard,pick up,Coquitlam Auto
CPKC,113-##,2966,Regina CPKC Intermodal,set out,Regina Intermodal
CPKC,113-##,2966,Regina CPKC Intermodal,pick up,Vancouver
CPKC,113-##,2966,Regina CPKC Intermodal,pick up,South Shore Intermodal
CPKC,113-##,1533,Calgary Shepard IM,set out,Calgary Intermodal
CPKC,113-##,1533,Calgary Shepard IM,pick up,South Shore Intermodal
CPKC,113-##,1854,Vancouver Intermodal Facility CPKC,set out,Vancouver Intermodal
CPKC,112-##,1533,Calgary Shepard IM,set out,Calgary
CPKC,112-##,1533,Calgary Shepard IM,set out,and Edmonton IM
CPKC,112-##,1533,Calgary Shepard IM,pick up,Winnipeg
CPKC,112-##,1533,Calgary Shepard IM,pick up,Regina
CPKC,112-##,1533,Calgary Shepard IM,pick up,and Lachine IM
CPKC,112-##,2966,Regina CPKC Intermodal,set out,Regina Intermodal
CPKC,112-##,2966,Regina CPKC Intermodal,pick up,Lachine Intermodal
CPKC,112-##,2142,Winnipeg CPKC Yard,set out,Winnipeg Intermodal
CPKC,112-##,2142,Winnipeg CPKC Yard,pick up,Lachine Intermodal
CPKC,112-##,1516,Toronto Yard CPKC,pick up,Lachine Intermodal
CPKC,112-##,1780,Montreal Lachine Yard,set out,Lachine Intermodal
CPKC,137-##,3761,Ayr Wolverton Yard,set out,Cambridge
CPKC,137-##,3761,Ayr Wolverton Yard,set out,Woodstock
CPKC,137-##,3761,Ayr Wolverton Yard,set out,and Wolverton Auto
CPKC,137-##,3761,Ayr Wolverton Yard,pick up,Gibson Loaded Auto
CPKC,137-##,2429,Windsor Walkerville,pick up,Gibson Loaded Auto
CPKC,148-##,1533,Calgary Shepard IM,set out,Calgary
CPKC,148-##,1533,Calgary Shepard IM,set out,Lachine
CPKC,148-##,1533,Calgary Shepard IM,set out,Edmonton
CPKC,148-##,1533,Calgary Shepard IM,set out,Regina
CPKC,148-##,1533,Calgary Shepard IM,set out,and Winnipeg Intermodal
CPKC,148-##,1533,Calgary Shepard IM,pick up,Detroit
CPKC,148-##,1533,Calgary Shepard IM,pick up,Minneapolis
CPKC,148-##,1533,Calgary Shepard IM,pick up,and Bensenville Intermodal
CPKC,148-##,1671,Minneapolis Shoreham Yard,set out,Minneapolis Intermodal
CPKC,148-##,1671,Minneapolis Shoreham Yard,pick up,Lachine
CPKC,148-##,1671,Minneapolis Shoreham Yard,pick up,Vaughan
CPKC,148-##,1671,Minneapolis Shoreham Yard,pick up,Racine
CPKC,148-##,1671,Minneapolis Shoreham Yard,pick up,Cast
CPKC,148-##,1671,Minneapolis Shoreham Yard,pick up,Termont
CPKC,148-##,1671,Minneapolis Shoreham Yard,pick up,Viau
CPKC,148-##,1671,Minneapolis Shoreham Yard,pick up,Saint John
CPKC,148-##,1671,Minneapolis Shoreham Yard,pick up,and Bensenville Intermodal
CPKC,149-##,1671,Minneapolis Shoreham Yard,set out,Minneapolis Intermodal
CPKC,149-##,1671,Minneapolis Shoreham Yard,pick up,Calgary
CPKC,149-##,1671,Minneapolis Shoreham Yard,pick up,Vancouver
CPKC,149-##,1671,Minneapolis Shoreham Yard,pick up,South Shore
CPKC,149-##,1671,Minneapolis Shoreham Yard,pick up,and Roberts Bank Intermodal
CPKC,149-##,1533,Calgary Shepard IM,set out,Calgary
CPKC,149-##,1533,Calgary Shepard IM,set out,Edmonton
CPKC,149-##,1533,Calgary Shepard IM,set out,Vancouver
CPKC,149-##,1533,Calgary Shepard IM,set out,South Shore Intermodal
CPKC,149-##,1533,Calgary Shepard IM,pick up,Roberts Bank Intermodal
CPKC,149-##,1600,Calgary Alyth Yard,set out,Alyth Autos
CPKC,149-##,2713,Kamloops CPKC Yard,set out,Coquitlam Autos
CPKC,149-##,2713,Kamloops CPKC Yard,pick up,Roberts Bank Intermodal
CPKC,133-##,1516,Toronto Yard CPKC,set out,Detroit Intermodal
CPKC,133-##,1516,Toronto Yard CPKC,set out,Pick up Buffalo Intermodal
CPKC,133-##,1516,Toronto Yard CPKC,set out,Bensenville Intermodal
CPKC,133-##,1516,Toronto Yard CPKC,set out,and Bensenville Empty Auto
CPKC,133-##,1860,Buffalo Seneca Yard,set out,Buffalo Intermodal
CPKC,133-##,1860,Buffalo Seneca Yard,pick up,Bensenville Intermodal
CPKC,133-##,1860,Buffalo Seneca Yard,pick up,Manifest
CPKC,132-##,1516,Toronto Yard CPKC,set out,Vaughan Intermodal
CPKC,132-##,1516,Toronto Yard CPKC,set out,Toronto Auto
CPKC,132-##,1516,Toronto Yard CPKC,pick up,Racine
CPKC,132-##,1516,Toronto Yard CPKC,pick up,Termont
CPKC,132-##,1516,Toronto Yard CPKC,pick up,Cast
CPKC,132-##,1516,Toronto Yard CPKC,pick up,Viau
CPKC,132-##,1516,Toronto Yard CPKC,pick up,and Saint John Intermodal
CPKC,132-##,1781,Montreal St. Luc Yard,set out,Saint John Intermodal
CPKC,132-##,1781,Montreal St. Luc Yard,set out,Lachine Intermodal
CPKC,132-##,1781,Montreal St. Luc Yard,set out,and St. Luc
CPKC,132-##,1781,Montreal St. Luc Yard,pick up,POM Manifest
CPKC,132-##,1781,Montreal St. Luc Yard,pick up,Intermodal
CPKC,104-##,1533,Calgary Shepard IM,pick up,Vaughan Intermodal
CPKC,104-##,2966,Regina CPKC Intermodal,pick up,Vaughan Intermodal
CPKC,104-##,1395,Toronto Vaughan Intermodal Terminal,set out,Vaughan Intermodal
CPKC,134-##,2429,Windsor Walkerville,pick up,Toronto
CPKC,134-##,2429,Windsor Walkerville,pick up,Sudbury
CPKC,134-##,2429,Windsor Walkerville,pick up,St. Luc Manifest
CPKC,134-##,2429,Windsor Walkerville,pick up,Toronto Auto
CPKC,134-##,3761,Ayr Wolverton Yard,set out,Wolverton Auto
CPKC,134-##,3761,Ayr Wolverton Yard,pick up,Toronto Auto
CPKC,135-##,3761,Ayr Wolverton Yard,pick up,Rougemere
CPKC,135-##,3761,Ayr Wolverton Yard,pick up,Oakwood Auto
CPKC,135-##,2429,Windsor Walkerville,set out,Windsor
CPKC,135-##,2429,Windsor Walkerville,set out,Rougemere
CPKC,135-##,2429,Windsor Walkerville,set out,Oakwood Auto
CPKC,120-##,2107,Farnham,set out,Farnham
CPKC,120-##,2107,Farnham,pick up,Sherbrooke
CPKC,120-##,2107,Farnham,pick up,Brownville Junction
CPKC,120-##,2268,Sherbrooke,set out,Sherbrooke
CPKC,120-##,2268,Sherbrooke,pick up,Brownville Junction
CPKC,120-##,1123,Brownville Jct,set out,Brownville Junction
CPKC,120-##,1123,Brownville Jct,pick up,Saint John
CPKC,121-##,2268,Sherbrooke,set out,Sherbrooke
CPKC,121-##,2268,Sherbrooke,pick up,Farnham
CPKC,121-##,2268,Sherbrooke,pick up,St. Luc
CPKC,121-##,2107,Farnham,set out,Farnham
CPKC,121-##,2107,Farnham,pick up,St. Luc
CPKC,167-##,1153,Shreveport Deramus Yard,set out,Shreveport
CPKC,167-##,1153,Shreveport Deramus Yard,pick up,Wylie Autos
CPKC,167-##,1153,Shreveport Deramus Yard,pick up,Manifest
CPKC,167-##,1153,Shreveport Deramus Yard,pick up,and Intermodal
CPKC,105-##,1395,Toronto Vaughan Intermodal Terminal,pick up,Roberts Bank Intermodal
CPKC,105-##,2142,Winnipeg CPKC Yard,pick up,Alyth
CPKC,105-##,2142,Winnipeg CPKC Yard,pick up,Alyth Autos
CPKC,105-##,2142,Winnipeg CPKC Yard,pick up,and Roberts Bank Intermodal
CPKC,105-##,2966,Regina CPKC Intermodal,pick up,Roberts Bank Intermodal
CPKC,105-##,1533,Calgary Shepard IM,pick up,Roberts Bank Intermodal
CPKC,105-##,1600,Calgary Alyth Yard,set out,Alyth
CPKC,105-##,1600,Calgary Alyth Yard,set out,Alyth Auto
CPKC,106-##,1516,Toronto Yard CPKC,set out,Toronto Auto
CPKC,106-##,1516,Toronto Yard CPKC,pick up,St. Luc Manifest
CPKC,106-##,1516,Toronto Yard CPKC,pick up,Autos
CPKC,180-##,2336,Kansas City International Freight Gateway,set out,Wylie Intermodal
CPKC,180-##,2336,Kansas City International Freight Gateway,set out,KC IFG Loaded Autos
CPKC,180-##,2336,Kansas City International Freight Gateway,set out,KC IFG Intermodal
CPKC,180-##,1153,Shreveport Deramus Yard,set out,Wylie Intermodal
CPKC,180-##,1153,Shreveport Deramus Yard,pick up,Laredo
CPKC,180-##,1153,Shreveport Deramus Yard,pick up,Mexico Laredo Intermodal
CPKC,180-##,2557,Kendleton,pick up,Laredo
CPKC,180-##,2557,Kendleton,pick up,Mexico Laredo Intermodal
CPKC,180-##,2050,Laredo CPKC Yard,set out,Laredo Intermodal
CPKC,180-##,2050,Laredo CPKC Yard,pick up,Mexico Laredo Intermodal
CPKC,181-##,2557,Kendleton,set out,Kendleton Intermodal
CPKC,181-##,1153,Shreveport Deramus Yard,set out,Wylie
CPKC,181-##,1153,Shreveport Deramus Yard,set out,Meridian
CPKC,181-##,1153,Shreveport Deramus Yard,set out,Austell
CPKC,181-##,1153,Shreveport Deramus Yard,set out,and Jackson Intermodal
CPKC,181-##,2336,Kansas City International Freight Gateway,set out,KC IFG
CPKC,181-##,2336,Kansas City International Freight Gateway,set out,Minneapolis Intermodal
CPKC,181-##,2336,Kansas City International Freight Gateway,pick up,Bensenville Intermodal
CPKC,146-##,1854,Vancouver Intermodal Facility CPKC,pick up,Calgary
CPKC,146-##,1854,Vancouver Intermodal Facility CPKC,pick up,Minneapolis
CPKC,146-##,1854,Vancouver Intermodal Facility CPKC,pick up,Bensenville
CPKC,146-##,1854,Vancouver Intermodal Facility CPKC,pick up,Detroit
CPKC,146-##,1854,Vancouver Intermodal Facility CPKC,pick up,Wylie
CPKC,146-##,1854,Vancouver Intermodal Facility CPKC,pick up,and Mexico Laredo Intermodal
CPKC,146-##,1600,Calgary Alyth Yard,set out,Alyth
CPKC,146-##,1600,Calgary Alyth Yard,pick up,Bensenville Manifest
CPKC,146-##,1533,Calgary Shepard IM,set out,Calgary Intermodal
CPKC,146-##,1533,Calgary Shepard IM,pick up,Minneapolis
CPKC,146-##,1533,Calgary Shepard IM,pick up,Bensenville Intermodal
CPKC,146-##,1671,Minneapolis Shoreham Yard,set out,Minneapolis Intermodal
CPKC,146-##,1671,Minneapolis Shoreham Yard,pick up,Bensenville Intermodal
CPKC,184-##,2050,Laredo CPKC Yard,set out,Laredo Intermodal
CPKC,114-##,1533,Calgary Shepard IM,set out,Calgary
CPKC,114-##,1533,Calgary Shepard IM,set out,Edmonton Intermodal
CPKC,114-##,1533,Calgary Shepard IM,pick up,Vaughan
CPKC,114-##,1533,Calgary Shepard IM,pick up,Lachine
CPKC,114-##,1533,Calgary Shepard IM,pick up,and POM Intermodal
CPKC,114-##,2966,Regina CPKC Intermodal,set out,Regina Intermodal
CPKC,114-##,2966,Regina CPKC Intermodal,pick up,Vaughan
CPKC,114-##,2966,Regina CPKC Intermodal,pick up,Lachine
CPKC,114-##,2966,Regina CPKC Intermodal,pick up,POM
CPKC,114-##,2966,Regina CPKC Intermodal,pick up,and Saint John Intermodal
CPKC,114-##,2142,Winnipeg CPKC Yard,set out,Winnipeg Intermodal
CPKC,114-##,2142,Winnipeg CPKC Yard,pick up,Vaughan
CPKC,114-##,2142,Winnipeg CPKC Yard,pick up,Lachine
CPKC,114-##,2142,Winnipeg CPKC Yard,pick up,POM
CPKC,114-##,2142,Winnipeg CPKC Yard,pick up,and Saint John Intermodal
CPKC,114-##,1395,Toronto Vaughan Intermodal Terminal,set out,Vaughan Intermodal
CPKC,114-##,1395,Toronto Vaughan Intermodal Terminal,pick up,POM
CPKC,114-##,1395,Toronto Vaughan Intermodal Terminal,pick up,Saint John Intermodal
CPKC,114-##,1516,Toronto Yard CPKC,pick up,St. Luc Manifest
CPKC,114-##,1516,Toronto Yard CPKC,pick up,Lachine Intermodal
CPKC,114-##,1780,Montreal Lachine Yard,set out,Lachine Intermodal
CPKC,114-##,1780,Montreal Lachine Yard,pick up,Saint John Intermodal
CPKC,106-##,1516,Toronto Yard CPKC,set out,Toronto Auto
CPKC,106-##,1516,Toronto Yard CPKC,pick up,St. Luc
CPKC,106-##,1516,Toronto Yard CPKC,pick up,St. Luc Autos
CPKC,146-##,1854,Vancouver Intermodal Facility CPKC,set out,Vancouver Intermodal
CPKC,146-##,1854,Vancouver Intermodal Facility CPKC,pick up,Calgary
CPKC,146-##,1854,Vancouver Intermodal Facility CPKC,pick up,Minneapolis
CPKC,146-##,1854,Vancouver Intermodal Facility CPKC,pick up,Bensenville
CPKC,146-##,1854,Vancouver Intermodal Facility CPKC,pick up,Detroit
CPKC,146-##,1854,Vancouver Intermodal Facility CPKC,pick up,Wylie
CPKC,146-##,1854,Vancouver Intermodal Facility CPKC,pick up,and Mexico Laredo Intermodal
CPKC,103-##,1395,Toronto Vaughan Intermodal Terminal,set out,Vaughan Intermodal
CPKC,103-##,1395,Toronto Vaughan Intermodal Terminal,pick up,Vancouver
CPKC,103-##,1395,Toronto Vaughan Intermodal Terminal,pick up,Vancouver South Shore
CPKC,103-##,1395,Toronto Vaughan Intermodal Terminal,pick up,Calgary Intermodal
CPKC,103-##,2142,Winnipeg Logan Yard,pick up,Alyth Autos
CPKC,103-##,2142,Winnipeg Logan Yard,pick up,Vancouver Autos
CPKC,103-##,2142,Winnipeg Logan Yard,pick up,Vancouver Intermodal
CPKC,103-##,2142,Winnipeg Logan Yard,pick up,Vancouver South Shore Intermodal
CPKC,103-##,1533,Calgary Shepard IM,set out,Calgary Intermodal
CPKC,103-##,1533,Calgary Shepard IM,pick up,Vancouver
CPKC,103-##,1533,Calgary Shepard IM,pick up,Vancouver South Shore Intermodal
CPKC,103-##,1600,Calgary Alyth Yard,set out,Alyth Autos
CPKC,103-##,1854,Vancouver Intermodal Facility CPKC,set out,Vancouver Intermodal
CPKC,103-##,1854,Vancouver Intermodal Facility CPKC,set out,Vancouver Autos
CPKC,174-##,2050,Laredo CPKC Yard,set out,Laredo Intermodal
CPKC,165-##,2392,Bossier City,set out,Laredo
CPKC,165-##,2392,Bossier City,set out,Mexico Laredo Intermodal
CPKC,236-##,3236,Hamilton Kinnear Yard,set out,Hamilton Aberdeen
CPKC,236-##,3236,Hamilton Kinnear Yard,set out,Kinnear
CPKC,237-##,3236,Hamilton Kinnear Yard,pick up,Toronto
CPKC,228-##,3475,Whitehall,set out,Whitehall
CPKC,228-##,3475,Whitehall,set out,Whitehall Interchange
CPKC,228-##,3475,Whitehall,pick up,Saratoga Springs
CPKC,229-##,3475,Whitehall,set out,Whitehall
CPKC,229-##,3475,Whitehall,set out,Whitehall Interchange
CPKC,229-##,3475,Whitehall,pick up,St. Luc
CPKC,231-##,1516,Toronto Yard CPKC,set out,Toronto
CPKC,231-##,1516,Toronto Yard CPKC,set out,Toronto Empty Autos
CPKC,231-##,1516,Toronto Yard CPKC,pick up,Windsor
CPKC,231-##,1516,Toronto Yard CPKC,pick up,Bensenville
CPKC,231-##,2429,Windsor Walkerville,set out,Windsor
CPKC,231-##,2429,Windsor Walkerville,pick up,Bensenville
CPKC,247-##,1463,Cottage Grove,set out,Cottage Grove Autos
CPKC,247-##,1463,Cottage Grove,pick up,St. Paul
CPKC,240-##,2142,Winnipeg CPKC Yard,set out,Winnipeg
CPKC,240-##,2142,Winnipeg CPKC Yard,pick up,St. Paul
CPKC,200-##,1751,Golden,set out,Golden
CPKC,200-##,1751,Golden,pick up,Lambton Park
CPKC,200-##,1709,Edmonton CPKC Intermodal,set out,Edmonton Intermodal
CPKC,201-##,1751,Golden,set out,Golden
CPKC,201-##,1751,Golden,pick up,Coquitlam
CPKC,249-##,1606,Chicago Bensenville Yard,pick up,Milwaukee
CPKC,249-##,1606,Chicago Bensenville Yard,pick up,St. Paul
CPKC,249-##,1681,Milwaukee Muskego Yard,set out,Milwaukee
CPKC,249-##,1681,Milwaukee Muskego Yard,pick up,St. Paul
CPKC,241-##,2142,Winnipeg CPKC Yard,set out,WInnipeg
CPKC,241-##,2142,Winnipeg CPKC Yard,pick up,Sutherland
CPKC,243-##,1600,Calgary Alyth Yard,set out,Alyth
CPKC,243-##,1600,Calgary Alyth Yard,set out,Alyth Autos
CPKC,243-##,1600,Calgary Alyth Yard,pick up,Lambton Park
CPKC,246-##,1463,Cottage Grove,pick up,Alliston Empty Autos
CPKC,246-##,1681,Milwaukee Muskego Yard,set out,Milwaukee
CPKC,246-##,1681,Milwaukee Muskego Yard,pick up,Bensenville
CPKC,260-##,2128,Davenport Nahant Yard CPKC,set out,Wylie Intermodal
CPKC,260-##,2128,Davenport Nahant Yard CPKC,set out,Laredo Intermodal
CPKC,260-##,2128,Davenport Nahant Yard CPKC,set out,Mexico Laredo Intermodal
CPKC,260-##,2128,Davenport Nahant Yard CPKC,set out,KC IFG Empty Autos
CPKC,260-##,2128,Davenport Nahant Yard CPKC,set out,Nahant
CPKC,260-##,2128,Davenport Nahant Yard CPKC,set out,and Shreveport
CPKC,260-##,2128,Davenport Nahant Yard CPKC,pick up,Kansas City
CPKC,260-##,2128,Davenport Nahant Yard CPKC,pick up,Ottumwa
CPKC,260-##,2128,Davenport Nahant Yard CPKC,pick up,and Kansas City Interchange
CPKC,260-##,3511,Muscatine Luke Yard,set out,Ottumwa
CPKC,260-##,3511,Muscatine Luke Yard,pick up,Kansas City
CPKC,260-##,3511,Muscatine Luke Yard,pick up,KC Interchange
CPKC,254-##,1217,La Crosse CPKC Yard,set out,St. Paul
CPKC,254-##,1217,La Crosse CPKC Yard,pick up,Bensenville
CPKC,254-##,1217,La Crosse CPKC Yard,pick up,Milwaukee
CPKC,254-##,1681,Milwaukee Muskego Yard,set out,Milwaukee
CPKC,254-##,1681,Milwaukee Muskego Yard,pick up,Bensenville
CPKC,254-##,1681,Milwaukee Muskego Yard,pick up,Clearing
CPKC,255-##,1681,Milwaukee Muskego Yard,set out,Milwaukee
CPKC,255-##,1681,Milwaukee Muskego Yard,pick up,La Crosse
CPKC,255-##,1217,La Crosse CPKC Yard,set out,La Crosse
CPKC,253-##,3511,Muscatine Luke Yard,set out,Muscatine
CPKC,253-##,3511,Muscatine Luke Yard,set out,Ottumwa
CPKC,253-##,3511,Muscatine Luke Yard,pick up,Nahant
CPKC,253-##,2128,Davenport Nahant Yard CPKC,set out,Nahant
CPKC,253-##,2128,Davenport Nahant Yard CPKC,set out,St. Paul
CPKC,253-##,2128,Davenport Nahant Yard CPKC,pick up,Bensenville
CPKC,252-##,2128,Davenport Nahant Yard CPKC,set out,Mason City
CPKC,252-##,2128,Davenport Nahant Yard CPKC,set out,Nahant
CPKC,252-##,2128,Davenport Nahant Yard CPKC,set out,KC Interchange
CPKC,252-##,2128,Davenport Nahant Yard CPKC,set out,KC
CPKC,252-##,2128,Davenport Nahant Yard CPKC,set out,and Muscatine
CPKC,252-##,2128,Davenport Nahant Yard CPKC,pick up,Wylie Intermodal
CPKC,252-##,2128,Davenport Nahant Yard CPKC,pick up,Laredo Intermodal
CPKC,252-##,2128,Davenport Nahant Yard CPKC,pick up,Mexico Laredo Intermodal
CPKC,252-##,2128,Davenport Nahant Yard CPKC,pick up,KC IFG Empty Autos
CPKC,252-##,2128,Davenport Nahant Yard CPKC,pick up,and Shreveport
CPKC,252-##,3511,Muscatine Luke Yard,pick up,Shreveport
CPKC,252-##,2336,Kansas City International Freight Gateway,set out,Laredo Intermodal
CPKC,252-##,2336,Kansas City International Freight Gateway,set out,Mexico Laredo Intermodal
CPKC,252-##,2336,Kansas City International Freight Gateway,set out,and KC IFG Empty Autos
CPKC,252-##,2336,Kansas City International Freight Gateway,pick up,Shreveport
CPKC,259-##,2152,Slater,set out,Slater
CPKC,259-##,2152,Slater,pick up,Kansas City
CPKC,258-##,2152,Slater,set out,Slater
CPKC,258-##,2152,Slater,pick up,E. St. Louis
CPKC,267-##,1280,Jackson High Oak Yard,set out,Jackson
CPKC,267-##,1280,Jackson High Oak Yard,pick up,Shreveport
CPKC,267-##,1280,Jackson High Oak Yard,pick up,Mossville
CPKC,266-##,1280,Jackson High Oak Yard,set out,Jackson
CPKC,266-##,1280,Jackson High Oak Yard,pick up,Artesia
CPKC,262-##,2336,Kansas City International Freight Gateway,set out,KC IFG
CPKC,262-##,2809,Pittsburg,set out,Pittsburg
CPKC,262-##,2809,Pittsburg,pick up,Heavener
CPKC,262-##,3262,Watts,set out,Watts
CPKC,262-##,3262,Watts,pick up,Heavener
CPKC,262-##,1250,Heavener,set out,Heavener
CPKC,262-##,1250,Heavener,pick up,Shreveport
CPKC,263-##,1250,Heavener,set out,Heavener
CPKC,263-##,1250,Heavener,pick up,KC
CPKC,263-##,1250,Heavener,pick up,Watts
CPKC,263-##,3262,Watts,set out,Watts
CPKC,263-##,3262,Watts,pick up,KC
CPKC,263-##,2809,Pittsburg,set out,Pittsburg
CPKC,263-##,2809,Pittsburg,pick up,KC
CPKC,263-##,2336,Kansas City International Freight Gateway,pick up,KC
CPKC,268-##,1890,Baton Rouge CPKC Yard,set out,Baton Rouge
CPKC,268-##,1890,Baton Rouge CPKC Yard,set out,Baton Rouge Interchange
CPKC,268-##,1890,Baton Rouge CPKC Yard,pick up,New Orleans Interchange
CPKC,280-##,2557,Kendleton,set out,Kendleton
CPKC,280-##,2050,Laredo CPKC Yard,set out,Laredo
CPKC,281-##,2050,Laredo CPKC Yard,pick up,Shreveport
CPKC,281-##,2557,Kendleton,pick up,Shreveport
CPKC,270-##,2050,Laredo CPKC Yard,set out,Shreveport
CPKC,270-##,2050,Laredo CPKC Yard,set out,Laredo
CPKC,270-##,2050,Laredo CPKC Yard,pick up,Mexico Laredo
CPKC,269-##,1890,Baton Rouge CPKC Yard,set out,Baton Rouge
CPKC,269-##,1890,Baton Rouge CPKC Yard,pick up,Shreveport
CPKC,269-##,1890,Baton Rouge CPKC Yard,pick up,Mexico Laredo
CPKC,261-##,2336,Kansas City International Freight Gateway,set out,KC IFG Intermodal
CPKC,261-##,2336,Kansas City International Freight Gateway,set out,Bensenville Intermodal
CPKC,261-##,2336,Kansas City International Freight Gateway,set out,E. St. Louis
CPKC,261-##,2336,Kansas City International Freight Gateway,set out,and KC IFG
CPKC,261-##,2336,Kansas City International Freight Gateway,pick up,Minneapolis Intermodal
CPKC,261-##,2336,Kansas City International Freight Gateway,pick up,St. Paul Autos
CPKC,261-##,2336,Kansas City International Freight Gateway,pick up,and Cottage Grove Autos
CPKC,261-##,2128,Davenport Nahant Yard CPKC,set out,Bensenville
CPKC,261-##,2128,Davenport Nahant Yard CPKC,pick up,La Crosse
CPKC,261-##,2128,Davenport Nahant Yard CPKC,pick up,St. Paul
CPKC,230-##,2429,Windsor Walkerville,set out,Windsor
CPKC,230-##,2429,Windsor Walkerville,set out,Windsor Autos
CPKC,230-##,2429,Windsor Walkerville,pick up,Toronto
CPKC,230-##,2429,Windsor Walkerville,pick up,St. Luc
CPKC,280-##,2128,Davenport Nahant Yard CPKC,set out,Nahant
CPKC,280-##,2128,Davenport Nahant Yard CPKC,set out,Kansas City
CPKC,280-##,2128,Davenport Nahant Yard CPKC,set out,and Kansas City Interchange
CPKC,280-##,2128,Davenport Nahant Yard CPKC,pick up,Shreveport
CPKC,280-##,2128,Davenport Nahant Yard CPKC,pick up,Muscatine
CPKC,280-##,3511,Muscatine Luke Yard,set out,Muscatine
CPKC,280-##,3511,Muscatine Luke Yard,pick up,Shreveport
CPKC,280-##,2336,Kansas City International Freight Gateway,set out,KC IFG Empty Autos
CPKC,280-##,2336,Kansas City International Freight Gateway,pick up,Wylie Intermodal
CPKC,280-##,2336,Kansas City International Freight Gateway,pick up,Laredo Intermodal
CPKC,280-##,2336,Kansas City International Freight Gateway,pick up,Mexico Laredo Intermodal
CPKC,280-##,2336,Kansas City International Freight Gateway,pick up,and Shreveport
CPKC,280-##,1153,Shreveport Deramus Yard,set out,Wylie Intermodal
CPKC,280-##,1153,Shreveport Deramus Yard,set out,Shreveport
CPKC,280-##,1153,Shreveport Deramus Yard,pick up,Kendleton
CPKC,280-##,1153,Shreveport Deramus Yard,pick up,Laredo
CPKC,280-##,1153,Shreveport Deramus Yard,pick up,Mexico Laredo
CPKC,280-##,2557,Kendleton,set out,Kendleton
CPKC,280-##,2557,Kendleton,pick up,Mexico Laredo Empty Autos
CPKC,280-##,2050,Laredo CPKC Yard,set out,Laredo
CPKC,280-##,2050,Laredo CPKC Yard,set out,Laredo Intermodal
CPKC,280-##,2050,Laredo CPKC Yard,pick up,Mexico Laredo
CPKC,280-##,2050,Laredo CPKC Yard,pick up,Mexico Laredo Intermodal
CPKC,281-##,2050,Laredo CPKC Yard,pick up,Shreveport
CPKC,281-##,2557,Kendleton,pick up,Shreveport
CPKC,281-##,1153,Shreveport Deramus Yard,set out,Shreveport
CPKC,281-##,1153,Shreveport Deramus Yard,pick up,Minneapolis Intermodal
CPKC,281-##,1153,Shreveport Deramus Yard,pick up,KC IFG Intermodal
CPKC,281-##,1153,Shreveport Deramus Yard,pick up,Bensenville Intermodal
CPKC,281-##,1153,Shreveport Deramus Yard,pick up,E. St. Louis
CPKC,281-##,1153,Shreveport Deramus Yard,pick up,KC IFG
CPKC,281-##,1153,Shreveport Deramus Yard,pick up,Bensenville
CPKC,281-##,1153,Shreveport Deramus Yard,pick up,and St. Paul
CPKC,281-##,2336,Kansas City International Freight Gateway,set out,KC IFG Intermodal
CPKC,281-##,2336,Kansas City International Freight Gateway,set out,Bensenville Intermodal
CPKC,281-##,2336,Kansas City International Freight Gateway,set out,E. St. Louis
CPKC,281-##,2336,Kansas City International Freight Gateway,set out,and KC IFG
CPKC,281-##,2336,Kansas City International Freight Gateway,pick up,Minneapolis Intermodal
CPKC,281-##,2336,Kansas City International Freight Gateway,pick up,St. Paul Autos
CPKC,281-##,2336,Kansas City International Freight Gateway,pick up,and Cottage Grove Autos
CPKC,281-##,2128,Davenport Nahant Yard CPKC,set out,Bensenville
CPKC,281-##,2128,Davenport Nahant Yard CPKC,pick up,La Crosse
CPKC,281-##,2128,Davenport Nahant Yard CPKC,pick up,St. Paul
CPKC,281-##,1463,Cottage Grove,set out,Cottage Grove Autos
CPKC,252-##,2128,Davenport Nahant Yard CPKC,set out,Mason City
CPKC,252-##,2128,Davenport Nahant Yard CPKC,set out,Nahant
CPKC,252-##,2128,Davenport Nahant Yard CPKC,set out,Shreveport
CPKC,252-##,2128,Davenport Nahant Yard CPKC,pick up,Muscatine
CPKC,252-##,2128,Davenport Nahant Yard CPKC,pick up,Kansas City
CPKC,252-##,3511,Muscatine Luke Yard,set out,Muscatine
CPKC,252-##,3511,Muscatine Luke Yard,pick up,Kansas City
CPKC,238-##,3761,Ayr Wolverton Yard,pick up,Buffalo Empty Autos
CPKC,239-##,3761,Ayr Wolverton Yard,set out,Wolverton Autos
CPKC,261-##,3511,Muscatine Luke Yard,set out,Muscatine
CPKC,261-##,3511,Muscatine Luke Yard,set out,Ottumwa
CPKC,261-##,3511,Muscatine Luke Yard,pick up,Nahant
CPKC,261-##,2128,Davenport Nahant Yard CPKC,set out,Nahant
CPKC,261-##,2128,Davenport Nahant Yard CPKC,set out,Bensenville
CPKC,261-##,2128,Davenport Nahant Yard CPKC,pick up,La Crosse
CPKC,261-##,2128,Davenport Nahant Yard CPKC,pick up,St. Paul
CPKC,256-##,2392,Bossier City,set out,Laredo
CPKC,256-##,2392,Bossier City,set out,Mexico Laredo
CPKC,256-##,2392,Bossier City,set out,KCIFG
CPKC,256-##,2392,Bossier City,set out,Bensenville
CPKC,256-##,2392,Bossier City,set out,Minneapolis Intermodal
CPKC,256-##,2392,Bossier City,pick up,Meridian Interchange
CPKC,256-##,2392,Bossier City,pick up,Jackson Interchange
CPKC,256-##,2392,Bossier City,pick up,and Jackson
CPKC,256-##,1280,Jackson High Oak Yard,set out,New Orleans Intermodal
CPKC,256-##,1280,Jackson High Oak Yard,set out,Jackson Interchange
CPKC,256-##,1280,Jackson High Oak Yard,set out,Jackson
CPKC,256-##,1280,Jackson High Oak Yard,pick up,Austell Intermodal
CPKC,256-##,1280,Jackson High Oak Yard,pick up,Meridian
CPKC,256-##,1280,Jackson High Oak Yard,pick up,Meridian Interchange
CPKC,257-##,1280,Jackson High Oak Yard,set out,Jackson
CPKC,257-##,1280,Jackson High Oak Yard,pick up,Shreveport
CPKC,257-##,1280,Jackson High Oak Yard,pick up,Wylie Intermodal
CPKC,257-##,1280,Jackson High Oak Yard,pick up,and Wylie Manifest
CPKC,257-##,2392,Bossier City,set out,Shreveport Manifest
CPKC,257-##,2392,Bossier City,set out,Laredo Intermodal
CPKC,257-##,2392,Bossier City,set out,Mexico Laredo Intermodal
CPKC,257-##,2392,Bossier City,pick up,Wylie Autos
CPKC,257-##,2392,Bossier City,pick up,Manifest
CPKC,257-##,2392,Bossier City,pick up,and Intermodal
CPKC,253-##,1250,Heavener,set out,Heavener
CPKC,253-##,1250,Heavener,pick up,Kansas City
CPKC,253-##,1227,Kansas City Knoche Yard CPKC,set out,Kansas City
CPKC,253-##,1227,Kansas City Knoche Yard CPKC,pick up,Muscatine
CPKC,253-##,1227,Kansas City Knoche Yard CPKC,pick up,Ottumwa
CPKC,253-##,1227,Kansas City Knoche Yard CPKC,pick up,Nahant
CPKC,253-##,1227,Kansas City Knoche Yard CPKC,pick up,St. Paul
CPKC,253-##,1227,Kansas City Knoche Yard CPKC,pick up,Bensenville
CPKC,253-##,1227,Kansas City Knoche Yard CPKC,pick up,and Bensenville Autos
CPKC,253-##,3511,Muscatine Luke Yard,set out,Muscatine
CPKC,253-##,3511,Muscatine Luke Yard,set out,Ottumwa
CPKC,253-##,3511,Muscatine Luke Yard,pick up,Nahant
CPKC,253-##,2128,Davenport Nahant Yard CPKC,set out,Nahant
CPKC,253-##,2128,Davenport Nahant Yard CPKC,set out,St. Paul
CPKC,253-##,2128,Davenport Nahant Yard CPKC,pick up,Bensenville
CPKC,230-##,2429,Windsor Walkerville,set out,Windsor
CPKC,230-##,2429,Windsor Walkerville,set out,Windsor Autos
CPKC,230-##,2429,Windsor Walkerville,pick up,Toronto
CPKC,230-##,2429,Windsor Walkerville,pick up,St. Luc
CPKC,230-##,1516,Toronto Yard CPKC,set out,Toronto
CPKC,230-##,1516,Toronto Yard CPKC,set out,Toronto Autos
CPKC,230-##,1516,Toronto Yard CPKC,set out,and Alliston Empty Autos
CPKC,230-##,1516,Toronto Yard CPKC,pick up,St. Luc
CPKC,230-##,1516,Toronto Yard CPKC,pick up,St. Luc Autos
CPKC,340-##,1540,St. Paul Pig's Eye Yard,set out,Pig's Eye
CPKC,418-##,1600,Calgary Alyth Yard,set out,Alyth
CPKC,418-##,1600,Calgary Alyth Yard,pick up,Lambton Park
CPKC,419-##,1600,Calgary Alyth Yard,set out,Alyth
CPKC,419-##,1600,Calgary Alyth Yard,pick up,Lethbridge
CPKC,419-##,3957,Coalhurst Kipp Yard,pick up,Golden
CPKC,419-##,3957,Coalhurst Kipp Yard,pick up,UP Spokane
CPKC,419-##,1415,Fort Steele,set out,Golden
CPKC,400-##,2713,Kamloops CPKC Yard,set out,Kamloops
CPKC,400-##,2713,Kamloops CPKC Yard,pick up,Alyth
CPKC,400-##,1751,Golden,set out,Golden
CPKC,400-##,1751,Golden,pick up,Alyth
CPKC,401-##,1751,Golden,set out,Golden
CPKC,401-##,1751,Golden,pick up,Coquitlam
CPKC,401-##,2713,Kamloops CPKC Yard,set out,Kamloops
CPKC,401-##,2713,Kamloops CPKC Yard,set out,Kamloops Empty Centerbeams
CPKC,401-##,2713,Kamloops CPKC Yard,pick up,Coquitlam
CPKC,410-##,1599,Swift Current,set out,Swift Current
CPKC,410-##,1599,Swift Current,pick up,Moose Jaw
CPKC,410-##,1599,Swift Current,pick up,St. Luc
CPKC,410-##,1599,Swift Current,pick up,and Winnipeg
CPKC,410-##,1650,Moose Jaw,set out,Moose Jaw
CPKC,410-##,1650,Moose Jaw,pick up,Winnipeg
CPKC,410-##,1598,Regina CPKC Yard,set out,Regina
CPKC,410-##,1598,Regina CPKC Yard,pick up,Winnipeg
CPKC,410-##,4028,Brandon Yard CPKC,set out,Brandon
CPKC,410-##,4028,Brandon Yard CPKC,pick up,Winnipeg
CPKC,411-##,4028,Brandon Yard CPKC,set out,Brandon
CPKC,411-##,4028,Brandon Yard CPKC,pick up,Alyth
CPKC,411-##,4028,Brandon Yard CPKC,pick up,Moose Jaw
CPKC,411-##,1598,Regina CPKC Yard,set out,Regina
CPKC,411-##,1598,Regina CPKC Yard,pick up,Carseland
CPKC,411-##,1598,Regina CPKC Yard,pick up,Alyth
CPKC,411-##,1598,Regina CPKC Yard,pick up,and Moose Jaw
CPKC,411-##,1650,Moose Jaw,set out,Moose Jaw
CPKC,411-##,1650,Moose Jaw,pick up,Swift Current
CPKC,411-##,1650,Moose Jaw,pick up,Carseland
CPKC,411-##,1650,Moose Jaw,pick up,and Alyth
CPKC,411-##,1599,Swift Current,set out,Swift Current
CPKC,411-##,1599,Swift Current,pick up,Alyth
CPKC,411-##,1643,Carseland,set out,Carseland
CPKC,421-##,1815,Sudbury CPKC,set out,Sudbury
CPKC,421-##,1815,Sudbury CPKC,pick up,Thunder Bay
CPKC,421-##,1815,Sudbury CPKC,pick up,Winnipeg
CPKC,421-##,1496,Thunder Bay CPKC Yard,set out,Thunder Bay
CPKC,421-##,1496,Thunder Bay CPKC Yard,pick up,Winnipeg
CPKC,421-##,1496,Thunder Bay CPKC Yard,pick up,Winnipeg Empty Grain
CPKC,412-##,1657,Hardisty,pick up,Wilkie
CPKC,412-##,1657,Hardisty,pick up,Sutherland
CPKC,412-##,1657,Hardisty,pick up,and Thunder Bay Grain Export
CPKC,412-##,3622,Wilkie,set out,Wilkie
CPKC,412-##,3622,Wilkie,pick up,Sutherland
CPKC,416-##,1415,Fort Steele,pick up,Lethbridge
CPKC,445-##,2227,Enderlin CPKC,set out,Enderlin
CPKC,445-##,2227,Enderlin CPKC,pick up,Alyth
CPKC,445-##,2227,Enderlin CPKC,pick up,Moose Jaw
CPKC,445-##,1650,Moose Jaw,set out,Moose Jaw
CPKC,445-##,1650,Moose Jaw,pick up,Alyth
CPKC,444-##,1650,Moose Jaw,pick up,Enderlin
CPKC,444-##,1650,Moose Jaw,pick up,St. Paul
CPKC,444-##,2227,Enderlin CPKC,set out,Enderlin
CPKC,444-##,2227,Enderlin CPKC,pick up,St. Paul
CPKC,413-##,3622,Wilkie,set out,Wilkie
CPKC,413-##,3622,Wilkie,pick up,Hardisty
CPKC,413-##,3622,Wilkie,pick up,Alyth
CPKC,413-##,1657,Hardisty,set out,Hardisty
CPKC,413-##,1657,Hardisty,pick up,Alyth
CPKC,417-##,1415,Fort Steele,set out,Golden
CPKC,420-##,1496,Thunder Bay CPKC Yard,set out,Thunder Bay Grain
CPKC,420-##,1496,Thunder Bay CPKC Yard,set out,Thunder Bay
CPKC,420-##,1496,Thunder Bay CPKC Yard,pick up,Toronto
CPKC,420-##,1496,Thunder Bay CPKC Yard,pick up,Sudbury
CPKC,420-##,1815,Sudbury CPKC,set out,Sudbury
CPKC,456-##,1463,Cottage Grove,set out,Cottage Grove
CPKC,456-##,1217,La Crosse CPKC Yard,set out,La Crosse
CPKC,457-##,1217,La Crosse CPKC Yard,pick up,Pig's Eye
CPKC,457-##,1463,Cottage Grove,pick up,Pig's Eye
CPKC,448-##,1533,Calgary Shepard IM,set out,Calgary Intermodal
CPKC,448-##,1533,Calgary Shepard IM,pick up,Minneapolis
CPKC,448-##,1533,Calgary Shepard IM,pick up,Bensenville Intermodal
CPKC,448-##,1671,Minneapolis Shoreham Yard,set out,Minneapolis Intermodal
CPKC,448-##,1671,Minneapolis Shoreham Yard,pick up,Bensenville Intermodal
CPKC,928-##,1357,Saratoga Springs,pick up,NS Interchange
CPKC,929-##,1117,Schenectady Mohawk Yard,set out,Schenectady
CPKC,929-##,1357,Saratoga Springs,set out,Saratoga Springs
CPKC,A71-##,1854,Vancouver Intermodal Facility CPKC,pick up,Roberts Bank Intermodal
CPKC,A70-##,1854,Vancouver Intermodal Facility CPKC,set out,Vancouver
CPKC,A70-##,1854,Vancouver Intermodal Facility CPKC,set out,Minneapolis
CPKC,A70-##,1854,Vancouver Intermodal Facility CPKC,set out,Bensenville
CPKC,A70-##,1854,Vancouver Intermodal Facility CPKC,set out,and Detroit Intermodal
CPKC,A52-##,1619,Kamloops Benledi,pick up,Kamloops
CPKC,A54-##,3508,New Westminster CPKC Dock Yard,pick up,Coquitlam
CPKC,A54-##,3508,New Westminster CPKC Dock Yard,pick up,Alyth Autos
CPKC,A54-##,3508,New Westminster CPKC Dock Yard,pick up,Toronto Autos
CPKC,A54-##,3508,New Westminster CPKC Dock Yard,pick up,and St. Luc Autos
CPKC,A87-##,3508,New Westminster CPKC Dock Yard,set out,New Westminster
CPKC,A87-##,3508,New Westminster CPKC Dock Yard,pick up,Coquitlam
CPKC,F19-##,3916,Winnipeg North Transcona Yard,set out,CEMR Interchange
CPKC,F19-##,3916,Winnipeg North Transcona Yard,pick up,CPKC Interchange
CPKC,H25-##,1370,Toronto Lambton Yard,pick up,Toronto
CPKC,H19-##,3875,Oshawa South Yard,set out,Oshawa Autos
CPKC,H19-##,3875,Oshawa South Yard,pick up,Toronto Loaded Autos
CPKC,H88-##,3761,Ayr Wolverton Yard,set out,Wolverton
CPKC,H88-##,3761,Ayr Wolverton Yard,pick up,Windsor
CPKC,J42-##,1671,Minneapolis Shoreham Yard,pick up,St. Paul
CPKC,J42-##,1671,Minneapolis Shoreham Yard,pick up,Wylie IM
CPKC,J42-##,1671,Minneapolis Shoreham Yard,pick up,Laredo IM
CPKC,J42-##,1671,Minneapolis Shoreham Yard,pick up,Mexico Laredo IM
CPKC,J42-##,1671,Minneapolis Shoreham Yard,pick up,and KC IFG IM
CPKC,JS21-##,2465,Superior Stinson Yard,set out,Superior
CPKC,JS21-##,2465,Superior Stinson Yard,pick up,Duluth
CPKC,I41-##,1595,Chicago Proviso Yard,set out,UP Interchange
CPKC,I52-##,1055,Chicago Calumet Yard,set out,Chattanooga
CPKC,I52-##,1055,Chicago Calumet Yard,set out,Calumet
CPKC,IM21-##,1707,Ackerville,set out,WSOR Interchange
CPKC,IM21-##,1707,Ackerville,pick up,CPKC Interchange
CPKC,I54-##,1055,Chicago Calumet Yard,set out,Calumet Intermodal
CPKC,I54-##,1055,Chicago Calumet Yard,pick up,CPKC Intermodal
CPKC,J20-##,1463,Cottage Grove,set out,Cottage Grove
CPKC,J19-##,1463,Cottage Grove,pick up,Pig's Eye
CPKC,J15-##,1391,St. Paul Midway Yard,set out,MNNR Interchange
CPKC,J15-##,1593,Minneapolis Northtown Yard,set out,BNSF Interchange
CPKC,J16-##,1176,St. Paul Hoffman Yard UP,set out,UP Interchange
CPKC,J16-##,2356,Shakopee Valley Park Yard,set out,Valley Park
CPKC,J16-##,2356,Shakopee Valley Park Yard,pick up,Pig's Eye
CPKC,I41-##,1098,Chicago Argo,set out,IHB Interchange
CPKC,GH02-##,1928,Port of Montreal,set out,POM
CPKC,GH02-##,1928,Port of Montreal,pick up,St. Luc
CPKC,GH01-##,1928,Port of Montreal,set out,POM Intermodal
CPKC,GH01-##,1928,Port of Montreal,pick up,Lachine Intermodal
CPKC,G94-##,1780,Montreal Lachine Yard,set out,Lachine Intermodal
CPKC,G94-##,1780,Montreal Lachine Yard,pick up,Chicago
CPKC,G94-##,1780,Montreal Lachine Yard,pick up,Detroit
CPKC,G94-##,1780,Montreal Lachine Yard,pick up,Saint John Intermodal
CPKC,G44-##,1117,Schenectady Mohawk Yard,set out,Schenectady Interchange
CPKC,G44-##,1117,Schenectady Mohawk Yard,pick up,Saratoga Springs
CPKC,G45-##,3178,Albany Kenwood Yard,set out,Albany
CPKC,G45-##,3178,Albany Kenwood Yard,pick up,Saratoga Springs
CPKC,G41-##,1111,Selkirk Yard,set out,Selkirk Interchange
CPKC,G41-##,1111,Selkirk Yard,pick up,Albany Interchange
CPKC,G15-##,1123,Brownville Jct,set out,Brownville Junction
CPKC,G15-##,1123,Brownville Jct,pick up,Northern Maine Junction
CPKC,G15-##,1123,Brownville Jct,pick up,NMJ Interchange
CPKC,G20-##,2268,Sherbrooke,set out,outbounds
CPKC,G20-##,2268,Sherbrooke,set out,pick up SLQ Interchange
CPKC,G20-##,2269,Lennoxville,set out,SLQ Interchange
CPKC,G20-##,2269,Lennoxville,pick up,CPKC Interchange
CPKC,576-##,2142,Winnipeg Logan Yard,pick up,Pig's Eye
CPKC,576-##,1540,St. Paul Pig's Eye Yard,set out,Pig's Eye
CPKC,641-3##,2142,Winnipeg Logan Yard,pick up,Brandon Manifest
CPKC,640-3##,2142,Winnipeg Logan Yard,set out,Winnipeg Manifest
CPKC,B22-##,1657,Hardisty,set out,Hardisty
CPKC,B22-##,1657,Hardisty,pick up,Alyth
CPKC,C04-##,1643,Carseland,set out,Carseland Empty Grain
CPKC,D65-##,2792,Lloydminster Husky Upgrader CPKC,set out,Husky Upgrader
CPKC,D65-##,2792,Lloydminster Husky Upgrader CPKC,pick up,Lloydminster
CPKC,D66-##,2792,Lloydminster Husky Upgrader CPKC,set out,Husky Upgrader
CPKC,D66-##,2792,Lloydminster Husky Upgrader CPKC,pick up,Wilkie
CPKC,D64-##,2792,Lloydminster Husky Upgrader CPKC,set out,Lloydminster Viterra
CPKC,D43-##,2432,Saskatoon Viterra CPKC,set out,Viterra
CPKC,BC06-##,2685,East Edmonton,pick up,Lambton Park
CPKC,BC06-##,1816,Edmonton Lambton Park Yard,set out,Lambton Park
CPKC,D67-##,2432,Saskatoon Viterra CPKC,set out,Viterra Grain
CPKC,E44-##,1650,Moose Jaw,set out,Moose Jaw
CPKC,E44-##,1650,Moose Jaw,pick up,Regina
CPKC,A19-##,1415,Fort Steele,pick up,Golden
CPKC,L26-##,1251,Texarkana,set out,Texarkana
CPKC,L26-##,1251,Texarkana,pick up,Deramus
CPKC,L60-##,1422,New Orleans Mays Yard,set out,Mays
CPKC,L60-##,1902,Reserve CPKC,set out,Reserve
CPKC,L44-##,1972,Vicksburg,set out,VSOR Interchange
CPKC,L44-##,1972,Vicksburg,pick up,CPKC Interchange
CPKC,L49-##,2392,Bossier City,pick up,outbound traffic and
CPKC,L52-##,3710,Columbus Steel Dynamics CPKC,set out,Arbela
CPKC,L52-##,3710,Columbus Steel Dynamics CPKC,pick up,Artesia
CPKC,L60-##,1902,Reserve CPKC,pick up,Shrewsbury
CPKC,L60-##,1422,New Orleans Mays Yard,pick up,Shrewsbury
CPKC,L66-##,2301,Baton Rouge D Line,set out,D Line
CPKC,L66-##,2301,Baton Rouge D Line,pick up,Baton Rouge
CPKC,L51-##,3709,Artesia,set out,traffic from Porterville
CPKC,L51-##,3709,Artesia,set out,Pick up Meridian
CPKC,L51-##,1286,Meridian North Yard,set out,Meridian
CPKC,L51-##,1286,Meridian North Yard,pick up,Artesia
CPKC,L23-##,1729,Texarkana,set out,Texarkana UP Interchange
CPKC,L18-##,1987,Westlake CPKC,set out,Westlake
CPKC,L18-##,1987,Westlake CPKC,pick up,Deramus
CPKC,734-0##,3761,Ayr Wolverton Yard,set out,Cambridge
CPKC,734-0##,3761,Ayr Wolverton Yard,set out,Woodstock Empty Auto
CPKC,732-##,2429,Windsor Walkerville,pick up,Toronto Auto
CPKC,732-##,3761,Ayr Wolverton Yard,set out,Wolverton Auto
CPKC,732-##,3761,Ayr Wolverton Yard,pick up,Toronto Auto
CPKC,781-##,2336,Kansas City International Freight Gateway,set out,KC IFG Autos
CPKC,781-##,2336,Kansas City International Freight Gateway,pick up,Bensenville Autos
CPKC,780-##,2336,Kansas City International Freight Gateway,set out,KC IFG Empty Autos
CPKC,780-##,2336,Kansas City International Freight Gateway,pick up,Mexico Laredo Empty Autos
CPKC,731-##,2429,Windsor Walkerville,pick up,Bensenville Autos
CPKC,731-##,2429,Windsor Walkerville,pick up,Gibson Autos
CPKC,731-##,1863,Hammond Gibson Yard,set out,Gibson Autos
CPKC,731-##,1863,Hammond Gibson Yard,pick up,Bensenville Autos
CPKC,M75-##,1879,Houston PTRA North Yard,set out,Houston PTRA Interchange
CPKC,M75-##,1879,Houston PTRA North Yard,pick up,Kendleton
CPKC,K73-##,2375,Rock Island IAIS,set out,Rock Island Interchange
CPKC,KK12-##,1229,Kansas City 18th St. Yard UP,set out,UP Interchange
CPKC,KK12-##,1229,Kansas City 18th St. Yard UP,pick up,CPKC Interchange
CPKC,KK20-##,1620,Kansas City Argentine Yard,set out,BNSF Interchange
CPKC,KK20-##,1620,Kansas City Argentine Yard,pick up,CPKC Interchange
CPKC,K76-##,3511,Muscatine Luke Yard,set out,Muscatine
CPKC,K76-##,3511,Muscatine Luke Yard,pick up,Nahant
CPKC,K10-##,3398,Mexico CPKC,set out,OVRR Interchange
CPKC,KK09-##,2336,Kansas City International Freight Gateway,pick up,outbound traffic
CPKC,KK09-##,2336,Kansas City International Freight Gateway,pick up,CSX
CPKC,KK09-##,2336,Kansas City International Freight Gateway,pick up,E. St. Louis Intermodal
CPKC,KK12-##,2590,Kansas City Avondale Yard,set out,NS Interchange
CPKC,KK12-##,2590,Kansas City Avondale Yard,pick up,CPKC Interchange
CPKC,KE30-##,1120,E. St. Louis Rose Lake Yard,set out,CSX Interchange
CPKC,KE30-##,1120,E. St. Louis Rose Lake Yard,pick up,CPKC Interchange
CPKC,K73-##,2375,Rock Island IAIS,pick up,outbound traffic from CPKC served industries
CPKC,K73-##,2375,Rock Island IAIS,pick up,Pick up CPKC Interchange
CPKC,K47-##,2125,Mason City CPKC,set out,Mason City
CPKC,K47-##,2125,Mason City CPKC,pick up,Tracy
CSX,I198-##,1261,Fairburn,pick up,Savannah
CSX,I198-##,1261,Fairburn,pick up,Savannah Ocean
CSX,I198-##,1261,Fairburn,pick up,Charleston IM
CSX,I157-##,1474,Philadelphia Greenwich Yard,set out,Philadelphia
CSX,I157-##,3294,Jersey City South Kearny Intermodal Terminal,set out,Kearny
CSX,I157-##,1625,Syracuse DeWitt Yard,set out,CN Montreal IM
CSX,I157-##,1625,Syracuse DeWitt Yard,set out,Pick Up Bedford Park
CSX,I157-##,1625,Syracuse DeWitt Yard,set out,Buffalo IM
CSX,I157-##,1860,Buffalo Seneca Yard,set out,Buffalo
CSX,I119-##,1002,W. Springfield,pick up,Northwest Ohio
CSX,I119-##,1002,W. Springfield,pick up,City of Industry
CSX,I119-##,1002,W. Springfield,pick up,Rose Lake
CSX,I119-##,1002,W. Springfield,pick up,Avon
CSX,I119-##,1002,W. Springfield,pick up,Buffalo
CSX,I119-##,1002,W. Springfield,pick up,Syracuse IM
CSX,I119-##,1002,W. Springfield,set out,N Bergen IM
CSX,I129-##,1805,Birmingham Boyles Yard,pick up,Fairburn
CSX,I129-##,1805,Birmingham Boyles Yard,pick up,Savannah
CSX,I129-##,1805,Birmingham Boyles Yard,pick up,Charleston
CSX,I137-##,1208,Charleston Bennett Yard,set out,Charleston
CSX,I137-##,1208,Charleston Bennett Yard,set out,Pick Up Savannah
CSX,I137-##,1208,Charleston Bennett Yard,set out,Nashville
CSX,I137-##,1208,Charleston Bennett Yard,set out,Bessemer
CSX,I137-##,1208,Charleston Bennett Yard,set out,Memphis
CSX,I137-##,1208,Charleston Bennett Yard,set out,Fairburn
CSX,I137-##,1208,Charleston Bennett Yard,set out,Jacksonville
CSX,I137-##,1208,Charleston Bennett Yard,set out,and Jaxport IM
CSX,I137-##,1388,Savannah CSX Yard,set out,IM except FEC
CSX,I137-##,1388,Savannah CSX Yard,set out,Winter Haven
CSX,I137-##,1388,Savannah CSX Yard,set out,Jacksonville
CSX,I137-##,1388,Savannah CSX Yard,set out,Pick Up Winter Haven
CSX,I137-##,1388,Savannah CSX Yard,set out,Jacksonville
CSX,I137-##,1388,Savannah CSX Yard,set out,North Bergen IM
CSX,I157-##,1474,Philadelphia Greenwich Yard,set out,Philadelphia
CSX,I157-##,3294,Jersey City South Kearny Intermodal Terminal,set out,Kearny
CSX,I157-##,1625,Syracuse DeWitt Yard,set out,CN Montreal
CSX,I157-##,1625,Syracuse DeWitt Yard,set out,Toronto IM
CSX,I157-##,1625,Syracuse DeWitt Yard,set out,Pick Up Buffalo
CSX,I157-##,1625,Syracuse DeWitt Yard,set out,City of Industry IM
CSX,I157-##,1860,Buffalo Seneca Yard,set out,Buffalo
CSX,I132-##,1611,Avon,set out,Louisville IM
CSX,I132-##,1611,Avon,set out,Pick Up Detroit
CSX,I132-##,1765,Detroit Rougemere Yard,set out,Detroit
CSX,I155-##,1834,Chattanooga Wauhatchie CSX,pick up,UP Autorack
CSX,I187-##,1261,Fairburn,set out,Fairburn
CSX,I187-##,1261,Fairburn,set out,Jacksonville IM
CSX,I187-##,1261,Fairburn,pick up,Charlotte IM
CSX,I188-##,1261,Fairburn,set out,UP LATC IM
CSX,I188-##,1261,Fairburn,set out,Los Angeles Hobart IM
CSX,I188-##,1261,Fairburn,pick up,San Bernardino
CSX,I188-##,1261,Fairburn,pick up,Glendale IM
CSX,I138-##,1388,Savannah CSX Yard,pick up,Charlotte
CSX,I138-##,1388,Savannah CSX Yard,pick up,Dillion
CSX,I138-##,1388,Savannah CSX Yard,pick up,Charleston
CSX,I138-##,1208,North Charleston Bennett Yard,set out,Charleston IM
CSX,I138-##,1208,North Charleston Bennett Yard,set out,Pick up Charlotte
CSX,I138-##,1208,North Charleston Bennett Yard,set out,Dillion IM
CSX,I138-##,3144,Dillon,set out,Dillon
CSX,I157-##,2164,Baltimore Bay View CSX Yard,pick up,Philadelphia Greenwich IM
CSX,I157-##,1474,Philadelphia Greenwich Yard,set out,Philadelphia
CSX,I157-##,3294,Jersey City South Kearny Intermodal Terminal,set out,Kearny
CSX,I157-##,1625,Syracuse DeWitt Yard,set out,CN Montreal
CSX,I157-##,1625,Syracuse DeWitt Yard,set out,Toronto IM
CSX,I157-##,1625,Syracuse DeWitt Yard,set out,Pick Up Buffalo
CSX,I157-##,1625,Syracuse DeWitt Yard,set out,City of Industry IM
CSX,I157-##,1860,Buffalo Seneca Yard,set out,Buffalo
CSX,I131-##,1611,Avon,pick up,Laredo
CSX,I131-##,1611,Avon,pick up,Mexico
CSX,I131-##,1611,Avon,pick up,Santa Teresa IM
CSX,I137-##,3144,Dillon,set out,Dillion IM
CSX,I137-##,3144,Dillon,pick up,Charleston IM
CSX,I137-##,1208,Charleston Bennett Yard,set out,Charleston IM
CSX,I137-##,1208,Charleston Bennett Yard,pick up,Savannah
CSX,I137-##,1208,Charleston Bennett Yard,pick up,Savannah Switch
CSX,I137-##,1208,Charleston Bennett Yard,pick up,Bessemer
CSX,I137-##,1208,Charleston Bennett Yard,pick up,Nashville
CSX,I137-##,1208,Charleston Bennett Yard,pick up,Memphis
CSX,I137-##,1208,Charleston Bennett Yard,pick up,Fairburn
CSX,I137-##,1208,Charleston Bennett Yard,pick up,Jaxport
CSX,I137-##,1208,Charleston Bennett Yard,pick up,Jacksonville Switch IM
CSX,I137-##,1388,Savannah CSX Yard,set out,IM Except FEC
CSX,I137-##,1388,Savannah CSX Yard,set out,FEC Miami
CSX,I137-##,1388,Savannah CSX Yard,set out,Winter Haven
CSX,I137-##,1388,Savannah CSX Yard,set out,Jacksonville
CSX,I137-##,1388,Savannah CSX Yard,set out,Jaxport IM
CSX,I137-##,1388,Savannah CSX Yard,pick up,Winter Haven
CSX,I137-##,1388,Savannah CSX Yard,pick up,Jacksonville
CSX,I137-##,1388,Savannah CSX Yard,pick up,North Bergen
CSX,I137-##,1388,Savannah CSX Yard,pick up,Long Beach Yusen IM
CSX,I138-##,1388,Savannah CSX Yard,set out,IM Except Charleston
CSX,I138-##,1388,Savannah CSX Yard,set out,Charlotte
CSX,I138-##,1388,Savannah CSX Yard,set out,Pick Up  Charleston
CSX,I138-##,1388,Savannah CSX Yard,set out,Charlotte
CSX,I138-##,1388,Savannah CSX Yard,set out,Dillon IM
CSX,I138-##,1208,North Charleston Bennett Yard,set out,Charleston IM
CSX,I138-##,1208,North Charleston Bennett Yard,set out,Pick up Charlotte
CSX,I138-##,1208,North Charleston Bennett Yard,set out,Dillion IM
CSX,I138-##,3144,Dillon,set out,Dillon
CSX,I138-##,1909,Monroe,pick up,Charlotte IM
CSX,I157-##,1474,Philadelphia Greenwich Yard,set out,Philadelpha IM
CSX,I157-##,1474,Philadelphia Greenwich Yard,pick up,Bedford Park
CSX,I157-##,1474,Philadelphia Greenwich Yard,pick up,Chicago 59th
CSX,I157-##,1474,Philadelphia Greenwich Yard,pick up,CN Montreal
CSX,I157-##,1474,Philadelphia Greenwich Yard,pick up,CN Toronto
CSX,I157-##,1474,Philadelphia Greenwich Yard,pick up,Buffalo
CSX,I157-##,1474,Philadelphia Greenwich Yard,pick up,Cincinnati
CSX,I157-##,1474,Philadelphia Greenwich Yard,pick up,Detroit IM
CSX,I157-##,3294,Jersey City South Kearny Intermodal Terminal,pick up,City of Industry
CSX,I157-##,3294,Jersey City South Kearny Intermodal Terminal,pick up,Columbus
CSX,I157-##,3294,Jersey City South Kearny Intermodal Terminal,pick up,UP Chicago Global 4 MTY
CSX,I157-##,3294,Jersey City South Kearny Intermodal Terminal,pick up,Northwest Ohio ICTF
CSX,I157-##,3294,Jersey City South Kearny Intermodal Terminal,pick up,BNSF Los Angeles IM
CSX,I157-##,1625,Syracuse DeWitt Yard,set out,Chicago 59th
CSX,I157-##,1625,Syracuse DeWitt Yard,set out,CN Montreal
CSX,I157-##,1625,Syracuse DeWitt Yard,set out,CN Toronto
CSX,I157-##,1625,Syracuse DeWitt Yard,set out,Buffalo IM
CSX,I157-##,1625,Syracuse DeWitt Yard,pick up,City of Industry IM
CSX,I157-##,1860,Buffalo Seneca Yard,set out,Buffalo
CSX,I157-##,2047,Northwest Ohio ICTF,set out,Intermodal Except Bedford Park
CSX,I157-##,2047,Northwest Ohio ICTF,set out,Pick Up Bedford Park
CSX,I157-##,2047,Northwest Ohio ICTF,set out,Fairburn
CSX,I157-##,2047,Northwest Ohio ICTF,set out,Savannah
CSX,I157-##,2047,Northwest Ohio ICTF,set out,Savannah Switch
CSX,I157-##,2047,Northwest Ohio ICTF,set out,Jacksonville Switch IM
CSX,I119-##,1002,W. Springfield,set out,North Bergen IM
CSX,I119-##,1002,W. Springfield,pick up,Northwest Ohio ICTF Switch
CSX,I119-##,1002,W. Springfield,pick up,City of Industry
CSX,I119-##,1002,W. Springfield,pick up,Rose Lake
CSX,I119-##,1002,W. Springfield,pick up,Avon
CSX,I119-##,1002,W. Springfield,pick up,Buffalo
CSX,I119-##,1002,W. Springfield,pick up,Syracuse IM
CSX,I155-##,1834,Chattanooga Wauhatchie CSX,pick up,UP Auto
CSX,I155-##,1526,Smyrna,pick up,UP Auto
CSX,I155-##,1449,Memphis Leewood CSX Yard,set out,Memphis IM
CSX,I154-##,1834,Chattanooga Wauhatchie CSX,pick up,Waycross
CSX,I154-##,1834,Chattanooga Wauhatchie CSX,pick up,Atlanta Manifest
CSX,I154-##,1224,Atlanta Howells Transfer Yard,set out,Waycross
CSX,I154-##,1224,Atlanta Howells Transfer Yard,set out,Atlanta Manifest
CSX,I187-##,1261,Fairburn,set out,Fairburn IM
CSX,I187-##,1261,Fairburn,pick up,Charlotte IM
CSX,I188-##,1261,Fairburn,pick up,BNSF Los Angeles
CSX,I188-##,1261,Fairburn,pick up,San Bernardino IM
CSX,I157-##,1474,Philadelphia Greenwich Yard,set out,Philadelpha IM
CSX,I157-##,1474,Philadelphia Greenwich Yard,pick up,Bedford Park
CSX,I157-##,1474,Philadelphia Greenwich Yard,pick up,Chicago 59th
CSX,I157-##,1474,Philadelphia Greenwich Yard,pick up,CN Montreal
CSX,I157-##,1474,Philadelphia Greenwich Yard,pick up,CN Toronto
CSX,I157-##,1474,Philadelphia Greenwich Yard,pick up,Buffalo
CSX,I157-##,1474,Philadelphia Greenwich Yard,pick up,Cincinnati
CSX,I157-##,1474,Philadelphia Greenwich Yard,pick up,Detroit IM
CSX,I157-##,3294,Jersey City South Kearny Intermodal Terminal,pick up,City of Industry
CSX,I157-##,3294,Jersey City South Kearny Intermodal Terminal,pick up,Columbus
CSX,I157-##,3294,Jersey City South Kearny Intermodal Terminal,pick up,UP Chicago Global 4
CSX,I157-##,3294,Jersey City South Kearny Intermodal Terminal,pick up,Northwest Ohio ICTF
CSX,I157-##,3294,Jersey City South Kearny Intermodal Terminal,pick up,Los Angeles BNSF
CSX,I157-##,3294,Jersey City South Kearny Intermodal Terminal,pick up,Rose Lake IM
CSX,I157-##,1625,Syracuse DeWitt Yard,set out,Rose Lake
CSX,I157-##,1625,Syracuse DeWitt Yard,set out,59th St
CSX,I157-##,1625,Syracuse DeWitt Yard,set out,CN Montreal
CSX,I157-##,1625,Syracuse DeWitt Yard,set out,CN Toronto
CSX,I157-##,1625,Syracuse DeWitt Yard,set out,Buffalo IM
CSX,I157-##,1625,Syracuse DeWitt Yard,pick up,City of Industry IM
CSX,I157-##,1860,Buffalo Seneca Yard,set out,Buffalo
CSX,I157-##,1860,Buffalo Seneca Yard,pick up,Bedford Park
CSX,I157-##,1860,Buffalo Seneca Yard,pick up,City of Industry IM
CSX,I157-##,2047,Northwest Ohio ICTF,set out,Intermodal Except Bedford Park
CSX,I157-##,2047,Northwest Ohio ICTF,set out,Pick Up Bedford Park
CSX,I157-##,2047,Northwest Ohio ICTF,set out,Fairburn
CSX,I157-##,2047,Northwest Ohio ICTF,set out,Savannah Switch
CSX,I157-##,2047,Northwest Ohio ICTF,set out,Jacksonville Switch IM
CSX,I131-##,1764,Walbridge,pick up,Avon
CSX,I131-##,1611,Avon,pick up,Laredo
CSX,I131-##,1611,Avon,pick up,Mexico
CSX,I131-##,1611,Avon,pick up,Santa Teresa IM
CSX,I132-##,1611,Avon,set out,Louisville IM
CSX,I132-##,1611,Avon,set out,Pick Up Walbridge
CSX,I132-##,1611,Avon,set out,LSRC
CSX,I132-##,1611,Avon,set out,Detroit
CSX,I132-##,1764,Walbridge,set out,Walbirdge
CSX,I132-##,1764,Walbridge,set out,LSRC
CSX,I132-##,1765,Detroit Rougemere Yard,set out,Detroit
CSX,I157-##,3294,Jersey City South Kearny Intermodal Terminal,pick up,City of Industry
CSX,I157-##,3294,Jersey City South Kearny Intermodal Terminal,pick up,Columbus
CSX,I157-##,3294,Jersey City South Kearny Intermodal Terminal,pick up,UP Chicago Global 4
CSX,I157-##,3294,Jersey City South Kearny Intermodal Terminal,pick up,Northwest Ohio ICTF
CSX,I157-##,3294,Jersey City South Kearny Intermodal Terminal,pick up,Los Angeles BNSF
CSX,I157-##,3294,Jersey City South Kearny Intermodal Terminal,pick up,Rose Lake IM
CSX,I157-##,1625,Syracuse DeWitt Yard,set out,Rose Lake
CSX,I157-##,1625,Syracuse DeWitt Yard,set out,59th St
CSX,I157-##,1625,Syracuse DeWitt Yard,set out,CN Montreal
CSX,I157-##,1625,Syracuse DeWitt Yard,set out,CN Toronto
CSX,I157-##,1625,Syracuse DeWitt Yard,set out,Buffalo IM
CSX,I157-##,1625,Syracuse DeWitt Yard,pick up,City of Industry IM
CSX,I157-##,1860,Buffalo Seneca Yard,set out,Buffalo
CSX,I157-##,1860,Buffalo Seneca Yard,pick up,Bedford Park
CSX,I157-##,1860,Buffalo Seneca Yard,pick up,City of Industry IM
CSX,I157-##,2047,Northwest Ohio ICTF,set out,Intermodal Except Bedford Park
CSX,I157-##,2047,Northwest Ohio ICTF,set out,Pick Up Bedford Park
CSX,I157-##,2047,Northwest Ohio ICTF,set out,Fairburn IM
CSX,I157-##,1474,Philadelphia Greenwich Yard,set out,Philadelpha IM
CSX,I157-##,1474,Philadelphia Greenwich Yard,pick up,Bedford Park
CSX,I157-##,1474,Philadelphia Greenwich Yard,pick up,Chicago 59th
CSX,I157-##,1474,Philadelphia Greenwich Yard,pick up,CN Montreal
CSX,I157-##,1474,Philadelphia Greenwich Yard,pick up,CN Toronto
CSX,I157-##,1474,Philadelphia Greenwich Yard,pick up,Buffalo
CSX,I157-##,1474,Philadelphia Greenwich Yard,pick up,Cincinnati
CSX,I157-##,1474,Philadelphia Greenwich Yard,pick up,Detroit IM
CSX,I157-##,3294,Jersey City South Kearny Intermodal Terminal,pick up,City of Industry
CSX,I157-##,3294,Jersey City South Kearny Intermodal Terminal,pick up,Columbus
CSX,I157-##,3294,Jersey City South Kearny Intermodal Terminal,pick up,UP Chicago Global 4
CSX,I157-##,3294,Jersey City South Kearny Intermodal Terminal,pick up,Northwest Ohio ICTF
CSX,I157-##,3294,Jersey City South Kearny Intermodal Terminal,pick up,Los Angeles BNSF IM
CSX,I157-##,1625,Syracuse DeWitt Yard,set out,59th St
CSX,I157-##,1625,Syracuse DeWitt Yard,set out,CN Montreal
CSX,I157-##,1625,Syracuse DeWitt Yard,set out,CN Toronto
CSX,I157-##,1625,Syracuse DeWitt Yard,set out,Buffalo IM
CSX,I157-##,1625,Syracuse DeWitt Yard,pick up,City of Industry IM
CSX,I157-##,1860,Buffalo Seneca Yard,set out,Buffalo
CSX,I157-##,1860,Buffalo Seneca Yard,pick up,Bedford Park
CSX,I157-##,1860,Buffalo Seneca Yard,pick up,City of Industry IM
CSX,I157-##,2047,Northwest Ohio ICTF,set out,Intermodal Except Bedford Park
CSX,I157-##,2047,Northwest Ohio ICTF,set out,Pick Up Bedford Park
CSX,I157-##,2047,Northwest Ohio ICTF,set out,Fairburn IM
CSX,I112-##,1909,Monroe,pick up,Kearny IM
CSX,I111-##,1909,Monroe,set out,Charlotte IM
CSX,I188-##,1261,Fairburn,pick up,BNSF Los Angeles
CSX,I188-##,1261,Fairburn,pick up,San Bernardino IM
CSX,I187-##,1261,Fairburn,set out,Fairburn IM
CSX,I187-##,1261,Fairburn,pick up,Charlotte IM
CSX,I187-##,1909,Monroe,pick up,Charlottle IM
CSX,I147-##,2047,Northwest Ohio ICTF,set out,Hammond Auto
CSX,I147-##,2888,Pottersburg,pick up,Hammond Auto
CSX,L644-##,1185,Cayce CSX,set out,Dixiana Eastman
CSX,M214-##,1482,Lordstown CSX,set out,Lordstown Auto
CSX,M214-##,1922,Cumberland,pick up,Baltimore Curtis Bay
CSX,M214-##,1922,Cumberland,set out,Philadelphia Auto
CSX,M214-##,1485,Jessup,set out,Jessup Auto
CSX,M200-##,2949,Garrett,pick up,Walbridge
CSX,M200-##,2949,Garrett,pick up,Columbus
CSX,M215-##,1456,Connellsville,pick up,Ashtabula
CSX,M215-##,2219,Demmler,set out,Demmler
CSX,M215-##,2219,Demmler,pick up,New Castle
CSX,M215-##,1078,New Castle CSX,set out,Ashtabula
CSX,M215-##,1078,New Castle CSX,set out,New Castle
CSX,M587-##,1819,Greenwood Maxwell Yard,pick up,Cayce
CSX,M218-##,1592,Jersey City Little Ferry Yard,set out,Little Ferry Auto
CSX,M218-##,1109,Jersey City N Bergen Intermodal Terminal,set out,North Bergen Auto
CSX,M214-##,1482,Lordstown CSX,set out,Lordstown Auto
CSX,M214-##,1922,Cumberland,pick up,Baltimore Curtis Bay
CSX,M214-##,1922,Cumberland,set out,Philadelphia Auto
CSX,M214-##,1485,Jessup,set out,Jessup Auto
CSX,M214-##,1482,Lordstown CSX,set out,Lordstown Auto
CSX,M214-##,1078,New Castle CSX,pick up,Demmler
CSX,M214-##,2219,Demmler,set out,Demmler
CSX,M214-##,1922,Cumberland,pick up,Jessup Auto
CSX,M214-##,1922,Cumberland,set out,Baltimore Curtis Bay Auto
CSX,M215-##,1456,Connellsville,pick up,Demmler
CSX,M215-##,1456,Connellsville,pick up,Ashtabula
CSX,M215-##,2219,Demmler,set out,Demmler
CSX,M215-##,2219,Demmler,pick up,New Castle
CSX,M215-##,1078,New Castle CSX,set out,Ashtabula
CSX,M215-##,1078,New Castle CSX,set out,New Castle
CSX,M200-##,2949,Garrett,pick up,Walbridge
CSX,M210-##,2108,Montgomery,set out,Montgomery
CSX,M210-##,2108,Montgomery,set out,West Point Empties
CSX,M210-##,2108,Montgomery,set out,Pick Up Louisville
CSX,M214-##,1482,Lordstown CSX,set out,Lordstown Auto
CSX,M214-##,1078,New Castle CSX,pick up,Demmler
CSX,M214-##,2219,Demmler,set out,Demmler
CSX,M214-##,2219,Demmler,pick up,Connellsville
CSX,M214-##,1922,Cumberland,pick up,Jessup
CSX,M214-##,1922,Cumberland,pick up,Baltimore Auto
CSX,M214-##,1485,Jessup,set out,Jessup
CSX,M214-##,1485,Jessup,pick up,Baltimore Auto
CSX,M280-##,1526,Smyrna,set out,Empty Autoracks for Symrna TN
CSX,M280-##,1526,Smyrna,set out,Pick Up Louisville
CSX,M280-##,1526,Smyrna,set out,Buffalo
CSX,M280-##,1526,Smyrna,set out,East St Louis UP
CSX,M215-##,1456,Connellsville,set out,Connellsville
CSX,M215-##,1456,Connellsville,pick up,Ashtabula
CSX,M215-##,1456,Connellsville,pick up,New Castle
CSX,M215-##,1456,Connellsville,pick up,Demmler
CSX,M215-##,2219,McKeesport Demmler Yard,set out,Demmler
CSX,M215-##,1028,Willard,pick up,Walbridge
CSX,M215-##,1764,Walbridge,set out,Walbridge
CSX,M280-##,1224,Atlanta Howell Yard,pick up,Chattanooga
CSX,M280-##,1224,Atlanta Howell Yard,pick up,Nashville
CSX,M280-##,1840,Cartersville,pick up,Nashville
CSX,M280-##,1834,Chattanooga Wauhatchie CSX,set out,Chattanooga
CSX,M280-##,1834,Chattanooga Wauhatchie CSX,set out,Nashville
CSX,M280-##,1834,Chattanooga Wauhatchie CSX,set out,Tyner Empties
CSX,M280-##,1834,Chattanooga Wauhatchie CSX,set out,Pick Up Smyrna Empties
CSX,M280-##,1834,Chattanooga Wauhatchie CSX,set out,Louisville Auto
CSX,M280-##,1526,Smyrna,set out,Smyrna Empties
CSX,M280-##,1526,Smyrna,set out,Pick Up ESTL UP
CSX,M280-##,1526,Smyrna,set out,North Platte
CSX,M280-##,1526,Smyrna,set out,Chicago
CSX,M280-##,1526,Smyrna,set out,Jessup
CSX,M280-##,1526,Smyrna,set out,Twin Oaks
CSX,M280-##,1526,Smyrna,set out,Buffalo
CSX,M280-##,1526,Smyrna,set out,Lordstown Auto
CSX,M281-##,1834,Chattanooga Wauhatchie CSX,pick up,Cartersville
CSX,M281-##,1834,Chattanooga Wauhatchie CSX,pick up,Atlanta
CSX,M281-##,1834,Chattanooga Wauhatchie CSX,pick up,and Waycross
CSX,M281-##,1840,Cartersville,set out,Cartersville
CSX,M281-##,1224,Atlanta Howell Yard,set out,Atlanta
CSX,M281-##,1224,Atlanta Howell Yard,set out,Waycross
CSX,M267-##,1811,Cleveland Collinwood Yard,set out,Cleveland
CSX,M267-##,1028,Willard,pick up,Walbridge
CSX,M267-##,1764,Walbridge,set out,Walbridge Manifest
CSX,M267-##,1764,Walbridge,set out,Auto
CSX,M267-##,1764,Walbridge,pick up,New Boston Auto
CSX,M267-##,1028,Willard,pick up,Walbridge
CSX,M267-##,1764,Walbridge,set out,Walbridge Manifest
CSX,M267-##,1764,Walbridge,set out,Auto
CSX,M267-##,1764,Walbridge,pick up,New Boston Auto
CSX,M246-##,2888,Pottersburg,set out,Pottersburg Empties
CSX,M246-##,2888,Pottersburg,set out,Pick Up Hammond
CSX,M267-##,2066,Ridgefield Park Auto Facility,pick up,Pottersburg
CSX,M267-##,2066,Ridgefield Park Auto Facility,pick up,Walbridge Auto
CSX,M267-##,1543,Buffalo Frontier Yard,set out,Pottersburg Empties
CSX,M267-##,1543,Buffalo Frontier Yard,set out,Pick Up Detroit
CSX,M267-##,1764,Walbridge,set out,Walbridge Auto
CSX,M267-##,1764,Walbridge,pick up,New Boston Auto
CSX,M214-##,1028,Willard,pick up,Walbridge Manifest
CSX,M215-##,1028,Willard,set out,Cleveland
CSX,M215-##,1028,Willard,set out,Willard
CSX,M215-##,1482,Lordstown CSX,set out,Lordstown Auto
CSX,M246-##,2888,Pottersburg,set out,Pottersburg Empties
CSX,M246-##,2888,Pottersburg,set out,Pick Up Hammond
CSX,M246-##,2949,Garrett,set out,Chicago Manifest
CSX,M568-##,2949,Garrett,pick up,Walbridge
CSX,M267-##,2066,Ridgefield Park Auto Facility,pick up,Pottersburg
CSX,M267-##,2066,Ridgefield Park Auto Facility,pick up,Walbridge Auto
CSX,M267-##,1543,Buffalo Frontier Yard,set out,Pottersburg Empties
CSX,M267-##,1543,Buffalo Frontier Yard,set out,Pick Up Detroit
CSX,M267-##,1811,Cleveland Collinwood Yard,pick up,Walbridge
CSX,M267-##,1764,Walbridge,set out,Walbridge Auto
CSX,M267-##,1764,Walbridge,pick up,New Boston Auto
CSX,M224-##,1028,Willard,set out,Willard
CSX,M224-##,1482,Lordstown CSX,set out,Lordstown Auto
CSX,M224-##,1028,Willard,set out,Willard
CSX,M224-##,1028,Willard,pick up,Lordstown Limestone
CSX,M224-##,1028,Willard,pick up,New Castle
CSX,M224-##,1482,Lordstown CSX,set out,Lordstown Auto
CSX,M267-##,2066,Ridgefield Park Auto Facility,pick up,Pottersburg
CSX,M267-##,2066,Ridgefield Park Auto Facility,pick up,Walbridge Auto
CSX,M267-##,1028,Willard,pick up,Walbridge
CSX,M267-##,1764,Walbridge,set out,Walbridge
CSX,M267-##,1764,Walbridge,pick up,New Boston Auto
CSX,M246-##,2888,Pottersburg,set out,Pottersburg Empties
CSX,M246-##,2888,Pottersburg,set out,Pick Up Hammond
CSX,M246-##,2949,Garrett,pick up,Hammond Auto
CSX,M210-##,3707,Talladega CSX,pick up,Louisville
CSX,M210-##,3707,Talladega CSX,pick up,FL Auto
CSX,M210-##,3707,Talladega CSX,set out,Birmingham Empties
CSX,M210-##,3707,Talladega CSX,set out,BNSF Auto
CSX,M210-##,1805,Birmingham Boyles Yard,set out,FL Auto
CSX,M224-##,1764,Walbridge,set out,Walbridge Autos
CSX,M224-##,1764,Walbridge,set out,Pick Up Lordstown
CSX,M224-##,1764,Walbridge,set out,Jessup Auto
CSX,M224-##,1482,Lordstown CSX,set out,Lordstown Auto
CSX,M246-##,2888,Pottersburg,set out,Pottersburg Empties
CSX,M246-##,2888,Pottersburg,set out,Pick Up Hammond
CSX,M246-##,2949,Garrett,set out,Garrett
CSX,M246-##,2949,Garrett,pick up,Hammond Auto
CSX,M269-##,1811,Cleveland Collinwood Yard,pick up,Walbridge
CSX,M269-##,1028,Willard,pick up,Walbridge
CSX,M269-##,1490,New Boston,set out,New Boston
CSX,M210-##,3707,Talladega CSX,pick up,Cincinnati
CSX,M210-##,3707,Talladega CSX,pick up,FL Auto
CSX,M210-##,3707,Talladega CSX,set out,Birmingham Empties
CSX,M210-##,3707,Talladega CSX,set out,BNSF Auto
CSX,M210-##,1805,Birmingham Boyles Yard,set out,FL Auto
CSX,M509-##,1490,New Boston,pick up,Walbridge
CSX,M509-##,1490,New Boston,pick up,Selkirk
CSX,M509-##,1490,New Boston,pick up,Jessup
CSX,M509-##,1490,New Boston,pick up,and FL Auto
CSX,M280-##,1185,Cayce CSX,pick up,Wuahatchie
CSX,M280-##,1834,Chattanooga Wauhatchie CSX,set out,Chattanooga
CSX,M280-##,1834,Chattanooga Wauhatchie CSX,set out,Symrna
CSX,M280-##,1834,Chattanooga Wauhatchie CSX,pick up,Louisville Auto
CSX,M280-##,1526,Smyrna,set out,Smyrna Empties
CSX,M280-##,1526,Smyrna,set out,Pick Up ESTL UP
CSX,M280-##,1526,Smyrna,set out,North Platte
CSX,M280-##,1526,Smyrna,set out,Chicago
CSX,M280-##,1526,Smyrna,set out,Jessup
CSX,M280-##,1526,Smyrna,set out,Lordstown
CSX,M280-##,1526,Smyrna,set out,Selkirk
CSX,M280-##,1526,Smyrna,set out,Louisville Auto
CSX,M281-##,1489,Bowling Green CSX,set out,Bowling Green
CSX,M281-##,1224,Atlanta Howell Yard,pick up,Lawrenceville
CSX,M281-##,1224,Atlanta Howell Yard,pick up,Dixiana Auto
CSX,M281-##,1819,Greenwood Maxwell Yard,pick up,Cayce
CSX,M281-##,1819,Greenwood Maxwell Yard,pick up,Columbia Eastman
CSX,M281-##,1185,Cayce CSX,set out,Cayce
CSX,M281-##,1185,Cayce CSX,set out,Columbia Eastman
CSX,M210-##,3707,Talladega CSX,pick up,Cincinnati
CSX,M210-##,3707,Talladega CSX,pick up,FL Auto
CSX,M210-##,3707,Talladega CSX,set out,Birmingham Empties
CSX,M210-##,3707,Talladega CSX,set out,BNSF Auto
CSX,M210-##,1805,Birmingham Boyles Yard,set out,FL Auto
CSX,M210-##,1611,Avon,pick up,Walbridge
CSX,M210-##,1611,Avon,pick up,CN
CSX,M210-##,1611,Avon,pick up,LSRC
CSX,M210-##,1611,Avon,pick up,Detroit
CSX,M224-##,1739,Plymouth North Yard,pick up,Walbridge
CSX,M224-##,1739,Plymouth North Yard,pick up,Selkirk Auto
CSX,M224-##,1764,Walbridge,set out,Walbridge Autos
CSX,M224-##,1764,Walbridge,set out,Pick Up Lordstown
CSX,M224-##,1764,Walbridge,set out,Jessup Auto
CSX,M225-##,1764,Walbridge,set out,Walbridge Autos
CSX,M225-##,1764,Walbridge,set out,Pick Up New Boston
CSX,M225-##,1764,Walbridge,set out,Wayne Auto
CSX,M224-##,1739,Plymouth North Yard,pick up,Walbridge
CSX,M224-##,1739,Plymouth North Yard,pick up,Selkirk Auto
CSX,M224-##,1764,Walbridge,set out,Walbridge Autos
CSX,M224-##,1764,Walbridge,set out,Pick Up Lordstown
CSX,M224-##,1764,Walbridge,set out,Jessup
CSX,M224-##,1764,Walbridge,set out,Curtis Bay Auto
CSX,M224-##,1078,New Castle CSX,set out,Lordstown Auto
CSX,M225-##,1078,New Castle CSX,pick up,Toledo AA
CSX,M225-##,1078,New Castle CSX,pick up,Wayne CSX
CSX,M225-##,1078,New Castle CSX,pick up,New Boston Auto
CSX,M225-##,1764,Walbridge,set out,Toledo Autos
CSX,M225-##,1764,Walbridge,set out,Pick Up New Boston
CSX,M225-##,1764,Walbridge,set out,Wayne Auto
CSX,M210-##,3707,Talladega CSX,pick up,Nashville Autos
CSX,M210-##,3707,Talladega CSX,pick up,FL Auto
CSX,M210-##,3707,Talladega CSX,set out,Birmingham Empties
CSX,M210-##,3707,Talladega CSX,set out,BNSF Auto
CSX,M210-##,1805,Birmingham Boyles Yard,set out,FL Auto
CSX,M224-##,1739,Plymouth North Yard,pick up,Walbridge
CSX,M224-##,1739,Plymouth North Yard,pick up,Selkirk Auto
CSX,M224-##,1764,Walbridge,set out,Walbridge
CSX,M224-##,1764,Walbridge,set out,Selkirk Auto
CSX,M224-##,1764,Walbridge,pick up,Lordstown
CSX,M224-##,1764,Walbridge,pick up,Jessup
CSX,M224-##,1764,Walbridge,pick up,Curtis Bay Auto
CSX,M224-##,1078,New Castle CSX,set out,Lordstown Auto
CSX,M225-##,2219,McKeesport Demmler Yard,pick up,Willard
CSX,M225-##,1078,New Castle CSX,pick up,Toledo AA
CSX,M225-##,1078,New Castle CSX,pick up,Wayne CSX
CSX,M225-##,1078,New Castle CSX,pick up,New Boston Auto
CSX,M225-##,1028,Willard,set out,Willard
CSX,M225-##,1764,Walbridge,set out,Walbridge
CSX,M225-##,1764,Walbridge,set out,Toledo Autos
CSX,M225-##,1764,Walbridge,set out,Pick Up New Boston
CSX,M225-##,1764,Walbridge,set out,Wayne Auto
CSX,M225-##,1078,New Castle CSX,pick up,Toledo AA
CSX,M225-##,1078,New Castle CSX,pick up,Wayne CSX
CSX,M225-##,1078,New Castle CSX,pick up,New Boston Auto
CSX,M225-##,1028,Willard,set out,Willard
CSX,M225-##,1764,Walbridge,set out,Walbridge
CSX,M225-##,1764,Walbridge,set out,Toledo Autos
CSX,M225-##,1764,Walbridge,set out,Pick Up New Boston
CSX,M225-##,1764,Walbridge,set out,Wayne Auto
CSX,M212-##,1805,Birmingham Boyles Yard,set out,Birmingham Auto
CSX,M224-##,1764,Walbridge,set out,Auto
CSX,M224-##,1764,Walbridge,pick up,Cumberland
CSX,M224-##,1028,Willard,pick up,Cumberland
CSX,M224-##,1078,New Castle CSX,set out,Lordstown
CSX,M224-##,1078,New Castle CSX,set out,Jessup Auto
CSX,M224-##,1078,New Castle CSX,pick up,Cumberland
CSX,M224-##,2219,McKeesport Demmler Yard,pick up,Cumberland
CSX,M224-##,1456,Connellsville,pick up,Cumberland
CSX,M225-##,1456,Connellsville,set out,Connellsville
CSX,M225-##,1456,Connellsville,set out,Wheeling
CSX,M225-##,1456,Connellsville,set out,Lake Erie
CSX,M225-##,1028,Willard,set out,Willard
CSX,M225-##,1764,Walbridge,set out,Walbridge
CSX,M225-##,1764,Walbridge,set out,Walbridge Auto
CSX,M225-##,1764,Walbridge,pick up,Wayne Empties
CSX,M225-##,1764,Walbridge,pick up,New Boston Autos
CSX,M225-##,1764,Walbridge,pick up,Detroit Manifest
CSX,M225-##,1490,New Boston,set out,New Boston
CSX,M246-##,2888,Pottersburg,pick up,Hammond Auto
CSX,M246-##,2949,Garrett,set out,Chicago Barr
CSX,M246-##,2949,Garrett,set out,Chicago Clearing
CSX,M246-##,2949,Garrett,pick up,Hammond Auto
CSX,M568-##,2949,Garrett,pick up,Walbridge
CSX,M224-##,1739,Plymouth North Yard,pick up,Walbridge
CSX,M224-##,1739,Plymouth North Yard,pick up,Hammond
CSX,M224-##,1739,Plymouth North Yard,pick up,Selkirk
CSX,M224-##,1739,Plymouth North Yard,pick up,Cincinnati
CSX,M224-##,1739,Plymouth North Yard,pick up,FL Auto
CSX,M224-##,1764,Walbridge,set out,Auto
CSX,M224-##,1764,Walbridge,pick up,Cumberland
CSX,M224-##,1028,Willard,pick up,Cumberland
CSX,M224-##,1078,New Castle CSX,set out,Lordstown
CSX,M224-##,1078,New Castle CSX,set out,Jessup
CSX,M224-##,1078,New Castle CSX,set out,Twin Oaks Auto
CSX,M224-##,1078,New Castle CSX,pick up,Demmler
CSX,M224-##,1078,New Castle CSX,pick up,Cumberland
CSX,M224-##,2219,McKeesport Demmler Yard,set out,Demmler
CSX,M224-##,2219,McKeesport Demmler Yard,pick up,Cumberland
CSX,M224-##,1456,Connellsville,pick up,Cumberland
CSX,M225-##,1456,Connellsville,set out,Connellsville
CSX,M225-##,1456,Connellsville,set out,Wheeling
CSX,M225-##,1456,Connellsville,set out,Lake Erie
CSX,M225-##,2219,McKeesport Demmler Yard,pick up,Willard
CSX,M225-##,2219,McKeesport Demmler Yard,pick up,New Castle
CSX,M225-##,1078,New Castle CSX,set out,New Castle
CSX,M225-##,1078,New Castle CSX,pick up,Walbridge Auto
CSX,M225-##,1028,Willard,set out,Willard
CSX,M225-##,1764,Walbridge,set out,Walbridge
CSX,M225-##,1764,Walbridge,set out,Walbridge Auto
CSX,M225-##,1764,Walbridge,pick up,Wayne Empties
CSX,M225-##,1764,Walbridge,pick up,New Boston Autos
CSX,M225-##,1764,Walbridge,pick up,Detroit Manifest
CSX,M225-##,1490,New Boston,set out,New Boston
CSX,M224-##,1739,Plymouth North Yard,pick up,Walbridge
CSX,M224-##,1739,Plymouth North Yard,pick up,Hammond
CSX,M224-##,1739,Plymouth North Yard,pick up,Selkirk
CSX,M224-##,1739,Plymouth North Yard,pick up,Cincinnati
CSX,M224-##,1739,Plymouth North Yard,pick up,FL Auto
CSX,M224-##,1764,Walbridge,set out,Autos
CSX,M224-##,1764,Walbridge,pick up,Cumberland
CSX,M224-##,1028,Willard,pick up,Cumberland
CSX,M224-##,1078,New Castle CSX,set out,Lordstown
CSX,M224-##,1078,New Castle CSX,set out,Jessup
CSX,M224-##,1078,New Castle CSX,set out,Twin Oaks Auto
CSX,M224-##,1078,New Castle CSX,pick up,Demmler
CSX,M224-##,1078,New Castle CSX,pick up,Cumberland
CSX,M224-##,2219,McKeesport Demmler Yard,set out,Demmler
CSX,M224-##,2219,McKeesport Demmler Yard,pick up,Cumberland
CSX,M224-##,1456,Connellsville,pick up,Cumberland
CSX,M225-##,1490,New Boston,set out,New Boston
CSX,M225-##,1028,Willard,pick up,Walbridge
CSX,M225-##,1764,Walbridge,set out,Walbridge Manifest
CSX,M225-##,1764,Walbridge,set out,Auto
CSX,M225-##,1764,Walbridge,pick up,Detroit Manifest
CSX,M225-##,1764,Walbridge,pick up,Wayne
CSX,M225-##,1764,Walbridge,pick up,New Boston Auto
CSX,M225-##,1490,New Boston,set out,New Boston
CSX,M224-##,1490,New Boston,pick up,Twin Oaks
CSX,M224-##,1490,New Boston,pick up,Jessup
CSX,M224-##,1490,New Boston,pick up,Selkirk
CSX,M224-##,1490,New Boston,pick up,Cincinnati
CSX,M224-##,1490,New Boston,pick up,FL
CSX,M224-##,1490,New Boston,pick up,Walbridge Auto
CSX,M224-##,1764,Walbridge,set out,Auto
CSX,M224-##,1764,Walbridge,pick up,Lordstown
CSX,M224-##,1764,Walbridge,pick up,Jessup
CSX,M224-##,1764,Walbridge,pick up,Twin Oaks Auto
CSX,M224-##,1078,New Castle CSX,set out,Lordstown
CSX,M224-##,1078,New Castle CSX,set out,Twin Oaks Auto
CSX,M224-##,1456,Connellsville,pick up,Jessup Auto
CSX,M224-##,1485,Jessup,set out,Jessup Autos
CSX,M224-##,1485,Jessup,set out,Pick Up Baltimore Autos
CSX,M224-##,1485,Jessup,set out,Baltimore Bay View
CSX,M225-##,1485,Jessup,pick up,New Boston
CSX,M225-##,1485,Jessup,pick up,Wayne
CSX,M225-##,1485,Jessup,pick up,Walbridge Auto
CSX,M225-##,1456,Connellsville,pick up,Walbridge
CSX,M225-##,1078,New Castle CSX,pick up,New Boston
CSX,M225-##,1078,New Castle CSX,pick up,Wayne
CSX,M225-##,1078,New Castle CSX,pick up,Walbridge Auto
CSX,M225-##,1764,Walbridge,set out,Walbridge
CSX,M225-##,1764,Walbridge,pick up,New Boston
CSX,M225-##,1764,Walbridge,pick up,Wayne Auto
CSX,M225-##,1490,New Boston,set out,New Boston Auto
CSX,M225-##,3832,Wayne CSX,set out,Wayne Auto
CSX,M214-##,2188,Louisville Osborn Yard,pick up,Pottersburg Auto
CSX,M567-##,2949,Garrett,set out,Butler
CSX,M567-##,2949,Garrett,set out,Chicago BRC
CSX,M567-##,2949,Garrett,pick up,Hammond Auto
CSX,M568-##,2949,Garrett,pick up,Walbridge
CSX,M225-##,1078,New Castle CSX,pick up,Walbridge Manifest
CSX,M225-##,1764,Walbridge,set out,Walbridge
CSX,M225-##,1764,Walbridge,pick up,New Boston
CSX,M225-##,1764,Walbridge,pick up,Wayne Auto
CSX,M225-##,1490,New Boston,set out,New Boston Auto
CSX,M225-##,3832,Wayne CSX,set out,Wayne Auto
CSX,M568-##,2949,Garrett,pick up,Walbridge
CSX,M568-##,2949,Garrett,pick up,Lansing
CSX,M224-##,1490,New Boston,pick up,Twin Oaks
CSX,M224-##,1490,New Boston,pick up,Jessup
CSX,M224-##,1490,New Boston,pick up,Selkirk
CSX,M224-##,1490,New Boston,pick up,Cincinnati
CSX,M224-##,1490,New Boston,pick up,FL
CSX,M224-##,1490,New Boston,pick up,Walbridge Auto
CSX,M224-##,1764,Walbridge,set out,Auto
CSX,M224-##,1764,Walbridge,pick up,Lordstown
CSX,M224-##,1764,Walbridge,pick up,Jessup
CSX,M224-##,1764,Walbridge,pick up,Twin Oaks Auto
CSX,M224-##,1028,Willard,pick up,Lordstown Auto
CSX,M224-##,1078,New Castle CSX,set out,Lordstown
CSX,M224-##,1078,New Castle CSX,set out,Twin Oaks Auto
CSX,M224-##,1456,Connellsville,pick up,Jessup Auto
CSX,M224-##,1485,Jessup,set out,Jessup Autos
CSX,M224-##,1485,Jessup,set out,Pick Up Baltimore Autos
CSX,M224-##,1485,Jessup,set out,Baltimore Bay View
CSX,M246-##,2888,Pottersburg,pick up,Hammond Auto
CSX,M246-##,2949,Garrett,pick up,Hammond Auto
CSX,M567-##,2949,Garrett,set out,Butler
CSX,M567-##,2949,Garrett,pick up,Hammond Auto
CSX,M567-##,2047,Northwest Ohio ICTF,pick up,Hammond Auto
CSX,M568-##,2949,Garrett,pick up,Walbridge
CSX,M225-##,1078,New Castle CSX,pick up,New Boston
CSX,M225-##,1078,New Castle CSX,pick up,Wayne
CSX,M225-##,1078,New Castle CSX,pick up,Walbridge Auto
CSX,M225-##,1764,Walbridge,set out,Walbridge
CSX,M225-##,1764,Walbridge,pick up,New Boston
CSX,M225-##,1764,Walbridge,pick up,Wayne Auto
CSX,M225-##,1490,New Boston,set out,New Boston Auto
CSX,M225-##,3832,Wayne CSX,set out,Wayne Auto
CSX,M441-##,2034,Jacksonville Moncrief Yard,pick up,Tampa Autorack
CSX,M647-##,1087,Terre Haute Baker Yard,set out,INRD
CSX,M647-##,1159,Evansville Howell Yard,pick up,Waycross
CSX,M206-##,1120,E. St. Louis Rose Lake Yard,set out,Rose Lake
CSX,M648-##,1159,Evansville Howell Yard,set out,Avon
CSX,M648-##,1159,Evansville Howell Yard,set out,Chicago CN
CSX,M201-##,2949,Garrett,set out,Garret
CSX,M201-##,2949,Garrett,pick up,Chicago
CSX,M201-##,1863,Hammond Gibson Yard,set out,Chicago Auto
CSX,M527-##,3423,College Park,set out,College Park
CSX,M527-##,3423,College Park,pick up,Montgomery
CSX,M527-##,1261,Fairburn,pick up,CPKC Dallas
CSX,M527-##,1261,Fairburn,pick up,CPKC Mexico IM
CSX,M526-##,1261,Fairburn,set out,IM
CSX,M358-##,1028,Willard,set out,Willard
CSX,M359-##,1028,Willard,set out,Willard
CSX,M359-##,1028,Willard,pick up,Cleveland
CSX,M305-##,1964,Charleston South Yard,pick up,Russell
CSX,M304-##,1964,Charleston South Yard,set out,Charleston
CSX,M404-##,1788,Philadelphia Eastside Yard,pick up,Oak Island Trash
CSX,M404-##,3636,Woodbourne,set out,Morrisville
CSX,M404-##,3636,Woodbourne,set out,Woodbourne
CSX,M404-##,3636,Woodbourne,pick up,Selkirk
CSX,M404-##,1109,Jersey City N Bergen Intermodal Terminal,pick up,Selkirk
CSX,M438-##,1002,W. Springfield,set out,West Springfield
CSX,M438-##,3239,Palmer CSX/MCER,set out,NECR
CSX,M437-##,1002,W. Springfield,set out,IM
CSX,M437-##,1002,W. Springfield,set out,Pick Up Columbus
CSX,M437-##,1002,W. Springfield,set out,Selkirk
CSX,M437-##,1002,W. Springfield,set out,Fostoria Trash
CSX,M439-##,3239,Palmer CSX/MCER,pick up,Selkirk
CSX,M439-##,1002,W. Springfield,pick up,Columbus
CSX,M439-##,1002,W. Springfield,pick up,Fostoria Trash
CSX,M439-##,1002,W. Springfield,pick up,Selkirk
CSX,M647-##,1087,Terre Haute Baker Yard,set out,INRD
CSX,M647-##,1159,Evansville Howell Yard,pick up,Waycross
CSX,M647-##,1834,Chattanooga Wauhatchie CSX,pick up,Waycross
CSX,M648-##,1951,Hopkinsville Casky Yard,set out,Avon
CSX,M648-##,1159,Evansville Howell Yard,set out,Chicago CN
CSX,M690-##,3359,Savannah Southover Yard,set out,Cayce
CSX,M690-##,3359,Savannah Southover Yard,set out,Savannah
CSX,M690-##,3359,Savannah Southover Yard,pick up,Augusta
CSX,M690-##,3359,Savannah Southover Yard,pick up,Augusta Dan Empties
CSX,M691-##,3359,Savannah Southover Yard,set out,Savannah Rock Loads
CSX,M691-##,3359,Savannah Southover Yard,set out,Pick Up Waycross
CSX,M353-##,2949,Garrett,set out,Walbridge
CSX,M353-##,2949,Garrett,pick up,Cincinnati
CSX,M356-##,2949,Garrett,pick up,Columbus
CSX,M357-##,2888,Pottersburg,pick up,Hammond Auto
CSX,M357-##,2949,Garrett,set out,Chicago Barr Manifest
CSX,M357-##,2949,Garrett,pick up,Chicago Clearing
CSX,M437-##,1002,W. Springfield,pick up,Selkirk
CSX,M356-##,2949,Garrett,set out,Garrett
CSX,M356-##,2949,Garrett,set out,Cincinnati
CSX,M356-##,2949,Garrett,pick up,Columbus
CSX,L181-##,1062,Russell,set out,Russell
CSX,L180-##,1062,Russell,pick up,Grafton
CSX,M300-##,2251,Petersburg Collier Yard,pick up,Richmond
CSX,M300-##,2251,Petersburg Collier Yard,pick up,Oak Island Trash
CSX,M300-##,1083,Richmond Acca Yard,set out,Richmond
CSX,M300-##,1083,Richmond Acca Yard,pick up,Baltimore
CSX,M300-##,1788,Philadelphia Eastside Yard,pick up,Oak Island
CSX,M300-##,1788,Philadelphia Eastside Yard,pick up,Oak Island Trash
CSX,M356-##,2949,Garrett,set out,Garrett
CSX,M356-##,2949,Garrett,set out,Cincinnati
CSX,M356-##,2949,Garrett,pick up,Columbus
CSX,M439-##,3239,Palmer CSX/MCER,pick up,Selkirk
CSX,M439-##,1002,W. Springfield,pick up,Selkirk
CSX,M442-##,2034,Jacksonville Moncrief Yard,set out,Auto
CSX,M442-##,2034,Jacksonville Moncrief Yard,pick up,Waycross
CSX,M452-##,2606,Riviera Beach,pick up,Outbound Waycross
CSX,M453-##,2606,Riviera Beach,set out,Riviera Beach
CSX,M531-##,1449,Memphis Leewood CSX Yard,set out,UP Memphis
CSX,M531-##,1449,Memphis Leewood CSX Yard,set out,Memphis
CSX,M531-##,1449,Memphis Leewood CSX Yard,pick up,CN Memphis
CSX,M647-##,1087,Terre Haute Baker Yard,set out,INRD
CSX,M647-##,1159,Evansville Howell Yard,pick up,Waycross
CSX,M647-##,1834,Chattanooga Wauhatchie CSX,pick up,Waycross
CSX,M690-##,3359,Savannah Southover Yard,set out,Cayce
CSX,M690-##,3359,Savannah Southover Yard,set out,Savannah
CSX,M690-##,3359,Savannah Southover Yard,pick up,Augusta
CSX,M691-##,3359,Savannah Southover Yard,pick up,Waycross
CSX,M692-##,1905,Augusta CSX Yard,set out,Augusta
CSX,M692-##,1905,Augusta CSX Yard,pick up,Greenwood
CSX,M692-##,1905,Augusta CSX Yard,pick up,Russell
CSX,M692-##,1905,Augusta CSX Yard,pick up,Kingsport
CSX,M692-##,1819,Greenwood Maxwell Yard,set out,Greenwood
CSX,M692-##,1819,Greenwood Maxwell Yard,pick up,Kingsport
CSX,M692-##,2342,Kingsport CSX,set out,Kingsport
CSX,M692-##,2342,Kingsport CSX,pick up,Russell
CSX,M692-##,2444,Catlettsburg,pick up,Russell
CSX,M693-##,2444,Catlettsburg,set out,Catlettsburg
CSX,M693-##,2342,Kingsport CSX,pick up,Greenwood
CSX,M693-##,2342,Kingsport CSX,pick up,Augusta
CSX,M693-##,2342,Kingsport CSX,pick up,Waycross
CSX,M693-##,1819,Greenwood Maxwell Yard,set out,Greenwood
CSX,M693-##,1819,Greenwood Maxwell Yard,pick up,Augusta
CSX,M693-##,1819,Greenwood Maxwell Yard,pick up,Waycross
CSX,M693-##,1905,Augusta CSX Yard,set out,Augusta
CSX,M693-##,1905,Augusta CSX Yard,pick up,Waycross
CSX,M380-##,1775,Rochester,set out,Rochester
CSX,M381-##,1116,Rotterdam Jct.,set out,Rotterdam PAS
CSX,M493-##,3359,Savannah Southover Yard,set out,Augusta
CSX,M493-##,3359,Savannah Southover Yard,set out,Savnnah
CSX,M493-##,3359,Savannah Southover Yard,pick up,Waycross
CSX,M531-##,1449,Memphis Leewood CSX Yard,set out,Memphis
CSX,M693-##,1905,Augusta CSX Yard,set out,Augusta
CSX,M693-##,1905,Augusta CSX Yard,pick up,Waycross
CSX,M692-##,1905,Augusta CSX Yard,set out,Augusta
CSX,M692-##,1905,Augusta CSX Yard,pick up,Greenwood
CSX,M301-##,2164,Baltimore Bay View CSX Yard,set out,Cumberland
CSX,M301-##,2164,Baltimore Bay View CSX Yard,pick up,Rocky Mount
CSX,M301-##,2244,Baltimore Curtis Bay,pick up,Rocky Mount
CSX,M301-##,1083,Richmond Acca Yard,pick up,Collier
CSX,M301-##,2251,Petersburg Collier Yard,set out,Collier
CSX,M301-##,2251,Petersburg Collier Yard,pick up,Rocky Mount
CSX,M379-##,1775,Rochester,pick up,Cleveland
CSX,M584-##,1840,Cartersville,pick up,Nashville
CSX,M584-##,1834,Chattanooga Wauhatchie CSX,pick up,Nashville
CSX,M585-##,1834,Chattanooga Wauhatchie CSX,pick up,Cartersville
CSX,M585-##,1834,Chattanooga Wauhatchie CSX,pick up,Atlanta
CSX,M585-##,1840,Cartersville,set out,Cartersville
CSX,M585-##,1840,Cartersville,pick up,Atlanta
CSX,M438-##,1002,W. Springfield,set out,West Springfield
CSX,M438-##,3239,Palmer CSX/MCER,set out,NECR
CSX,M442-##,2034,Jacksonville Moncrief Yard,set out,Auto
CSX,M442-##,2034,Jacksonville Moncrief Yard,pick up,Waycross
CSX,M493-##,3359,Savannah Southover Yard,pick up,Waycross
CSX,M533-##,1449,Memphis Leewood CSX Yard,set out,Memphis BNSF
CSX,M533-##,1449,Memphis Leewood CSX Yard,pick up,Memphis CN
CSX,M645-##,2108,Montgomery,set out,Montgomery
CSX,M645-##,2108,Montgomery,pick up,Waycross
CSX,M648-##,1159,Evansville Howell Yard,set out,Avon
CSX,M648-##,1159,Evansville Howell Yard,set out,Evansville
CSX,M648-##,1159,Evansville Howell Yard,set out,Chicago CN
CSX,M648-##,1087,Terre Haute Baker Yard,pick up,Chicago Clearing
CSX,M690-##,3359,Savannah Southover Yard,set out,Savannah
CSX,M690-##,3359,Savannah Southover Yard,pick up,Augusta
CSX,M321-##,1398,Keyser Yard,set out,Keyser
CSX,M320-##,1398,Keyser Yard,pick up,Cumberland
CSX,M317-##,1062,Russell,set out,Avon
CSX,M317-##,1062,Russell,set out,Russell
CSX,M317-##,1062,Russell,pick up,Cincinnati
CSX,M316-##,1062,Russell,set out,Russell
CSX,M316-##,1062,Russell,pick up,Grafton
CSX,M501-##,1087,Terre Haute Baker Yard,pick up,Nashville
CSX,M648-##,1159,Evansville Howell Yard,set out,Avon
CSX,M648-##,1159,Evansville Howell Yard,set out,Chicago CN
CSX,M648-##,1087,Terre Haute Baker Yard,pick up,Chicago Clearing
CSX,M434-##,1109,Jersey City N Bergen Intermodal Terminal,pick up,Selkirk
CSX,M433-##,1109,Jersey City N Bergen Intermodal Terminal,set out,N. Bergen
CSX,M433-##,1109,Jersey City N Bergen Intermodal Terminal,set out,NYSW
CSX,M358-##,1028,Willard,set out,Willard
CSX,M358-##,1028,Willard,pick up,Cleveland
CSX,M359-##,1028,Willard,set out,Willard
CSX,M359-##,1028,Willard,set out,Chicago IHB (M429)
CSX,M359-##,1028,Willard,pick up,Walbridge
CSX,M559-##,3809,Lima Robb Ave. Yard CSX,set out,Lima
CSX,M559-##,3809,Lima Robb Ave. Yard CSX,pick up,Cincinnati
CSX,M558-##,3809,Lima Robb Ave. Yard CSX,set out,Lima
CSX,M558-##,3809,Lima Robb Ave. Yard CSX,set out,Lima CFE
CSX,M558-##,3809,Lima Robb Ave. Yard CSX,pick up,Willard
CSX,M331-##,1456,Connellsville,set out,Connellsville
CSX,M331-##,1456,Connellsville,set out,Wheeling
CSX,M331-##,1456,Connellsville,set out,Lake Erie
CSX,M331-##,1456,Connellsville,pick up,Rose Lake IM
CSX,M331-##,1456,Connellsville,pick up,CPKC MO IM
CSX,M331-##,2219,McKeesport Demmler Yard,set out,Demmler
CSX,M331-##,2219,McKeesport Demmler Yard,pick up,Avon
CSX,M331-##,2219,McKeesport Demmler Yard,pick up,New Castle
CSX,M331-##,1078,New Castle CSX,set out,New Castle
CSX,M331-##,1078,New Castle CSX,pick up,Avon
CSX,M530-##,1449,Memphis Leewood CSX Yard,pick up,Nashville
CSX,M331-##,1456,Connellsville,set out,Connellsville
CSX,M331-##,1456,Connellsville,set out,Wheeling
CSX,M331-##,1456,Connellsville,set out,Lake Erie
CSX,M331-##,1456,Connellsville,pick up,Rose Lake IM
CSX,M331-##,1456,Connellsville,pick up,CPKC MO IM
CSX,M331-##,2219,McKeesport Demmler Yard,set out,Demmler
CSX,M331-##,2219,McKeesport Demmler Yard,pick up,Avon
CSX,M331-##,2219,McKeesport Demmler Yard,pick up,New Castle
CSX,M331-##,1078,New Castle CSX,set out,New Castle
CSX,M331-##,1078,New Castle CSX,pick up,Avon
CSX,M500-##,1087,Terre Haute Baker Yard,set out,Terre Haute
CSX,M500-##,1087,Terre Haute Baker Yard,pick up,Chicago Clearing
CSX,M429-##,1028,Willard,set out,Willard
CSX,M429-##,1028,Willard,pick up,Walbridge
CSX,M429-##,1764,Walbridge,set out,Walbridge
CSX,M430-##,2219,McKeesport Demmler Yard,set out,Demmler
CSX,M383-##,1116,Rotterdam Jct.,set out,Rotterdamn
CSX,M383-##,1625,Syracuse DeWitt Yard,set out,Syracuse
CSX,M383-##,1625,Syracuse DeWitt Yard,pick up,Massena
CSX,M383-##,1625,Syracuse DeWitt Yard,pick up,Valleyfield CN
CSX,M383-##,1625,Syracuse DeWitt Yard,pick up,Montreal CN Manifest
CSX,M383-##,1625,Syracuse DeWitt Yard,pick up,IM
CSX,M356-##,2949,Garrett,set out,Garrett
CSX,M356-##,2949,Garrett,set out,Cincinnati
CSX,M356-##,2949,Garrett,pick up,Columbus
CSX,M353-##,2949,Garrett,set out,Columbus
CSX,M353-##,2949,Garrett,pick up,Cincinnati
CSX,M317-##,1398,Keyser Yard,set out,Keyser
CSX,M317-##,1900,Grafton,set out,Grafton
CSX,M317-##,1900,Grafton,pick up,Russell
CSX,M317-##,1900,Grafton,pick up,Cincinnati
CSX,M383-##,1116,Rotterdam Jct.,set out,Rotterdamn
CSX,M383-##,1625,Syracuse DeWitt Yard,set out,Syracuse
CSX,M383-##,1625,Syracuse DeWitt Yard,pick up,CN Montreal
CSX,M383-##,1625,Syracuse DeWitt Yard,pick up,Massena
CSX,M383-##,1625,Syracuse DeWitt Yard,pick up,Beauharnois
CSX,M383-##,1625,Syracuse DeWitt Yard,pick up,Valeyfield CN
CSX,M383-##,1625,Syracuse DeWitt Yard,pick up,CN Montreal Intermodal
CSX,M403-##,1109,Jersey City N Bergen Yard CSX,set out,North Bergen
CSX,M403-##,1109,Jersey City N Bergen Yard CSX,set out,North Bergen NYSW
CSX,M331-##,1456,Connellsville,pick up,Pottersburg Empty Autos
CSX,M331-##,1456,Connellsville,pick up,Rose Lake IM
CSX,M331-##,1456,Connellsville,pick up,CPKC MO IM
CSX,M331-##,2219,McKeesport Demmler Yard,set out,Demmler
CSX,M331-##,2219,McKeesport Demmler Yard,pick up,Avon
CSX,M331-##,1078,New Castle CSX,pick up,Avon
CSX,M331-##,2307,Crestline,pick up,Avon
CSX,M331-##,2436,Marysville,set out,Pottersburg Auto
CSX,M316-##,1900,Grafton,set out,Grafton
CSX,M316-##,1900,Grafton,pick up,Cumberland
CSX,M434-##,1109,Jersey City N Bergen Intermodal Terminal,set out,Bradenton Tropicana Empties
CSX,M434-##,1109,Jersey City N Bergen Intermodal Terminal,set out,Pick Up Selkirk
CSX,M429-##,1028,Willard,pick up,Detroit
CSX,M429-##,1028,Willard,pick up,Walbridge
CSX,M429-##,1764,Walbridge,pick up,Detroit Manifest
CSX,M429-##,1764,Walbridge,pick up,New Boston Auto
CSX,M429-##,1490,New Boston,set out,New Boston Auto
CSX,M442-##,2034,Jacksonville Moncrief Yard,set out,Auto
CSX,M442-##,2034,Jacksonville Moncrief Yard,pick up,Waycross
CSX,M500-##,1159,Evansville Howell Yard,pick up,Chicago Barr
CSX,M500-##,1087,Terre Haute Baker Yard,set out,Terre Haute
CSX,M500-##,1087,Terre Haute Baker Yard,pick up,Chicago Clearing
CSX,M501-##,1087,Terre Haute Baker Yard,set out,Terre Haute Baker
CSX,M501-##,1087,Terre Haute Baker Yard,pick up,Nashville
CSX,M501-##,1159,Evansville Howell Yard,pick up,Nashville
CSX,M441-##,2034,Jacksonville Moncrief Yard,set out,FL Autos
CSX,M441-##,2034,Jacksonville Moncrief Yard,set out,Pick Up Tampa
CSX,M585-##,1834,Chattanooga Wauhatchie CSX,set out,Chattanooga Wauhatchie
CSX,M585-##,1840,Cartersville,pick up,Atlanta
CSX,M584-##,1840,Cartersville,pick up,Nashville
CSX,M584-##,1834,Chattanooga Wauhatchie CSX,pick up,Nashville
CSX,M646-##,2108,Montgomery,pick up,Birmingham
CSX,M693-##,1819,Greenwood Maxwell Yard,set out,Greenwood
CSX,M693-##,1819,Greenwood Maxwell Yard,pick up,Augusta
CSX,M693-##,1819,Greenwood Maxwell Yard,pick up,Waycross
CSX,M693-##,1905,Augusta CSX Yard,set out,Augusta
CSX,M693-##,1905,Augusta CSX Yard,pick up,Waycross
CSX,M650-##,2084,Valdosta West CSX,set out,Valdosta
CSX,M690-##,3359,Savannah Southover Yard,set out,Savannah
CSX,M690-##,3359,Savannah Southover Yard,set out,Cayce Manifest
CSX,M690-##,3359,Savannah Southover Yard,pick up,Augusta
CSX,M691-##,3359,Savannah Southover Yard,set out,Savannah Rock
CSX,M691-##,3359,Savannah Southover Yard,set out,Savannah
CSX,M691-##,3359,Savannah Southover Yard,pick up,Waycross
CSX,M692-##,1905,Augusta CSX Yard,set out,Augusta
CSX,M692-##,1905,Augusta CSX Yard,pick up,Kingsport
CSX,M692-##,1905,Augusta CSX Yard,pick up,Russell
CSX,M692-##,1905,Augusta CSX Yard,pick up,Greenwood
CSX,M692-##,1819,Greenwood Maxwell Yard,set out,Greenwood
CSX,M692-##,1819,Greenwood Maxwell Yard,pick up,Kingsport
CSX,M692-##,1819,Greenwood Maxwell Yard,pick up,Russell
CSX,M331-##,1456,Connellsville,pick up,Pottersburg
CSX,M331-##,1456,Connellsville,pick up,Avon Auto
CSX,M331-##,2219,McKeesport Demmler Yard,set out,Demmler
CSX,M331-##,2219,McKeesport Demmler Yard,pick up,Avon
CSX,M331-##,1078,New Castle CSX,pick up,Avon
CSX,M331-##,2307,Crestline,pick up,Avon
CSX,M331-##,2436,Marysville,set out,Pottersburg Auto
CSX,M438-##,1002,W. Springfield,set out,West Springfield
CSX,M438-##,3239,Palmer CSX/MCER,set out,NECR
CSX,M439-##,3239,Palmer CSX/MCER,pick up,Selkirk
CSX,M439-##,1002,W. Springfield,pick up,Selkirk
CSX,M421-##,1456,Connellsville,set out,Connellsville
CSX,M421-##,1456,Connellsville,set out,Wheeling
CSX,M421-##,1456,Connellsville,set out,Lake Erie
CSX,M421-##,2219,McKeesport Demmler Yard,pick up,Willard
CSX,M421-##,2219,McKeesport Demmler Yard,pick up,New Castle
CSX,M421-##,1078,New Castle CSX,set out,New Castle
CSX,M421-##,1078,New Castle CSX,pick up,Willard
CSX,M421-##,1078,New Castle CSX,pick up,and Carey Open Hopper
CSX,M421-##,1975,Clinton Warwick Yard,pick up,Willard
CSX,M420-##,1975,Clinton Warwick Yard,set out,Warwick
CSX,M383-##,1116,Rotterdam Jct.,set out,Rotterdamn
CSX,M383-##,1625,Syracuse DeWitt Yard,set out,Syracuse
CSX,M383-##,1625,Syracuse DeWitt Yard,pick up,CN Montreal
CSX,M383-##,1625,Syracuse DeWitt Yard,pick up,Massena
CSX,M383-##,1625,Syracuse DeWitt Yard,pick up,Beauharnois
CSX,M383-##,1625,Syracuse DeWitt Yard,pick up,Valeyfield CN
CSX,M383-##,1625,Syracuse DeWitt Yard,pick up,CN Montreal Intermodal
CSX,M693-##,1819,Greenwood Maxwell Yard,set out,Greenwood
CSX,M693-##,1819,Greenwood Maxwell Yard,pick up,Waycross
CSX,M693-##,1905,Augusta CSX Yard,set out,Augusta
CSX,M693-##,1905,Augusta CSX Yard,pick up,Waycross
CSX,M331-##,1456,Connellsville,pick up,Pottersburg Autos
CSX,M331-##,1456,Connellsville,pick up,Rose Lake IM
CSX,M331-##,2219,McKeesport Demmler Yard,set out,Demmler
CSX,M331-##,2219,McKeesport Demmler Yard,pick up,Avon
CSX,M331-##,1078,New Castle CSX,pick up,Avon
CSX,M331-##,2307,Crestline,pick up,Avon
CSX,M331-##,2436,Marysville,set out,Pottersburg Auto
CSX,M421-##,1456,Connellsville,set out,Connellsville
CSX,M421-##,1456,Connellsville,set out,Wheeling
CSX,M421-##,1456,Connellsville,set out,Lake Erie
CSX,M421-##,2219,McKeesport Demmler Yard,pick up,Willard
CSX,M421-##,2219,McKeesport Demmler Yard,pick up,New Castle
CSX,M421-##,1078,New Castle CSX,set out,New Castle
CSX,M421-##,1078,New Castle CSX,pick up,Willard
CSX,M421-##,1078,New Castle CSX,pick up,and Carey Open Hopper
CSX,M421-##,1975,Clinton Warwick Yard,pick up,Willard
CSX,M438-##,1002,W. Springfield,set out,West Springfield
CSX,M438-##,3239,Palmer CSX/MCER,set out,NECR
CSX,M500-##,1159,Evansville Howell Yard,pick up,Chicago Barr
CSX,M420-##,1975,Clinton Warwick Yard,set out,Warwick
CSX,M420-##,1078,New Castle CSX,set out,New Castle
CSX,M420-##,1078,New Castle CSX,pick up,Cumberland
CSX,M420-##,1078,New Castle CSX,pick up,Demmler
CSX,M420-##,2219,McKeesport Demmler Yard,set out,Demmler
CSX,M420-##,2219,McKeesport Demmler Yard,pick up,Cumberland
CSX,M420-##,1456,Connellsville,pick up,Cumberland
CSX,M421-##,1456,Connellsville,set out,Connellsville
CSX,M421-##,1456,Connellsville,set out,Wheeling
CSX,M421-##,1456,Connellsville,set out,Lake Erie
CSX,M421-##,1456,Connellsville,set out,Walbridge
CSX,M421-##,2219,McKeesport Demmler Yard,pick up,Willard
CSX,M421-##,2219,McKeesport Demmler Yard,pick up,New Castle
CSX,M421-##,1078,New Castle CSX,set out,New Castle
CSX,M421-##,1078,New Castle CSX,pick up,Willard Manifest
CSX,M421-##,1975,Clinton Warwick Yard,pick up,Willard
CSX,M585-##,1834,Chattanooga Wauhatchie CSX,set out,Chattanooga Wauhatchie
CSX,M585-##,1834,Chattanooga Wauhatchie CSX,pick up,Atlanta
CSX,M585-##,1834,Chattanooga Wauhatchie CSX,pick up,Cartersville
CSX,M585-##,1834,Chattanooga Wauhatchie CSX,pick up,Waycross
CSX,M585-##,1840,Cartersville,set out,Cartersville
CSX,M585-##,1840,Cartersville,pick up,Atlanta
CSX,M429-##,1028,Willard,pick up,Walbridge
CSX,M429-##,1764,Walbridge,set out,Walbridge
CSX,M429-##,1764,Walbridge,pick up,Detroit Manifest
CSX,M429-##,1764,Walbridge,pick up,New Boston Auto
CSX,M429-##,1490,New Boston,set out,New Boston Auto
CSX,M650-##,2084,Valdosta West CSX,set out,Valdosta
CSX,M650-##,2084,Valdosta West CSX,set out,GFRR
CSX,M558-##,3809,Lima Robb Ave. Yard CSX,set out,Lima
CSX,M559-##,3809,Lima Robb Ave. Yard CSX,set out,Lima
CSX,M559-##,3809,Lima Robb Ave. Yard CSX,pick up,Cincinnati
CSX,M500-##,1159,Evansville Howell Yard,set out,Evansville
CSX,M500-##,1159,Evansville Howell Yard,pick up,Chicago Barr
CSX,M665-##,1028,Willard,set out,Carey
CSX,M665-##,1028,Willard,set out,Monessen
CSX,M665-##,1028,Willard,pick up,Garrett
CSX,M665-##,2949,Garrett,set out,Garrett
CSX,M665-##,2949,Garrett,pick up,Chicago Barr
CSX,M665-##,2949,Garrett,pick up,Chicago CN
CSX,M429-##,1028,Willard,set out,Willard
CSX,M429-##,1028,Willard,pick up,Detroit
CSX,M429-##,1028,Willard,pick up,Walbridge
CSX,M429-##,1764,Walbridge,set out,Walbridge
CSX,M429-##,1764,Walbridge,pick up,Detroit Manifest
CSX,M429-##,1764,Walbridge,pick up,New Boston Auto
CSX,M429-##,1490,New Boston,set out,New Boston Auto
CSX,M558-##,3809,Lima Robb Ave. Yard CSX,set out,CFE
CSX,M558-##,3809,Lima Robb Ave. Yard CSX,pick up,Willard
CSX,M353-##,2949,Garrett,set out,Garret
CSX,M353-##,2949,Garrett,set out,Lansing (M568)
CSX,M353-##,2949,Garrett,pick up,Cincinnati
CSX,M383-##,1116,Rotterdam Jct.,set out,Rotterdamn
CSX,M383-##,1625,Syracuse DeWitt Yard,set out,Syracuse
CSX,M383-##,1625,Syracuse DeWitt Yard,pick up,CN Montreal
CSX,M383-##,1625,Syracuse DeWitt Yard,pick up,Massena
CSX,M383-##,1625,Syracuse DeWitt Yard,pick up,Beauharnois
CSX,M383-##,1625,Syracuse DeWitt Yard,pick up,Valeyfield CN
CSX,M383-##,1625,Syracuse DeWitt Yard,pick up,CN Montreal Intermodal
CSX,M404-##,3636,Woodbourne,set out,Morrisville
CSX,M404-##,3636,Woodbourne,set out,Woodbourne
CSX,M404-##,3636,Woodbourne,pick up,Selkirk
CSX,M404-##,1109,Jersey City N Bergen Intermodal Terminal,pick up,Selkirk
CSX,M439-##,3239,Palmer CSX/MCER,pick up,Selkirk
CSX,M439-##,1002,W. Springfield,pick up,Selkirk
CSX,M500-##,1159,Evansville Howell Yard,set out,Evansville
CSX,M500-##,1159,Evansville Howell Yard,pick up,Chicago Barr
CSX,M526-##,1261,Fairburn,set out,IM
CSX,M585-##,1834,Chattanooga Wauhatchie CSX,set out,Chattanooga Wauhatchie
CSX,M585-##,1834,Chattanooga Wauhatchie CSX,pick up,Atlanta
CSX,M585-##,1834,Chattanooga Wauhatchie CSX,pick up,Cartersville
CSX,M585-##,1840,Cartersville,set out,Cartersville
CSX,M585-##,1840,Cartersville,pick up,Atlanta
CSX,M691-##,3359,Savannah Southover Yard,set out,Savannah Rock
CSX,M691-##,3359,Savannah Southover Yard,pick up,Waycross
CSX,M692-##,1819,Greenwood Maxwell Yard,set out,Greenwood
CSX,M692-##,1819,Greenwood Maxwell Yard,pick up,Kingsport
CSX,M693-##,1819,Greenwood Maxwell Yard,set out,Greenwood
CSX,M693-##,1819,Greenwood Maxwell Yard,pick up,Augusta
CSX,M693-##,1819,Greenwood Maxwell Yard,pick up,Waycross
CSX,M693-##,1905,Augusta CSX Yard,set out,Augusta
CSX,M693-##,1905,Augusta CSX Yard,pick up,Waycross
CSX,M300-##,1788,Philadelphia Eastside Yard,pick up,Oak Island Trash
CSX,M421-##,2219,McKeesport Demmler Yard,pick up,Willard
CSX,M421-##,2219,McKeesport Demmler Yard,pick up,New Castle
CSX,M421-##,1078,New Castle CSX,set out,New Castle
CSX,M421-##,1078,New Castle CSX,set out,Walbridge (M225)
CSX,M421-##,1078,New Castle CSX,pick up,Willard Manifest
CSX,M421-##,1975,Clinton Warwick Yard,pick up,Willard
CSX,M331-##,1456,Connellsville,set out,Connellsville
CSX,M331-##,1456,Connellsville,set out,Wheeling
CSX,M331-##,1456,Connellsville,set out,Lake Erie
CSX,M331-##,1456,Connellsville,pick up,Pottersburg Autos
CSX,M331-##,1456,Connellsville,pick up,Rose Lake IM
CSX,M331-##,2219,McKeesport Demmler Yard,set out,Demmler
CSX,M331-##,2219,McKeesport Demmler Yard,pick up,Avon
CSX,M331-##,1078,New Castle CSX,pick up,Avon
CSX,M331-##,2307,Crestline,pick up,Avon
CSX,M331-##,2888,Pottersburg,set out,Pottersburg Auto
CSX,M317-##,1398,Keyser Yard,set out,Keyser
CSX,M317-##,1900,Grafton,set out,Grafton
CSX,M317-##,1900,Grafton,pick up,Russell
CSX,M317-##,1900,Grafton,pick up,Cincinnati Manifest
CSX,M317-##,1900,Grafton,pick up,Ottawa Sand
CSX,M317-##,1900,Grafton,set out,Grafton
CSX,M317-##,1900,Grafton,pick up,Russell
CSX,M317-##,1900,Grafton,pick up,Cincinnati
CSX,M317-##,1900,Grafton,pick up,Chicago Barr
CSX,M493-##,3359,Savannah Southover Yard,pick up,Waycross
CSX,M558-##,3809,Lima Robb Ave. Yard CSX,set out,CFE Lima
CSX,M558-##,3809,Lima Robb Ave. Yard CSX,pick up,Willard
CSX,M647-##,1159,Evansville Howell Yard,pick up,Waycross
CSX,M648-##,1159,Evansville Howell Yard,set out,Avon
CSX,M565-##,1028,Willard,set out,Carey (L339)
CSX,M565-##,1028,Willard,set out,Willard
CSX,M565-##,2949,Garrett,set out,Chicago CN
CSX,M565-##,2949,Garrett,pick up,Chicago Barr
CSX,M357-##,2888,Pottersburg,pick up,Hammond Auto
CSX,M357-##,2949,Garrett,set out,Chicago Barr Manifest
CSX,M357-##,2949,Garrett,pick up,Chicago Clearing
CSX,M565-##,1028,Willard,set out,Carey (L339)
CSX,M565-##,1028,Willard,set out,Willard
CSX,M565-##,2949,Garrett,set out,Chicago CN
CSX,M565-##,2949,Garrett,pick up,Chicago IHB
CSX,M565-##,2949,Garrett,set out,Chicago CN
CSX,M565-##,2949,Garrett,pick up,Chicago IHB
CSX,M566-##,2949,Garrett,set out,Garrett
CSX,M566-##,2949,Garrett,set out,Cincinnati
CSX,M357-##,1028,Willard,set out,Chicago IHB
CSX,M357-##,1028,Willard,pick up,Chicago Clearing
CSX,M356-##,1028,Willard,set out,Columbus
CSX,M356-##,1028,Willard,set out,Willard
CSX,M356-##,1028,Willard,pick up,Cleveland Collinwood
CSX,M527-##,3423,College Park,set out,College Park
CSX,M527-##,3423,College Park,pick up,Montgomery
CSX,M353-##,2949,Garrett,set out,Garret
CSX,M353-##,2949,Garrett,pick up,Cincinnati
CSX,M328-##,1739,Plymouth North Yard,set out,LSRC
CSX,M421-##,2219,McKeesport Demmler Yard,pick up,Willard
CSX,M421-##,2219,McKeesport Demmler Yard,pick up,New Castle
CSX,M421-##,1078,New Castle CSX,set out,New Castle
CSX,M421-##,1078,New Castle CSX,pick up,Willard Manifest
CSX,M421-##,1975,Clinton Warwick Yard,pick up,Willard
CSX,M563-##,2949,Garrett,set out,Garrett
CSX,M563-##,2949,Garrett,pick up,Cincinnati
CSX,M316-##,2189,New Martinsville Brooklyn Jct. Yard,set out,Brooklyn Jct
CSX,M316-##,2189,New Martinsville Brooklyn Jct. Yard,pick up,Grafton
CSX,M316-##,2189,New Martinsville Brooklyn Jct. Yard,pick up,Cumberland
CSX,M316-##,1900,Grafton,set out,Grafton
CSX,M316-##,1900,Grafton,pick up,Cumberland
CSX,M317-##,1900,Grafton,set out,Grafton
CSX,M317-##,1900,Grafton,pick up,Cincinnati
CSX,M317-##,1900,Grafton,pick up,Brooklyn Jct
CSX,M317-##,2189,New Martinsville Brooklyn Jct. Yard,set out,Moundsville
CSX,M317-##,2189,New Martinsville Brooklyn Jct. Yard,set out,Brooklyn Jct
CSX,M317-##,2189,New Martinsville Brooklyn Jct. Yard,pick up,Russell
CSX,M317-##,2189,New Martinsville Brooklyn Jct. Yard,pick up,Cincinnati
CSX,B158-##,1028,Willard,set out,Willard
CSX,L123-##,2164,Baltimore Bay View CSX Yard,set out,Dundalk Autos
CSX,L123-##,2164,Baltimore Bay View CSX Yard,set out,Bay View
CSX,L123-##,2164,Baltimore Bay View CSX Yard,pick up,Curtis Bay Manifest
CSX,L123-##,2164,Baltimore Bay View CSX Yard,pick up,Auto
CSX,L620-##,1187,Aberdeen,set out,ACWR
CSX,L620-##,1187,Aberdeen,set out,AR
CSX,L620-##,1136,Apex,set out,Apex
CSX,L712-##,1431,Jacksonville Talleyrand Docks,set out,TTR
CSX,L712-##,1431,Jacksonville Talleyrand Docks,pick up,Outbound CSX
CSX,L302-##,1739,Plymouth North Yard,set out,Plymouth
CSX,L211-##,1648,Ceredo,set out,Ceredo
CSX,L377-##,2950,Milford Junction CSX,set out,Milford
CSX,L212-##,1648,Ceredo,pick up,Russell
CSX,L019-##,1121,South Schenectady,set out,South Schenectady
CSX,L019-##,1121,South Schenectady,pick up,Selkirk
CSX,L851-##,1840,Cartersville,set out,Cartersville
CSX,L851-##,1840,Cartersville,pick up,Atlanta
CSX,L850-##,1840,Cartersville,pick up,Nashville
CSX,L165-##,1398,Keyser Yard,set out,Keyser
CSX,L162-##,1398,Keyser Yard,pick up,Cumberland
CSX,L053-##,2272,Danville Jct,set out,Danville
CSX,L054-##,1080,Jay,set out,Jay
CSX,L053-##,2272,Danville Jct,pick up,Portland
CSX,L054-##,1080,Jay,pick up,Portland
CSX,L316-##,2353,Parma,pick up,Collinwood
CSX,L844-##,1261,Fairburn,set out,IM
CSX,L845-##,3423,College Park,set out,College Park
CSX,L845-##,3423,College Park,pick up,Montgomery
CSX,L845-##,1261,Fairburn,pick up,CPKC IM
CSX,L456-##,3352,Carey CSX,set out,Carey
CSX,L456-##,3352,Carey CSX,pick up,Walbridge
CSX,L456-##,2169,Fostoria C&O Yard,set out,Fostoria
CSX,L457-##,3352,Carey CSX,pick up,Columbus
CSX,L439-##,1611,Avon,set out,Avon
CSX,L439-##,1611,Avon,set out,Nashville
CSX,L439-##,1611,Avon,pick up,Evansville
CSX,L440-##,1611,Avon,set out,Avon
CSX,L440-##,1611,Avon,pick up,Lafayette
CSX,L360-##,1028,Willard,set out,Willard
CSX,L360-##,1028,Willard,pick up,Cleveland
CSX,L321-##,1482,Lordstown CSX,set out,Lordstown Limestone Loads
CSX,L321-##,1482,Lordstown CSX,set out,Lordstown Autos
CSX,L321-##,1482,Lordstown CSX,set out,Pick Up Selkirk Trash
CSX,L792-##,2606,Riviera Beach,pick up,Outbound Waycross
CSX,L793-##,2606,Riviera Beach,set out,Riviera Beach
CSX,L441-##,1449,Memphis Leewood CSX Yard,set out,BNSF Memphis
CSX,L321-##,1975,Clinton Warwick Yard,set out,Warwick
CSX,L200-##,2444,Catlettsburg,pick up,Russell
CSX,L322-##,1975,Clinton Warwick Yard,pick up,Willard
CSX,L345-##,1670,Loudon,set out,Loudon Trash
CSX,L345-##,1670,Loudon,set out,Pick Up Selkirk Trash
CSX,L456-##,3482,Marion CSX,set out,Marion
CSX,L456-##,3352,Carey CSX,set out,Carey
CSX,L456-##,3352,Carey CSX,pick up,Walbridge
CSX,L456-##,2169,Fostoria C&O Yard,set out,Fostoria
CSX,L457-##,3352,Carey CSX,pick up,Columbus
CSX,L457-##,3482,Marion CSX,pick up,Columbus
CSX,L340-##,3482,Marion CSX,set out,Marion
CSX,L340-##,3352,Carey CSX,pick up,Lordstown (Stoneco)
CSX,L340-##,3352,Carey CSX,pick up,Dunkirk (NLS)
CSX,L456-##,3352,Carey CSX,set out,Carey
CSX,L456-##,3352,Carey CSX,pick up,Walbridge
CSX,L456-##,2169,Fostoria C&O Yard,set out,Fostoria
CSX,L321-##,1975,Clinton Warwick Yard,set out,Warwick
CSX,L321-##,1078,New Castle CSX,set out,New Castle
CSX,L322-##,1078,New Castle CSX,pick up,Willard
CSX,L322-##,1975,Clinton Warwick Yard,pick up,Willard
CSX,L053-##,2272,Danville Jct,set out,Danville
CSX,L019-##,1116,Rotterdam Jct.,pick up,Selkirk
CSX,L019-##,1121,South Schenectady,set out,South Schenectady
CSX,L020-##,1030,W. Albany Yard,set out,West Albany
CSX,L020-##,1030,W. Albany Yard,pick up,Selkirk
CSX,L233-##,2418,Turkey,pick up,Rocky Mount
CSX,L302-##,1739,Plymouth North Yard,set out,LSRC
CSX,L322-##,1078,New Castle CSX,set out,New Castle
CSX,L322-##,1078,New Castle CSX,pick up,Willard
CSX,L322-##,1975,Clinton Warwick Yard,pick up,Willard
CSX,L340-##,3482,Marion CSX,set out,Marion
CSX,L340-##,3352,Carey CSX,set out,Carey
CSX,L340-##,3352,Carey CSX,pick up,Lordstown (Stoneco)
CSX,L340-##,3352,Carey CSX,pick up,Dunkirk (NLS)
CSX,L453-##,2768,North Vernon CSXT,set out,North Vernon
CSX,L453-##,2768,North Vernon CSXT,pick up,Cincinnati
CSX,L456-##,3482,Marion CSX,set out,Marion
CSX,L456-##,3482,Marion CSX,pick up,Walbridge
CSX,L456-##,3482,Marion CSX,pick up,Jessup Auto
CSX,L456-##,3352,Carey CSX,set out,Carey
CSX,L456-##,3352,Carey CSX,pick up,Walbridge
CSX,L457-##,3352,Carey CSX,set out,Carey
CSX,L457-##,3352,Carey CSX,pick up,Columbus
CSX,L457-##,3482,Marion CSX,set out,Marion Auto
CSX,L457-##,3482,Marion CSX,pick up,Columbus
CSX,L321-##,1975,Clinton Warwick Yard,set out,Warwick
CSX,L322-##,1975,Clinton Warwick Yard,pick up,Willard
CSX,L619-##,1136,Apex,pick up,Florence
CSX,L619-##,1187,Aberdeen CSX,set out,Aberdeen
CSX,L619-##,1187,Aberdeen CSX,pick up,Hamlet
CSX,L620-##,1187,Aberdeen,set out,ACWR
CSX,L620-##,1136,Apex,set out,Apex
CSX,L802-##,1840,Cartersville,pick up,Nashville
CSX,L819-##,1834,Chattanooga Wauhatchie CSX,set out,Chattanooga Wauhatchie
CSX,L819-##,1834,Chattanooga Wauhatchie CSX,pick up,Atlanta
CSX,L819-##,1840,Cartersville,pick up,Atlanta
CSX,L211-##,1648,Ceredo,set out,Ceredo
CSX,L211-##,1648,Ceredo,pick up,Russell
CSX,L316-##,1048,Cleveland Rockport Yard,set out,NS Rockport
CSX,L316-##,1048,Cleveland Rockport Yard,pick up,Collinwood
CSX,L360-##,2552,Terre Haute Youngs Spur,pick up,Avon
CSX,L360-##,1087,Terre Haute Baker Yard,pick up,DREI
CSX,L360-##,1087,Terre Haute Baker Yard,pick up,Effingham
CSX,L360-##,1087,Terre Haute Baker Yard,pick up,Effingham CN
CSX,L360-##,1087,Terre Haute Baker Yard,pick up,Casey
CSX,L360-##,1087,Terre Haute Baker Yard,pick up,Avon
CSX,L384-##,2294,Casey,pick up,Avon
CSX,L302-##,1739,Plymouth North Yard,set out,LSRC
CSX,L339-##,3352,Carey CSX,set out,Carey
CSX,L339-##,3352,Carey CSX,pick up,Columbus
CSX,L339-##,3482,Marion CSX,pick up,Columbus
CSX,L340-##,3482,Marion CSX,set out,Marion
CSX,L340-##,3352,Carey CSX,set out,Carey
CSX,L340-##,3352,Carey CSX,pick up,Lordstown (Stoneco)
CSX,L340-##,3352,Carey CSX,pick up,Ashtabula (NLS)
CSX,L339-##,1028,Willard,set out,Willard
CSX,L339-##,1028,Willard,set out,Chicago IHB
CSX,L339-##,1028,Willard,pick up,Carey
CSX,L339-##,1028,Willard,pick up,Columbus
CSX,L339-##,2169,Fostoria C&O Yard,pick up,Columbus
CSX,L339-##,3352,Carey CSX,set out,Carey
CSX,L339-##,3352,Carey CSX,pick up,Columbus
CSX,L339-##,3482,Marion CSX,pick up,Columbus
CSX,L340-##,3482,Marion CSX,set out,Marion
CSX,L340-##,3352,Carey CSX,set out,Carey
CSX,L340-##,3352,Carey CSX,pick up,Lordstown (Stoneco)
CSX,L340-##,3352,Carey CSX,pick up,Ashtabula (NLS)
CSX,L340-##,2169,Fostoria C&O Yard,set out,Fostoria
CSX,L340-##,1028,Willard,set out,Lordstown
CSX,L340-##,3482,Marion CSX,set out,Marion
CSX,L340-##,3352,Carey CSX,set out,Carey
CSX,L340-##,3352,Carey CSX,pick up,Lordstown (Stoneco)
CSX,L340-##,3352,Carey CSX,pick up,Ashtabula (NLS)
CSX,L340-##,2169,Fostoria C&O Yard,set out,Fostoria
CSX,L340-##,1028,Willard,set out,Lordstown
CSX,L340-##,1028,Willard,set out,Willard
CSX,L147-##,4034,Moundsville,set out,Moundsville
CSX,L147-##,4034,Moundsville,pick up,Brooklyn Jct
CSX,I037-##,3144,Dillon,set out,Dillon
CSX,I037-##,1208,Charleston Bennett Yard,set out,Charleston
CSX,I037-##,1208,Charleston Bennett Yard,pick up,Savannah IM Classification
CSX,I037-##,1388,Savannah CSX Yard,pick up,Jacksonville
CSX,I037-##,1388,Savannah CSX Yard,set out,Savannah
CSX,I038-##,1388,Savannah CSX Yard,set out,Savannah
CSX,I038-##,1388,Savannah CSX Yard,pick up,Charlotte
CSX,I038-##,1208,Charleston Bennett Yard,set out,Charleston
CSX,I038-##,1208,Charleston Bennett Yard,pick up,Charlotte
CSX,I038-##,3144,Dillon,pick up,Charlotte
CSX,I022-##,1002,W. Springfield,set out,Springfield
CSX,I013-##,1002,W. Springfield,pick up,N Bergen IM
CSX,I007-##,1625,Syracuse,pick up,Intermodal
CSX,I008-##,1625,Syracuse DeWitt Yard,set out,Intermodal except North Bergen
CSX,I008-##,1611,Avon,set out,Suffolk
CSX,I008-##,1611,Avon,set out,Chambersburg IM
CSX,I008-##,1611,Avon,set out,Pick Up Port Newark
CSX,I008-##,1611,Avon,set out,North Bergen
CSX,I008-##,1611,Avon,set out,Elizabeth Marine
CSX,I008-##,1611,Avon,set out,GCT Bayonne IM
CSX,I008-##,1611,Avon,set out,Suffolk
CSX,I008-##,1611,Avon,set out,Chambersburg IM
CSX,I008-##,1611,Avon,set out,Pick Up North Bergen
CSX,I008-##,1611,Avon,set out,Elizabeth Marine
CSX,I008-##,1611,Avon,set out,GCT Bayonne
CSX,I008-##,1611,Avon,set out,Port Newark
CSX,I008-##,1611,Avon,set out,Worcester IM
CSX,I019-##,1002,W. Springfield,pick up,Rose Lake
CSX,I019-##,1002,W. Springfield,pick up,Avon
CSX,I019-##,1002,W. Springfield,pick up,Northwest Ohio ICTF Switch
CSX,I019-##,1002,W. Springfield,pick up,City of Industry
CSX,I019-##,1002,W. Springfield,pick up,Bedford Park
CSX,I019-##,1002,W. Springfield,pick up,Buffalo
CSX,I019-##,1002,W. Springfield,pick up,Syracuse IM
CSX,I018-##,1456,Connellsville,set out,Jessup Auto
CSX,I018-##,1456,Connellsville,set out,Jessup Auto
CSX,Y322-##,1157,Richmond South Yard,set out,NS interchange
CSX,Y322-##,1157,Richmond South Yard,set out,South Yard
CSX,Y322-##,1157,Richmond South Yard,pick up,Acca
CSX,Y125-##,2929,East Chicago Peiguss Yard,set out,Chicago Peiguss
CSX,Y125-##,2929,East Chicago Peiguss Yard,pick up,Chicago Calumet Tower
CSX,Y125-##,2929,East Chicago Peiguss Yard,pick up,Chicago
CSX,M345-##,1260,Effingham CSX,set out,CN Effingham
CSX,M382-##,1625,Syracuse,set out,Intermodal
CSX,M382-##,1625,Syracuse,set out,Pick Up Selkirk
CSX,M382-##,3563,Norwood,pick up,Buffalo
CSX,M382-##,1625,Syracuse DeWitt Yard,set out,IM
CSX,M382-##,1625,Syracuse DeWitt Yard,set out,Pick Up Willard
CSX,M382-##,1625,Syracuse DeWitt Yard,set out,Buffalo
CSX,M382-##,1775,Rochester Goodman St. Yard,pick up,Cleveland Collinwood
CSX,M382-##,3563,Norwood,pick up,Selkirk
CSX,M382-##,1625,Syracuse DeWitt Yard,set out,IM
CSX,M382-##,1625,Syracuse DeWitt Yard,set out,Pick Up Selkirk
CSX,M332-##,1078,New Castle CSX,set out,New Castle
CSX,M332-##,1078,New Castle CSX,pick up,Cumberland
CSX,M332-##,1456,Connellsville,set out,Intermodal
CSX,M332-##,1456,Connellsville,pick up,Cumberland
CSX,M332-##,1078,New Castle CSX,set out,New Castle
CSX,M332-##,1078,New Castle CSX,pick up,Demmler
CSX,M332-##,1078,New Castle CSX,pick up,Cumberland
CSX,M332-##,2219,McKeesport Demmler Yard,set out,Demmler
CSX,M332-##,2219,McKeesport Demmler Yard,pick up,Cumberland
CSX,M332-##,1456,Connellsville,set out,Intermodal
CSX,M332-##,1456,Connellsville,pick up,Cumberland
CSX,M345-##,1120,E. St. Louis Rose Lake Yard,set out,Rose Lake
CSX,M332-##,2219,McKeesport Demmler Yard,set out,Demmler
CSX,M332-##,2219,McKeesport Demmler Yard,pick up,Cumberland
CSX,M332-##,1456,Connellsville,set out,Intermodal
CSX,M332-##,1456,Connellsville,pick up,Cumberland
CSX,M332-##,1078,New Castle CSX,set out,Lordstown Auto
CSX,M332-##,2219,McKeesport Demmler Yard,set out,Demmler
CSX,M332-##,2219,McKeesport Demmler Yard,pick up,Cumberland
CSX,M332-##,1456,Connellsville,set out,Intermodal
CSX,M332-##,1456,Connellsville,pick up,Cumberland
CSX,M332-##,1078,New Castle CSX,set out,New Castle
CSX,M332-##,2219,McKeesport Demmler Yard,set out,Demmler
CSX,M332-##,1456,Connellsville,set out,Intermodal
CSX,M332-##,1456,Connellsville,pick up,Cumberland
CSX,M345-##,1120,E. St. Louis Rose Lake Yard,set out,Rose Lake
CSX,M345-##,1120,E. St. Louis Rose Lake Yard,pick up,Madison TRRA
CSX,M209-##,1764,Walbridge,pick up,Louisville
CSX,M209-##,1764,Walbridge,pick up,FL Auto
CSX,M209-##,2188,Louisville Osborne Yard,set out,Louisville
CSX,M209-##,1805,Birmingham Boyles Yard,set out,Birmingham
CSX,I141-##,2047,Northwest Ohio ICTF,pick up,Cincinnati
CSX,I141-##,2047,Northwest Ohio ICTF,pick up,Louisville IM
CSX,I141-##,1455,Cincinnati Queensgate Yard,set out,Cincinnati IM
CSX,I168-##,1625,Syracuse DeWitt Yard,set out,Philadelphia
CSX,I168-##,1625,Syracuse DeWitt Yard,set out,Port Newark IM
CSX,I168-##,1625,Syracuse DeWitt Yard,set out,Philadelphia
CSX,I168-##,1625,Syracuse DeWitt Yard,set out,Port Newark IM
CSX,I168-##,1625,Syracuse DeWitt Yard,pick up,NYCT IM
CSX,I168-##,1543,Buffalo Frontier Yard,set out,Selkirk Auto
CSX,I168-##,1625,Syracuse DeWitt Yard,set out,Elizabeth Marine
CSX,I168-##,1625,Syracuse DeWitt Yard,set out,Philadelphia IM
CSX,I168-##,1625,Syracuse DeWitt Yard,pick up,NYCT
CSX,I168-##,1625,Syracuse DeWitt Yard,pick up,Port Newark IM
CSX,I003-##,1109,Jersey City N Bergen Intermodal Terminal,pick up,Bedford Park
CSX,I016-##,1922,Cumberland,pick up,Chambersburg Intermodal
CSX,I015-##,2047,North Baltimore IM Terminal,set out,Intermodal Except Bedford Park
CSX,I015-##,2047,North Baltimore IM Terminal,pick up,Bedford Park
CSX,I010-##,1625,Syracuse,set out,Worcester
CSX,I010-##,1109,Jersey City N Bergen Intermodal Terminal,set out,North Bergen
CSX,I009-##,1109,Jersey City N Bergen Intermodal Terminal,pick up,Syracuse
CSX,I009-##,1625,Syracuse,set out,Syracuse
CSX,I009-##,1625,Syracuse,pick up,Bedford Park
CSX,I009-##,1625,Syracuse,pick up,and FL
CSX,I009-##,1625,Syracuse,pick up,GA IM
CSX,I003-##,1109,Jersey City N Bergen Intermodal Terminal,pick up,Bedford Park
CSX,I003-##,1109,Jersey City N Bergen Intermodal Terminal,pick up,Bedford Park
CSX,I003-##,1111,Selkirk Yard,pick up,Bedford Park
CSX,I009-##,1109,Jersey City N Bergen Intermodal Terminal,pick up,Syracuse
CSX,I009-##,1109,Jersey City N Bergen Intermodal Terminal,pick up,Bedford Park IM
CSX,I020-##,1625,Syracuse DeWitt Yard,set out,Syracuse
CSX,I032-##,2164,Baltimore Bay View CSX Yard,set out,Baltimore
CSX,I032-##,2164,Baltimore Bay View CSX Yard,set out,Philadelphia Greenwich IM
CSX,I003-##,1109,Jersey City N Bergen Intermodal Terminal,pick up,Bedford Park
CSX,I003-##,1109,Jersey City N Bergen Intermodal Terminal,pick up,Avon
CSX,I003-##,1109,Jersey City N Bergen Intermodal Terminal,pick up,Rose Lake
CSX,I003-##,1111,Selkirk Yard,pick up,Bedford Park
CSX,I003-##,1625,Syracuse DeWitt Yard,set out,Avon
CSX,I003-##,1625,Syracuse DeWitt Yard,set out,Rose Lake
CSX,I010-##,1625,Syracuse,set out,Worcester
CSX,I010-##,1109,Jersey City N Bergen Intermodal Terminal,set out,North Bergen
CSX,I003-##,1109,Jersey City N Bergen Intermodal Terminal,pick up,Bedford Park
CSX,I003-##,1109,Jersey City N Bergen Intermodal Terminal,pick up,Avon
CSX,I003-##,1109,Jersey City N Bergen Intermodal Terminal,pick up,Rose Lake
CSX,I003-##,1111,Selkirk Yard,pick up,Bedford Park
CSX,I003-##,1625,Syracuse DeWitt Yard,set out,Avon
CSX,I003-##,1625,Syracuse DeWitt Yard,set out,Rose Lake
CSX,I010-##,1625,Syracuse,set out,Worcester
CSX,I003-##,1109,Jersey City N Bergen Intermodal Terminal,pick up,Bedford Park
CSX,I003-##,1109,Jersey City N Bergen Intermodal Terminal,pick up,Avon
CSX,I003-##,1109,Jersey City N Bergen Intermodal Terminal,pick up,Rose Lake
CSX,I003-##,1625,Syracuse DeWitt Yard,set out,Avon
CSX,I003-##,1625,Syracuse DeWitt Yard,set out,Rose Lake
CSX,I003-##,1625,Syracuse DeWitt Yard,pick up,Chicago Bedford Park
CSX,I009-##,1625,Syracuse DeWitt Yard,set out,Syracuse
CSX,I010-##,1625,Syracuse,set out,Worcester
CSX,I010-##,1625,Syracuse,pick up,North Bergen
CSX,I020-##,1625,Syracuse DeWitt Yard,set out,Syracuse
CSX,I010-##,1625,Syracuse,set out,Worcester
CSX,I010-##,1625,Syracuse,pick up,N Bergen
CSX,I010-##,1625,Syracuse,pick up,Port Newark IM
CSX,I010-##,1109,Jersey City N Bergen Yard CSX,set out,N Bergen IM
CSX,I009-##,1109,Jersey City N Bergen Intermodal Terminal,pick up,Syracuse
CSX,I009-##,1109,Jersey City N Bergen Intermodal Terminal,pick up,Bedford Park IM
CSX,I009-##,1109,Jersey City N Bergen Intermodal Terminal,pick up,Syracuse
CSX,I009-##,1109,Jersey City N Bergen Intermodal Terminal,pick up,BNSF LPKC
CSX,I009-##,1109,Jersey City N Bergen Intermodal Terminal,pick up,Bedford Park IM
CSX,I031-##,2164,Baltimore Bay View CSX Yard,pick up,Jacksonville
CSX,I031-##,2164,Baltimore Bay View CSX Yard,pick up,FEC Miami IM
CSX,I025-##,1679,Jacksonville Duval Yard,set out,Jacksonville
CSX,I025-##,1679,Jacksonville Duval Yard,set out,Orlando Autos
CSX,I025-##,1679,Jacksonville Duval Yard,set out,Tampa
CSX,I025-##,1679,Jacksonville Duval Yard,set out,FEC
CSX,I025-##,1679,Jacksonville Duval Yard,set out,Duval IM
CSX,I026-##,1679,Jacksonville Duval Yard,pick up,Chambersburg
CSX,I026-##,1679,Jacksonville Duval Yard,pick up,Bedford Park IM
CSX,I003-##,1109,Jersey City N Bergen Intermodal Terminal,pick up,Bedford Park
CSX,I003-##,1109,Jersey City N Bergen Intermodal Terminal,pick up,Avon
CSX,I003-##,1109,Jersey City N Bergen Intermodal Terminal,pick up,Rose Lake
CSX,I003-##,1625,Syracuse DeWitt Yard,set out,Avon
CSX,I003-##,1625,Syracuse DeWitt Yard,set out,Rose Lake
CSX,I003-##,1625,Syracuse DeWitt Yard,pick up,Chicago Bedford Park
CSX,I009-##,1109,Jersey City N Bergen Intermodal Terminal,pick up,Sryacuse
CSX,I009-##,1109,Jersey City N Bergen Intermodal Terminal,pick up,Bedford Park IM
CSX,I010-##,1625,Syracuse,set out,Worcester
CSX,I010-##,1625,Syracuse,set out,Philadelphia IM
CSX,I010-##,1625,Syracuse,pick up,North Bergen
CSX,I010-##,1625,Syracuse,pick up,Port Newark IM
CSX,I010-##,1109,Jersey City N Bergen Yard CSX,set out,N Bergen IM
CSX,I020-##,1860,Buffalo Seneca Yard,set out,Buffalo IM
CSX,I020-##,1625,Syracuse DeWitt Yard,set out,Syracuse IM
CSX,I020-##,1625,Syracuse DeWitt Yard,pick up,Worcester
CSX,I020-##,1625,Syracuse DeWitt Yard,pick up,Worcester PW
CSX,I020-##,1625,Syracuse DeWitt Yard,pick up,and West Springfield IM
CSX,I010-##,1625,Syracuse,set out,Worcester IM
CSX,I010-##,1625,Syracuse,pick up,North Bergen IM
CSX,I009-##,1625,Syracuse DeWitt Yard,set out,Syracuse IM
CSX,I009-##,1625,Syracuse DeWitt Yard,pick up,Bedford Park IM
CSX,I032-##,2164,Baltimore Bay View CSX Yard,set out,Baltimore
CSX,I032-##,2164,Baltimore Bay View CSX Yard,set out,Philadelphia Greenwich IM
CSX,I009-##,1109,Jersey City N Bergen Intermodal Terminal,pick up,Sryacuse
CSX,I009-##,1109,Jersey City N Bergen Intermodal Terminal,pick up,Bedford Park IM
CSX,I010-##,1625,Syracuse,set out,Worcester
CSX,I010-##,1625,Syracuse,set out,Philadelphia IM
CSX,I010-##,1625,Syracuse,pick up,North Bergen
CSX,I010-##,1625,Syracuse,pick up,Port Newark IM
CSX,I010-##,1109,Jersey City N Bergen Yard CSX,set out,N Bergen IM
CSX,I010-##,1625,Syracuse,set out,Worcester IM
CSX,I010-##,1625,Syracuse,pick up,North Bergen
CSX,I010-##,1625,Syracuse,pick up,Port Newark IM
CSX,I010-##,1109,Jersey City N Bergen Yard CSX,set out,N Bergen IM
CSX,I010-##,1625,Syracuse,set out,Worcester IM
CSX,I010-##,1625,Syracuse,pick up,North Bergen IM
CSX,I009-##,1109,Jersey City N Bergen Intermodal Terminal,pick up,Sryacuse
CSX,I009-##,1109,Jersey City N Bergen Intermodal Terminal,pick up,Bedford Park IM
CSX,I010-##,1625,Syracuse,set out,Worcester IM
CSX,I010-##,1625,Syracuse,pick up,North Bergen IM
CSX,I010-##,1109,Jersey City N Bergen Yard CSX,set out,N Bergen IM
CSX,M364-##,2307,Crestline,pick up,Cleveland
CSX,M364-##,1811,Cleveland Collinwood Yard,set out,Cleveland
CSX,M364-##,1811,Cleveland Collinwood Yard,pick up,Selkirk
CSX,M542-##,1224,Atlanta Howell Yard,set out,Atlanta
CSX,M542-##,1224,Atlanta Howell Yard,pick up,Cartersville
CSX,M542-##,1840,Cartersville,set out,Cartersville
CSX,M542-##,1840,Cartersville,pick up,Etowah
CSX,M542-##,1061,Etowah,set out,Etowah
CSX,M542-##,1061,Etowah,pick up,Knoxville
CSX,M542-##,1061,Etowah,pick up,Cincinnati
CSX,M542-##,2040,Knoxville CSX,set out,Knoxville
CSX,M542-##,2040,Knoxville CSX,pick up,Cincinnati
CSX,M601-##,2015,Mobile Sibert Yard,set out,Mobile
CSX,M400-##,3143,Florence,set out,Florence
CSX,M400-##,3143,Florence,pick up,Rocky Mount
CSX,M426-##,1027,Ayer,set out,Ayer
CSX,M426-##,1027,Ayer,set out,Pick Up Portland Freight
CSX,M426-##,1027,Ayer,set out,Eastbound Intermodal
CSX,M575-##,2188,Louisville Osborne Yard,set out,Louisville
CSX,M575-##,2188,Louisville Osborne Yard,pick up,Nashville
CSX,M575-##,1489,Bowling Green CSX,pick up,Nashville
CSX,M574-##,1489,Bowling Green CSX,pick up,Cincinnati
CSX,M574-##,1489,Bowling Green CSX,set out,Bowling Green
CSX,M574-##,2188,Louisville Osborne Yard,pick up,Cincinnati
CSX,M576-##,2188,Louisville Osborne Yard,set out,Louisville
CSX,M576-##,2188,Louisville Osborne Yard,pick up,North Vernon
CSX,M576-##,2768,North Vernon,set out,North Vernon
CSX,M576-##,2768,North Vernon,pick up,Cincinnati
CSX,M427-##,1027,Ayer,set out,Ayer Manifest
CSX,M427-##,1027,Ayer,set out,Intermodal
CSX,M427-##,1027,Ayer,set out,Pick Up Selkirk
CSX,M515-##,1834,Chattanooga Wauhatchie CSX,pick up,Waycross
CSX,M401-##,2741,Fayetteville CSX,pick up,Florence
CSX,M401-##,2741,Fayetteville CSX,pick up,Waycross
CSX,M401-##,3143,Florence,set out,Florence
CSX,M602-##,2015,Mobile Sibert Yard,pick up,Waycross
CSX,M573-##,2188,Louisville Osborne Yard,pick up,Bowling Green
CSX,M573-##,2188,Louisville Osborne Yard,pick up,Nashville
CSX,M573-##,1489,Bowling Green CSX,set out,Bowling Green
CSX,M523-##,1805,Birmingham Boyles Yard,set out,Birmingham
CSX,M523-##,2108,Montgomery,set out,Montgomery
CSX,M523-##,2108,Montgomery,pick up,Mobile
CSX,M641-##,1534,Lafayette CSX Yard,set out,Lafayette
CSX,M641-##,1534,Lafayette CSX Yard,pick up,Nashville
CSX,M641-##,1534,Lafayette CSX Yard,pick up,Avon
CSX,M504-##,2768,North Vernon,set out,North Vernon
CSX,M504-##,2768,North Vernon,pick up,Cincinnati
CSX,M641-##,1534,Lafayette CSX Yard,set out,Lafayette
CSX,M641-##,1534,Lafayette CSX Yard,pick up,Avon
CSX,M313-##,2889,Sidney,set out,Sidney
CSX,M313-##,2890,Ansonia,set out,Ansonia
CSX,M313-##,2890,Ansonia,pick up,Avon
CSX,M364-##,2307,Crestline,pick up,Cleveland
CSX,M364-##,1811,Cleveland Collinwood Yard,set out,Cleveland
CSX,M364-##,1543,Buffalo Frontier Yard,set out,Buffalo Autos
CSX,M364-##,1543,Buffalo Frontier Yard,set out,Pick Up Selkirk
CSX,M401-##,2741,Fayetteville CSX,pick up,Florence
CSX,M401-##,2741,Fayetteville CSX,pick up,Waycross
CSX,M401-##,3143,Florence,set out,Florence
CSX,M401-##,3143,Florence,pick up,Waycross
CSX,M426-##,1027,Ayer Hill Yard,pick up,Portland
CSX,M427-##,1027,Ayer Hill Yard,set out,Ayer
CSX,M427-##,1027,Ayer Hill Yard,set out,PAS
CSX,M515-##,1805,Birmingham Boyles Yard,pick up,Waycross
CSX,M523-##,2108,Montgomery,set out,Montgomery
CSX,M523-##,2108,Montgomery,pick up,Mobile
CSX,M524-##,2108,Montgomery,set out,Waycross
CSX,M524-##,2108,Montgomery,set out,Montgomery
CSX,M524-##,2108,Montgomery,pick up,Nashville
CSX,M524-##,1805,Birmingham Boyles Yard,pick up,Nashville
CSX,M573-##,2188,Louisville Osborne Yard,set out,Louisville
CSX,M573-##,2188,Louisville Osborne Yard,pick up,Nashville
CSX,M573-##,2188,Louisville Osborne Yard,pick up,Bowling Green
CSX,M573-##,1489,Bowling Green CSX,set out,Bowling Green
CSX,M573-##,1489,Bowling Green CSX,pick up,Nashville
CSX,M575-##,2188,Louisville Osborne Yard,set out,Louisville
CSX,M575-##,2188,Louisville Osborne Yard,pick up,Nashville
CSX,M575-##,2188,Louisville Osborne Yard,pick up,Bowling Green
CSX,M575-##,1489,Bowling Green CSX,set out,Bowling Green
CSX,M575-##,1489,Bowling Green CSX,pick up,Nashville
CSX,M576-##,2188,Louisville Osborne Yard,set out,Louisville
CSX,M576-##,2188,Louisville Osborne Yard,pick up,North Vernon
CSX,M576-##,2188,Louisville Osborne Yard,pick up,Cincinnati
CSX,M576-##,2768,North Vernon,set out,North Vernon
CSX,M576-##,2768,North Vernon,pick up,Cincinnati
CSX,M601-##,2442,West Point,pick up,New Orleans CPKC
CSX,M601-##,2442,West Point,pick up,BNSF Birmingham Auto
CSX,M601-##,2108,Montgomery,set out,BNSF Birmingham Auto
CSX,M601-##,2015,Mobile Sibert Yard,set out,Mobile
CSX,M602-##,2108,Montgomery,set out,Lawrenceville Autos
CSX,M602-##,2108,Montgomery,set out,Pick Up Waycross
CSX,M605-##,2015,Mobile Sibert Yard,pick up,New Orleans UP
CSX,M606-##,2015,Mobile Sibert Yard,pick up,Atlanta
CSX,M606-##,2015,Mobile Sibert Yard,pick up,Waycross
CSX,M606-##,2108,Montgomery,set out,Atlanta
CSX,M606-##,2108,Montgomery,pick up,Waycross
CSX,M268-##,1764,Walbridge,set out,Cleveland
CSX,M268-##,1764,Walbridge,set out,Walbridge Autos
CSX,M268-##,1764,Walbridge,set out,Carey
CSX,M268-##,1764,Walbridge,set out,Jessup Autos
CSX,M268-##,1764,Walbridge,set out,Willard
CSX,M268-##,1764,Walbridge,pick up,Selkirk Auto
CSX,M268-##,1764,Walbridge,set out,Walbridge Autos
CSX,M268-##,1764,Walbridge,set out,Carey
CSX,M268-##,1764,Walbridge,set out,Jessup Autos
CSX,M268-##,1764,Walbridge,set out,Willard
CSX,M268-##,1764,Walbridge,pick up,Cleveland Manifest
CSX,M268-##,1764,Walbridge,pick up,Selkirk Auto
CSX,M268-##,1764,Walbridge,set out,Walbridge Autos
CSX,M268-##,1764,Walbridge,set out,Carey CSX Rock Empties
CSX,M268-##,1764,Walbridge,set out,Pick Up Selkirk Autos
CSX,M268-##,1764,Walbridge,set out,Cleveland
CSX,M268-##,1811,Cleveland Collinwood Yard,set out,Cleveland
CSX,M364-##,2307,Crestline,pick up,Cleveland
CSX,M364-##,1811,Cleveland Collinwood Yard,set out,Cleveland
CSX,M364-##,1811,Cleveland Collinwood Yard,pick up,Selkirk
CSX,M364-##,1543,Buffalo Frontier Yard,pick up,Selkirk
CSX,M426-##,1002,W. Springfield,pick up,Portland Rigby
CSX,M426-##,1027,Ayer Hill Yard,pick up,Portland Rigby
CSX,M427-##,1027,Ayer Hill Yard,set out,Ayer
CSX,M427-##,1027,Ayer Hill Yard,set out,East Deerfield
CSX,M427-##,3239,Palmer CSX/MCER,pick up,Selkirk
CSX,M427-##,1002,W. Springfield,pick up,Selkirk
CSX,M514-##,1805,Birmingham Boyles Yard,set out,Birmingham
CSX,M514-##,1805,Birmingham Boyles Yard,set out,BNSF Birmingham
CSX,M268-##,1764,Walbridge,set out,Walbridge Autos
CSX,M268-##,1764,Walbridge,set out,Carey CSX Rock Empties
CSX,M268-##,1764,Walbridge,set out,Pick Up Selkirk Autos
CSX,M268-##,1764,Walbridge,set out,Cleveland
CSX,M268-##,1811,Cleveland Collinwood Yard,set out,Cleveland
CSX,M400-##,3143,Florence,set out,Florence
CSX,M400-##,3143,Florence,pick up,Cumberland
CSX,M400-##,3143,Florence,pick up,Fayetteville
CSX,M400-##,3143,Florence,pick up,Rocky Mount
CSX,M400-##,2741,Fayetteville CSX,set out,Fayetteville
CSX,M409-##,1083,Richmond Acca Yard,set out,Richmond
CSX,M409-##,1083,Richmond Acca Yard,pick up,Waycross
CSX,M409-##,2251,Petersburg Collier Yard,set out,Collier Trash
CSX,M409-##,2251,Petersburg Collier Yard,set out,Pick Up Florence
CSX,M409-##,2741,Fayetteville CSX,pick up,Florence
CSX,M409-##,3143,Florence,set out,Florence
CSX,M409-##,3359,Savannah Southover Yard,pick up,Wacyross
CSX,M508-##,1764,Walbridge,pick up,Detroit
CSX,M514-##,1805,Birmingham Boyles Yard,pick up,Nashville
CSX,M523-##,2108,Montgomery,set out,Montgomery
CSX,M523-##,2108,Montgomery,pick up,Mobile
CSX,M524-##,2108,Montgomery,set out,Waycross
CSX,M524-##,2108,Montgomery,set out,Montgomery
CSX,M524-##,2108,Montgomery,pick up,Nashville
CSX,M524-##,1805,Birmingham Boyles Yard,pick up,Nashville
CSX,M541-##,2040,Knoxville CSX,pick up,Etowah
CSX,M541-##,1061,Etowah,set out,Etowah
CSX,M541-##,1061,Etowah,pick up,Cartersville
CSX,M541-##,1061,Etowah,pick up,Waycross
CSX,M541-##,1840,Cartersville,set out,Cartersville
CSX,M541-##,1840,Cartersville,pick up,Waycross
CSX,M541-##,1224,Atlanta Howell Yard,pick up,Waycross
CSX,M573-##,2188,Louisville Osborne Yard,set out,Louisville
CSX,M573-##,2188,Louisville Osborne Yard,pick up,Nashville
CSX,M573-##,2188,Louisville Osborne Yard,pick up,Bowling Green
CSX,M573-##,1489,Bowling Green CSX,set out,Bowling Green
CSX,M573-##,1489,Bowling Green CSX,pick up,Nashville
CSX,M574-##,1489,Bowling Green CSX,pick up,Cincinnati
CSX,M574-##,1489,Bowling Green CSX,set out,Bowling Green
CSX,M574-##,2188,Louisville Osborne Yard,set out,Selkirk
CSX,M574-##,2188,Louisville Osborne Yard,pick up,Cincinnati
CSX,M575-##,2188,Louisville Osborne Yard,set out,Louisville
CSX,M575-##,2188,Louisville Osborne Yard,pick up,Nashville
CSX,M575-##,2188,Louisville Osborne Yard,pick up,Bowling Green
CSX,M575-##,1489,Bowling Green CSX,set out,Bowling Green
CSX,M575-##,1489,Bowling Green CSX,pick up,Nashville
CSX,M576-##,2188,Louisville Osborne Yard,set out,Louisville
CSX,M576-##,2188,Louisville Osborne Yard,set out,Selkirk
CSX,M576-##,2188,Louisville Osborne Yard,pick up,North Vernon
CSX,M576-##,2188,Louisville Osborne Yard,pick up,Cincinnati
CSX,M576-##,2768,North Vernon,set out,North Vernon
CSX,M576-##,2768,North Vernon,pick up,Cincinnati
CSX,M601-##,2015,Mobile Sibert Yard,set out,Mobile
CSX,M385-##,1775,Rochester Goodman St. Yard,set out,Jordan Trash
CSX,M364-##,2307,Crestline,pick up,Cleveland
CSX,M364-##,1811,Cleveland Collinwood Yard,set out,Cleveland
CSX,M364-##,1811,Cleveland Collinwood Yard,pick up,Syracuse
CSX,M364-##,1625,Syracuse DeWitt Yard,set out,Syracuse
CSX,M364-##,2307,Crestline,pick up,Cleveland
CSX,M364-##,1811,Cleveland Collinwood Yard,set out,Cleveland
CSX,M364-##,1811,Cleveland Collinwood Yard,pick up,Selkirk
CSX,M400-##,2741,Fayetteville CSX,set out,Fayetteville
CSX,M401-##,2741,Fayetteville CSX,pick up,Florence
CSX,M409-##,1083,Richmond Acca Yard,set out,Richmond
CSX,M409-##,1083,Richmond Acca Yard,pick up,Waycross
CSX,M409-##,3143,Florence,set out,Florence
CSX,M364-##,2307,Crestline,pick up,Cleveland
CSX,M364-##,1811,Cleveland Collinwood Yard,set out,Cleveland
CSX,M364-##,1811,Cleveland Collinwood Yard,pick up,Ashtabula
CSX,M364-##,1811,Cleveland Collinwood Yard,pick up,Selkirk
CSX,M364-##,1924,West Ashtabula,set out,Ashtabula
CSX,M634-##,1028,Willard,set out,Willard
CSX,M634-##,2169,Fostoria C&O Yard,set out,Fostoria
CSX,M364-##,1811,Cleveland Collinwood Yard,set out,Cleveland
CSX,M364-##,1811,Cleveland Collinwood Yard,pick up,Selkirk
CSX,M384-##,1775,Rochester Goodman St. Yard,set out,Rochester
CSX,M384-##,1775,Rochester Goodman St. Yard,pick up,Selkirk
CSX,M384-##,1625,Syracuse DeWitt Yard,pick up,Selkirk
CSX,M385-##,1116,Rotterdam Jct.,set out,Rotterdamn
CSX,M385-##,1775,Rochester Goodman St. Yard,set out,Jordan Trash
CSX,M426-##,1027,Ayer Hill Yard,pick up,Portland Rigby
CSX,M427-##,1027,Ayer Hill Yard,set out,Ayer
CSX,M427-##,1027,Ayer Hill Yard,set out,East Deerfield
CSX,M427-##,1027,Ayer Hill Yard,pick up,Selkirk
CSX,M427-##,3239,Palmer CSX/MCER,pick up,Selkirk
CSX,M427-##,1002,W. Springfield,pick up,Selkirk
CSX,M508-##,1764,Walbridge,set out,LSRC
CSX,M508-##,1764,Walbridge,pick up,Detroit
CSX,M510-##,1455,Cincinnati Queensgate Yard,pick up,Detroit
CSX,M510-##,1764,Walbridge,set out,CN Toronto
CSX,M510-##,1764,Walbridge,pick up,Detroit
CSX,M520-##,2015,Mobile Sibert Yard,set out,Mobile
CSX,M520-##,2015,Mobile Sibert Yard,pick up,Nashville
CSX,M520-##,2015,Mobile Sibert Yard,pick up,Montgomery
CSX,M520-##,2015,Mobile Sibert Yard,pick up,and Waycross
CSX,M520-##,2108,Montgomery,set out,Montgomery
CSX,M520-##,2108,Montgomery,set out,Waycross
CSX,M520-##,2108,Montgomery,pick up,Birmingham
CSX,M520-##,2108,Montgomery,pick up,Birmingham Auto
CSX,M520-##,2108,Montgomery,pick up,Birmingham BNSF Autos
CSX,M520-##,2108,Montgomery,pick up,Nashville
CSX,M520-##,1805,Birmingham Boyles Yard,set out,Birmingham
CSX,M520-##,1805,Birmingham Boyles Yard,set out,Birmingham Auto
CSX,M520-##,1805,Birmingham Boyles Yard,set out,Birmingham BNSF Auto
CSX,M520-##,1805,Birmingham Boyles Yard,pick up,Nashville
CSX,M521-##,1805,Birmingham Boyles Yard,set out,CPKC Birmingham
CSX,M521-##,1805,Birmingham Boyles Yard,set out,Birmingham
CSX,M521-##,1805,Birmingham Boyles Yard,pick up,Mobile
CSX,M521-##,2108,Montgomery,set out,Montgomery
CSX,M521-##,2108,Montgomery,pick up,Mobile
CSX,M521-##,2015,Mobile Sibert Yard,set out,Mobile
CSX,M521-##,2015,Mobile Sibert Yard,set out,Theodore
CSX,M521-##,2015,Mobile Sibert Yard,pick up,UP Houston
CSX,M521-##,2015,Mobile Sibert Yard,pick up,UP New Orleans
CSX,M521-##,2015,Mobile Sibert Yard,pick up,New Orleans
CSX,M542-##,1224,Atlanta Howell Yard,set out,Atlanta
CSX,M542-##,1224,Atlanta Howell Yard,pick up,Cartersville
CSX,M542-##,1840,Cartersville,set out,Cartersville
CSX,M542-##,1840,Cartersville,pick up,Etowah
CSX,M542-##,1061,Etowah,set out,Etowah
CSX,M542-##,1061,Etowah,pick up,Knoxville
CSX,M542-##,1061,Etowah,pick up,Cincinnati
CSX,M542-##,2040,Knoxville CSX,set out,Knoxville
CSX,M542-##,2040,Knoxville CSX,pick up,Cincinnati
CSX,M574-##,1489,Bowling Green CSX,pick up,Cincinnati
CSX,M574-##,1489,Bowling Green CSX,set out,Bowling Green
CSX,M574-##,2188,Louisville Osborne Yard,set out,Selkirk
CSX,M574-##,2188,Louisville Osborne Yard,pick up,Cincinnati
CSX,M583-##,1819,Greenwood Maxwell Yard,set out,Greenwood
CSX,M583-##,1819,Greenwood Maxwell Yard,set out,Dixiana Autos
CSX,M583-##,1819,Greenwood Maxwell Yard,set out,Pick Up Hamlet
CSX,M583-##,1127,Hamlet,set out,Hamlet
CSX,M583-##,1127,Hamlet,pick up,Rocky Mount
CSX,M601-##,2015,Mobile Sibert Yard,set out,Mobile
CSX,M602-##,2108,Montgomery,set out,Rocky Mount
CSX,M602-##,2108,Montgomery,pick up,Waycross
CSX,M605-##,2442,West Point,pick up,CPKC Auto
CSX,M605-##,2015,Mobile Sibert Yard,pick up,New Orleans UP
CSX,M606-##,2108,Montgomery,pick up,Waycross
CSX,M634-##,2169,Fostoria C&O Yard,set out,Fostoria
CSX,M634-##,1924,West Ashtabula,pick up,Selkirk
CSX,M642-##,1534,Lafayette CSX Yard,set out,Chicago Clearing
CSX,M642-##,1534,Lafayette CSX Yard,set out,Lafayette NS
CSX,M642-##,1534,Lafayette CSX Yard,set out,Lafayette
CSX,M642-##,1534,Lafayette CSX Yard,pick up,Chicago Barr
CSX,M352-##,2949,Garrett,set out,Chicago Barr
CSX,M352-##,2949,Garrett,pick up,Chicago Clearing
CSX,M520-##,2015,Mobile Sibert Yard,set out,Mobile
CSX,M520-##,2108,Montgomery,set out,Montgomery
CSX,M520-##,2108,Montgomery,pick up,Birmingham
CSX,M520-##,2108,Montgomery,pick up,Birmingham Auto
CSX,M520-##,2108,Montgomery,pick up,Birmingham BNSF Autos
CSX,M520-##,2108,Montgomery,pick up,Nashville
CSX,M520-##,1805,Birmingham Boyles Yard,set out,Birmingham
CSX,M520-##,1805,Birmingham Boyles Yard,set out,Birmingham Auto
CSX,M520-##,1805,Birmingham Boyles Yard,set out,Birmingham BNSF Auto
CSX,M520-##,1805,Birmingham Boyles Yard,pick up,Cincinnati
CSX,M520-##,1805,Birmingham Boyles Yard,pick up,Nashville
CSX,M520-##,1865,Nashville Radnor Yard,set out,Nashville
CSX,M520-##,1865,Nashville Radnor Yard,pick up,Cincinnati
CSX,M520-##,2188,Louisville Osborn Yard,pick up,Cincinnati
CSX,M513-##,1159,Evansville Howell Yard,set out,Evansville
CSX,M513-##,1159,Evansville Howell Yard,pick up,Nashville
CSX,M582-##,1127,Hamlet,pick up,Nashville
CSX,M582-##,1127,Hamlet,pick up,Greenwood
CSX,M582-##,1819,Greenwood Maxwell Yard,set out,Greenwood
CSX,M582-##,1819,Greenwood Maxwell Yard,pick up,Nashville
CSX,M582-##,1840,Cartersville,pick up,Nashville
CSX,M583-##,1819,Greenwood Maxwell Yard,set out,Greenwood
CSX,M583-##,1819,Greenwood Maxwell Yard,pick up,Hamlet
CSX,M583-##,1127,Hamlet,set out,Hamlet
CSX,M583-##,1127,Hamlet,pick up,Rocky Mount
CSX,M367-##,1625,Syracuse DeWitt Yard,pick up,Chicago Clearing
CSX,M367-##,1811,Cleveland Collinwood Yard,pick up,Chicago Clearing
CSX,M367-##,2949,Garrett,pick up,Chicago Clearing
CSX,M370-##,1028,Willard,set out,Willard
CSX,M370-##,1028,Willard,pick up,Cumberland
CSX,M370-##,1922,Cumberland,set out,Cumberland
CSX,M370-##,1922,Cumberland,pick up,Rocky Mount
CSX,M415-##,1083,Richmond Acca Yard,set out,Richmond Acca
CSX,M415-##,1083,Richmond Acca Yard,pick up,Rocky Mount
CSX,M492-##,1208,Charleston Bennett Yard,set out,Charleston
CSX,M492-##,1208,Charleston Bennett Yard,pick up,Florence
CSX,M492-##,3143,Florence,set out,Florence
CSX,M492-##,3143,Florence,pick up,Rocky Mount
CSX,M368-##,1811,Cleveland Collinwood Yard,set out,Cleveland
CSX,M368-##,1775,Rochester Goodman St. Yard,pick up,Selkirk
CSX,M511-##,1739,Plymouth,pick up,Walbridge
CSX,M511-##,1764,Walbridge,pick up,Cincinnati
CSX,M370-##,1028,Willard,set out,Willard
CSX,M370-##,1028,Willard,pick up,Cumberland
CSX,M405-##,1109,Jersey City N Bergen Yard CSX,set out,North Bergen
CSX,M642-##,1534,Lafayette CSX Yard,pick up,Chicago Barr
CSX,M642-##,1534,Lafayette CSX Yard,pick up,Nashville
CSX,M512-##,1159,Evansville Howell Yard,set out,Evansville
CSX,M512-##,1159,Evansville Howell Yard,set out,EVWR
CSX,M512-##,1159,Evansville Howell Yard,pick up,Avon
CSX,M491-##,2741,Fayetteville CSX,pick up,Florence
CSX,M491-##,3143,Florence,set out,Florence
CSX,M491-##,3143,Florence,pick up,Charleston
CSX,M491-##,1208,Charleston Bennett Yard,set out,Charleston
CSX,M491-##,1208,Charleston Bennett Yard,pick up,Waycross
CSX,M408-##,3143,Florence,pick up,Fayetteville
CSX,M408-##,3143,Florence,pick up,Cumberland
CSX,M408-##,2741,Fayetteville CSX,set out,Fayetteville
CSX,M510-##,1764,Walbridge,pick up,Detroit
CSX,M367-##,1543,Buffalo Frontier Yard,pick up,Chicago Clearing
CSX,M367-##,1811,Cleveland Collinwood Yard,pick up,Chicago Clearing
CSX,M367-##,2949,Garrett,pick up,Chicago Clearing
CSX,M566-##,1490,New Boston,pick up,Cincinnati
CSX,M566-##,1764,Walbridge,set out,Cincinnati
CSX,M566-##,1764,Walbridge,pick up,Willard
CSX,M566-##,1764,Walbridge,pick up,Selkirk
CSX,M566-##,1028,Willard,set out,Willard
CSX,M566-##,1811,Cleveland Collinwood Yard,set out,Cleveland
CSX,M566-##,1811,Cleveland Collinwood Yard,pick up,Ashtabula
CSX,M566-##,1924,West Ashtabula,set out,Ashtabula
CSX,M635-##,2169,Fostoria C&O Yard,pick up,Columbus
CSX,M431-##,2219,McKeesport Demmler Yard,pick up,Willard
CSX,M431-##,1078,New Castle CSX,pick up,Willard
CSX,M431-##,1975,Clinton Warwick Yard,pick up,Willard
CSX,M430-##,1975,Clinton Warwick Yard,set out,Warwick
CSX,M430-##,1078,New Castle CSX,set out,New Castle
CSX,M430-##,2219,McKeesport Demmler Yard,set out,Demmler
CSX,M429-##,1028,Willard,set out,Willard
CSX,M429-##,1028,Willard,pick up,Garrett
CSX,M429-##,1028,Willard,pick up,Chicago Barr
CSX,M429-##,1028,Willard,pick up,Chicago IHB
CSX,M429-##,1028,Willard,pick up,Chicago CN
CSX,M429-##,2949,Garrett,set out,Garrett
CSX,M429-##,2949,Garrett,set out,Chicago CN
CSX,M503-##,1087,Terre Haute Baker Yard,set out,INRD
CSX,M514-##,1805,Birmingham Boyles Yard,pick up,Nashville
CSX,M410-##,3143,Florence,set out,Florence
CSX,M410-##,3143,Florence,pick up,Selkirk
CSX,M410-##,2164,Baltimore Bay View CSX Yard,pick up,Selkirk
CSX,M419-##,1109,Jersey City N Bergen Yard CSX,set out,North Bergen
CSX,M419-##,1788,Philadelphia Eastside Yard,pick up,Collier Trash
CSX,M419-##,2164,Baltimore Bay View CSX Yard,set out,Baltimore Curtis Bay
CSX,M419-##,1083,Richmond Acca Yard,pick up,Rocky Mount
CSX,M419-##,2251,Petersburg Collier Yard,set out,Collier Trash
CSX,M419-##,2251,Petersburg Collier Yard,pick up,Rocky Mount
CSX,M418-##,2251,Petersburg Collier Yard,set out,Collier
CSX,M418-##,2251,Petersburg Collier Yard,pick up,Selkirk
CSX,M418-##,2251,Petersburg Collier Yard,pick up,Oak Island Trash
CSX,M418-##,2251,Petersburg Collier Yard,pick up,Selkirk Trash
CSX,M418-##,1788,Philadelphia Eastside Yard,set out,Oak Island Trash
CSX,M428-##,1490,New Boston,pick up,Cincinnati
CSX,M428-##,1764,Walbridge,set out,Cincinnati
CSX,M428-##,1764,Walbridge,pick up,Willard
CSX,M428-##,1764,Walbridge,pick up,Selkirk
CSX,M428-##,1028,Willard,set out,Willard
CSX,M428-##,1811,Cleveland Collinwood Yard,set out,Cleveland
CSX,M428-##,1811,Cleveland Collinwood Yard,pick up,Selkirk
CSX,M566-##,1028,Willard,set out,Willard
CSX,M566-##,1028,Willard,set out,Cumberland
CSX,M566-##,1028,Willard,pick up,Cleveland Collinwood
CSX,M565-##,1543,Buffalo Frontier Yard,pick up,Chicago Barr
CSX,M565-##,1543,Buffalo Frontier Yard,pick up,Cleveland
CSX,M565-##,1924,West Ashtabula,pick up,Cleveland
CSX,M565-##,1811,Cleveland Collinwood Yard,set out,Detoit
CSX,M565-##,1811,Cleveland Collinwood Yard,set out,Cleveland
CSX,M565-##,1811,Cleveland Collinwood Yard,set out,Walbridge Auto
CSX,M565-##,1811,Cleveland Collinwood Yard,pick up,Chicago IHB
CSX,M565-##,1028,Willard,pick up,Garrett
CSX,M565-##,2949,Garrett,set out,Garrett
CSX,M565-##,2949,Garrett,pick up,Chicago Barr
CSX,M565-##,2949,Garrett,pick up,Chicago IHB
CSX,M565-##,2949,Garrett,pick up,Chicago CN
CSX,M561-##,1543,Buffalo Frontier Yard,set out,Buffalo
CSX,M561-##,1543,Buffalo Frontier Yard,pick up,Cincinnati
CSX,M627-##,1116,Rotterdam Jct.,set out,Rotterdamn
CSX,M627-##,1775,Rochester Goodman St. Yard,set out,Jordan Trash
CSX,M363-##,1625,Syracuse DeWitt Yard,pick up,Buffalo
CSX,M363-##,1543,Buffalo Frontier Yard,set out,Buffalo CN
CSX,M363-##,1543,Buffalo Frontier Yard,pick up,Avon
CSX,M363-##,1811,Cleveland Collinwood Yard,pick up,Crestline
CSX,M363-##,1811,Cleveland Collinwood Yard,pick up,Avon
CSX,M363-##,2307,Crestline,set out,Crestline
CSX,M363-##,2307,Crestline,pick up,Avon
CSX,M368-##,1811,Cleveland Collinwood Yard,set out,Cleveland
CSX,M368-##,1811,Cleveland Collinwood Yard,pick up,Buffalo
CSX,M368-##,1543,Buffalo Frontier Yard,set out,Buffalo
CSX,M368-##,1775,Rochester Goodman St. Yard,pick up,Selkirk
CSX,M560-##,1811,Cleveland Collinwood Yard,set out,Cleveland
CSX,M560-##,1811,Cleveland Collinwood Yard,pick up,West Ashtabula
CSX,M560-##,1811,Cleveland Collinwood Yard,pick up,Rochester
CSX,M560-##,1811,Cleveland Collinwood Yard,pick up,Syracuse
CSX,M560-##,1924,West Ashtabula,set out,West Ashtabula
CSX,M560-##,1543,Buffalo Frontier Yard,pick up,Syracuse
CSX,M560-##,1775,Rochester Goodman St. Yard,set out,Rochester
CSX,M560-##,1625,Syracuse DeWitt Yard,set out,Syracuse
CSX,M352-##,2949,Garrett,set out,Chicago Barr
CSX,M407-##,3143,Florence,set out,Florence
CSX,M416-##,2251,Petersburg Collier Yard,pick up,Richmond Acca
CSX,M416-##,1083,Richmond Acca Yard,set out,Richmond Acca
CSX,M416-##,1083,Richmond Acca Yard,pick up,Cumberland
CSX,M369-##,1028,Willard,set out,Chicago Barr
CSX,M369-##,1028,Willard,pick up,Chicago Clearing
CSX,M582-##,1127,Hamlet,set out,Hamlet
CSX,M582-##,1127,Hamlet,set out,Cincinnati
CSX,M582-##,1127,Hamlet,pick up,Greenwood
CSX,M582-##,1127,Hamlet,pick up,Nashville
CSX,M582-##,1819,Greenwood Maxwell Yard,set out,Greenwood
CSX,M582-##,1819,Greenwood Maxwell Yard,pick up,Nashville
CSX,M582-##,1840,Cartersville,pick up,Nashville
CSX,M416-##,1083,Richmond Acca Yard,set out,Richmond Acca
CSX,M416-##,1083,Richmond Acca Yard,pick up,Cumberland
CSX,M410-##,3143,Florence,set out,Florence
CSX,M410-##,3143,Florence,pick up,Richmond
CSX,M410-##,3143,Florence,pick up,Selkirk
CSX,M410-##,1083,Richmond Acca Yard,set out,Richmond
CSX,M410-##,2164,Baltimore Bay View CSX Yard,pick up,Selkirk
CSX,M363-##,1625,Syracuse DeWitt Yard,pick up,Buffalo
CSX,M363-##,1543,Buffalo Frontier Yard,set out,Niagara Falls
CSX,M363-##,1543,Buffalo Frontier Yard,set out,Buffalo
CSX,M363-##,1543,Buffalo Frontier Yard,pick up,Avon
CSX,M363-##,1811,Cleveland Collinwood Yard,pick up,Crestline
CSX,M363-##,1811,Cleveland Collinwood Yard,pick up,Avon
CSX,M363-##,2307,Crestline,set out,Crestline
CSX,M363-##,2307,Crestline,pick up,Avon
CSX,M560-##,1811,Cleveland Collinwood Yard,set out,Cleveland
CSX,M560-##,1811,Cleveland Collinwood Yard,pick up,West Ashtabula
CSX,M560-##,1811,Cleveland Collinwood Yard,pick up,Rochester
CSX,M560-##,1811,Cleveland Collinwood Yard,pick up,Syracuse
CSX,M560-##,1924,West Ashtabula,set out,West Ashtabula
CSX,M560-##,1543,Buffalo Frontier Yard,pick up,Rochester
CSX,M560-##,1775,Rochester Goodman St. Yard,set out,Rochester
CSX,M560-##,1775,Rochester Goodman St. Yard,pick up,Selkirk
CSX,M560-##,1625,Syracuse DeWitt Yard,set out,Syracuse
CSX,M626-##,1625,Syracuse DeWitt Yard,set out,Syracuse
CSX,M626-##,1625,Syracuse DeWitt Yard,pick up,Selkirk
CSX,M565-##,1775,Rochester Goodman St. Yard,set out,Jordan Trash
CSX,M565-##,1543,Buffalo Frontier Yard,pick up,Chicago Barr
CSX,M565-##,1543,Buffalo Frontier Yard,pick up,Cleveland
CSX,M565-##,1924,West Ashtabula,pick up,Cleveland
CSX,M565-##,1811,Cleveland Collinwood Yard,set out,Detoit
CSX,M565-##,1811,Cleveland Collinwood Yard,set out,Cleveland
CSX,M565-##,1811,Cleveland Collinwood Yard,set out,Walbridge Auto
CSX,M565-##,1811,Cleveland Collinwood Yard,pick up,Chicago IHB
CSX,M565-##,1028,Willard,pick up,Garrett
CSX,M565-##,2949,Garrett,set out,Garrett
CSX,M565-##,2949,Garrett,pick up,Chicago Barr
CSX,M565-##,2949,Garrett,pick up,Chicago IHB
CSX,M565-##,2949,Garrett,pick up,Chicago CN
CSX,M367-##,1543,Buffalo Frontier Yard,pick up,Chicago Clearing
CSX,M369-##,1028,Willard,set out,Chicago Barr
CSX,M369-##,1028,Willard,pick up,Chicago Clearing
CSX,M369-##,2949,Garrett,pick up,Chicago Clearing
CSX,M352-##,2949,Garrett,set out,Garrett
CSX,M352-##,2949,Garrett,set out,Chicago Barr
CSX,M352-##,2949,Garrett,set out,Hammond Auto
CSX,M428-##,1764,Walbridge,set out,Auto
CSX,M428-##,1764,Walbridge,pick up,Selkirk
CSX,M428-##,1764,Walbridge,pick up,Willard
CSX,M428-##,1028,Willard,set out,Willard
CSX,M428-##,1811,Cleveland Collinwood Yard,set out,Cleveland
CSX,M428-##,1811,Cleveland Collinwood Yard,pick up,Ahstabula
CSX,M428-##,1811,Cleveland Collinwood Yard,pick up,Buffalo
CSX,M428-##,1924,West Ashtabula,set out,Ashtabula
CSX,M368-##,1811,Cleveland Collinwood Yard,set out,Cleveland
CSX,M368-##,1811,Cleveland Collinwood Yard,pick up,Buffalo
CSX,M368-##,1811,Cleveland Collinwood Yard,pick up,Selkirk
CSX,M368-##,1543,Buffalo Frontier Yard,set out,Buffalo
CSX,M368-##,1543,Buffalo Frontier Yard,pick up,Selkirk
CSX,M368-##,1543,Buffalo Frontier Yard,pick up,Selkirk Auto
CSX,M370-##,1028,Willard,set out,Willard
CSX,M370-##,1028,Willard,pick up,Cumberland
CSX,M408-##,3143,Florence,set out,Florence
CSX,M408-##,3143,Florence,pick up,Fayetteville
CSX,M408-##,3143,Florence,pick up,Cumberland
CSX,M408-##,2741,Fayetteville CSX,set out,Fayetteville
CSX,M416-##,1083,Richmond Acca Yard,set out,Richmond Acca
CSX,M416-##,1083,Richmond Acca Yard,pick up,Cumberland
CSX,M407-##,1083,Richmond Acca Yard,set out,Richmond
CSX,M407-##,3143,Florence,set out,Florence
CSX,M407-##,3143,Florence,pick up,Waycross
CSX,M419-##,1788,Philadelphia Eastside Yard,pick up,Collier Trash
CSX,M419-##,2164,Baltimore Bay View CSX Yard,set out,Baltimore Curtis Bay
CSX,M419-##,1083,Richmond Acca Yard,pick up,Hahn
CSX,M419-##,1083,Richmond Acca Yard,pick up,Rocky Mount
CSX,M419-##,2251,Petersburg Collier Yard,set out,Hahn
CSX,M419-##,2251,Petersburg Collier Yard,set out,Collier
CSX,M419-##,2251,Petersburg Collier Yard,pick up,Rocky Mount
CSX,M418-##,2251,Petersburg Collier Yard,set out,Collier
CSX,M418-##,2251,Petersburg Collier Yard,pick up,Selkirk
CSX,M418-##,2251,Petersburg Collier Yard,pick up,Oak Island Trash
CSX,M418-##,2251,Petersburg Collier Yard,pick up,Selkirk Trash
CSX,M418-##,1788,Philadelphia Eastside Yard,set out,Oak Island Trash
CSX,M418-##,1109,Jersey City N Bergen Yard CSX,pick up,Selkirk
CSX,M409-##,1083,Richmond Acca Yard,set out,Richmond
CSX,M409-##,1083,Richmond Acca Yard,pick up,Waycross
CSX,M409-##,3143,Florence,set out,Florence
CSX,M409-##,3359,Savannah Southover Yard,pick up,Waycross
CSX,M410-##,3143,Florence,set out,Florence
CSX,M410-##,3143,Florence,pick up,Richmond
CSX,M410-##,3143,Florence,pick up,Selkirk
CSX,M410-##,1083,Richmond Acca Yard,set out,Richmond
CSX,M410-##,1083,Richmond Acca Yard,pick up,Selkirk
CSX,M410-##,2164,Baltimore Bay View CSX Yard,pick up,Selkirk
CSX,M510-##,1764,Walbridge,set out,Walbridge Autos
CSX,M510-##,1764,Walbridge,set out,Pick Up Detroit
CSX,M507-##,3809,Lima Robb Ave. Yard CSX,pick up,Cincinnati
CSX,M502-##,1087,Terre Haute Baker Yard,pick up,Chicago Clearing
CSX,M506-##,3809,Lima Robb Ave. Yard CSX,set out,CFE
CSX,M506-##,3809,Lima Robb Ave. Yard CSX,set out,Lima
CSX,M506-##,3809,Lima Robb Ave. Yard CSX,pick up,Walbridge
CSX,M513-##,1159,Evansville Howell Yard,set out,Evansville
CSX,M513-##,1159,Evansville Howell Yard,pick up,Nashville
CSX,M513-##,1951,Hopkinsville Casky Yard,set out,Hopkinsville Frame Flat
CSX,M512-##,1951,Hopkinsville Casky Yard,pick up,Wentzville Auto Frame
CSX,M512-##,1159,Evansville Howell Yard,pick up,Avon
CSX,M492-##,3359,Savannah Southover Yard,pick up,Florence
CSX,M492-##,1208,Charleston Bennett Yard,set out,Charleston
CSX,M492-##,1208,Charleston Bennett Yard,pick up,Florence
CSX,M492-##,3143,Florence,set out,Florence
CSX,M492-##,3143,Florence,pick up,Rocky Mount
CSX,M491-##,2741,Fayetteville CSX,pick up,Florence
CSX,M491-##,3143,Florence,set out,Florence
CSX,M491-##,3143,Florence,pick up,Savannah
CSX,M491-##,3143,Florence,pick up,Charleston
CSX,M491-##,1208,Charleston Bennett Yard,set out,Charleston
CSX,M491-##,1208,Charleston Bennett Yard,pick up,Waycross
CSX,M491-##,3359,Savannah Southover Yard,set out,Savannah
CSX,M503-##,1087,Terre Haute Baker Yard,set out,INRD
CSX,M503-##,1159,Evansville Howell Yard,pick up,Nashville
CSX,M524-##,2108,Montgomery,set out,Waycross
CSX,M524-##,2108,Montgomery,set out,Montgomery
CSX,M524-##,2108,Montgomery,pick up,Nashville
CSX,M524-##,1805,Birmingham Boyles Yard,pick up,Nashville Manifest
CSX,M524-##,1805,Birmingham Boyles Yard,pick up,Auto
CSX,M523-##,1437,Decatur Oakworth Yard,set out,Oakworth
CSX,M523-##,2108,Montgomery,set out,Montgomery
CSX,M523-##,2108,Montgomery,pick up,Mobile
CSX,M520-##,2015,Mobile Sibert Yard,set out,Mobile
CSX,M520-##,2015,Mobile Sibert Yard,pick up,Birmingham
CSX,M520-##,2015,Mobile Sibert Yard,pick up,Nashville
CSX,M520-##,2015,Mobile Sibert Yard,pick up,Waycross
CSX,M520-##,2015,Mobile Sibert Yard,pick up,Montgomery
CSX,M520-##,2108,Montgomery,set out,Montgomery
CSX,M520-##,2108,Montgomery,set out,Waycross
CSX,M520-##,2108,Montgomery,pick up,Birmingham
CSX,M520-##,2108,Montgomery,pick up,Birmingham Auto
CSX,M520-##,2108,Montgomery,pick up,Birmingham BNSF Auto
CSX,M520-##,1805,Birmingham Boyles Yard,set out,Birmingham
CSX,M520-##,1805,Birmingham Boyles Yard,set out,Birmingham Auto
CSX,M520-##,1805,Birmingham Boyles Yard,set out,Birmingham BNSF Auto
CSX,M520-##,1805,Birmingham Boyles Yard,pick up,Cincinnati
CSX,M520-##,1805,Birmingham Boyles Yard,pick up,Nashville
CSX,M520-##,1865,Nashville Radnor Yard,set out,Nashville
CSX,M520-##,1865,Nashville Radnor Yard,pick up,Cincinnati
CSX,M520-##,2188,Louisville Osborn Yard,pick up,Cincinnati manifest
CSX,M521-##,1805,Birmingham Boyles Yard,set out,CPKC Birmingham
CSX,M521-##,1805,Birmingham Boyles Yard,set out,Birmingham
CSX,M521-##,1805,Birmingham Boyles Yard,pick up,Mobile
CSX,M521-##,2108,Montgomery,set out,Montgomery
CSX,M521-##,2108,Montgomery,pick up,Mobile
CSX,M521-##,2015,Mobile Sibert Yard,set out,Mobile
CSX,M541-##,2040,Knoxville CSX,pick up,Etowah
CSX,M541-##,1061,Etowah,set out,Etowah
CSX,M541-##,1061,Etowah,pick up,Cartersville
CSX,M541-##,1061,Etowah,pick up,Waycross
CSX,M541-##,1840,Cartersville,set out,Cartersville
CSX,M541-##,1840,Cartersville,pick up,Waycross
CSX,M541-##,1224,Atlanta Howells Transfer Yard,pick up,Waycross
CSX,M542-##,1224,Atlanta Howell Yard,set out,Atlanta
CSX,M542-##,1224,Atlanta Howell Yard,pick up,Cartersville
CSX,M542-##,1840,Cartersville,set out,Cartersville
CSX,M542-##,1840,Cartersville,pick up,Etowah
CSX,M542-##,1061,Etowah,set out,Etowah
CSX,M542-##,1061,Etowah,pick up,Knoxville
CSX,M542-##,1061,Etowah,pick up,Cincinnati
CSX,M542-##,2040,Knoxville CSX,set out,Knoxville
CSX,M542-##,2040,Knoxville CSX,pick up,Cincinnati
CSX,M544-##,1840,Cartersville,set out,Cartersville
CSX,M544-##,1840,Cartersville,pick up,Etowah
CSX,M544-##,1061,Etowah,set out,Etowah
CSX,M544-##,1061,Etowah,pick up,Knoxville Cincinnati
CSX,M544-##,2040,Knoxville CSX,set out,Knoxville
CSX,M544-##,2040,Knoxville CSX,pick up,Cincinnati
CSX,M543-##,2040,Knoxville CSX,pick up,Etowah
CSX,M543-##,1061,Etowah,set out,Etowah
CSX,M543-##,1061,Etowah,pick up,Cartersville
CSX,M543-##,1061,Etowah,pick up,Waycross
CSX,M543-##,1840,Cartersville,set out,Cartersville
CSX,M543-##,1840,Cartersville,pick up,Waycross
CSX,M560-##,1028,Willard,set out,Willard
CSX,M560-##,1028,Willard,set out,Wheeling
CSX,M560-##,1028,Willard,set out,Lake Erie
CSX,M560-##,1811,Cleveland Collinwood Yard,set out,Cleveland
CSX,M560-##,1811,Cleveland Collinwood Yard,pick up,West Ashtabula
CSX,M560-##,1811,Cleveland Collinwood Yard,pick up,Dunkirk Stone Loads
CSX,M560-##,1811,Cleveland Collinwood Yard,pick up,Rochester
CSX,M560-##,1811,Cleveland Collinwood Yard,pick up,Syracuse
CSX,M560-##,1811,Cleveland Collinwood Yard,pick up,Syracuse NYSW
CSX,M560-##,1811,Cleveland Collinwood Yard,pick up,Selkirk
CSX,M560-##,1924,West Ashtabula,set out,Dunkirk Stone Loads
CSX,M560-##,1924,West Ashtabula,set out,West Ashtabula
CSX,M560-##,1543,Buffalo Frontier Yard,pick up,Rochester
CSX,M560-##,1543,Buffalo Frontier Yard,pick up,Selkirk
CSX,M560-##,1775,Rochester Goodman St. Yard,set out,Rochester
CSX,M560-##,1775,Rochester Goodman St. Yard,pick up,Selkirk
CSX,M560-##,1625,Syracuse DeWitt Yard,set out,Syracuse
CSX,M560-##,1625,Syracuse DeWitt Yard,set out,Syracuse NYSW
CSX,M652-##,1269,Johnson City High Line Yard,pick up,Kingsport
CSX,M652-##,1269,Johnson City High Line Yard,pick up,Russell
CSX,M652-##,2342,Kingsport CSX,pick up,Russell
CSX,M652-##,2342,Kingsport CSX,pick up,Cincinnati
CSX,M575-##,2188,Louisville Osborne Yard,set out,Louisville
CSX,M575-##,2188,Louisville Osborne Yard,pick up,Nashville
CSX,M575-##,2188,Louisville Osborne Yard,pick up,Bowling Green
CSX,M575-##,1489,Bowling Green CSX,set out,Bowling Green
CSX,M575-##,1489,Bowling Green CSX,pick up,Nashville
CSX,M574-##,1489,Bowling Green CSX,pick up,Cincinnati
CSX,M574-##,1489,Bowling Green CSX,set out,Bowling Green
CSX,M574-##,2188,Louisville Osborne Yard,pick up,Cincinnati
CSX,M605-##,2015,Mobile Sibert Yard,pick up,New Orleans UP
CSX,M602-##,2108,Montgomery,set out,Lawrenceville Autos
CSX,M602-##,2108,Montgomery,set out,Pick Up Waycross
CSX,M601-##,2015,Mobile Sibert Yard,set out,Mobile
CSX,M601-##,2015,Mobile Sibert Yard,pick up,New Orleans UP
CSX,M634-##,2169,Fostoria C&O Yard,set out,Fostoria
CSX,M634-##,2169,Fostoria C&O Yard,pick up,Selkirk Trash
CSX,M565-##,1625,Syracuse DeWitt Yard,pick up,Buffalo
CSX,M565-##,1775,Rochester Goodman St. Yard,set out,Jordan Trash
CSX,M565-##,1543,Buffalo Frontier Yard,set out,Buffalo
CSX,M565-##,1543,Buffalo Frontier Yard,pick up,Cleveland
CSX,M565-##,1543,Buffalo Frontier Yard,pick up,Chicago Barr
CSX,M565-##,1924,West Ashtabula,pick up,Cleveland Manifest
CSX,M565-##,1811,Cleveland Collinwood Yard,set out,Cleveland
CSX,M565-##,1811,Cleveland Collinwood Yard,set out,Detroit
CSX,M565-##,1811,Cleveland Collinwood Yard,pick up,Carey Open Hopper
CSX,M565-##,1028,Willard,set out,Willard
CSX,M565-##,1028,Willard,set out,Carey
CSX,M565-##,1028,Willard,set out,Monesson
CSX,M565-##,1028,Willard,pick up,Garrett
CSX,M565-##,2949,Garrett,set out,Garrett
CSX,M565-##,2949,Garrett,pick up,Chicago Barr
CSX,M565-##,2949,Garrett,pick up,Chicago CN
CSX,M641-##,1534,Lafayette CSX Yard,pick up,Avon
CSX,M653-##,2342,Kingsport CSX,set out,Kingsport
CSX,M653-##,2342,Kingsport CSX,pick up,Greenwood
CSX,M653-##,2342,Kingsport CSX,pick up,Hamlet
CSX,M653-##,1269,Johnson City High Line Yard,set out,Greenwood
CSX,M653-##,1269,Johnson City High Line Yard,set out,Augusta
CSX,M583-##,1819,Greenwood Maxwell Yard,set out,Greenwood
CSX,M583-##,1819,Greenwood Maxwell Yard,pick up,Hamlet
CSX,M583-##,1834,Chattanooga Wauhatchie CSX,set out,Chattanooga Wauhatchie
CSX,M583-##,1834,Chattanooga Wauhatchie CSX,pick up,Cartersville
CSX,M583-##,1834,Chattanooga Wauhatchie CSX,pick up,Atlanta
CSX,M583-##,1840,Cartersville,set out,Cartersville
CSX,M583-##,1840,Cartersville,pick up,Atlanta
CSX,M583-##,1224,Atlanta Howells Transfer Yard,set out,Atlanta
CSX,M583-##,1224,Atlanta Howells Transfer Yard,pick up,Greenwood
CSX,M583-##,1819,Greenwood Maxwell Yard,set out,Greenwood
CSX,M583-##,1819,Greenwood Maxwell Yard,pick up,Rocky Mount
CSX,M583-##,1819,Greenwood Maxwell Yard,pick up,Hamlet
CSX,M583-##,1127,Hamlet,set out,Hamlet
CSX,M583-##,1127,Hamlet,pick up,Rocky Mount
CSX,M626-##,1775,Rochester Goodman St. Yard,pick up,Selkirk Trash
CSX,M626-##,1625,Syracuse DeWitt Yard,set out,Syracuse
CSX,M626-##,1625,Syracuse DeWitt Yard,pick up,Selkirk
CSX,M582-##,1127,Hamlet,set out,Hamlet
CSX,M582-##,1127,Hamlet,pick up,Greenwood
CSX,M582-##,1127,Hamlet,pick up,Nashville
CSX,M582-##,1819,Greenwood Maxwell Yard,set out,Greenwood
CSX,M582-##,1819,Greenwood Maxwell Yard,pick up,Tyner Autoracks
CSX,M582-##,1819,Greenwood Maxwell Yard,pick up,Nashville
CSX,M561-##,1543,Buffalo Frontier Yard,set out,Buffalo
CSX,M561-##,1543,Buffalo Frontier Yard,pick up,Cincinnati
CSX,M561-##,1028,Willard,pick up,Lima
CSX,M561-##,1028,Willard,pick up,Cincinnati
CSX,M561-##,3809,Lima Robb Ave. Yard CSX,set out,Lima
CSX,M561-##,3809,Lima Robb Ave. Yard CSX,pick up,Cincinnati
CSX,M566-##,1028,Willard,set out,Willard
CSX,M566-##,1028,Willard,set out,Cumberland
CSX,M566-##,1028,Willard,pick up,Dunkirk Stone Loads
CSX,M566-##,1028,Willard,pick up,Cleveland Manifest
CSX,M566-##,1028,Willard,pick up,Rochester Salt Empties
CSX,M582-##,1127,Hamlet,set out,Hamlet
CSX,M582-##,1127,Hamlet,pick up,Greenwood
CSX,M582-##,1127,Hamlet,pick up,Nashville
CSX,M582-##,1819,Greenwood Maxwell Yard,set out,Greenwood
CSX,M582-##,1819,Greenwood Maxwell Yard,pick up,Tyner Autoracks
CSX,M582-##,1819,Greenwood Maxwell Yard,pick up,Nashville
CSX,M582-##,1840,Cartersville,pick up,Nashville
CSX,M419-##,1109,Jersey City N Bergen Yard CSX,set out,North Bergen
CSX,M419-##,1109,Jersey City N Bergen Yard CSX,set out,NYSW
CSX,M419-##,1788,Philadelphia Eastside Yard,pick up,Collier Trash
CSX,M419-##,2164,Baltimore Bay View CSX Yard,set out,Baltimore Curtis Bay
CSX,M419-##,1083,Richmond Acca Yard,pick up,Hahn
CSX,M419-##,1083,Richmond Acca Yard,pick up,Rocky Mount
CSX,M419-##,2251,Petersburg Collier Yard,set out,Hahn
CSX,M419-##,2251,Petersburg Collier Yard,set out,Collier
CSX,M419-##,2251,Petersburg Collier Yard,pick up,Rocky Mount
CSX,M409-##,2164,Baltimore Bay View CSX Yard,set out,Baltimore Curtis Bay
CSX,M409-##,1083,Richmond Acca Yard,set out,Richmond
CSX,M409-##,1083,Richmond Acca Yard,pick up,Waycross
CSX,M409-##,3143,Florence,set out,Florence
CSX,M409-##,3143,Florence,pick up,Waycross
CSX,M418-##,2251,Petersburg Collier Yard,set out,Collier
CSX,M418-##,2251,Petersburg Collier Yard,pick up,Oak Island Trash
CSX,M418-##,2251,Petersburg Collier Yard,pick up,Selkirk Trash
CSX,M418-##,1788,Philadelphia Eastside Yard,set out,Oak Island Trash
CSX,M418-##,1788,Philadelphia Eastside Yard,pick up,Selkirk
CSX,M418-##,1109,Jersey City N Bergen Yard CSX,pick up,Selkirk
CSX,M653-##,2342,Kingsport CSX,set out,Kingsport
CSX,M653-##,2342,Kingsport CSX,pick up,Greenwood
CSX,M653-##,2342,Kingsport CSX,pick up,Hamlet
CSX,M653-##,1269,Johnson City High Line Yard,set out,Greenwood
CSX,M653-##,1269,Johnson City High Line Yard,set out,Augusta
CSX,M653-##,1909,Monroe,pick up,Florence
CSX,M653-##,1909,Monroe,pick up,Hamlet
CSX,M652-##,1909,Monroe,set out,Monroe
CSX,M652-##,1269,Johnson City High Line Yard,pick up,Kingsport
CSX,M652-##,1269,Johnson City High Line Yard,pick up,Russell
CSX,M652-##,2342,Kingsport CSX,pick up,Russell
CSX,M652-##,2342,Kingsport CSX,pick up,Cincinnati
CSX,M407-##,1083,Richmond Acca Yard,set out,Richmond
CSX,M408-##,1083,Richmond Acca Yard,pick up,Cumberland
CSX,M492-##,1208,Charleston Bennett Yard,set out,Charleston
CSX,M492-##,1208,Charleston Bennett Yard,pick up,Florence
CSX,M492-##,3143,Florence,set out,Florence
CSX,M492-##,3143,Florence,pick up,Fayetteville
CSX,M492-##,3143,Florence,pick up,Cumberland
CSX,M492-##,3143,Florence,pick up,Rocky Mount Manifest
CSX,M492-##,3143,Florence,pick up,Oak Island Trash
CSX,M492-##,2741,Fayetteville CSX,set out,Fayetteville
CSX,M410-##,3143,Florence,set out,Florence
CSX,M410-##,3143,Florence,pick up,Richmond
CSX,M410-##,3143,Florence,pick up,Selkirk
CSX,M410-##,1083,Richmond Acca Yard,set out,Richmond
CSX,M410-##,1083,Richmond Acca Yard,pick up,Selkirk
CSX,M410-##,2164,Baltimore Bay View CSX Yard,pick up,Selkirk
CSX,M410-##,1109,Jersey City N Bergen Yard CSX,pick up,Selkirk
CSX,M428-##,1490,New Boston,pick up,Selkirk
CSX,M428-##,1490,New Boston,pick up,Cincinnati
CSX,M428-##,1490,New Boston,pick up,Walbridge
CSX,M428-##,1490,New Boston,pick up,Twin Oaks
CSX,M428-##,1490,New Boston,pick up,Jessup
CSX,M428-##,1490,New Boston,pick up,FL Auto
CSX,M428-##,1764,Walbridge,set out,Auto
CSX,M428-##,1764,Walbridge,pick up,Selkirk
CSX,M428-##,1764,Walbridge,pick up,Willard
CSX,M428-##,1028,Willard,set out,Willard
CSX,M428-##,1811,Cleveland Collinwood Yard,set out,Cleveland
CSX,M428-##,1811,Cleveland Collinwood Yard,pick up,Ashtabula
CSX,M428-##,1811,Cleveland Collinwood Yard,pick up,Buffalo
CSX,M428-##,1924,West Ashtabula,set out,Ashtabula
CSX,M513-##,1159,Evansville Howell Yard,set out,Evansville
CSX,M513-##,1159,Evansville Howell Yard,pick up,Nashville
CSX,M513-##,1951,Hopkinsville Casky Yard,set out,Hopkinsville Frame Flat
CSX,M513-##,1951,Hopkinsville Casky Yard,pick up,Nashville
CSX,M641-##,1066,Chicago Barr Yard,pick up,Avon
CSX,M641-##,1534,Lafayette CSX Yard,pick up,Avon
CSX,M635-##,2169,Fostoria C&O Yard,pick up,Columbus
CSX,M635-##,3482,Marion CSX,pick up,Columbus
CSX,M561-##,1543,Buffalo Frontier Yard,pick up,Cleveland
CSX,M561-##,1543,Buffalo Frontier Yard,pick up,Cincinnati
CSX,M561-##,1028,Willard,pick up,Lima
CSX,M561-##,1028,Willard,pick up,Cincinnati
CSX,M561-##,3809,Lima Robb Ave. Yard CSX,set out,Lima
CSX,M561-##,3809,Lima Robb Ave. Yard CSX,pick up,Cincinnati
CSX,M565-##,1625,Syracuse DeWitt Yard,pick up,Buffalo
CSX,M565-##,1775,Rochester Goodman St. Yard,set out,Jordan Trash
CSX,M565-##,1543,Buffalo Frontier Yard,set out,Buffalo
CSX,M565-##,1543,Buffalo Frontier Yard,pick up,Cleveland
CSX,M565-##,1543,Buffalo Frontier Yard,pick up,Chicago Barr
CSX,M565-##,1924,West Ashtabula,pick up,Cleveland Manifest
CSX,M565-##,1811,Cleveland Collinwood Yard,set out,Cleveland
CSX,M565-##,1811,Cleveland Collinwood Yard,set out,Detroit
CSX,M565-##,1811,Cleveland Collinwood Yard,pick up,Carey Open Hopper
CSX,M565-##,1028,Willard,set out,Willard
CSX,M565-##,1028,Willard,set out,Carey
CSX,M565-##,1028,Willard,set out,Monesson
CSX,M565-##,1028,Willard,pick up,Garrett
CSX,M565-##,2949,Garrett,set out,Garrett
CSX,M565-##,2949,Garrett,pick up,Chicago Barr
CSX,M565-##,2949,Garrett,pick up,Chicago CN
CSX,M566-##,1028,Willard,set out,Demmler
CSX,M566-##,1028,Willard,set out,Cumberland
CSX,M566-##,1028,Willard,set out,Willard
CSX,M634-##,3352,Carey CSX,set out,Carey
CSX,M634-##,3352,Carey CSX,pick up,Dunkirk
CSX,M634-##,3352,Carey CSX,pick up,Lordstown Rock
CSX,M634-##,2169,Fostoria C&O Yard,set out,Fostoria
CSX,M634-##,2169,Fostoria C&O Yard,pick up,Selkirk Trash
CSX,M634-##,1028,Willard,set out,Dunkirk
CSX,M634-##,1028,Willard,set out,Lordstown Rock
CSX,M635-##,1028,Willard,pick up,Carey
CSX,M635-##,1028,Willard,pick up,Columbus
CSX,M635-##,2169,Fostoria C&O Yard,pick up,Columbus
CSX,M635-##,3352,Carey CSX,set out,Carey
CSX,M635-##,3352,Carey CSX,pick up,Columbus
CSX,M635-##,3482,Marion CSX,pick up,Columbus
CSX,M408-##,1083,Richmond Acca Yard,set out,Richmond
CSX,M408-##,1083,Richmond Acca Yard,pick up,Cumberland
CSX,M407-##,1083,Richmond Acca Yard,set out,Hopewell
CSX,M407-##,1083,Richmond Acca Yard,set out,Richmond
CSX,M415-##,1083,Richmond Acca Yard,set out,Hopewell
CSX,M415-##,1083,Richmond Acca Yard,set out,Richmond
CSX,M415-##,1083,Richmond Acca Yard,set out,Richmond
CSX,M415-##,1083,Richmond Acca Yard,pick up,Rocky Mount
CSX,M416-##,1083,Richmond Acca Yard,set out,Richmond Acca
CSX,M416-##,1083,Richmond Acca Yard,pick up,Cumberland
CSX,M418-##,2251,Petersburg Collier Yard,set out,Collier
CSX,M418-##,2251,Petersburg Collier Yard,pick up,Oak Island Trash
CSX,M418-##,2251,Petersburg Collier Yard,pick up,Selkirk Trash
CSX,M418-##,2164,Baltimore Bay View CSX Yard,pick up,Selkirk
CSX,M418-##,1788,Philadelphia Eastside Yard,set out,Oak Island Trash
CSX,M418-##,1788,Philadelphia Eastside Yard,pick up,Selkirk
CSX,M418-##,1109,Jersey City N Bergen Yard CSX,pick up,Selkirk
CSX,M419-##,1109,Jersey City N Bergen Yard CSX,set out,North Bergen
CSX,M419-##,1109,Jersey City N Bergen Yard CSX,set out,NYSW
CSX,M419-##,1788,Philadelphia Eastside Yard,pick up,Collier Trash
CSX,M419-##,1083,Richmond Acca Yard,pick up,Hahn
CSX,M419-##,1083,Richmond Acca Yard,pick up,Rocky Mount
CSX,M419-##,2251,Petersburg Collier Yard,set out,Hahn
CSX,M419-##,2251,Petersburg Collier Yard,set out,Collier
CSX,M419-##,2251,Petersburg Collier Yard,pick up,Rocky Mount
CSX,M409-##,2164,Baltimore Bay View CSX Yard,set out,Baltimore Curtis Bay
CSX,M409-##,1083,Richmond Acca Yard,set out,Richmond
CSX,M409-##,1083,Richmond Acca Yard,pick up,Waycross
CSX,M409-##,1148,Rocky Mount,set out,Rocky Mount
CSX,M409-##,3143,Florence,set out,Florence
CSX,M409-##,3143,Florence,pick up,Waycross
CSX,M491-##,2741,Fayetteville CSX,pick up,Florence
CSX,M491-##,3143,Florence,set out,Florence
CSX,M491-##,3143,Florence,pick up,Savannah
CSX,M491-##,3143,Florence,pick up,Charleston
CSX,M491-##,1208,Charleston Bennett Yard,set out,Charleston
CSX,M491-##,1208,Charleston Bennett Yard,set out,Waycross
CSX,M491-##,1208,Charleston Bennett Yard,pick up,Savannah
CSX,M491-##,1208,Charleston Bennett Yard,pick up,Augusta
CSX,M491-##,3359,Savannah Southover Yard,set out,Savannah
CSX,M491-##,3359,Savannah Southover Yard,set out,Augusta
CSX,M491-##,3359,Savannah Southover Yard,pick up,Waycross Manifest
CSX,M491-##,3359,Savannah Southover Yard,pick up,FL Auto
CSX,M492-##,3359,Savannah Southover Yard,set out,SVHO
CSX,M492-##,3359,Savannah Southover Yard,set out,GC
CSX,M492-##,3359,Savannah Southover Yard,pick up,Florence
CSX,M492-##,3359,Savannah Southover Yard,pick up,Charleston
CSX,M492-##,1208,Charleston Bennett Yard,set out,Charleston
CSX,M492-##,1208,Charleston Bennett Yard,pick up,Florence
CSX,M492-##,3143,Florence,set out,Florence
CSX,M492-##,3143,Florence,pick up,Fayetteville
CSX,M492-##,3143,Florence,pick up,Cumberland
CSX,M492-##,3143,Florence,pick up,Rocky Mount Manifest
CSX,M492-##,3143,Florence,pick up,Oak Island Trash
CSX,M492-##,2741,Fayetteville CSX,set out,Fayetteville
CSX,M583-##,1834,Chattanooga Wauhatchie CSX,set out,Chattanooga Wauhatchie
CSX,M583-##,1834,Chattanooga Wauhatchie CSX,pick up,Cartersville
CSX,M583-##,1834,Chattanooga Wauhatchie CSX,pick up,Atlanta
CSX,M583-##,1840,Cartersville,set out,Cartersville
CSX,M583-##,1840,Cartersville,pick up,Atlanta
CSX,M583-##,1224,Atlanta Howells Transfer Yard,set out,Atlanta
CSX,M583-##,1224,Atlanta Howells Transfer Yard,pick up,Greenwood
CSX,M583-##,1819,Greenwood Maxwell Yard,set out,Greenwood
CSX,M583-##,1819,Greenwood Maxwell Yard,pick up,Rocky Mount
CSX,M583-##,1819,Greenwood Maxwell Yard,pick up,Hamlet
CSX,M583-##,1127,Hamlet,set out,Hamlet
CSX,M583-##,1127,Hamlet,pick up,Rocky Mount
CSX,M428-##,1739,Plymouth North Yard,pick up,Walbridge
CSX,M428-##,1739,Plymouth North Yard,pick up,Hammond
CSX,M428-##,1739,Plymouth North Yard,pick up,Selkirk
CSX,M428-##,1739,Plymouth North Yard,pick up,Cincinnati
CSX,M428-##,1739,Plymouth North Yard,pick up,FL Auto
CSX,M428-##,1764,Walbridge,set out,Auto
CSX,M428-##,1764,Walbridge,pick up,Willard Manifest
CSX,M428-##,1028,Willard,set out,Willard
CSX,M428-##,1028,Willard,pick up,Cleveland Manifest
CSX,M428-##,1811,Cleveland Collinwood Yard,set out,Cleveland
CSX,M428-##,1811,Cleveland Collinwood Yard,pick up,Ashtabula
CSX,M428-##,1811,Cleveland Collinwood Yard,pick up,Buffalo
CSX,M428-##,1924,West Ashtabula,set out,Ashtabula
CSX,M514-##,1834,Chattanooga Wauhatchie CSX,pick up,Nashville
CSX,M605-##,2015,Mobile Sibert Yard,pick up,New Orleans UP
CSX,M560-##,1028,Willard,pick up,Cleveland
CSX,M560-##,1811,Cleveland Collinwood Yard,set out,Cleveland
CSX,M560-##,1811,Cleveland Collinwood Yard,pick up,West Ashtabula
CSX,M560-##,1811,Cleveland Collinwood Yard,pick up,Dunkirk Stone Loads
CSX,M560-##,1811,Cleveland Collinwood Yard,pick up,Rochester
CSX,M560-##,1811,Cleveland Collinwood Yard,pick up,Syracuse
CSX,M560-##,1811,Cleveland Collinwood Yard,pick up,Syracuse NYSW
CSX,M560-##,1811,Cleveland Collinwood Yard,pick up,Selkirk
CSX,M560-##,1924,West Ashtabula,set out,Dunkirk Stone Loads
CSX,M560-##,1924,West Ashtabula,set out,West Ashtabula
CSX,M560-##,1543,Buffalo Frontier Yard,pick up,Rochester
CSX,M560-##,1543,Buffalo Frontier Yard,pick up,Selkirk
CSX,M560-##,1775,Rochester Goodman St. Yard,set out,Rochester
CSX,M560-##,1775,Rochester Goodman St. Yard,pick up,Selkirk
CSX,M560-##,1625,Syracuse DeWitt Yard,set out,Syracuse
CSX,M560-##,1625,Syracuse DeWitt Yard,set out,Syracuse NYSW
CSX,M561-##,1543,Buffalo Frontier Yard,pick up,Cleveland
CSX,M561-##,1543,Buffalo Frontier Yard,pick up,Cincinnati
CSX,M561-##,1811,Cleveland Collinwood Yard,set out,Cleveland
CSX,M561-##,1811,Cleveland Collinwood Yard,pick up,Cincinnati
CSX,M428-##,1739,Plymouth North Yard,pick up,Walbridge
CSX,M428-##,1739,Plymouth North Yard,pick up,Hammond
CSX,M428-##,1739,Plymouth North Yard,pick up,Selkirk
CSX,M428-##,1739,Plymouth North Yard,pick up,Cincinnati
CSX,M428-##,1739,Plymouth North Yard,pick up,FL Auto
CSX,M428-##,1764,Walbridge,set out,Auto
CSX,M428-##,1764,Walbridge,pick up,Willard Manifest
CSX,M428-##,1028,Willard,set out,Willard
CSX,M428-##,1028,Willard,pick up,Cleveland Manifest
CSX,M428-##,1811,Cleveland Collinwood Yard,set out,Cleveland
CSX,M428-##,1811,Cleveland Collinwood Yard,pick up,Ashtabula
CSX,M428-##,1811,Cleveland Collinwood Yard,pick up,Buffalo
CSX,M428-##,1924,West Ashtabula,set out,Ashtabula
CSX,M506-##,3809,Lima Robb Ave. Yard CSX,set out,CFE
CSX,M506-##,3809,Lima Robb Ave. Yard CSX,pick up,Walbridge
CSX,M512-##,1951,Hopkinsville Casky Yard,pick up,Wentzville Auto Frame
CSX,M512-##,1159,Evansville Howell Yard,set out,Evansville
CSX,M561-##,1543,Buffalo Frontier Yard,pick up,Cincinnati
CSX,M561-##,1811,Cleveland Collinwood Yard,set out,Detroit
CSX,M561-##,1811,Cleveland Collinwood Yard,pick up,Cincinnati
CSX,M561-##,1028,Willard,set out,Willard
CSX,M561-##,1028,Willard,pick up,Cincinnati
CSX,M565-##,1625,Syracuse DeWitt Yard,pick up,Buffalo
CSX,M565-##,1775,Rochester Goodman St. Yard,set out,Jordan Trash
CSX,M565-##,1543,Buffalo Frontier Yard,set out,Buffalo
CSX,M565-##,1543,Buffalo Frontier Yard,pick up,Cleveland
CSX,M565-##,1543,Buffalo Frontier Yard,pick up,Chicago Barr
CSX,M565-##,1924,West Ashtabula,pick up,Cleveland Manifest
CSX,M506-##,3809,Lima Robb Ave. Yard CSX,set out,Lima
CSX,M358-##,2949,Garrett,pick up,Chicago CN
CSX,M363-##,1625,Syracuse DeWitt Yard,set out,Syracuse
CSX,M363-##,1625,Syracuse DeWitt Yard,pick up,Buffalo
CSX,M363-##,1543,Buffalo Frontier Yard,set out,Buffalo
CSX,M363-##,1543,Buffalo Frontier Yard,pick up,Avon
CSX,M363-##,1811,Cleveland Collinwood Yard,pick up,Crestline
CSX,M363-##,1811,Cleveland Collinwood Yard,pick up,Avon
CSX,M363-##,2307,Crestline,set out,Crestline
CSX,M363-##,2307,Crestline,pick up,Avon
CSX,M364-##,1811,Cleveland Collinwood Yard,set out,Cleveland
CSX,M364-##,1811,Cleveland Collinwood Yard,pick up,Selkirk
CSX,M407-##,1148,Rocky Mount,set out,Rocky Mount
CSX,M407-##,1148,Rocky Mount,set out,Pick Up Florence
CSX,M407-##,1148,Rocky Mount,set out,Waycross
CSX,M407-##,3143,Florence,set out,Florence
CSX,M407-##,3143,Florence,pick up,Waycross
CSX,M408-##,3143,Florence,set out,Florence
CSX,M408-##,3143,Florence,pick up,Cumberland
CSX,M408-##,1148,Rocky Mount,pick up,Cumberland
CSX,M416-##,1083,Richmond Acca Yard,set out,Richmond Acca
CSX,M416-##,1083,Richmond Acca Yard,pick up,Cumberland
CSX,M419-##,1109,Jersey City N Bergen Yard CSX,set out,North Bergen
CSX,M419-##,1109,Jersey City N Bergen Yard CSX,set out,NYSW
CSX,M419-##,1083,Richmond Acca Yard,pick up,Hahn
CSX,M419-##,1083,Richmond Acca Yard,pick up,Rocky Mount
CSX,M419-##,2251,Petersburg Collier Yard,set out,Hahn
CSX,M419-##,2251,Petersburg Collier Yard,set out,Collier
CSX,M419-##,2251,Petersburg Collier Yard,pick up,Rocky Mount
CSX,M503-##,1087,Terre Haute Baker Yard,set out,INRD
CSX,M503-##,1159,Evansville Howell Yard,set out,Waycross
CSX,M503-##,1159,Evansville Howell Yard,pick up,Nashville
CSX,M513-##,1159,Evansville Howell Yard,pick up,Nashville
CSX,M513-##,1951,Hopkinsville Casky Yard,set out,Hopkinsville Frame Flat
CSX,M516-##,1951,Hopkinsville Casky Yard,set out,Chicago Clearing
CSX,M516-##,1159,Evansville Howell Yard,pick up,Avon
CSX,M517-##,1085,Terre Haute Duane Yard,set out,Terre Haute Baker
CSX,M517-##,1159,Evansville Howell Yard,set out,Evansville
CSX,M517-##,1159,Evansville Howell Yard,pick up,Waycross
CSX,M502-##,1087,Terre Haute Baker Yard,set out,Terre Haute
CSX,M502-##,1087,Terre Haute Baker Yard,pick up,Chicago Clearing
CSX,M520-##,2015,Mobile Sibert Yard,set out,Mobile
CSX,M520-##,2015,Mobile Sibert Yard,pick up,Birmingham
CSX,M520-##,2015,Mobile Sibert Yard,pick up,Waycross
CSX,M520-##,2015,Mobile Sibert Yard,pick up,Montgomery
CSX,M520-##,2108,Montgomery,set out,Montgomery
CSX,M520-##,2108,Montgomery,set out,Waycross
CSX,M520-##,2108,Montgomery,pick up,Birmingham
CSX,M520-##,2108,Montgomery,pick up,Birmingham Auto
CSX,M520-##,2108,Montgomery,pick up,Birmingham BNSF Auto
CSX,M520-##,1805,Birmingham Boyles Yard,set out,Birmingham
CSX,M520-##,1805,Birmingham Boyles Yard,set out,Birmingham Auto
CSX,M520-##,1805,Birmingham Boyles Yard,set out,Birmingham BNSF Auto
CSX,M520-##,1805,Birmingham Boyles Yard,pick up,Cincinnati Manifest
CSX,M520-##,1805,Birmingham Boyles Yard,pick up,Selkirk Auto
CSX,M520-##,1865,Nashville Radnor Yard,pick up,Cincinnati
CSX,M520-##,2188,Louisville Osborn Yard,set out,Selkirk Auto
CSX,M520-##,2188,Louisville Osborn Yard,pick up,Cincinnati
CSX,M521-##,1805,Birmingham Boyles Yard,set out,CPKC Birmingham
CSX,M521-##,1805,Birmingham Boyles Yard,set out,Birmingham
CSX,M521-##,1805,Birmingham Boyles Yard,pick up,Mobile
CSX,M521-##,1805,Birmingham Boyles Yard,pick up,Montgomery
CSX,M521-##,2108,Montgomery,set out,Montgomery
CSX,M521-##,2015,Mobile Sibert Yard,set out,Mobile
CSX,M524-##,2108,Montgomery,set out,Waycross
CSX,M524-##,2108,Montgomery,set out,Montgomery
CSX,M524-##,2108,Montgomery,pick up,Nashville
CSX,M524-##,1805,Birmingham Boyles Yard,set out,Birmingham
CSX,M524-##,1805,Birmingham Boyles Yard,pick up,Nashville
CSX,M524-##,1437,Decatur Oakworth Yard,pick up,Nashville
CSX,M541-##,2040,Knoxville CSX,pick up,Etowah
CSX,M541-##,1061,Etowah,set out,Etowah
CSX,M541-##,1061,Etowah,pick up,Cartersville
CSX,M541-##,1061,Etowah,pick up,Waycross
CSX,M541-##,1840,Cartersville,set out,Cartersville
CSX,M541-##,1840,Cartersville,pick up,Waycross
CSX,M565-##,1625,Syracuse DeWitt Yard,pick up,Buffalo
CSX,M565-##,1775,Rochester Goodman St. Yard,set out,Jordan Trash
CSX,M565-##,1543,Buffalo Frontier Yard,set out,Buffalo
CSX,M565-##,1543,Buffalo Frontier Yard,pick up,Monesson Salt Loads
CSX,M565-##,1543,Buffalo Frontier Yard,pick up,Cleveland
CSX,M565-##,1924,West Ashtabula,pick up,Cleveland Manifest
CSX,M565-##,1811,Cleveland Collinwood Yard,set out,Cleveland
CSX,M565-##,1811,Cleveland Collinwood Yard,pick up,Chicago Barr
CSX,M565-##,1028,Willard,set out,Monesson Salt Loads
CSX,M565-##,1028,Willard,set out,Carey
CSX,M565-##,1028,Willard,pick up,Garrett
CSX,M565-##,1028,Willard,pick up,Chicago Barr (M369)
CSX,M565-##,2949,Garrett,set out,Garrett
CSX,M565-##,2949,Garrett,set out,Chicago CN (M352)
CSX,M565-##,2949,Garrett,pick up,Chicago Barr
CSX,M641-##,1066,Chicago Barr Yard,set out,Lansing
CSX,M641-##,1066,Chicago Barr Yard,pick up,Avon
CSX,M641-##,1534,Lafayette CSX Yard,pick up,Avon
CSX,M641-##,1534,Lafayette CSX Yard,pick up,Nashville
CSX,M642-##,1534,Lafayette CSX Yard,pick up,Chicago Barr
CSX,M642-##,1066,Chicago Barr Yard,set out,Chicago Barr
CSX,M642-##,1066,Chicago Barr Yard,pick up,Chicago Clearing
CSX,M652-##,1909,Monroe,set out,Monroe
CSX,M652-##,1269,Johnson City High Line Yard,pick up,Kingsport
CSX,M652-##,1269,Johnson City High Line Yard,pick up,Columbus (M692)
CSX,M652-##,1269,Johnson City High Line Yard,pick up,Russell
CSX,M652-##,2342,Kingsport CSX,set out,Kingsport
CSX,M652-##,2342,Kingsport CSX,pick up,Russell
CSX,M653-##,2342,Kingsport CSX,set out,Kingsport
CSX,M653-##,2342,Kingsport CSX,pick up,Greenwood
CSX,M653-##,2342,Kingsport CSX,pick up,Waycross
CSX,M653-##,2342,Kingsport CSX,pick up,Hamlet
CSX,M653-##,1269,Johnson City High Line Yard,set out,Greenwood
CSX,M653-##,1269,Johnson City High Line Yard,set out,Waycross
CSX,M653-##,1269,Johnson City High Line Yard,set out,Augusta
CSX,M653-##,1909,Monroe,pick up,Florence
CSX,M653-##,1909,Monroe,pick up,Hamlet
CSX,M352-##,2949,Garrett,set out,Garrett
CSX,M352-##,2949,Garrett,set out,Chicago Barr
CSX,M352-##,2949,Garrett,set out,Chicago Clearing
CSX,M352-##,2949,Garrett,pick up,Chicago CN
CSX,M352-##,2920,Gary Kirk Yard,set out,Chicago CN
CSX,M367-##,1543,Buffalo Frontier Yard,set out,Buffalo
CSX,M367-##,1543,Buffalo Frontier Yard,pick up,Chicago Clearing
CSX,M370-##,1028,Willard,set out,Willard
CSX,M370-##,1028,Willard,pick up,Cumberland
CSX,M408-##,3143,Florence,set out,Florence
CSX,M408-##,3143,Florence,pick up,Cumberland
CSX,M408-##,1148,Rocky Mount,pick up,Cumberland
CSX,M408-##,1083,Richmond Acca Yard,pick up,Cumberland
CSX,M410-##,3143,Florence,set out,Florence
CSX,M410-##,3143,Florence,pick up,Richmond
CSX,M410-##,3143,Florence,pick up,Selkirk
CSX,M410-##,1083,Richmond Acca Yard,set out,Richmond
CSX,M410-##,1083,Richmond Acca Yard,pick up,Selkirk
CSX,M410-##,2164,Baltimore Bay View CSX Yard,pick up,Selkirk
CSX,M410-##,1109,Jersey City N Bergen Yard CSX,pick up,Selkirk
CSX,M415-##,1083,Richmond Acca Yard,set out,Richmond
CSX,M415-##,1083,Richmond Acca Yard,set out,Hopewell
CSX,M415-##,1083,Richmond Acca Yard,pick up,Rocky Mount
CSX,M426-##,1027,Ayer Hill Yard,pick up,Portland Rigby
CSX,M492-##,3359,Savannah Southover Yard,set out,Savannah
CSX,M492-##,3359,Savannah Southover Yard,set out,GC
CSX,M492-##,3359,Savannah Southover Yard,pick up,Florence
CSX,M492-##,3359,Savannah Southover Yard,pick up,Charleston
CSX,M492-##,1208,Charleston Bennett Yard,set out,Charleston
CSX,M492-##,1208,Charleston Bennett Yard,pick up,Florence
CSX,M492-##,3143,Florence,set out,Florence
CSX,M492-##,3143,Florence,pick up,Fayetteville
CSX,M492-##,3143,Florence,pick up,Rocky Mount
CSX,M492-##,3143,Florence,pick up,Oak Island Trash
CSX,M492-##,2741,Fayetteville CSX,set out,Fayetteville
CSX,M503-##,1087,Terre Haute Baker Yard,set out,INRD
CSX,M503-##,1159,Evansville Howell Yard,pick up,Nashville
CSX,M517-##,1085,Terre Haute Duane Yard,set out,Terre Haute Baker
CSX,M542-##,1224,Atlanta Howell Yard,set out,Atlanta
CSX,M542-##,1224,Atlanta Howell Yard,pick up,Cartersville
CSX,M542-##,1840,Cartersville,set out,Cartersville
CSX,M542-##,1840,Cartersville,pick up,Cincinnati
CSX,M542-##,1840,Cartersville,pick up,Etowah
CSX,M542-##,1061,Etowah,set out,Etowah
CSX,M542-##,1061,Etowah,pick up,Knoxville
CSX,M542-##,1061,Etowah,pick up,Cincinnati
CSX,M542-##,2040,Knoxville CSX,set out,Knoxville
CSX,M542-##,2040,Knoxville CSX,pick up,Cincinnati
CSX,M566-##,2949,Garrett,set out,Garrett
CSX,M566-##,1028,Willard,set out,Cumberland
CSX,M566-##,1028,Willard,set out,Willard
CSX,M574-##,1489,Bowling Green CSX,pick up,Cincinnati
CSX,M574-##,1489,Bowling Green CSX,set out,Bowling Green
CSX,M574-##,2188,Louisville Osborne Yard,set out,Louisville
CSX,M574-##,2188,Louisville Osborne Yard,set out,Russell
CSX,M574-##,2188,Louisville Osborne Yard,pick up,Cincinnati
CSX,M626-##,1775,Rochester Goodman St. Yard,pick up,Selkirk Trash
CSX,M626-##,1625,Syracuse DeWitt Yard,set out,Syracuse
CSX,M626-##,1625,Syracuse DeWitt Yard,pick up,Selkirk
CSX,M641-##,1066,Chicago Barr Yard,pick up,Avon
CSX,M641-##,1534,Lafayette CSX Yard,pick up,Avon
CSX,M641-##,1534,Lafayette CSX Yard,pick up,Nashville
CSX,M653-##,2342,Kingsport CSX,set out,Kingsport
CSX,M653-##,2342,Kingsport CSX,pick up,Greenwood
CSX,M653-##,2342,Kingsport CSX,pick up,Waycross
CSX,M653-##,2342,Kingsport CSX,pick up,Hamlet
CSX,M653-##,1269,Johnson City High Line Yard,set out,Greenwood
CSX,M653-##,1269,Johnson City High Line Yard,set out,Waycross
CSX,M653-##,1909,Monroe,pick up,Florence
CSX,M653-##,1909,Monroe,pick up,Hamlet
CSX,M517-##,1085,Terre Haute Duane Yard,set out,Terre Haute Baker
CSX,M352-##,2949,Garrett,set out,Garrett
CSX,M352-##,2949,Garrett,set out,Chicago Barr
CSX,M352-##,2949,Garrett,pick up,Chicago Clearing
CSX,M561-##,1543,Buffalo Frontier Yard,pick up,Cincinnati
CSX,M561-##,1811,Cleveland Collinwood Yard,set out,Chicago Barr
CSX,M561-##,1811,Cleveland Collinwood Yard,pick up,Cincinnati
CSX,M561-##,1028,Willard,set out,Willard
CSX,M566-##,2949,Garrett,set out,Garrett
CSX,M566-##,1028,Willard,set out,Willard
CSX,M510-##,1764,Walbridge,set out,Walbridge Autos
CSX,M510-##,1764,Walbridge,set out,Pick Up Detroit Manifest
CSX,M510-##,1764,Walbridge,set out,Detroit Cleveland Cliffs Steel Loads (M568)
CSX,M510-##,1764,Walbridge,set out,Detroit Rock Loads
CSX,M510-##,1764,Walbridge,set out,Lansing
CSX,M635-##,3482,Marion CSX,pick up,Columbus
CSX,M560-##,1028,Willard,pick up,Cleveland
CSX,M560-##,1811,Cleveland Collinwood Yard,set out,Cleveland
CSX,M560-##,1811,Cleveland Collinwood Yard,pick up,West Ashtabula Manifest
CSX,M560-##,1811,Cleveland Collinwood Yard,pick up,Rock
CSX,M560-##,1924,West Ashtabula,set out,West Ashtabula
CSX,M560-##,1543,Buffalo Frontier Yard,pick up,Rochester
CSX,M560-##,1543,Buffalo Frontier Yard,pick up,Selkirk
CSX,M560-##,1775,Rochester Goodman St. Yard,set out,Rochester
CSX,M560-##,1775,Rochester Goodman St. Yard,pick up,Selkirk
CSX,M560-##,1625,Syracuse DeWitt Yard,set out,Syracuse
CSX,M560-##,1625,Syracuse DeWitt Yard,set out,Syracuse NYSW
CSX,M428-##,1739,Plymouth North Yard,pick up,Walbridge
CSX,M428-##,1739,Plymouth North Yard,pick up,Hammond
CSX,M428-##,1739,Plymouth North Yard,pick up,Selkirk
CSX,M428-##,1739,Plymouth North Yard,pick up,Cincinnati
CSX,M428-##,1739,Plymouth North Yard,pick up,FL Auto
CSX,M428-##,1764,Walbridge,set out,Auto
CSX,M428-##,1764,Walbridge,pick up,Willard Manifest
CSX,M428-##,1028,Willard,set out,Willard
CSX,M428-##,1028,Willard,pick up,Cleveland Manifest
CSX,M428-##,1811,Cleveland Collinwood Yard,set out,Cleveland
CSX,M428-##,1811,Cleveland Collinwood Yard,pick up,Ashtabula Manifest
CSX,M428-##,1811,Cleveland Collinwood Yard,pick up,Rock
CSX,M428-##,1924,West Ashtabula,set out,Ashtabula
CSX,M574-##,1489,Bowling Green CSX,pick up,Cincinnati
CSX,M574-##,1489,Bowling Green CSX,set out,Bowling Green
CSX,M574-##,2188,Louisville Osborne Yard,set out,Louisville
CSX,M574-##,2188,Louisville Osborne Yard,pick up,Cincinnati
CSX,M359-##,2949,Garrett,pick up,Cincinnati
CSX,M561-##,1543,Buffalo Frontier Yard,pick up,Cincinnati
CSX,M561-##,1811,Cleveland Collinwood Yard,set out,Chicago IHB
CSX,M561-##,1811,Cleveland Collinwood Yard,pick up,Cincinnati
CSX,M561-##,1028,Willard,set out,Willard
CSX,M367-##,1543,Buffalo Frontier Yard,set out,Buffalo
CSX,M367-##,1543,Buffalo Frontier Yard,pick up,Chicago Clearing
CSX,M367-##,1811,Cleveland Collinwood Yard,pick up,Chicago Clearing
CSX,M369-##,2219,McKeesport Demmler Yard,pick up,Chicago Clearing
CSX,M369-##,1078,New Castle CSX,pick up,Chicago Clearing
CSX,M369-##,1028,Willard,set out,Chicago IHB
CSX,M369-##,1028,Willard,pick up,Chicago Clearing
CSX,M429-##,1625,Syracuse DeWitt Yard,pick up,Buffalo
CSX,M429-##,1775,Rochester Goodman St. Yard,set out,Jordan Trash
CSX,M429-##,1775,Rochester Goodman St. Yard,pick up,Pittsburgh Salt
CSX,M429-##,1543,Buffalo Frontier Yard,set out,Buffalo
CSX,M429-##,1543,Buffalo Frontier Yard,pick up,Cleveland Manifest
CSX,M429-##,1543,Buffalo Frontier Yard,pick up,Pittsburgh Salt
CSX,M429-##,1924,West Ashtabula,pick up,Cleveland Manifest
CSX,M429-##,1811,Cleveland Collinwood Yard,set out,Cleveland Manifest
CSX,M429-##,1811,Cleveland Collinwood Yard,set out,Carey
CSX,M429-##,1811,Cleveland Collinwood Yard,pick up,Walbridge Manifest
CSX,M429-##,1811,Cleveland Collinwood Yard,pick up,Autos
CSX,M429-##,1811,Cleveland Collinwood Yard,pick up,New Boston Auto
CSX,M429-##,1028,Willard,set out,Pittsburgh Salt
CSX,M429-##,1028,Willard,pick up,Walbridge
CSX,M429-##,1764,Walbridge,set out,Walbridge
CSX,M429-##,1764,Walbridge,pick up,Detroit Manifest
CSX,M429-##,1764,Walbridge,pick up,New Boston Auto
CSX,M429-##,1490,New Boston,set out,New Boston Auto
CSX,M352-##,2949,Garrett,set out,Garrett
CSX,M352-##,2949,Garrett,set out,Chicago IHB
CSX,M352-##,2949,Garrett,pick up,Chicago Clearing
CSX,M566-##,2949,Garrett,set out,Garrett
CSX,M428-##,1739,Plymouth North Yard,pick up,Walbridge
CSX,M428-##,1739,Plymouth North Yard,pick up,Hammond
CSX,M428-##,1739,Plymouth North Yard,pick up,Selkirk
CSX,M428-##,1739,Plymouth North Yard,pick up,Cincinnati
CSX,M428-##,1739,Plymouth North Yard,pick up,FL Auto
CSX,M428-##,1764,Walbridge,set out,Auto
CSX,M428-##,1764,Walbridge,pick up,Willard Manifest
CSX,M428-##,1028,Willard,set out,Willard
CSX,M428-##,1811,Cleveland Collinwood Yard,set out,Cleveland
CSX,M428-##,1811,Cleveland Collinwood Yard,pick up,Ashtabula
CSX,M428-##,1811,Cleveland Collinwood Yard,pick up,Buffalo
CSX,M428-##,1924,West Ashtabula,set out,Ashtabula
CSX,M429-##,1625,Syracuse DeWitt Yard,pick up,Buffalo
CSX,M429-##,1775,Rochester Goodman St. Yard,set out,Jordan Trash
CSX,M429-##,1775,Rochester Goodman St. Yard,pick up,Pittsburgh Salt
CSX,M429-##,1543,Buffalo Frontier Yard,set out,Buffalo
CSX,M429-##,1543,Buffalo Frontier Yard,pick up,Cleveland Manifest
CSX,M429-##,1543,Buffalo Frontier Yard,pick up,Pittsburgh Salt
CSX,M429-##,1924,West Ashtabula,pick up,Cleveland Manifest
CSX,M429-##,1811,Cleveland Collinwood Yard,set out,Cleveland
CSX,M429-##,1811,Cleveland Collinwood Yard,pick up,IHB
CSX,M429-##,1811,Cleveland Collinwood Yard,pick up,Willard
CSX,M429-##,1811,Cleveland Collinwood Yard,pick up,Walbridge Manifest
CSX,M429-##,1811,Cleveland Collinwood Yard,pick up,Autos
CSX,M429-##,1811,Cleveland Collinwood Yard,pick up,New Boston Auto
CSX,M429-##,1028,Willard,set out,Willard
CSX,M429-##,1028,Willard,set out,IHB
CSX,M429-##,1028,Willard,set out,Pittsburgh Salt
CSX,M429-##,1028,Willard,pick up,Walbridge
CSX,M429-##,1764,Walbridge,set out,Walbridge
CSX,M429-##,1764,Walbridge,pick up,Detroit Manifest
CSX,M429-##,1764,Walbridge,pick up,New Boston Auto
CSX,M429-##,1490,New Boston,set out,New Boston Auto
CSX,M370-##,1028,Willard,pick up,Cumberland
CSX,M369-##,2219,McKeesport Demmler Yard,pick up,Chicago Clearing
CSX,M369-##,1078,New Castle CSX,pick up,Chicago Clearing
CSX,M369-##,1028,Willard,pick up,Chicago Clearing
CSX,M429-##,1625,Syracuse DeWitt Yard,pick up,Buffalo
CSX,M429-##,1775,Rochester Goodman St. Yard,set out,Jordan Trash
CSX,M429-##,1775,Rochester Goodman St. Yard,pick up,Pittsburgh Salt
CSX,M429-##,1543,Buffalo Frontier Yard,set out,Buffalo
CSX,M429-##,1543,Buffalo Frontier Yard,pick up,Cleveland Manifest
CSX,M429-##,1543,Buffalo Frontier Yard,pick up,Pittsburgh Salt
CSX,M429-##,1924,West Ashtabula,pick up,Cleveland Manifest
CSX,M429-##,1811,Cleveland Collinwood Yard,set out,Cleveland
CSX,M429-##,1811,Cleveland Collinwood Yard,pick up,Walbridge Manifest
CSX,M429-##,1811,Cleveland Collinwood Yard,pick up,Autos
CSX,M429-##,1811,Cleveland Collinwood Yard,pick up,New Boston Auto
CSX,M429-##,1028,Willard,set out,Pittsburgh Salt
CSX,M429-##,1028,Willard,pick up,Detroit
CSX,M429-##,1028,Willard,pick up,Walbridge
CSX,M429-##,1764,Walbridge,set out,Walbridge
CSX,M429-##,1764,Walbridge,pick up,Detroit
CSX,M429-##,1764,Walbridge,pick up,Clearing Manifest
CSX,M429-##,1490,New Boston,set out,New Boston Auto
CSX,M352-##,2949,Garrett,set out,Garrett
CSX,M352-##,2949,Garrett,pick up,Chicago Clearing
CSX,I161-##,1543,Buffalo Frontier Yard,set out,CN Toronto
CSX,I115-##,2047,Northwest Ohio ICTF,set out,IM
CSX,I136-##,2047,North Baltimore IM Terminal,set out,Intermodal except for Suffolk VA
CSX,I136-##,2047,North Baltimore IM Terminal,set out,Pick Up Suffolk
CSX,I116-##,2047,Northwest Ohio ICTF,set out,Intermodal Except Chambersburg
CSX,I116-##,2047,Northwest Ohio ICTF,set out,Pick Up Chambersburg
CSX,I116-##,1456,Connellsville,set out,Baltimore Autos
CSX,I116-##,1456,Connellsville,set out,Pick Up Chambersburg IM
CSX,I125-##,1449,Memphis Leewood CSX Yard,pick up,Nashville
CSX,I125-##,1449,Memphis Leewood CSX Yard,pick up,Fairburn IM
CSX,I125-##,1865,Nashville Radnor Yard,set out,Nashville IM
CSX,I125-##,1865,Nashville Radnor Yard,set out,Pick Up Savannah IM
CSX,I125-##,1805,Birmingham Boyles Yard,set out,Fairburn IM
CSX,I125-##,1805,Birmingham Boyles Yard,set out,Pick Up Savannah IM
CSX,I136-##,2047,North Baltimore IM Terminal,set out,Intermodal except for Suffolk VA
CSX,I136-##,2047,North Baltimore IM Terminal,set out,Pick Up Suffolk
CSX,I158-##,1860,Buffalo Seneca Yard,set out,Buffalo IM
CSX,I158-##,1860,Buffalo Seneca Yard,set out,Pick Up Philadelphia IM
CSX,I169-##,1625,Syracuse DeWitt Yard,pick up,Chicago 59th St IM
CSX,I135-##,2251,Petersburg Collier Yard,pick up,NWOH ITFC IM
CSX,I135-##,1456,Connellsville,set out,Rose Lake
CSX,I135-##,1456,Connellsville,set out,CPKC Intermodal
CSX,I135-##,2047,Northwest Ohio ICTF,set out,IM
CSX,I141-##,2047,Northwest Ohio ICTF,pick up,Cincinnati
CSX,I141-##,2047,Northwest Ohio ICTF,pick up,Winter Haven
CSX,I141-##,2047,Northwest Ohio ICTF,pick up,Jacksonville
CSX,I141-##,2047,Northwest Ohio ICTF,pick up,Jaxport
CSX,I141-##,2047,Northwest Ohio ICTF,pick up,Louisville
CSX,I141-##,2047,Northwest Ohio ICTF,pick up,Fairburn IM
CSX,I141-##,1455,Cincinnati Queensgate Yard,set out,Cincinnati
CSX,I141-##,1455,Cincinnati Queensgate Yard,set out,Pick Up Winter Haven
CSX,I141-##,1455,Cincinnati Queensgate Yard,set out,Jacksonville
CSX,I141-##,1455,Cincinnati Queensgate Yard,set out,Duval
CSX,I142-##,2047,Northwest Ohio ICTF,set out,IM
CSX,I158-##,1811,Cleveland Collinwood Yard,set out,Cleveland IM
CSX,I158-##,1811,Cleveland Collinwood Yard,set out,Pick Up  Syracuse
CSX,I158-##,1811,Cleveland Collinwood Yard,set out,NYCT
CSX,I158-##,1811,Cleveland Collinwood Yard,set out,Elizabeth Marine
CSX,I158-##,1811,Cleveland Collinwood Yard,set out,GCT
CSX,I158-##,1811,Cleveland Collinwood Yard,set out,Philadelphia
CSX,I158-##,1811,Cleveland Collinwood Yard,set out,Port Newark
CSX,I158-##,1860,Buffalo Seneca Yard,set out,Buffalo IM
CSX,I158-##,1860,Buffalo Seneca Yard,set out,Pick Up Philadelphia IM
CSX,I158-##,3294,Jersey City South Kearny Intermodal Terminal,set out,South Kearny IM
CSX,I158-##,3294,Jersey City South Kearny Intermodal Terminal,pick up,Baltimore
CSX,I158-##,3294,Jersey City South Kearny Intermodal Terminal,pick up,Philadelphia IM
CSX,I158-##,1474,Philadelphia Greenwich Yard,set out,Philadelphia IM
CSX,I161-##,1860,Buffalo Seneca Yard,set out,CN Toronto IM
CSX,I162-##,1860,Buffalo Seneca Yard,pick up,Elizabeth Marine IM
CSX,I162-##,1860,Buffalo Seneca Yard,pick up,Port Newark IM
CSX,I162-##,1625,Syracuse DeWitt Yard,set out,Port Newark
CSX,I162-##,1625,Syracuse DeWitt Yard,set out,Worcester
CSX,I162-##,1625,Syracuse DeWitt Yard,set out,Springfield
CSX,I162-##,1625,Syracuse DeWitt Yard,set out,Syracuse IM
CSX,I162-##,1625,Syracuse DeWitt Yard,pick up,NYCT
CSX,I162-##,1625,Syracuse DeWitt Yard,pick up,Elizabeth Marine
CSX,I162-##,1625,Syracuse DeWitt Yard,pick up,GCT IM
CSX,I135-##,1456,Connellsville,set out,Rose Lake
CSX,I135-##,1456,Connellsville,set out,CPKC Intermodal
CSX,I135-##,2047,Northwest Ohio ICTF,set out,IM
CSX,I142-##,2047,Northwest Ohio ICTF,set out,IM
CSX,I143-##,1679,Jacksonville Duval Yard,set out,Duval IM
CSX,I125-##,1449,Memphis Leewood CSX Yard,pick up,Nashville
CSX,I125-##,1449,Memphis Leewood CSX Yard,pick up,Savannah IM
CSX,I125-##,1865,Nashville Radnor Yard,set out,Nashville IM
CSX,I125-##,1865,Nashville Radnor Yard,set out,Pick Up Savannah IM
CSX,I125-##,1805,Birmingham Boyles Yard,pick up,Savannah
CSX,I125-##,1805,Birmingham Boyles Yard,pick up,Charleston IM
CSX,I115-##,2047,Northwest Ohio ICTF,set out,IM except Bedford Park
CSX,I115-##,2047,Northwest Ohio ICTF,set out,Tampa IM
CSX,I115-##,2047,Northwest Ohio ICTF,set out,Pick Up Bedford Park
CSX,I115-##,2047,Northwest Ohio ICTF,set out,Savannah Jacksonville Switch
CSX,I115-##,2047,Northwest Ohio ICTF,set out,Fairburn IM
CSX,I126-##,1805,Birmingham Boyles Yard,set out,Bessemer IM
CSX,I126-##,1865,Nashville Radnor Yard,set out,Nashville IM
CSX,I136-##,2047,North Baltimore IM Terminal,set out,Intermodal except for Suffolk VA
CSX,I136-##,2047,North Baltimore IM Terminal,set out,Pick Up Suffolk
CSX,I161-##,1543,Buffalo Frontier Yard,set out,CN Buffalo IM
CSX,I161-##,1860,Buffalo Seneca Yard,set out,Buffalo IM
CSX,I104-##,1111,Selkirk Yard,set out,Baltimore Seagirt IM
CSX,I162-##,1860,Buffalo Seneca Yard,pick up,Elizabeth Marine
CSX,I162-##,1860,Buffalo Seneca Yard,pick up,Port Newark IM
CSX,I162-##,1625,Syracuse DeWitt Yard,set out,IM
CSX,I162-##,1625,Syracuse DeWitt Yard,pick up,Elizabeth Marine
CSX,I162-##,1625,Syracuse DeWitt Yard,pick up,GCT Bayonne IM
CSX,I158-##,1860,Buffalo Seneca Yard,pick up,Philadelphia IM
CSX,I158-##,1625,Syracuse DeWitt Yard,set out,IM
CSX,I158-##,1625,Syracuse DeWitt Yard,pick up,Philadelphia IM
CSX,I158-##,1111,Selkirk Yard,pick up,Baltimore IM
CSX,I158-##,3294,Jersey City South Kearny Intermodal Terminal,set out,South Kearny IM
CSX,I158-##,1474,Philadelphia Greenwich Yard,set out,Philadelphia IM
CSX,I116-##,2047,Northwest Ohio ICTF,set out,Intermodal Except Chambersburg
CSX,I116-##,2047,Northwest Ohio ICTF,set out,Pick Up Chambersburg IM
CSX,I116-##,1456,Connellsville,pick up,Chambersburg IM
CSX,I135-##,1456,Connellsville,set out,Rose Lake
CSX,I135-##,1456,Connellsville,set out,CPKC Intermodal
CSX,I135-##,2047,Northwest Ohio ICTF,set out,IM
CSX,I169-##,1625,Syracuse DeWitt Yard,pick up,Chicago 59th St IM
CSX,I178-##,1679,Jacksonville Duval Yard,set out,North Bergen
CSX,I178-##,1679,Jacksonville Duval Yard,set out,Jacksonville Duval
CSX,I178-##,1679,Jacksonville Duval Yard,set out,Fairburn
CSX,I178-##,1679,Jacksonville Duval Yard,set out,CPKC Dallas
CSX,I178-##,1679,Jacksonville Duval Yard,set out,BNSF Los Angeles
CSX,I178-##,1679,Jacksonville Duval Yard,set out,UP LATC IM
CSX,I195-##,1388,Savannah CSX Yard,set out,Savannah
CSX,I195-##,1388,Savannah CSX Yard,set out,Charleston IM
CSX,I196-##,1388,Savannah CSX Yard,pick up,Bedford Park
CSX,I196-##,1388,Savannah CSX Yard,pick up,Louisville Osborn
CSX,I196-##,1388,Savannah CSX Yard,pick up,Cincinnati IM
CSX,I115-##,2047,Northwest Ohio ICTF,set out,IM except Bedford Park
CSX,I115-##,2047,Northwest Ohio ICTF,set out,Tampa IM
CSX,I115-##,2047,Northwest Ohio ICTF,set out,Pick Up Bedford Park
CSX,I115-##,2047,Northwest Ohio ICTF,set out,Savannah Switch
CSX,I115-##,2047,Northwest Ohio ICTF,set out,Jacksonville Switch
CSX,I115-##,2047,Northwest Ohio ICTF,set out,Fairburn IM
CSX,I142-##,2047,Northwest Ohio ICTF,set out,IM
CSX,I135-##,1456,Connellsville,set out,Rose Lake IM
CSX,I135-##,2047,Northwest Ohio ICTF,set out,IM
CSX,I104-##,1111,Selkirk Yard,set out,Philadelphia
CSX,I104-##,1111,Selkirk Yard,set out,Baltimore Seagirt IM
CSX,I158-##,1860,Buffalo Seneca Yard,pick up,Philadelphia IM
CSX,I158-##,1625,Syracuse DeWitt Yard,set out,IM
CSX,I158-##,1625,Syracuse DeWitt Yard,pick up,Philadelphia IM
CSX,I158-##,1111,Selkirk Yard,pick up,Philadelphia
CSX,I158-##,1111,Selkirk Yard,pick up,Baltimore IM
CSX,I158-##,3294,Jersey City South Kearny Intermodal Terminal,set out,South Kearny IM
CSX,I158-##,1474,Philadelphia Greenwich Yard,set out,Philadelphia IM
CSX,I169-##,1625,Syracuse DeWitt Yard,pick up,Chicago 59th St IM
CSX,I169-##,1811,Cleveland Collinwood Yard,set out,Pottersburg Auto
CSX,I104-##,1543,Buffalo Frontier Yard,set out,Philadelphia
CSX,I104-##,1543,Buffalo Frontier Yard,set out,Baltimore Seagirt IM
CSX,I158-##,1860,Buffalo Seneca Yard,pick up,Philadelphia IM
CSX,I158-##,1625,Syracuse DeWitt Yard,set out,IM
CSX,I158-##,1625,Syracuse DeWitt Yard,pick up,Philadelphia IM
CSX,I158-##,1543,Buffalo Frontier Yard,pick up,Philadelphia
CSX,I158-##,1543,Buffalo Frontier Yard,pick up,Baltimore IM
CSX,I158-##,3294,Jersey City South Kearny Intermodal Terminal,set out,South Kearny IM
CSX,I158-##,1474,Philadelphia Greenwich Yard,set out,Philadelphia IM
CSX,I104-##,1543,Buffalo Frontier Yard,set out,Philadelphia IM
CSX,I158-##,1860,Buffalo Seneca Yard,pick up,Philadelphia IM
CSX,I158-##,1543,Buffalo Frontier Yard,pick up,Philadelphia IM
CSX,I158-##,1625,Syracuse DeWitt Yard,set out,IM
CSX,I158-##,1625,Syracuse DeWitt Yard,pick up,Philadelphia IM
CSX,I158-##,3294,Jersey City South Kearny Intermodal Terminal,set out,South Kearny IM
CSX,I158-##,3294,Jersey City South Kearny Intermodal Terminal,pick up,Philadelphia IM
CSX,I169-##,1625,Syracuse DeWitt Yard,pick up,Chicago 59th St IM
CSX,I169-##,1811,Cleveland Collinwood Yard,set out,Pottersburg Auto
CSX,I158-##,1860,Buffalo Seneca Yard,pick up,Philadelphia IM
CSX,I158-##,1543,Buffalo Frontier Yard,pick up,Philadelphia
CSX,I158-##,1543,Buffalo Frontier Yard,pick up,Baltimore IM
CSX,I158-##,1625,Syracuse DeWitt Yard,set out,IM
CSX,I158-##,1625,Syracuse DeWitt Yard,pick up,Philadelphia
CSX,I158-##,1625,Syracuse DeWitt Yard,pick up,Kearny IM
CSX,I158-##,3294,Jersey City South Kearny Intermodal Terminal,set out,South Kearny IM
CSX,I158-##,1474,Philadelphia Greenwich Yard,set out,Philadelphia IM
CSX,I178-##,1679,Jacksonville Duval Yard,set out,North Bergen
CSX,I178-##,1679,Jacksonville Duval Yard,set out,Jacksonville Duval
CSX,I178-##,1679,Jacksonville Duval Yard,set out,Fairburn
CSX,I178-##,1679,Jacksonville Duval Yard,set out,CPKC Dallas
CSX,I178-##,1679,Jacksonville Duval Yard,set out,Mexico
CSX,I178-##,1679,Jacksonville Duval Yard,set out,CPKC Laredo
CSX,I178-##,1679,Jacksonville Duval Yard,set out,BNSF Los Angeles
CSX,I178-##,1679,Jacksonville Duval Yard,set out,UP LATC IM
CSX,M216-##,1482,Lordstown CSX,set out,Lordstown
CSX,M216-##,1922,Cumberland,set out,Curtis Bay
CSX,M202-##,2108,Montgomery,set out,Montgomery
CSX,M202-##,2108,Montgomery,set out,West Point
CSX,M202-##,2108,Montgomery,set out,Birmingham Empties
CSX,M202-##,2108,Montgomery,set out,Pick Up Louisville
CSX,M216-##,1482,Lordstown CSX,set out,Lordstown
CSX,M216-##,2888,Pottersburg,pick up,Twin Oaks
CSX,M216-##,2888,Pottersburg,pick up,Buffalo Auto
CSX,M216-##,1543,Buffalo Frontier Yard,set out,Buffalo Auto
CSX,M216-##,1543,Buffalo Frontier Yard,pick up,Twin Oaks
CSX,M216-##,1543,Buffalo Frontier Yard,pick up,Ridgefield Heights Auto
CSX,M276-##,1028,Willard,pick up,Lordstown
CSX,M276-##,1028,Willard,pick up,Jessup Auto
CSX,M276-##,1482,Lordstown CSX,set out,Lordstown
CSX,M276-##,1456,Connellsville,pick up,Jessup
CSX,M276-##,1456,Connellsville,pick up,Baltimore Auto
CSX,M276-##,1485,Jessup,set out,Jessup
CSX,M205-##,2888,Pottersburg,set out,Pottersburg Empties
CSX,M205-##,2888,Pottersburg,set out,Pick Up Louisville
CSX,M205-##,2888,Pottersburg,set out,FL Auto
CSX,M216-##,2888,Pottersburg,pick up,Twin Oaks
CSX,M216-##,2888,Pottersburg,pick up,Buffalo Auto
CSX,M216-##,1543,Buffalo Frontier Yard,set out,Buffalo Auto
CSX,M216-##,1543,Buffalo Frontier Yard,pick up,Twin Oaks
CSX,M216-##,1543,Buffalo Frontier Yard,pick up,Ridgefield Heights Auto
CSX,M276-##,2888,Pottersburg,set out,Pottersburg Empties
CSX,M276-##,2888,Pottersburg,set out,Pick Up Jessup Auto
CSX,M276-##,1482,Lordstown CSX,set out,Lordstown
CSX,M276-##,1078,New Castle CSX,pick up,Jessup Auto
CSX,M276-##,1456,Connellsville,pick up,Jessup
CSX,M276-##,1456,Connellsville,pick up,Baltimore Auto
CSX,M276-##,1485,Jessup,set out,Jessup
CSX,M277-##,1485,Jessup,set out,Jessup
CSX,M277-##,2888,Pottersburg,set out,Pottersburg Empties
CSX,M277-##,2888,Pottersburg,set out,Pick Up Louisville
CSX,M277-##,2888,Pottersburg,set out,FL Auto
CSX,M204-##,1111,Selkirk Yard,set out,Selkirk Auto
CSX,M217-##,1543,Buffalo Frontier Yard,set out,Walbridge Auto
CSX,M217-##,1543,Buffalo Frontier Yard,set out,Buffalo Auto
CSX,M205-##,2888,Pottersburg,set out,Pottersburg Empties
CSX,M205-##,2888,Pottersburg,set out,Pick Up Louisville Auto
CSX,M209-##,1764,Walbridge,pick up,Louisville
CSX,M209-##,1764,Walbridge,pick up,FL Auto
CSX,M211-##,1805,Birmingham Boyles Yard,set out,Birmingham
CSX,M217-##,1543,Buffalo Frontier Yard,set out,Walbridge Auto
CSX,M217-##,1543,Buffalo Frontier Yard,set out,Buffalo Auto
CSX,M217-##,1611,Avon,pick up,Waycross
CSX,M217-##,1159,Evansville Howell Yard,set out,Waycross
CSX,M218-##,1109,Jersey City N Bergen Yard CSX,set out,North Bergen Intermodal
CSX,M209-##,1490,New Boston,pick up,Walbridge Autos
CSX,M209-##,1490,New Boston,pick up,Jessup Autos
CSX,M209-##,1490,New Boston,pick up,Louisville
CSX,M209-##,1490,New Boston,pick up,FL Auto
CSX,M209-##,1764,Walbridge,set out,Walbridge Autos
CSX,M209-##,1764,Walbridge,set out,Jessup Autos
CSX,M209-##,1764,Walbridge,set out,Pick Up Louisville
CSX,M209-##,1764,Walbridge,set out,FL Auto
CSX,M204-##,1543,Buffalo Frontier Yard,set out,Buffalo Auto
CSX,M205-##,2888,Pottersburg,set out,Pottersburg Empties
CSX,M205-##,2888,Pottersburg,set out,Pick Up Louisville Auto
CSX,M209-##,1764,Walbridge,set out,Entire Train EXCEPT Louisville
CSX,M209-##,1764,Walbridge,set out,FL Autos
CSX,M209-##,1764,Walbridge,set out,Pick Up Louisville
CSX,M209-##,1764,Walbridge,set out,FL Auto
CSX,M211-##,1805,Birmingham Boyles Yard,pick up,FL auto
CSX,M211-##,1233,Waycross Rice Yard,set out,Waycross Manifest
CSX,M217-##,1543,Buffalo Frontier Yard,set out,Walbridge Auto
CSX,M217-##,1543,Buffalo Frontier Yard,set out,Buffalo Auto
CSX,M276-##,2888,Pottersburg,set out,Pottersburg Empties
CSX,M276-##,2888,Pottersburg,set out,Pick Up Jessup Auto
CSX,M276-##,1482,Lordstown CSX,set out,Lordstown
CSX,M276-##,1078,New Castle CSX,pick up,Jessup Auto
CSX,M276-##,1456,Connellsville,pick up,Jessup
CSX,M276-##,1456,Connellsville,pick up,Baltimore Auto
CSX,M276-##,1485,Jessup,set out,Jessup
CSX,M205-##,2888,Pottersburg,set out,Pottersburg Empties
CSX,M205-##,2888,Pottersburg,set out,Pick Up Louisville Auto
CSX,M276-##,2888,Pottersburg,set out,Pottersburg Empties
CSX,M276-##,2888,Pottersburg,set out,Pick Up Jessup Auto
CSX,M276-##,1482,Lordstown CSX,set out,Lordstown
CSX,M276-##,1078,New Castle CSX,pick up,Jessup Auto
CSX,M276-##,1485,Jessup,set out,Jessup
CSX,M205-##,2888,Pottersburg,set out,Pottersburg Empties
CSX,M205-##,2888,Pottersburg,set out,Pick Up Louisville
CSX,M205-##,2888,Pottersburg,set out,FL Auto
CSX,M204-##,1543,Buffalo Frontier Yard,pick up,Selkirk Auto
CSX,M208-##,3707,Talladega CSX,set out,Talladega Empties
CSX,M208-##,3707,Talladega CSX,set out,Pick Up Birmingham Autos
CSX,M208-##,3707,Talladega CSX,set out,Birmingham BNSF Auto
CSX,M209-##,1490,New Boston,pick up,Walbridge
CSX,M209-##,1490,New Boston,pick up,Selkirk
CSX,M209-##,1490,New Boston,pick up,Louisville
CSX,M209-##,1490,New Boston,pick up,FL Auto
CSX,M209-##,1764,Walbridge,set out,Walbridge
CSX,M209-##,1764,Walbridge,set out,Selkirk Auto
CSX,M209-##,1764,Walbridge,pick up,Louisville
CSX,M209-##,1764,Walbridge,pick up,FL
CSX,M209-##,1764,Walbridge,pick up,Dixiana Auto
CSX,M211-##,1805,Birmingham Boyles Yard,set out,Birmingham Auto
CSX,M211-##,1805,Birmingham Boyles Yard,pick up,FL Auto
CSX,M217-##,1611,Avon,pick up,Evansville
CSX,M217-##,1159,Evansville Howell Yard,set out,Evansville
CSX,M218-##,1109,Jersey City N Bergen Yard CSX,set out,North Bergen
CSX,M218-##,1109,Jersey City N Bergen Yard CSX,set out,North Bergen NYSW
CSX,M276-##,2888,Pottersburg,set out,Pottersburg Empties
CSX,M276-##,2888,Pottersburg,set out,Pick Up Jessup Auto
CSX,M276-##,1078,New Castle CSX,set out,Lordstown
CSX,M276-##,1078,New Castle CSX,pick up,Jessup Auto
CSX,M276-##,1485,Jessup,set out,Jessup
CSX,M276-##,1456,Connellsville,pick up,Jessup
CSX,M276-##,1456,Connellsville,pick up,Baltimore Auto
CSX,M277-##,1485,Jessup,set out,Jessup
CSX,M265-##,1111,Selkirk Yard,pick up,Nashville Manifest
CSX,M265-##,1111,Selkirk Yard,pick up,Louisville Auto
CSX,M204-##,2188,Louisville Osborn Yard,set out,Louisville
CSX,M204-##,2188,Louisville Osborn Yard,pick up,Selkirk
CSX,M204-##,1543,Buffalo Frontier Yard,pick up,Selkirk Auto
CSX,M205-##,2188,Louisville Osborn Yard,set out,Louisville
CSX,M205-##,1865,Nashville Radnor Yard,set out,Nashville
CSX,M216-##,1611,Avon,set out,Avon
CSX,M216-##,1526,Smyrna,set out,Smyrna Empties
CSX,M216-##,1526,Smyrna,set out,Pick Up ESTL UP
CSX,M216-##,1526,Smyrna,set out,North Platte
CSX,M216-##,1526,Smyrna,set out,Chicago
CSX,M216-##,1526,Smyrna,set out,Jessup
CSX,M216-##,1526,Smyrna,set out,Lordstown
CSX,M216-##,1526,Smyrna,set out,Selkirk
CSX,M216-##,1526,Smyrna,set out,Louisville Auto
CSX,M216-##,2188,Louisville Osborn Yard,pick up,Marion Auto
CSX,M216-##,3482,Marion CSX,set out,Marion Auto
CSX,M217-##,1111,Selkirk Yard,set out,Louisville
CSX,M265-##,2888,Pottersburg,set out,Pottersburg Empties
CSX,M265-##,2888,Pottersburg,set out,Pick Up Louisville
CSX,M276-##,2888,Pottersburg,set out,Pottersburg Empties
CSX,M276-##,2888,Pottersburg,set out,Pick Up Jessup Auto
CSX,M276-##,1078,New Castle CSX,set out,Lordstown
CSX,M276-##,1078,New Castle CSX,pick up,Jessup Auto
CSX,M276-##,1485,Jessup,set out,Jessup
CSX,M276-##,1485,Jessup,pick up,Baltimore Autos
CSX,M276-##,1485,Jessup,pick up,Curtis Bay Manifest
CSX,M276-##,1456,Connellsville,pick up,Jessup
CSX,M276-##,1456,Connellsville,pick up,Baltimore Auto
CSX,M204-##,1611,Avon,pick up,Selkirk Auto
CSX,M204-##,3482,Marion CSX,pick up,Selkirk Auto
CSX,M208-##,3707,Talladega CSX,set out,Talladega Empties
CSX,M208-##,3707,Talladega CSX,set out,Pick Up Birmingham Autos
CSX,M208-##,3707,Talladega CSX,set out,Birmingham BNSF Auto
CSX,M208-##,1805,Birmingham Boyles Yard,set out,Birmingham Autos
CSX,M208-##,1805,Birmingham Boyles Yard,set out,Birmingham BNSF Auto
CSX,M216-##,1526,Smyrna,set out,Smyrna Empties
CSX,M216-##,1526,Smyrna,set out,Pick Up Selkirk
CSX,M216-##,1526,Smyrna,set out,Louisville Auto
CSX,M216-##,2188,Louisville Osborn Yard,set out,Louisville Auto
CSX,M216-##,2188,Louisville Osborn Yard,pick up,Cincinnati
CSX,M216-##,2188,Louisville Osborn Yard,pick up,Pottersburg
CSX,M216-##,2188,Louisville Osborn Yard,pick up,Selkirk Auto
CSX,M216-##,1455,Cincinnati Queensgate Yard,set out,Cincinnati Auto
CSX,M264-##,3239,Palmer CSX/MCER,set out,Palmer NECR
CSX,M265-##,2888,Pottersburg,set out,Pottersburg Empties
CSX,M265-##,2888,Pottersburg,set out,Pick Up Louisville
CSX,M276-##,2888,Pottersburg,pick up,Jessup Auto
CSX,M276-##,1078,New Castle CSX,set out,New Castle
CSX,M277-##,1485,Jessup,set out,Jessup
CSX,M277-##,1764,Walbridge,set out,Walbridge Empties
CSX,M277-##,1764,Walbridge,set out,Pick Up New Boston
CSX,M277-##,1764,Walbridge,set out,Wayne Auto
CSX,M277-##,1490,New Boston,set out,New Boston Auto
CSX,M277-##,3832,Wayne CSX,set out,Wayne Auto
CSX,M204-##,1951,Hopkinsville Casky Yard,set out,Hopkinsville
CSX,M204-##,1951,Hopkinsville Casky Yard,pick up,Wentzville Auto Frame
CSX,M204-##,1159,Evansville Howell Yard,set out,Evansville EVWR
CSX,M204-##,1159,Evansville Howell Yard,set out,Evansville
CSX,M204-##,1159,Evansville Howell Yard,pick up,Avon
CSX,M204-##,1611,Avon,set out,Wentzville Auto Frame
CSX,M204-##,1611,Avon,set out,Avon
CSX,M204-##,1611,Avon,pick up,Selkirk Auto
CSX,M204-##,3482,Marion CSX,pick up,Selkirk Auto
CSX,M276-##,2888,Pottersburg,pick up,Jessup
CSX,M276-##,2888,Pottersburg,pick up,Twin Oaks Auto
CSX,M276-##,1078,New Castle CSX,set out,New Castle
CSX,M276-##,1078,New Castle CSX,pick up,Jessup
CSX,M276-##,1078,New Castle CSX,pick up,Twin Oaks Auto
CSX,M276-##,1485,Jessup,set out,Jessup Auto
CSX,M277-##,1764,Walbridge,set out,Walbridge Empties
CSX,M277-##,1764,Walbridge,set out,Pick Up New Boston
CSX,M277-##,1764,Walbridge,set out,Wayne Auto
CSX,M277-##,1490,New Boston,set out,New Boston Auto
CSX,M277-##,3832,Wayne CSX,set out,Wayne Auto
CSX,M202-##,3482,Marion CSX,pick up,Selkirk Auto
CSX,M204-##,1951,Hopkinsville Casky Yard,set out,Atkinson
CSX,M204-##,1951,Hopkinsville Casky Yard,set out,Hopkinsville
CSX,M204-##,1951,Hopkinsville Casky Yard,pick up,Wentzville Auto Frame
CSX,M204-##,1159,Evansville Howell Yard,set out,Evansville EVWR
CSX,M204-##,1159,Evansville Howell Yard,set out,Evansville
CSX,M204-##,1159,Evansville Howell Yard,pick up,Avon
CSX,M277-##,1456,Connellsville,set out,Avon
CSX,M277-##,1456,Connellsville,set out,Pottersburg Auto
CSX,M277-##,1764,Walbridge,set out,Walbridge Empties
CSX,M277-##,1764,Walbridge,set out,Pick Up New Boston
CSX,M277-##,1764,Walbridge,set out,Wayne Auto
CSX,M277-##,1490,New Boston,set out,New Boston Auto
CSX,M277-##,3832,Wayne CSX,set out,Wayne Auto
CSX,M276-##,2888,Pottersburg,set out,Pottersburg Autos
CSX,M276-##,2888,Pottersburg,set out,Pick Up Jessup
CSX,M276-##,2888,Pottersburg,set out,Twin Oaks Auto
CSX,M276-##,1078,New Castle CSX,set out,New Castle
CSX,M276-##,1078,New Castle CSX,pick up,Jessup
CSX,M276-##,1078,New Castle CSX,pick up,Twin Oaks Auto
CSX,M276-##,1485,Jessup,set out,Jessup Auto
CSX,M265-##,2888,Pottersburg,set out,Pottersburg Empties
CSX,M265-##,2888,Pottersburg,set out,Pick Up Louisville
CSX,M274-##,3239,Palmer CSX/MCER,set out,Palmer NECR
CSX,M275-##,2888,Pottersburg,set out,Pottersburg Empties
CSX,M275-##,2888,Pottersburg,set out,Pick Up Louisville
CSX,M276-##,2888,Pottersburg,set out,Pottersburg Auto
CSX,M276-##,2888,Pottersburg,pick up,Jessup
CSX,M276-##,2888,Pottersburg,pick up,Twin Oaks Auto
CSX,M276-##,1078,New Castle CSX,set out,Lordstown Auto
CSX,M276-##,1078,New Castle CSX,pick up,Jessup
CSX,M276-##,1078,New Castle CSX,pick up,Twin Oaks Auto
CSX,M276-##,1485,Jessup,set out,Jessup Auto
CSX,M277-##,1485,Jessup,set out,Jessup
CSX,M277-##,1485,Jessup,pick up,Pottersburg
CSX,M277-##,1485,Jessup,pick up,Cincinnati
CSX,M277-##,1485,Jessup,pick up,O'Bannon
CSX,M277-##,1485,Jessup,pick up,Louisville Auto
CSX,M277-##,1456,Connellsville,set out,Pottersburg Auto
CSX,M277-##,1078,New Castle CSX,pick up,Cincinnati
CSX,M277-##,1078,New Castle CSX,pick up,O'Bannon
CSX,M277-##,1078,New Castle CSX,pick up,Louisville Auto
CSX,M277-##,2888,Pottersburg,pick up,Louisville Auto
CSX,M277-##,1455,Cincinnati Queensgate Yard,set out,Cincinnati Auto
CSX,M277-##,2585,Louisville O'Bannon Yard,set out,O'Bannon Auto
CSX,M275-##,3434,East Brookfield,pick up,Pottersburg
CSX,M275-##,3434,East Brookfield,pick up,Smyrna Auto
CSX,M275-##,1111,Selkirk Yard,pick up,Pottersburg
CSX,M275-##,1111,Selkirk Yard,pick up,Smyrna Auto
CSX,M275-##,1811,Cleveland Collinwood Yard,pick up,Pottersburg Auto
CSX,M204-##,2188,Louisville Osborn Yard,set out,Louisville
CSX,M204-##,2188,Louisville Osborn Yard,pick up,Pottersburg Auto
CSX,M204-##,2188,Louisville Osborn Yard,pick up,Selkirk
CSX,M204-##,2888,Pottersburg,set out,Pottersburg
CSX,M204-##,2888,Pottersburg,pick up,Selkirk
CSX,M204-##,3482,Marion CSX,pick up,Selkirk Auto
CSX,M275-##,3434,East Brookfield,pick up,Pottersburg
CSX,M275-##,3434,East Brookfield,pick up,Louisville
CSX,M275-##,3434,East Brookfield,pick up,Smyrna Auto
CSX,M275-##,1111,Selkirk Yard,pick up,Pottersburg
CSX,M275-##,1111,Selkirk Yard,pick up,Louisville
CSX,M275-##,1111,Selkirk Yard,pick up,Smyrna Auto
CSX,M275-##,1811,Cleveland Collinwood Yard,pick up,Pottersburg
CSX,M275-##,1811,Cleveland Collinwood Yard,pick up,Louisville
CSX,M275-##,1811,Cleveland Collinwood Yard,pick up,Smyrna Auto
CSX,M275-##,2888,Pottersburg,set out,Pottersburg Empties
CSX,M275-##,2888,Pottersburg,set out,Pick Up Lousiville Auto
CSX,M275-##,2188,Louisville Osborn Yard,set out,Louisville Auto
CSX,M277-##,1485,Jessup,set out,Jessup
CSX,M277-##,1485,Jessup,pick up,Pottersburg
CSX,M277-##,1485,Jessup,pick up,Cincinnati
CSX,M277-##,1485,Jessup,pick up,O'Bannon
CSX,M277-##,1485,Jessup,pick up,Louisville Auto
CSX,M277-##,1456,Connellsville,set out,Pottersburg Auto
CSX,M277-##,1078,New Castle CSX,pick up,Cincinnati
CSX,M277-##,1078,New Castle CSX,pick up,O'Bannon
CSX,M277-##,1078,New Castle CSX,pick up,Louisville Auto
CSX,M277-##,3482,Marion CSX,pick up,Louisville Auto
CSX,M277-##,2888,Pottersburg,pick up,Louisville Auto
CSX,M277-##,1455,Cincinnati Queensgate Yard,set out,Cincinnati Auto
CSX,M277-##,2585,Louisville O'Bannon Yard,set out,O'Bannon Auto
CSX,M202-##,3482,Marion CSX,pick up,Selkirk Auto
CSX,M277-##,1485,Jessup,pick up,Pottersburg
CSX,M277-##,1485,Jessup,pick up,Louisville Auto
CSX,M277-##,1456,Connellsville,set out,Pottersburg Auto
CSX,M277-##,1078,New Castle CSX,pick up,Louisville Auto
CSX,M277-##,3482,Marion CSX,pick up,Louisville Auto
CSX,M277-##,2888,Pottersburg,pick up,Louisville Auto
CSX,M277-##,1455,Cincinnati Queensgate Yard,set out,Cincinnati Auto
CSX,M277-##,2585,Louisville O'Bannon Yard,set out,O'Bannon Auto
CSX,I019-##,1002,W. Springfield,pick up,Syracuse
CSX,I019-##,1002,W. Springfield,pick up,Buffalo
CSX,I019-##,1002,W. Springfield,pick up,Rose Lake
CSX,I019-##,1002,W. Springfield,pick up,Avon
CSX,I019-##,1002,W. Springfield,pick up,NWOH ICTF
CSX,I019-##,1002,W. Springfield,pick up,City Of Industry
CSX,I019-##,1002,W. Springfield,pick up,Bedford Park IM
CSX,I019-##,1625,Syracuse DeWitt Yard,set out,IM
CSX,I031-##,2164,Baltimore Bay View CSX Yard,pick up,FEC Miami
CSX,I031-##,2164,Baltimore Bay View CSX Yard,pick up,Jacksonville IM
CSX,I032-##,2164,Baltimore Bay View CSX Yard,set out,Baltimore
CSX,I032-##,2164,Baltimore Bay View CSX Yard,set out,Philadelphia IM
NS,268-##,1055,Chicago Calumet Yard,pick up,Cleveland Intermodal
NS,268-##,3077,Sandusky,set out,Cleveland
NS,268-##,3077,Sandusky,set out,Detroit Intermodal
NS,268-##,3077,Sandusky,pick up,Elizabeth Marine
NS,268-##,3077,Sandusky,pick up,GCT Bayonne
NS,268-##,1385,Rutherford Yard,set out,Croxton
NS,268-##,1385,Rutherford Yard,set out,GCT Bayonne
NS,268-##,1385,Rutherford Yard,pick up,Elizabeth Marine
NS,276-##,2433,Columbus Rickenbacker Intermodal Terminal,pick up,Suffolk
NS,261-##,1476,Harrisburg,set out,Harrisburg
NS,261-##,1476,Harrisburg,pick up,Los Angeles BNSF
NS,261-##,1476,Harrisburg,pick up,Barstow IM
NS,269-##,1476,Harrisburg,pick up,Landers
NS,269-##,1476,Harrisburg,pick up,Sandusky
NS,269-##,3077,Sandusky,set out,Sandusky
NS,269-##,3077,Sandusky,pick up,Landers
NS,287-##,1057,Jacksonville Simpson Yard,set out,Intermodal Except Memphis UP
NS,287-##,1057,Jacksonville Simpson Yard,set out,Rossville
NS,287-##,1057,Jacksonville Simpson Yard,set out,Pick Up Memphis UP
NS,287-##,1057,Jacksonville Simpson Yard,set out,Rossville
NS,287-##,1057,Jacksonville Simpson Yard,set out,San Bernardino
NS,287-##,1914,Sheffield,set out,Memphis UP
NS,287-##,1914,Sheffield,set out,San Bernardino
NS,287-##,1914,Sheffield,pick up,Rossville IM
NS,284-##,1244,Austell,set out,Austell
NS,283-##,1082,Atlanta Inman Yard,set out,Intermodal Except San Bernardino
NS,283-##,1082,Atlanta Inman Yard,set out,UP ITCF
NS,283-##,2113,Decatur Old Yard,set out,Huntsville
NS,283-##,2113,Decatur Old Yard,pick up,Rossville
NS,283-##,2113,Decatur Old Yard,pick up,UP ITCF
NS,283-##,2113,Decatur Old Yard,pick up,Memphis UP
NS,283-##,1914,Sheffield,set out,UP Intermodal
NS,283-##,1914,Sheffield,set out,Pick Up BNSF
NS,283-##,1914,Sheffield,set out,Rossville Intermodal
NS,283-##,3075,Rossville,set out,Rossville Intermodal
NS,279-##,1298,Lynchburg,set out,Greensboro IM
NS,279-##,2904,Knoxville Sevier Yard,set out,Rossville IM
NS,279-##,1462,Louisville Buechel IM Terminal,set out,Louisville IM
NS,272-##,3077,Sandusky,set out,Elizabeth Marine
NS,272-##,3077,Sandusky,set out,GCT Bayonne
NS,272-##,3077,Sandusky,set out,Colehour
NS,272-##,3077,Sandusky,pick up,Portlock IM
NS,272-##,1453,Columbus Watkins Yard,pick up,Suffolk APM
NS,272-##,1453,Columbus Watkins Yard,pick up,Norfolk International Terminals
NS,272-##,2433,Columbus Rickenbacker Intermodal Terminal,pick up,Portlock
NS,272-##,2433,Columbus Rickenbacker Intermodal Terminal,pick up,Suffolk APM
NS,272-##,2433,Columbus Rickenbacker Intermodal Terminal,pick up,Norfolk International Terminals IM
NS,289-##,1385,Rutherford Yard,set out,St Louis
NS,289-##,1385,Rutherford Yard,set out,Voltz Intermodal
NS,289-##,1385,Rutherford Yard,pick up,Rossville IM
NS,289-##,2904,Knoxville Sevier Yard,pick up,Rossville IM
NS,273-##,2433,Columbus Rickenbacker Intermodal Terminal,set out,Columbus IM
NS,254-##,2060,Elizabeth Erail Intermodal Terminal,set out,Erail Intermodal
NS,289-##,1385,Rutherford Yard,set out,St Louis
NS,289-##,1385,Rutherford Yard,set out,Voltz Intermodal
NS,289-##,1385,Rutherford Yard,pick up,Rossville IM
NS,289-##,2904,Knoxville Sevier Yard,pick up,Rossville IM
NS,268-##,1055,Chicago Calumet Yard,pick up,Cleveland Intermodal
NS,268-##,3077,Sandusky,set out,Cleveland
NS,268-##,3077,Sandusky,set out,Detroit Intermodal
NS,268-##,3077,Sandusky,pick up,Elizabeth Marine
NS,268-##,3077,Sandusky,pick up,GCT Bayonne
NS,268-##,1385,Rutherford Yard,set out,Croxton
NS,268-##,1385,Rutherford Yard,pick up,Elizabeth Marine
NS,268-##,1688,Elizabeth Marine Terminal,set out,Elizabeth Marine
NS,276-##,2433,Columbus Rickenbacker Intermodal Terminal,pick up,Suffolk
NS,268-##,1055,Chicago Calumet Yard,pick up,Cleveland Intermodal
NS,268-##,3077,Sandusky,set out,Cleveland
NS,268-##,3077,Sandusky,set out,Detroit Intermodal
NS,268-##,3077,Sandusky,pick up,Elizabeth Marine
NS,268-##,3077,Sandusky,pick up,GCT Bayonne
NS,268-##,1385,Rutherford Yard,set out,Croxton
NS,268-##,1385,Rutherford Yard,set out,GCT Bayonne
NS,268-##,1385,Rutherford Yard,pick up,Elizabeth Marine
NS,257-##,3077,Sandusky,set out,Sandusky
NS,265-##,1099,Binghamton NS,pick up,Chicago 63rd IM
NS,273-##,2433,Columbus Rickenbacker Intermodal Terminal,set out,Columbus IM
NS,273-##,2433,Columbus Rickenbacker Intermodal Terminal,pick up,GCT
NS,273-##,2433,Columbus Rickenbacker Intermodal Terminal,pick up,EMT IM
NS,231-##,1385,Rutherford Yard,set out,Rossville
NS,231-##,1385,Rutherford Yard,set out,Voltz IM
NS,281-##,1082,Atlanta Inman Yard,set out,Savannah
NS,283-##,1082,Atlanta Inman Yard,set out,Intermodal Except San Bernardino
NS,283-##,1082,Atlanta Inman Yard,set out,UP ITCF
NS,283-##,2113,Decatur Old Yard,set out,Huntsville
NS,283-##,2113,Decatur Old Yard,pick up,Rossville
NS,283-##,2113,Decatur Old Yard,pick up,UP ITCF
NS,283-##,2113,Decatur Old Yard,pick up,Memphis UP
NS,283-##,1914,Sheffield,set out,UP Intermodal
NS,283-##,1914,Sheffield,set out,Pick Up BNSF
NS,283-##,1914,Sheffield,set out,Rossville Intermodal
NS,283-##,3075,Rossville,set out,Rossville Intermodal
NS,282-##,1082,Atlanta Inman Yard,pick up,Charlotte
NS,289-##,1385,Rutherford Yard,set out,St Louis
NS,289-##,1385,Rutherford Yard,set out,Voltz Intermodal
NS,289-##,1385,Rutherford Yard,pick up,Rossville IM
NS,289-##,2904,Knoxville Sevier Yard,pick up,Rossville IM
NS,268-##,1055,Chicago Calumet Yard,pick up,Cleveland Intermodal
NS,268-##,3077,Sandusky,set out,Cleveland
NS,268-##,3077,Sandusky,set out,Detroit Intermodal
NS,268-##,3077,Sandusky,pick up,Elizabeth Marine
NS,268-##,3077,Sandusky,pick up,GCT Bayonne
NS,268-##,1385,Rutherford Yard,set out,Croxton
NS,268-##,1385,Rutherford Yard,pick up,GCT Bayonne
NS,268-##,1385,Rutherford Yard,pick up,Elizabeth Marine
NS,276-##,2433,Columbus Rickenbacker Intermodal Terminal,set out,Columbus
NS,276-##,2433,Columbus Rickenbacker Intermodal Terminal,pick up,Suffolk APM
NS,276-##,2433,Columbus Rickenbacker Intermodal Terminal,pick up,Norfolk International Terminals IM
NS,279-##,2904,Knoxville Sevier Yard,set out,Rossville IM
NS,279-##,1462,Louisville Buechel IM Terminal,set out,Louisville IM
NS,287-##,1057,Jacksonville Simpson Yard,set out,Intermodal Except Memphis UP
NS,287-##,1057,Jacksonville Simpson Yard,set out,Rossville
NS,287-##,1057,Jacksonville Simpson Yard,set out,Pick Up Memphis UP
NS,287-##,1057,Jacksonville Simpson Yard,set out,Rossville
NS,287-##,1057,Jacksonville Simpson Yard,set out,St Louis
NS,287-##,1057,Jacksonville Simpson Yard,set out,Voltz
NS,287-##,1057,Jacksonville Simpson Yard,set out,San Bernardino
NS,287-##,1914,Sheffield,set out,Memphis UP
NS,287-##,1914,Sheffield,set out,San Bernardino
NS,287-##,1914,Sheffield,pick up,Rossville IM
NS,281-##,1082,Atlanta Inman Yard,set out,Savannah
NS,270-##,2433,Columbus Rickenbacker Intermodal Terminal,set out,Entire Train
NS,270-##,2433,Columbus Rickenbacker Intermodal Terminal,set out,Pick Up Suffolk
NS,270-##,2433,Columbus Rickenbacker Intermodal Terminal,set out,Norfolk
NS,270-##,2433,Columbus Rickenbacker Intermodal Terminal,set out,Norfolk International IM
NS,271-##,1525,Crewe,pick up,Sharonville
NS,271-##,1525,Crewe,pick up,Columbus Rickenbacker IM
NS,271-##,2433,Columbus Rickenbacker Intermodal Terminal,pick up,Landers IM
NS,273-##,2433,Columbus Rickenbacker Intermodal Terminal,pick up,GCT
NS,273-##,2433,Columbus Rickenbacker Intermodal Terminal,pick up,EMT IM
NS,258-##,1205,Voltz,pick up,Rutherford
NS,258-##,1205,Voltz,pick up,Morrisville
NS,258-##,1205,Voltz,pick up,Elizabeth Marine
NS,258-##,1205,Voltz,pick up,Croxton Intermodal
NS,258-##,1277,St. Louis Luther Yard,pick up,Elizabeth Marine
NS,258-##,1277,St. Louis Luther Yard,pick up,Croxton
NS,258-##,1277,St. Louis Luther Yard,pick up,and Rutherford IM
NS,260-##,1346,Bethlehem,set out,Behtlehem IM
NS,260-##,1346,Bethlehem,set out,Pick Up BNSF
NS,260-##,1346,Bethlehem,set out,Chicago 47th IM
NS,284-##,1244,Austell,set out,Austell
NS,272-##,2433,Columbus Rickenbacker Intermodal Terminal,pick up,Suffolk APM
NS,272-##,2433,Columbus Rickenbacker Intermodal Terminal,pick up,Norfolk International Terminal
NS,272-##,2433,Columbus Rickenbacker Intermodal Terminal,pick up,Portlock IM
NS,273-##,1525,Crewe,pick up,Detroit
NS,273-##,1525,Crewe,pick up,Cleveland
NS,273-##,1525,Crewe,pick up,Landers
NS,273-##,1525,Crewe,pick up,Columbus IM
NS,273-##,2433,Columbus Rickenbacker Intermodal Terminal,set out,Landers
NS,273-##,2433,Columbus Rickenbacker Intermodal Terminal,set out,Columbus IM
NS,273-##,2433,Columbus Rickenbacker Intermodal Terminal,pick up,Detroit
NS,273-##,2433,Columbus Rickenbacker Intermodal Terminal,pick up,GCT
NS,273-##,2433,Columbus Rickenbacker Intermodal Terminal,pick up,EMT IM
NS,271-##,2433,Columbus Rickenbacker Intermodal Terminal,set out,Columbus Rickenbacker IM
NS,277-##,1525,Crewe,pick up,Landers IM
NS,279-##,1525,Crewe,pick up,Louisville IM
NS,279-##,1525,Crewe,pick up,Rossville IM
NS,279-##,1525,Crewe,pick up,Voltz IM
NS,279-##,1525,Crewe,pick up,St Louis IM
NS,279-##,2904,Knoxville Sevier Yard,set out,Rossville IM
NS,279-##,1462,Louisville Buechel IM Terminal,set out,Louisville IM
NS,257-##,3077,Sandusky,set out,Sandusky
NS,257-##,3077,Sandusky,pick up,Colehour
NS,267-##,3077,Sandusky,pick up,Colehour
NS,258-##,1205,Voltz,pick up,Rutherford
NS,258-##,1205,Voltz,pick up,Morrisville
NS,258-##,1205,Voltz,pick up,Elizabeth Marine
NS,258-##,1205,Voltz,pick up,Croxton Intermodal
NS,258-##,1887,Decatur Brush/East Yard,pick up,Elizabeth Marine
NS,258-##,1887,Decatur Brush/East Yard,pick up,Croxton
NS,258-##,1887,Decatur Brush/East Yard,pick up,and Rutherford IM
NS,271-##,1386,Portsmouth,pick up,Bellevue
NS,271-##,1386,Portsmouth,pick up,Columbus
NS,271-##,2433,Columbus Rickenbacker Intermodal Terminal,set out,Columbus Rickenbacker IM
NS,271-##,1453,Columbus Watkins Yard,set out,Bellevue
NS,271-##,1453,Columbus Watkins Yard,set out,Columbus
NS,253-##,3077,Sandusky,set out,Intermodal Except Suffolk
NS,253-##,3077,Sandusky,set out,Norfolk International Terminals
NS,253-##,3077,Sandusky,set out,Pick Up Suffolk
NS,253-##,3077,Sandusky,set out,Norfolk Int Term
NS,253-##,3077,Sandusky,set out,Portlock
NS,254-##,3077,Sandusky,pick up,Detroit
NS,273-##,1525,Crewe,pick up,Cleveland
NS,273-##,1525,Crewe,pick up,Detroit IM
NS,272-##,1453,Columbus Watkins Yard,set out,Columbus
NS,272-##,1453,Columbus Watkins Yard,pick up,Suffolk APM
NS,272-##,1453,Columbus Watkins Yard,pick up,Norfolk International Terminals
NS,272-##,2433,Columbus Rickenbacker Intermodal Terminal,set out,Suffolk APM
NS,266-##,3077,Sandusky,set out,IM except Columbus
NS,266-##,3077,Sandusky,set out,Pick Up Columbus IM
NS,267-##,3077,Sandusky,set out,Detroit
NS,267-##,3077,Sandusky,set out,GCT Bayonne
NS,267-##,3077,Sandusky,set out,Elizabeth Marine IM
NS,267-##,1454,Toledo Airline/Detroit Yard,set out,Toledo IM
NS,267-##,1454,Toledo Airline/Detroit Yard,pick up,Cicero IM
NS,272-##,2433,Columbus Rickenbacker Intermodal Terminal,set out,Columbus IM
NS,272-##,2433,Columbus Rickenbacker Intermodal Terminal,pick up,Suffolk APM IM
NS,272-##,2433,Columbus Rickenbacker Intermodal Terminal,pick up,Portlock IM
NS,272-##,2433,Columbus Rickenbacker Intermodal Terminal,pick up,and Norfolk International IM
NS,272-##,1525,Crewe,set out,Suffolk APM IM
NS,273-##,1525,Crewe,set out,Suffolk APM IM
NS,273-##,1525,Crewe,pick up,Sharonville
NS,273-##,1525,Crewe,pick up,Detroit
NS,273-##,1525,Crewe,pick up,Columbus
NS,273-##,1525,Crewe,pick up,Landers IM
NS,273-##,2433,Columbus Rickenbacker Intermodal Terminal,set out,Intermodal Except Landers IM
NS,273-##,2433,Columbus Rickenbacker Intermodal Terminal,set out,Pick Up CPKC
NS,273-##,2433,Columbus Rickenbacker Intermodal Terminal,set out,Landers IM
NS,269-##,1385,Rutherford Yard,set out,Rutherford IM
NS,269-##,1385,Rutherford Yard,pick up,Landers IM
NS,269-##,1476,Harrisburg,pick up,Sandusky IM
NS,269-##,3077,Sandusky,set out,Sandusky IM
NS,269-##,3077,Sandusky,pick up,Landers
NS,269-##,3077,Sandusky,pick up,BNSF LA
NS,269-##,3077,Sandusky,pick up,Corwith
NS,269-##,3077,Sandusky,pick up,Cicero
NS,269-##,3077,Sandusky,pick up,UP PNW
NS,269-##,3077,Sandusky,pick up,UP Cali
NS,269-##,3077,Sandusky,pick up,Colehour IM
NS,269-##,3001,Hammond Colehour Yard,set out,IM Except Landers IM
NS,257-##,3001,Hammond Colehour Yard,pick up,Lathrop
NS,257-##,3001,Hammond Colehour Yard,pick up,East LA IM
NS,268-##,1055,Chicago Calumet Yard,pick up,Cleveland Intermodal
NS,268-##,3077,Sandusky,set out,Cleveland
NS,268-##,3077,Sandusky,set out,Detroit Intermodal
NS,268-##,3077,Sandusky,pick up,Elizabeth Marine
NS,268-##,3077,Sandusky,pick up,GCT Bayonne
NS,268-##,3077,Sandusky,pick up,Suffolk APM
NS,268-##,3077,Sandusky,pick up,Norfolk International IM
NS,268-##,1476,Harrisburg,set out,Suffolk APM
NS,268-##,1476,Harrisburg,set out,Norfolk International IM
NS,268-##,1385,Rutherford Yard,set out,Croxton
NS,268-##,1385,Rutherford Yard,pick up,GCT Bayonne
NS,268-##,1385,Rutherford Yard,pick up,Elizabeth Marine
NS,287-##,1244,Austell,set out,St Louis
NS,287-##,1244,Austell,set out,Voltz
NS,287-##,1244,Austell,set out,Austell IM
NS,287-##,1914,Sheffield,set out,San Bernardino IM
NS,287-##,1914,Sheffield,set out,UP Memphis IM
NS,281-##,1082,Atlanta Inman Yard,set out,Savannah
NS,281-##,1082,Atlanta Inman Yard,set out,Wylie
NS,281-##,1082,Atlanta Inman Yard,set out,Charleston IM
NS,283-##,1082,Atlanta Inman Yard,set out,Shreveport CPKC IM
NS,283-##,1082,Atlanta Inman Yard,set out,UP CA
NS,283-##,1082,Atlanta Inman Yard,set out,LATC IM
NS,283-##,1082,Atlanta Inman Yard,set out,Atlanta IM
NS,283-##,1082,Atlanta Inman Yard,pick up,Memphis BNSF
NS,283-##,1082,Atlanta Inman Yard,pick up,San Bernardino IM
NS,283-##,1082,Atlanta Inman Yard,pick up,Rossville IM
NS,283-##,1082,Atlanta Inman Yard,pick up,Huntsville IM
NS,283-##,1082,Atlanta Inman Yard,pick up,UP Dolores ITCF IM
NS,283-##,2113,Decatur Old Yard,set out,Huntsville IM
NS,283-##,2113,Decatur Old Yard,set out,Pick Up Memphis UP
NS,283-##,2113,Decatur Old Yard,set out,Dolores ITCF IM
NS,283-##,2113,Decatur Old Yard,set out,Rossville IM
NS,283-##,1914,Sheffield,set out,UP IM
NS,283-##,1914,Sheffield,set out,Rossville IM
NS,283-##,1914,Sheffield,pick up,Memphis BNSF IM
NS,283-##,1914,Sheffield,pick up,San Bernardino IM
NS,288-##,1914,Sheffield,pick up,Kingsport
NS,288-##,2904,Knoxville Sevier Yard,set out,Kingsport
NS,289-##,1385,Rutherford Yard,set out,Voltz
NS,289-##,1385,Rutherford Yard,set out,Rutherford IM
NS,289-##,2904,Knoxville Sevier Yard,pick up,Rossville IM
NS,289-##,1914,Sheffield,set out,UP Pine Bluff
NS,258-##,1205,Voltz,pick up,Rutherford
NS,258-##,1205,Voltz,pick up,Morrisville
NS,258-##,1205,Voltz,pick up,Elizabeth Marine
NS,258-##,1205,Voltz,pick up,Croxton Intermodal
NS,258-##,1277,St. Louis Luther Yard,pick up,Elizabeth Marine
NS,258-##,1277,St. Louis Luther Yard,pick up,Croxton
NS,258-##,1277,St. Louis Luther Yard,pick up,Rutherford
NS,258-##,1277,St. Louis Luther Yard,pick up,GCT Bayonne
NS,259-##,1277,St. Louis Luther Yard,set out,St Louis
NS,259-##,1277,St. Louis Luther Yard,set out,Decatur IM
NS,272-##,2433,Columbus Rickenbacker Intermodal Terminal,set out,Columbus IM
NS,272-##,2433,Columbus Rickenbacker Intermodal Terminal,pick up,Suffolk APM IM
NS,272-##,2433,Columbus Rickenbacker Intermodal Terminal,pick up,Portlock IM
NS,272-##,2433,Columbus Rickenbacker Intermodal Terminal,pick up,and Norfolk International IM
NS,272-##,1525,Crewe,set out,Suffolk APM IM
NS,272-##,1525,Crewe,pick up,Norfolk Interational IM
NS,273-##,1525,Crewe,set out,Suffolk APM IM
NS,273-##,1525,Crewe,pick up,Sharonville
NS,273-##,1525,Crewe,pick up,Detroit
NS,273-##,1525,Crewe,pick up,Columbus
NS,273-##,1525,Crewe,pick up,Landers IM
NS,273-##,2433,Columbus Rickenbacker Intermodal Terminal,set out,Intermodal Except Landers IM
NS,273-##,2433,Columbus Rickenbacker Intermodal Terminal,set out,Pick Up Landers IM
NS,279-##,1525,Crewe,pick up,Decatur
NS,279-##,1525,Crewe,pick up,St Louis
NS,279-##,1525,Crewe,pick up,Voltz
NS,279-##,1525,Crewe,pick up,Louisville
NS,279-##,1525,Crewe,pick up,Rossville IM
NS,279-##,2904,Knoxville Sevier Yard,set out,Rossville IM
NS,279-##,1462,Louisville Buechel IM Terminal,set out,Louisville IM
NS,279-##,1462,Louisville Buechel IM Terminal,pick up,Louisville
NS,269-##,1385,Rutherford Yard,set out,Rutherford IM
NS,269-##,1385,Rutherford Yard,pick up,Landers IM
NS,269-##,1476,Harrisburg,set out,Harrisburg Classification
NS,269-##,1476,Harrisburg,set out,Los Angeles BNSF
NS,269-##,1476,Harrisburg,pick up,Sandusky IM
NS,269-##,3077,Sandusky,set out,Sandusky IM
NS,269-##,3077,Sandusky,pick up,Landers
NS,269-##,3077,Sandusky,pick up,BNSF Corwith
NS,269-##,3077,Sandusky,pick up,BNSF Los Angeles
NS,269-##,3077,Sandusky,pick up,BNSF Cicero
NS,269-##,3077,Sandusky,pick up,PNW UP
NS,269-##,3077,Sandusky,pick up,Cali UP
NS,269-##,3077,Sandusky,pick up,Colehour Classification IM
NS,269-##,3001,Hammond Colehour Yard,set out,IM Except Landers IM
NS,257-##,3001,Hammond Colehour Yard,set out,Proviso
NS,257-##,3001,Hammond Colehour Yard,set out,UP PNW IM
NS,257-##,3001,Hammond Colehour Yard,pick up,LATC
NS,257-##,3001,Hammond Colehour Yard,pick up,Dolores ITCF IM
NS,260-##,1346,Bethlehem,set out,Behtlehem IM
NS,260-##,1346,Bethlehem,set out,Pick Up Dolores ITCF UP
NS,260-##,1346,Bethlehem,set out,Los Angeles BNSF
NS,260-##,1346,Bethlehem,set out,Chicago 47th
NS,260-##,1346,Bethlehem,set out,LATC UP IM
NS,268-##,1055,Chicago Calumet Yard,pick up,Cleveland IM
NS,268-##,3077,Sandusky,set out,Cleveland
NS,268-##,3077,Sandusky,set out,Detroit IMl
NS,268-##,3077,Sandusky,pick up,Elizabeth Marine
NS,268-##,3077,Sandusky,pick up,GCT Bayonne
NS,268-##,3077,Sandusky,pick up,Suffolk APM
NS,268-##,3077,Sandusky,pick up,Portlock
NS,268-##,3077,Sandusky,pick up,Norfolk International IM
NS,268-##,1476,Harrisburg,pick up,Elizabeth Marine IM
NS,268-##,1476,Harrisburg,set out,Suffolk APM
NS,268-##,1476,Harrisburg,set out,Portlock
NS,268-##,1476,Harrisburg,set out,Norfolk International IM
NS,268-##,1385,Rutherford Yard,pick up,GCT Bayonne
NS,268-##,1385,Rutherford Yard,pick up,Elizabeth Marine
NS,244-##,1244,Austell,set out,Austell IM
NS,257-##,1436,Pittsburgh Pitcairn Intermodal Terminal,set out,Pittsburgh IM
NS,257-##,1454,Toledo Airline/Detroit Yard,set out,Toledo IM
NS,257-##,1454,Toledo Airline/Detroit Yard,pick up,Colehour
NS,257-##,1454,Toledo Airline/Detroit Yard,pick up,Los Angeles BNSF
NS,257-##,3001,Hammond Colehour Yard,set out,Colehour Classification IM
NS,257-##,3001,Hammond Colehour Yard,set out,Los Angeles BNSF IM
NS,257-##,3001,Hammond Colehour Yard,pick up,Dolores ITCF IM
NS,257-##,3001,Hammond Colehour Yard,pick up,Proviso IM
NS,257-##,3001,Hammond Colehour Yard,pick up,LATC IM
NS,269-##,1385,Rutherford Yard,set out,Rutherford IM
NS,269-##,1476,Harrisburg,set out,Harrisburg IM
NS,269-##,1476,Harrisburg,pick up,Sandusky IM
NS,269-##,3077,Sandusky,set out,Sandusky IM
NS,269-##,3077,Sandusky,pick up,Landers
NS,269-##,3077,Sandusky,pick up,Colehour
NS,269-##,3077,Sandusky,pick up,BNSF Corwith
NS,269-##,3077,Sandusky,pick up,BNSF Cicero
NS,269-##,3077,Sandusky,pick up,UP California
NS,269-##,3077,Sandusky,pick up,Los Angeles Hobart
NS,269-##,3077,Sandusky,pick up,PNW UP IM
NS,269-##,3001,Hammond Colehour Yard,set out,IM Except Landers IM
NS,204-##,1914,Sheffield,set out,Huntsville
NS,284-##,1244,Austell,set out,Austell
NS,286-##,1914,Sheffield,set out,Huntsville
NS,286-##,1914,Sheffield,set out,Savannah
NS,286-##,1914,Sheffield,set out,FEC IM
NS,286-##,1914,Sheffield,pick up,Atlanta Classificiation IM
NS,286-##,1914,Sheffield,pick up,Jacksonville IM
NS,283-##,1082,Atlanta Inman Yard,set out,Shreveport
NS,283-##,1082,Atlanta Inman Yard,set out,Nor Cal UP
NS,283-##,1082,Atlanta Inman Yard,set out,LATC
NS,283-##,1082,Atlanta Inman Yard,set out,Atlanta Classification
NS,283-##,1082,Atlanta Inman Yard,set out,Atlanta IM
NS,283-##,2113,Decatur Old Yard,set out,Huntsville IM
NS,283-##,2113,Decatur Old Yard,pick up,Memphis UP
NS,283-##,2113,Decatur Old Yard,pick up,Dolores ITCF
NS,283-##,2113,Decatur Old Yard,pick up,Rossville IM
NS,283-##,1914,Sheffield,set out,Memphis UP
NS,283-##,1914,Sheffield,set out,Dolores ITCF
NS,283-##,1914,Sheffield,set out,Rossville IM
NS,283-##,1914,Sheffield,pick up,Memphis BNSF
NS,283-##,1914,Sheffield,pick up,San Bernardino IM
NS,287-##,1244,Austell,set out,St Louis
NS,287-##,1244,Austell,set out,Voltz
NS,287-##,1244,Austell,set out,Austell IM
NS,287-##,1244,Austell,pick up,San Bernardino
NS,287-##,1244,Austell,pick up,Rossville
NS,287-##,1244,Austell,pick up,Memphis UP IM
NS,287-##,1914,Sheffield,set out,San Bernardino
NS,287-##,1914,Sheffield,set out,Memphis UP IM Blcoks
NS,287-##,1914,Sheffield,set out,Pick Up Rossville IM
NS,283-##,1082,Atlanta Inman Yard,set out,Shreveport
NS,283-##,1082,Atlanta Inman Yard,set out,Nor Cal UP
NS,283-##,1082,Atlanta Inman Yard,set out,LATC
NS,283-##,1082,Atlanta Inman Yard,set out,Atlanta Classification
NS,283-##,1082,Atlanta Inman Yard,set out,Atlanta IM
NS,283-##,3785,Greenbrier,set out,Huntsville IM
NS,283-##,3785,Greenbrier,pick up,Memphis UP
NS,283-##,3785,Greenbrier,pick up,Dolores ITCF
NS,283-##,3785,Greenbrier,pick up,Rossville IM
NS,283-##,1914,Sheffield,set out,Memphis UP
NS,283-##,1914,Sheffield,set out,Dolores ITCF
NS,283-##,1914,Sheffield,set out,Rossville IM
NS,283-##,1914,Sheffield,pick up,Memphis BNSF
NS,283-##,1914,Sheffield,pick up,San Bernardino IM
NS,286-##,1914,Sheffield,pick up,Huntsville IM
NS,286-##,1914,Sheffield,pick up,Huntsville Auto
NS,286-##,3785,Greenbrier,set out,Huntsville IM
NS,286-##,3785,Greenbrier,set out,Huntsville Auto
NS,286-##,3785,Greenbrier,pick up,Savannah
NS,286-##,3785,Greenbrier,pick up,Charleston IM
NS,257-##,1436,Pittsburgh Pitcairn Intermodal Terminal,set out,Pittsburgh IM
NS,257-##,1454,Toledo Airline/Detroit Yard,set out,Toledo IM
NS,257-##,1454,Toledo Airline/Detroit Yard,pick up,Colehour
NS,257-##,1454,Toledo Airline/Detroit Yard,pick up,Los Angeles BNSF
NS,257-##,3001,Hammond Colehour Yard,set out,Colehour
NS,257-##,3001,Hammond Colehour Yard,set out,Los Angeles BNSF IM
NS,257-##,3001,Hammond Colehour Yard,pick up,East LA UP
NS,257-##,3001,Hammond Colehour Yard,pick up,UP Global 2
NS,257-##,3001,Hammond Colehour Yard,pick up,and Lathrop IM
NS,260-##,1346,Bethlehem,set out,Behtlehem IM
NS,260-##,1346,Bethlehem,set out,Pick Up East LA UP
NS,260-##,1346,Bethlehem,set out,Los Angeles BNSF
NS,260-##,1346,Bethlehem,set out,Harrisburg
NS,260-##,1346,Bethlehem,set out,Chicaog 47th St
NS,260-##,1346,Bethlehem,set out,Lathrop IM
NS,267-##,3077,Sandusky,set out,Detroit
NS,267-##,3077,Sandusky,set out,GCT Bayonne
NS,267-##,3077,Sandusky,set out,Elizabeth Marine IM
NS,267-##,1454,Toledo Airline/Detroit Yard,set out,Toledo IM
NS,279-##,1525,Crewe,pick up,Decatur
NS,279-##,1525,Crewe,pick up,St Louis
NS,279-##,1525,Crewe,pick up,Voltz
NS,279-##,1525,Crewe,pick up,Louisville
NS,279-##,1525,Crewe,pick up,Rossville IM
NS,279-##,2904,Knoxville Sevier Yard,set out,Rossville IM
NS,279-##,1462,Louisville Buechel IM Terminal,set out,Louisville IM
NS,279-##,1462,Louisville Buechel IM Terminal,pick up,Louisville
NS,288-##,1914,Sheffield,pick up,Kingsport
NS,288-##,2904,Knoxville Sevier Yard,set out,Kingsport
NS,289-##,1385,Rutherford Yard,set out,Voltz
NS,289-##,1385,Rutherford Yard,set out,Rutherford IM
NS,289-##,2904,Knoxville Sevier Yard,pick up,Rossville IM
NS,289-##,1914,Sheffield,set out,UP Pine Bluff
NS,287-##,1244,Austell,set out,St Louis
NS,287-##,1244,Austell,set out,Voltz
NS,287-##,1244,Austell,set out,Austell IM
NS,287-##,1244,Austell,pick up,San Bernardino
NS,287-##,1244,Austell,pick up,Rossville
NS,287-##,1244,Austell,pick up,Memphis UP IM
NS,289-##,1385,Rutherford Yard,set out,Voltz
NS,289-##,1385,Rutherford Yard,set out,Rutherford IM
NS,289-##,2904,Knoxville Sevier Yard,pick up,Rossville IM
NS,289-##,1914,Sheffield,set out,UP Pine Bluff
NS,289-##,2904,Knoxville Sevier Yard,pick up,Rossville IM
NS,289-##,1914,Sheffield,set out,UP Pine Bluff
NS,286-##,3785,Greenbrier,set out,Huntsville IM
NS,286-##,3785,Greenbrier,set out,Huntsville Auto
NS,286-##,3785,Greenbrier,pick up,Savannah
NS,286-##,3785,Greenbrier,pick up,Charleston IM
NS,288-##,1914,Sheffield,set out,IM except PA
NS,288-##,1914,Sheffield,set out,NJ
NS,288-##,1914,Sheffield,set out,VA IM
NS,288-##,1914,Sheffield,pick up,Kingsport
NS,288-##,2904,Knoxville Sevier Yard,set out,Kingsport
NS,287-##,1244,Austell,set out,LATC UP IM
NS,287-##,1244,Austell,set out,Pick Up Huntsville
NS,287-##,1244,Austell,set out,Memphis UP IM
NS,287-##,1244,Austell,set out,and Rossville IM
NS,287-##,3785,Greenbrier,set out,Huntsville IM
NS,287-##,3785,Greenbrier,set out,Pick Up ITCF UP
NS,287-##,3785,Greenbrier,set out,Memphis UP
NS,287-##,3785,Greenbrier,set out,Rossville IM
NS,287-##,3075,Rossville,set out,Rossville IM
NS,245-##,1688,Elizabeth Marine Terminal,pick up,Rutherford
NS,245-##,1688,Elizabeth Marine Terminal,pick up,Sandusky IM
NS,245-##,1385,Rutherford Yard,set out,Rutherford IM
NS,289-##,1385,Rutherford Yard,set out,Rutherford
NS,289-##,1385,Rutherford Yard,set out,St Louis
NS,289-##,1385,Rutherford Yard,set out,Voltz IM
NS,289-##,2904,Knoxville Sevier Yard,pick up,UP Pine Bluff Manifest
NS,289-##,1914,Sheffield,set out,UP Pine Bluff
NS,288-##,1914,Sheffield,set out,IM except PA
NS,288-##,1914,Sheffield,set out,NJ IM
NS,288-##,1914,Sheffield,pick up,Kingsport
NS,288-##,2904,Knoxville Sevier Yard,set out,Kingsport
NS,279-##,1525,Crewe,pick up,Decatur
NS,279-##,1525,Crewe,pick up,St Louis
NS,279-##,1525,Crewe,pick up,Voltz
NS,279-##,1525,Crewe,pick up,Louisville IM
NS,279-##,1462,Louisville Buechel IM Terminal,set out,Louisville IM
NS,279-##,1462,Louisville Buechel IM Terminal,pick up,Louisville
NS,223-##,1026,Louisville Youngtown Yard,pick up,Shelbyville
NS,223-##,1268,Shelbyville,set out,Shelbyville
NS,223-##,1244,Austell,set out,Austell IM
NS,279-##,1525,Crewe,pick up,Sharonville
NS,279-##,1525,Crewe,pick up,Appliance Park
NS,279-##,1525,Crewe,pick up,Voltz
NS,279-##,1525,Crewe,pick up,St Louis
NS,279-##,1525,Crewe,pick up,Decatur IM
NS,279-##,3526,Sharonville,set out,Sharonville IM
NS,279-##,3526,Sharonville,pick up,Appliance Park IM
NS,279-##,1132,Georgetown Delaplain Yard,pick up,St Louis
NS,279-##,1132,Georgetown Delaplain Yard,pick up,UP KC Auto
NS,279-##,1462,Louisville Appliance Park,set out,Appliance Park IM
NS,279-##,1462,Louisville Appliance Park,pick up,Voltz IM
NS,279-##,1277,St. Louis Luther Yard,set out,St Louis IM
NS,279-##,1277,St. Louis Luther Yard,set out,Decatur IM
NS,279-##,1277,St. Louis Luther Yard,set out,St Louis Autos
NS,279-##,1277,St. Louis Luther Yard,set out,UP KC Autos
NS,279-##,1277,St. Louis Luther Yard,set out,Pick Up Kansas City Manifest
NS,279-##,1205,Voltz,set out,Voltz IM
NS,258-##,1205,Voltz,pick up,Rutherford
NS,258-##,1205,Voltz,pick up,Morrisville
NS,258-##,1205,Voltz,pick up,Elizabeth Marine
NS,258-##,1205,Voltz,pick up,Croxton Intermodal
NS,258-##,1277,St. Louis Luther Yard,pick up,Elizabeth Marine
NS,258-##,1277,St. Louis Luther Yard,pick up,Croxton
NS,258-##,1277,St. Louis Luther Yard,pick up,Rutherford
NS,258-##,1277,St. Louis Luther Yard,pick up,GCT Bayonne
NS,259-##,1277,St. Louis Luther Yard,set out,St Louis IM
NS,259-##,1277,St. Louis Luther Yard,pick up,Voltz IM
NS,259-##,1277,St. Louis Luther Yard,pick up,Voltz Auto Frames
NS,259-##,1277,St. Louis Luther Yard,pick up,Voltz Auto
NS,276-##,2433,Columbus Rickenbacker Intermodal Terminal,pick up,Norfolk International Terminal IM
NS,278-##,1205,Voltz,pick up,Suffolk APM
NS,278-##,1205,Voltz,pick up,Appliance Park
NS,278-##,1205,Voltz,pick up,Norfolk International
NS,278-##,1205,Voltz,pick up,FEC Bowden
NS,278-##,1205,Voltz,pick up,Jacksonville
NS,278-##,1205,Voltz,pick up,Atlanta
NS,278-##,1205,Voltz,pick up,Austell IM
NS,278-##,1277,St. Louis Luther Yard,set out,FEC Bowden
NS,278-##,1277,St. Louis Luther Yard,set out,Jacksonville
NS,278-##,1277,St. Louis Luther Yard,set out,Atlanta
NS,278-##,1277,St. Louis Luther Yard,set out,Austell IM
NS,278-##,1277,St. Louis Luther Yard,pick up,Norfolk International
NS,278-##,1277,St. Louis Luther Yard,pick up,Suffolk APM IM
NS,278-##,1462,Louisville Appliance Park,set out,Appliance Park IM
NS,278-##,1462,Louisville Appliance Park,set out,Pick Up Suffolk APM
NS,278-##,1462,Louisville Appliance Park,set out,Colehour
NS,278-##,1462,Louisville Appliance Park,set out,Norfolk International IM
NS,278-##,1268,Shelbyville,pick up,Poe Auto
NS,278-##,1132,Georgetown Delaplain Yard,pick up,Colehour IM
NS,278-##,3526,Sharonville,set out,Colehour IM
NS,278-##,3526,Sharonville,pick up,Suffolk APM
NS,278-##,3526,Sharonville,pick up,Norfolk International IM
NS,278-##,1525,Crewe,set out,Suffolk APM IM
NS,278-##,2255,Petersburg Poe Auto Terminal,set out,Poe Auto
NS,245-##,1385,Rutherford Yard,set out,Rutherford IM
NS,268-##,1055,Chicago Calumet Yard,pick up,Cleveland IM
NS,268-##,3077,Sandusky,set out,Cleveland
NS,268-##,3077,Sandusky,set out,Suffolk APM
NS,268-##,3077,Sandusky,set out,Detroit IM
NS,268-##,3077,Sandusky,pick up,Elizabeth Marine
NS,268-##,3077,Sandusky,pick up,GCT Bayonne
NS,268-##,3077,Sandusky,pick up,and NYCT IM
NS,268-##,1385,Rutherford Yard,pick up,Elizabeth Marine
NS,268-##,1385,Rutherford Yard,pick up,GCT Bayonne
NS,268-##,1385,Rutherford Yard,pick up,and NYCT IM
NS,269-##,1385,Rutherford Yard,set out,Rutherford IM
NS,269-##,1476,Harrisburg,pick up,Sandusky IM
NS,269-##,3077,Sandusky,set out,Sandusky IM
NS,269-##,3077,Sandusky,pick up,Landers
NS,269-##,3077,Sandusky,pick up,Colehour
NS,269-##,3077,Sandusky,pick up,BNSF Corwith
NS,269-##,3077,Sandusky,pick up,BNSF Cicero
NS,269-##,3077,Sandusky,pick up,UP California
NS,269-##,3077,Sandusky,pick up,Los Angeles Hobart
NS,269-##,3077,Sandusky,pick up,PNW UP IM
NS,269-##,3001,Hammond Colehour Yard,set out,IM Except Landers IM
NS,260-##,1346,Bethlehem,set out,Behtlehem IM
NS,260-##,1346,Bethlehem,set out,Pick Up Chicago 47th
NS,260-##,1346,Bethlehem,set out,East LA
NS,260-##,1346,Bethlehem,set out,Lathrop
NS,260-##,1346,Bethlehem,set out,Los Angeles BNSF
NS,260-##,1346,Bethlehem,set out,Harrisburg IM
NS,264-##,1099,East Binghamton,set out,Mechanicville Autos
NS,264-##,1099,East Binghamton,set out,IM
NS,264-##,1099,East Binghamton,set out,Taylor IM
NS,265-##,1099,Binghamton NS,pick up,Chicago 63rd IM
NS,264-##,1099,East Binghamton,set out,MechanicvilleIM
NS,264-##,1099,East Binghamton,set out,Taylor IM
NS,286-##,3785,Greenbrier,set out,Huntsville IM
NS,286-##,3785,Greenbrier,pick up,Savannah
NS,286-##,3785,Greenbrier,pick up,Charleston IM
NS,288-##,1914,Sheffield,set out,IM except PA
NS,288-##,1914,Sheffield,set out,NJ IM
NS,288-##,1914,Sheffield,pick up,Kingsport
NS,288-##,2904,Knoxville Sevier Yard,set out,Kingsport
NS,258-##,1205,Voltz,pick up,Rutherford
NS,258-##,1205,Voltz,pick up,Morrisville
NS,258-##,1205,Voltz,pick up,Elizabeth Marine
NS,258-##,1205,Voltz,pick up,Croxton Intermodal
NS,258-##,1887,Decatur Brush/East Yard,pick up,Elizabeth Marine
NS,258-##,1887,Decatur Brush/East Yard,pick up,Croxton
NS,258-##,1887,Decatur Brush/East Yard,pick up,Rutherford
NS,258-##,1887,Decatur Brush/East Yard,pick up,GCT Bayonne IM
NS,259-##,1887,Decatur Brush/East Yard,set out,St Louis IM
NS,279-##,1525,Crewe,pick up,Sharonville
NS,279-##,1525,Crewe,pick up,Appliance Park
NS,279-##,1525,Crewe,pick up,Voltz
NS,279-##,1525,Crewe,pick up,St Louis
NS,279-##,1525,Crewe,pick up,Decatur IM
NS,279-##,3526,Sharonville,set out,Sharonville IM
NS,279-##,3526,Sharonville,pick up,Appliance Park IM
NS,279-##,1132,Georgetown Delaplain Yard,pick up,St Louis
NS,279-##,1132,Georgetown Delaplain Yard,pick up,UP KC Auto
NS,279-##,1462,Louisville Appliance Park,set out,Appliance Park IM
NS,279-##,1462,Louisville Appliance Park,pick up,Voltz IM
NS,279-##,1277,St. Louis Luther Yard,set out,St Louis IM
NS,279-##,1277,St. Louis Luther Yard,set out,Decatur IM
NS,279-##,1277,St. Louis Luther Yard,set out,St Louis Autos
NS,279-##,1277,St. Louis Luther Yard,set out,UP KC Autos
NS,279-##,1277,St. Louis Luther Yard,set out,Pick Up Voltz IM
NS,279-##,1277,St. Louis Luther Yard,set out,Voltz Auto Frames
NS,279-##,1277,St. Louis Luther Yard,set out,Voltz Auto
NS,279-##,1277,St. Louis Luther Yard,set out,KC Manifest
NS,279-##,1205,Voltz,set out,Voltz IM
NS,279-##,1205,Voltz,set out,Auto
NS,332-##,1882,Toledo Evans Yard,set out,Toledo Evans Yard
NS,350-##,1137,East Durham NS,set out,Durham
NS,350-##,1137,East Durham NS,pick up,Selma
NS,18M-##,1453,Columbus Watkins Yard,pick up,Portsmouth
NS,18M-##,1386,Portsmouth,set out,Portsmouth Roanoke
NS,18M-##,1386,Portsmouth,pick up,Crewe
NS,18M-##,1386,Portsmouth,pick up,Lynchburg
NS,18M-##,1173,Roanoke,set out,Lynchburg
NS,18M-##,1173,Roanoke,pick up,Crewe
NS,10N-##,1113,Detroit Warren,pick up,Conway
NS,10N-##,1113,Detroit Warren,pick up,Bellevue Auto
NS,30A-##,3371,Palmyra,set out,Hershey
NS,30A-##,3371,Palmyra,pick up,Allentown
NS,19K-##,1535,Lafayette East Yard,set out,Lafayette
NS,19K-##,1535,Lafayette East Yard,pick up,Decatur
NS,362-##,2113,Decatur Old Yard,pick up,Chattanooga
NS,18G-##,1347,Newark Oak Island Yard,set out,Oak Island
NS,30N-##,1342,Granite City Smith Yard,pick up,Decatur
NS,165-##,1140,Greensboro Pomona Yard,pick up,Roanoke
NS,191-##,1932,Augusta NS Yard,set out,Augusta
NS,191-##,1932,Augusta NS Yard,set out,Savannah
NS,191-##,1932,Augusta NS Yard,pick up,Chattanooga
NS,191-##,1932,Augusta NS Yard,pick up,Macon
NS,191-##,1932,Augusta NS Yard,pick up,Birmingham
NS,191-##,1933,Nixon,set out,Savannah
NS,192-##,1932,Augusta NS Yard,set out,Augusta
NS,192-##,1932,Augusta NS Yard,pick up,Columbia
NS,377-##,1912,Macon Brosnan Yard,pick up,Birmingham
NS,377-##,1447,Columbus,set out,Columbus
NS,377-##,1447,Columbus,pick up,Birmingham
NS,170-##,1132,Georgetown Delaplain Yard,pick up,Conway
NS,170-##,1132,Georgetown Delaplain Yard,set out,Georgetown
NS,170-##,2048,Cincinnati Gest St. Yard,pick up,Conway
NS,170-##,2048,Cincinnati Gest St. Yard,pick up,Bellevue
NS,170-##,2048,Cincinnati Gest St. Yard,pick up,Columbus
NS,170-##,1453,Columbus Watkins Yard,set out,Columbus
NS,170-##,1453,Columbus Watkins Yard,set out,Bellevue
NS,170-##,1453,Columbus Watkins Yard,pick up,Mansfield
NS,170-##,1453,Columbus Watkins Yard,pick up,Conway
NS,170-##,1966,Mansfield Oak Street Yard,set out,Mansfield
NS,170-##,1966,Mansfield Oak Street Yard,pick up,Conway
NS,171-##,1966,Mansfield Oak Street Yard,set out,Mansfield
NS,171-##,1966,Mansfield Oak Street Yard,pick up,Columbus
NS,171-##,1966,Mansfield Oak Street Yard,pick up,Chattanooga
NS,171-##,1453,Columbus Watkins Yard,set out,Columbus
NS,171-##,1453,Columbus Watkins Yard,pick up,Cincinnati
NS,171-##,1453,Columbus Watkins Yard,pick up,Chattanooga
NS,171-##,1132,Georgetown Delaplain Yard,set out,Georgetown
NS,101-##,1837,Calhoun NS,pick up,Chattanooga
NS,101-##,1043,Chattanooga Debutts Yard,set out,Chattanooga
NS,101-##,1043,Chattanooga Debutts Yard,pick up,Pine Bluff
NS,101-##,1914,Sheffield,pick up,Pine Bluff
NS,102-##,1837,Calhoun NS,set out,Calhoun
NS,363-##,2113,Decatur Old Yard,set out,Decatur
NS,363-##,2113,Decatur Old Yard,pick up,Birmingham
NS,363-##,2113,Decatur Old Yard,pick up,Sheffield
NS,17A-##,1435,Memphis Harris Yard,set out,CN
NS,358-##,1454,Toledo Airline Yard,set out,Toledo Airline
NS,358-##,1454,Toledo Airline Yard,pick up,Detroit Oakwood Autos from 29P
NS,358-##,1454,Toledo Airline Yard,pick up,Detroit
NS,358-##,1181,Detroit River Rouge Yard,set out,River Rouge
NS,315-##,3107,Conneaut NS,pick up,Bellevue
NS,315-##,1367,Buffalo Bison Yard,set out,Buffalo
NS,315-##,1367,Buffalo Bison Yard,set out,Buffalo Auto
NS,315-##,1367,Buffalo Bison Yard,pick up,Bellevue
NS,187-##,1082,Atlanta Inman Yard,pick up,Birmingham
NS,351-##,1137,East Durham NS,pick up,Linwood
NS,351-##,1137,East Durham NS,pick up,Greensboro
NS,351-##,1137,East Durham NS,pick up,Bellevue
NS,351-##,1137,East Durham NS,pick up,Roanoke
NS,12Z-##,1178,Shenandoah,set out,Shenandoah
NS,12Z-##,1178,Shenandoah,pick up,Hagerstown
NS,12Z-##,1178,Shenandoah,pick up,Enola
NS,12Z-##,1178,Shenandoah,pick up,Conway
NS,12Z-##,1297,Hagerstown Vardo Yard,set out,Hagerstown
NS,19G-##,1347,Newark Oak Island Yard,pick up,Elkhart
NS,19G-##,1347,Newark Oak Island Yard,pick up,Allentown
NS,19G-##,1347,Newark Oak Island Yard,pick up,Conway
NS,19G-##,1347,Newark Oak Island Yard,pick up,Enola
NS,19G-##,1064,Allentown,set out,Elkhart
NS,19G-##,1064,Allentown,set out,Allentown
NS,19G-##,1064,Allentown,set out,and Conway
NS,19G-##,1064,Allentown,pick up,Enola
NS,19G-##,1064,Allentown,pick up,Reading
NS,19G-##,1475,Reading,pick up,Enola
NS,19G-##,1475,Reading,set out,Reading
NS,368-##,1042,Rome Forrestville Yard,pick up,Chattanooga
NS,316-##,3107,Conneaut NS,set out,Conneaut
NS,316-##,1367,Buffalo Bison Yard,set out,Buffalo Manifest
NS,316-##,1367,Buffalo Bison Yard,set out,Auto
NS,316-##,1367,Buffalo Bison Yard,pick up,Binghamton
NS,303-##,1091,Fostoria Blair Yard,set out,Fostoria
NS,303-##,1091,Fostoria Blair Yard,set out,Pick Up Elkhart
NS,303-##,1379,Fort Wayne East Yard,set out,Fort Wayne
NS,302-##,1379,Fort Wayne East Yard,set out,Fort Wayne
NS,302-##,1379,Fort Wayne East Yard,set out,Cincinnati
NS,302-##,1379,Fort Wayne East Yard,pick up,Bellevue
NS,302-##,1091,Fostoria Blair Yard,set out,Fostoria
NS,302-##,1091,Fostoria Blair Yard,pick up,Bellevue
NS,355-##,1680,Meridian NS Yard,pick up,Livonia
NS,13Z-##,1475,Reading,set out,Reading
NS,13Z-##,1475,Reading,pick up,Knoxville
NS,13Z-##,1178,Shenandoah,pick up,Knoxville
NS,14Z-##,1178,Shenandoah,set out,Enola
NS,14Z-##,1178,Shenandoah,set out,East Binghamton
NS,199-##,1535,Lafayette East Yard,set out,Lafayette
NS,199-##,1887,Decatur NS Yard,pick up,Granite City
NS,199-##,1887,Decatur NS Yard,pick up,Madison
NS,199-##,1342,Granite City Smith Yard,set out,Granite City
NS,312-##,1680,Meridian NS Yard,pick up,Birmingham
NS,11K-##,1475,Reading,pick up,Conway
NS,116-##,1453,Columbus Watkins Yard,set out,Columbus
NS,117-##,1453,Columbus Watkins Yard,set out,Columbus
NS,117-##,1453,Columbus Watkins Yard,pick up,Bellevue
NS,14J-##,1535,Lafayette East Yard,pick up,Fort Wayne
NS,14J-##,1535,Lafayette East Yard,pick up,Elkhart
NS,14J-##,1535,Lafayette East Yard,pick up,IHB Auto
NS,334-##,1181,Detroit River Rouge Yard,set out,River Rouge
NS,333-##,1181,Detroit River Rouge Yard,pick up,Bellevue
NS,158-##,1932,Augusta NS Yard,set out,Augusta
NS,158-##,1932,Augusta NS Yard,set out,Pick Up Columbia
NS,159-##,1932,Augusta NS Yard,set out,Augusta
NS,159-##,1932,Augusta NS Yard,pick up,Savannah
NS,191-##,1932,Augusta NS Yard,pick up,Chattanooga
NS,191-##,1932,Augusta NS Yard,pick up,Macon
NS,191-##,1932,Augusta NS Yard,pick up,Birmingham
NS,192-##,1932,Augusta NS Yard,set out,Augusta
NS,359-##,1181,Detroit River Rouge Yard,pick up,Elkhart
NS,359-##,1454,Toledo Airline Yard,pick up,Elkhart
NS,331-##,1882,Toledo Evans Yard,pick up,Bellevue
NS,331-##,1882,Toledo Evans Yard,pick up,Conway
NS,380-##,1279,Chicago Hegewisch,pick up,Bellevue Auto
NS,380-##,1279,Chicago Hegewisch,pick up,Bellevue Auto
NS,116-##,1453,Columbus Watkins Yard,set out,Columbus
NS,116-##,1453,Columbus Watkins Yard,set out,Cincinnati
NS,116-##,1453,Columbus Watkins Yard,pick up,Portsmouth
NS,117-##,1453,Columbus Watkins Yard,set out,Columbus
NS,117-##,1453,Columbus Watkins Yard,pick up,Bellevue
NS,18M-##,1386,Portsmouth,set out,Portsmouth
NS,18M-##,1386,Portsmouth,set out,Greensboro
NS,18M-##,1386,Portsmouth,pick up,Crewe
NS,18M-##,1386,Portsmouth,pick up,Lynchburg
NS,18M-##,1173,Roanoke,set out,Lynchburg
NS,18M-##,1173,Roanoke,pick up,Crewe
NS,177-##,2048,Cincinnati Gest St. Yard,pick up,Chattanooga Manifest
NS,177-##,2048,Cincinnati Gest St. Yard,pick up,Georgetown
NS,177-##,2048,Cincinnati Gest St. Yard,pick up,Charleston IM
NS,177-##,1132,Georgetown Delaplain Yard,set out,Georgetown
NS,177-##,1056,Danville,set out,Charleston IM
NS,380-##,1279,Chicago Hegewisch,pick up,Bellevue Auto
NS,380-##,1963,Gary Pine Yard,pick up,Bellevue
NS,170-##,1132,Georgetown Delaplain Yard,pick up,Conway
NS,170-##,2048,Cincinnati Gest St. Yard,pick up,Conway
NS,170-##,2048,Cincinnati Gest St. Yard,pick up,Bellevue
NS,170-##,2048,Cincinnati Gest St. Yard,pick up,Columbus
NS,170-##,1453,Columbus Watkins Yard,set out,Columbus
NS,170-##,1453,Columbus Watkins Yard,set out,Bellevue
NS,170-##,1453,Columbus Watkins Yard,pick up,Mansfield
NS,170-##,1453,Columbus Watkins Yard,pick up,Conway
NS,170-##,1966,Mansfield Oak Street Yard,set out,Mansfield
NS,170-##,1966,Mansfield Oak Street Yard,pick up,Conway
NS,177-##,2048,Cincinnati Gest St. Yard,pick up,Chattanooga
NS,35N-##,1887,Decatur NS Yard,set out,ALS Gateway for 31N
NS,35N-##,1887,Decatur NS Yard,set out,Pick Up Granite City
NS,35N-##,1887,Decatur NS Yard,set out,Madison
NS,35N-##,1342,Granite City Smith Yard,set out,Granite City
NS,308-##,1277,St. Louis Luther Yard,set out,St Louis
NS,308-##,1277,St. Louis Luther Yard,set out,St Louis TRRA
NS,308-##,1277,St. Louis Luther Yard,pick up,Decatur
NS,14J-##,1535,Lafayette East Yard,pick up,Fort Wayne
NS,14J-##,1535,Lafayette East Yard,pick up,Elkhart
NS,14J-##,1535,Lafayette East Yard,pick up,IHB Auto
NS,308-##,1276,Wentzville,pick up,Decatur
NS,308-##,1276,Wentzville,pick up,St Louis
NS,308-##,1276,Wentzville,pick up,St Louis Madison TRRA
NS,308-##,1277,St. Louis Luther Yard,set out,St Louis
NS,308-##,1277,St. Louis Luther Yard,set out,St Louis TRRA
NS,308-##,1277,St. Louis Luther Yard,pick up,Decatur
NS,355-##,1680,Meridian NS Yard,pick up,Livonia
NS,14J-##,1535,Lafayette East Yard,pick up,Fort Wayne
NS,14J-##,1535,Lafayette East Yard,pick up,Elkhart
NS,14J-##,1535,Lafayette East Yard,pick up,IHB Auto
NS,18G-##,1347,Newark Oak Island Yard,set out,Oak Island
NS,19G-##,1347,Newark Oak Island Yard,pick up,Allentown
NS,19G-##,1347,Newark Oak Island Yard,pick up,Conway
NS,19G-##,1347,Newark Oak Island Yard,pick up,Enola
NS,19G-##,1064,Allentown,set out,Allentown
NS,19G-##,1064,Allentown,set out,and Conway
NS,19G-##,1064,Allentown,pick up,Annville
NS,19G-##,1064,Allentown,pick up,Reading
NS,19G-##,1064,Allentown,pick up,Reading RBMN
NS,19G-##,1064,Allentown,pick up,Enola
NS,19G-##,1475,Reading,set out,Annville
NS,19G-##,1475,Reading,set out,Reading
NS,19G-##,1475,Reading,set out,Reading RBMN
NS,19G-##,1475,Reading,pick up,Enola
NS,379-##,1447,Columbus,set out,Columbus
NS,379-##,1447,Columbus,pick up,Birmingham
NS,101-##,1837,Calhoun NS,pick up,Chattanooga
NS,101-##,1043,Chattanooga Debutts Yard,set out,Chattanooga
NS,101-##,1043,Chattanooga Debutts Yard,pick up,Pine Bluff
NS,101-##,1914,Sheffield,pick up,Pine Bluff
NS,187-##,1082,Atlanta Inman Yard,set out,Doraville
NS,187-##,1082,Atlanta Inman Yard,set out,Alanta
NS,172-##,1056,Danville,set out,Georgetown
NS,172-##,1380,Fort Wayne Piqua Yard,pick up,Detroit
NS,337-##,1882,Toledo Evans Yard,set out,Toledo Evans Yard
NS,337-##,1882,Toledo Evans Yard,pick up,Elkhart
NS,337-##,1454,Toledo Airline/Detroit Yard,set out,Toledo Airline
NS,337-##,1454,Toledo Airline/Detroit Yard,set out,Detroit Yard
NS,337-##,1454,Toledo Airline/Detroit Yard,pick up,Elkhart
NS,338-##,1454,Toledo Airline/Detroit Yard,set out,Toledo Airline
NS,338-##,1454,Toledo Airline/Detroit Yard,set out,Detroit
NS,338-##,1454,Toledo Airline/Detroit Yard,pick up,Bellevue
NS,338-##,1882,Toledo Evans Yard,set out,Toledo Evans
NS,338-##,1882,Toledo Evans Yard,pick up,Bellevue
NS,371-##,1042,Rome Forrestville Yard,set out,Rome Forrestville
NS,196-##,1455,Cincinnati Queensgate Yard,set out,Cincinnati
NS,196-##,1455,Cincinnati Queensgate Yard,set out,Decatur
NS,196-##,1455,Cincinnati Queensgate Yard,pick up,Elkhart
NS,196-##,1455,Cincinnati Queensgate Yard,pick up,Fort Wayne
NS,370-##,1042,Rome Forrestville Yard,pick up,Chattanooga
NS,308-##,1276,Wentzville,pick up,Decatur
NS,308-##,1276,Wentzville,pick up,St Louis
NS,308-##,1276,Wentzville,pick up,St Louis Madison TRRA
NS,308-##,1277,St. Louis Luther Yard,set out,St Louis
NS,308-##,1277,St. Louis Luther Yard,set out,St Louis TRRA
NS,308-##,1277,St. Louis Luther Yard,pick up,Decatur Manifest
NS,131-##,1680,Meridian NS Yard,set out,Meridian
NS,131-##,1680,Meridian NS Yard,pick up,New Orleans
NS,131-##,1680,Meridian NS Yard,pick up,New Orleans CN
NS,10N-##,1113,Detroit Warren,pick up,Bellevue Auto
NS,368-##,1912,Macon Brosnan Yard,set out,Macon
NS,368-##,1912,Macon Brosnan Yard,set out,Birmingham
NS,368-##,1912,Macon Brosnan Yard,pick up,Chattanooga
NS,171-##,1966,Mansfield Oak Street Yard,set out,Mansfield
NS,171-##,1966,Mansfield Oak Street Yard,pick up,Columbus
NS,171-##,1966,Mansfield Oak Street Yard,pick up,Chattanooga
NS,171-##,1453,Columbus Watkins Yard,set out,Columbus
NS,171-##,1453,Columbus Watkins Yard,pick up,Cincinnati
NS,171-##,1453,Columbus Watkins Yard,pick up,Chattanooga
NS,171-##,1132,Georgetown Delaplain Yard,set out,Georgetown
NS,171-##,1132,Georgetown Delaplain Yard,pick up,Chattanooga
NS,31A-##,1475,Reading Spring St. Yard,set out,Annville
NS,31A-##,1475,Reading Spring St. Yard,set out,Reading
NS,31A-##,1475,Reading Spring St. Yard,set out,Reading RBMN
NS,31A-##,1475,Reading Spring St. Yard,pick up,Enola
NS,122-##,1532,Lafayette South Yard,pick up,Decatur
NS,122-##,1532,Lafayette South Yard,set out,Lafayette
NS,122-##,1887,Decatur Brush/East Yard,set out,Decatur
NS,122-##,3393,Moberly,pick up,BNSF KC
NS,122-##,3393,Moberly,pick up,BNSF Autos
NS,122-##,3393,Moberly,pick up,BNSF IM
NS,11K-##,1347,Newark Oak Island Yard,pick up,Allentown
NS,11K-##,1347,Newark Oak Island Yard,pick up,Conway
NS,11K-##,1347,Newark Oak Island Yard,pick up,Enola
NS,11K-##,1064,Allentown,set out,Allentown
NS,11K-##,1064,Allentown,set out,Enola
NS,11K-##,1064,Allentown,pick up,Conway
NS,11K-##,1064,Allentown,pick up,Elkhart
NS,11K-##,1475,Reading,pick up,Conway
NS,11K-##,1913,Conway,set out,Entire Train
NS,11K-##,1913,Conway,set out,Pick Up Elkhart
NS,30N-##,1342,Granite City Smith Yard,pick up,Decatur
NS,30N-##,1887,Decatur Brush/East Yard,set out,Detroit
NS,30N-##,1887,Decatur Brush/East Yard,set out,Decatur
NS,30N-##,1887,Decatur Brush/East Yard,pick up,Elkhart
NS,30N-##,1535,Lafayette East Yard,pick up,Elkhart
NS,303-##,1379,Fort Wayne East Yard,set out,Fort Wayne
NS,303-##,1379,Fort Wayne East Yard,pick up,Elkhart
NS,302-##,1379,Fort Wayne East Yard,set out,Fort Wayne
NS,302-##,1379,Fort Wayne East Yard,set out,Cincinnati
NS,302-##,1091,Fostoria Blair Yard,set out,Fostoria
NS,302-##,1091,Fostoria Blair Yard,pick up,Bellevue
NS,172-##,1132,Georgetown Delaplain Yard,set out,Georgetown
NS,172-##,1380,Fort Wayne Piqua Yard,pick up,Detroit
NS,170-##,1132,Georgetown Delaplain Yard,pick up,Conway
NS,170-##,1453,Columbus Watkins Yard,set out,Columbus
NS,170-##,1453,Columbus Watkins Yard,pick up,Mansfield
NS,170-##,1453,Columbus Watkins Yard,pick up,Conway
NS,170-##,1966,Mansfield Oak Street Yard,set out,Mansfield
NS,170-##,1966,Mansfield Oak Street Yard,pick up,Conway
NS,171-##,1966,Mansfield Oak Street Yard,set out,Mansfield
NS,171-##,1966,Mansfield Oak Street Yard,pick up,Columbus
NS,171-##,1966,Mansfield Oak Street Yard,pick up,Chattanooga
NS,171-##,1453,Columbus Watkins Yard,set out,Columbus
NS,171-##,1453,Columbus Watkins Yard,pick up,Chattanooga
NS,171-##,3526,Sharonville,pick up,Chattanooga
NS,171-##,1132,Georgetown Delaplain Yard,set out,Georgetown
NS,11K-##,1347,Newark Oak Island Yard,pick up,Allentown
NS,11K-##,1347,Newark Oak Island Yard,pick up,Conway
NS,11K-##,1347,Newark Oak Island Yard,pick up,Enola
NS,11K-##,1064,Allentown,set out,Allentown
NS,11K-##,1064,Allentown,set out,Enola
NS,11K-##,1064,Allentown,pick up,Conway
NS,11K-##,1064,Allentown,pick up,Elkhart
NS,11K-##,1913,Conway,set out,Conway
NS,11K-##,1913,Conway,pick up,Elkhart
NS,122-##,3676,Frankfort NS,set out,Frankfort
NS,122-##,3676,Frankfort NS,pick up,Decatur
NS,122-##,1532,Lafayette South Yard,pick up,Decatur Manifest
NS,115-##,3393,Moberly,pick up,BNSF KC
NS,115-##,3393,Moberly,pick up,BNSF Autos
NS,115-##,3393,Moberly,pick up,BNSF IM
NS,355-##,1806,Birmingham Norris Yard,set out,Birmingham
NS,355-##,1806,Birmingham Norris Yard,pick up,New Orleans Oliver
NS,131-##,1680,Meridian NS Yard,pick up,New Orleans
NS,131-##,1680,Meridian NS Yard,pick up,New Orleans CN
NS,18M-##,1386,Portsmouth,set out,Portsmouth
NS,18M-##,1386,Portsmouth,pick up,Crewe
NS,18M-##,1386,Portsmouth,pick up,Lynchburg
NS,18M-##,1173,Roanoke,set out,Lynchburg
NS,18M-##,1173,Roanoke,set out,Roanoke
NS,18M-##,1173,Roanoke,pick up,Crewe
NS,304-##,1091,Fostoria Blair Yard,set out,Fostoria
NS,304-##,1091,Fostoria Blair Yard,pick up,Bellevue
NS,173-##,1043,Chattanooga Debutts Yard NS,set out,Chattanooga
NS,187-##,1082,Atlanta Inman Yard,set out,Doraville
NS,187-##,1082,Atlanta Inman Yard,set out,Alanta
NS,187-##,1082,Atlanta Inman Yard,pick up,Birmingham
NS,152-##,1912,Macon Brosnan Yard,set out,Macon
NS,152-##,1912,Macon Brosnan Yard,set out,Birmingham
NS,152-##,1912,Macon Brosnan Yard,pick up,Chattanooga
NS,191-##,1932,Augusta NS Yard,set out,Augusta
NS,191-##,1932,Augusta NS Yard,set out,Savannah
NS,191-##,1932,Augusta NS Yard,pick up,Chattanooga
NS,191-##,1932,Augusta NS Yard,pick up,Macon
NS,191-##,1932,Augusta NS Yard,pick up,Birmingham
NS,191-##,1912,Macon Brosnan Yard,set out,Chattanooga
NS,191-##,1912,Macon Brosnan Yard,set out,Macon
NS,191-##,1912,Macon Brosnan Yard,pick up,Birmingham Hazardous
NS,191-##,1912,Macon Brosnan Yard,pick up,Birmingham
NS,191-##,1912,Macon Brosnan Yard,pick up,Doraville
NS,191-##,1912,Macon Brosnan Yard,pick up,Atlanta
NS,191-##,1082,Atlanta Inman Yard,set out,Doraville
NS,191-##,1082,Atlanta Inman Yard,set out,Alanta
NS,191-##,1082,Atlanta Inman Yard,pick up,Birmingham
NS,172-##,1132,Georgetown Delaplain Yard,set out,Georgetown
NS,172-##,1380,Fort Wayne Piqua Yard,pick up,Detroit
NS,170-##,1056,Danville,set out,Georgetown
NS,170-##,1056,Danville,set out,Detroit CN
NS,170-##,1056,Danville,set out,and Detroit
NS,170-##,1453,Columbus Watkins Yard,set out,Columbus
NS,170-##,1453,Columbus Watkins Yard,pick up,Mansfield
NS,170-##,1453,Columbus Watkins Yard,pick up,Conway
NS,170-##,1966,Mansfield Oak Street Yard,set out,Mansfield
NS,170-##,1966,Mansfield Oak Street Yard,pick up,Conway
NS,376-##,1462,Louisville Buechel IM Terminal,set out,Louisville Buechel
NS,376-##,1462,Louisville Buechel IM Terminal,set out,Pick Up Colehour IM
NS,376-##,1132,Georgetown Delaplain Yard,set out,Bellevue
NS,376-##,1132,Georgetown Delaplain Yard,set out,Georgetown
NS,376-##,1132,Georgetown Delaplain Yard,set out,Detroit
NS,376-##,1132,Georgetown Delaplain Yard,pick up,Colehour IM
NS,376-##,1132,Georgetown Delaplain Yard,pick up,Cincinnati
NS,101-##,1043,Chattanooga Debutts Yard,pick up,Pine Bluff
NS,101-##,1914,Sheffield,pick up,Pine Bluff
NS,308-##,1276,Wentzville,pick up,Decatur
NS,308-##,1276,Wentzville,pick up,St Louis
NS,308-##,1276,Wentzville,pick up,St Louis Madison TRRA
NS,308-##,1277,St. Louis Luther Yard,set out,St Louis
NS,308-##,1277,St. Louis Luther Yard,set out,St Louis TRRA
NS,308-##,1277,St. Louis Luther Yard,pick up,Decatur Manifest
NS,18M-##,1386,Portsmouth,set out,Portsmouth
NS,18M-##,1386,Portsmouth,pick up,Crewe
NS,18M-##,1386,Portsmouth,pick up,Lynchburg
NS,18M-##,1298,Lynchburg,set out,Lynchburg
NS,18M-##,1298,Lynchburg,pick up,Crewe
NS,19K-##,1535,Lafayette East Yard,set out,Lafayette
NS,19K-##,1535,Lafayette East Yard,pick up,Decatur
NS,10N-##,1113,Detroit Warren,pick up,Bellevue Auto
NS,10N-##,1181,Detroit River Rouge Yard,pick up,Bellevue
NS,315-##,1367,Buffalo Bison Yard,set out,Buffalo
NS,315-##,1367,Buffalo Bison Yard,pick up,Bellevue Manifest
NS,315-##,1367,Buffalo Bison Yard,pick up,Bellevue Auto
NS,315-##,3107,Conneaut,pick up,Bellevue
NS,380-##,1279,Chicago Hegewisch,pick up,Bellevue Auto
NS,380-##,1963,Burns Harbor,pick up,Bellevue
NS,12R-##,2946,Rock Hill,set out,Rock Hill
NS,12R-##,2946,Rock Hill,pick up,Charlotte
NS,12R-##,1274,Charlotte NS,set out,Charlotte
NS,12R-##,1147,Linwood Spencer Yard,set out,Bellevue
NS,12R-##,1147,Linwood Spencer Yard,set out,Linwood
NS,12R-##,1147,Linwood Spencer Yard,pick up,Enola
NS,12R-##,1298,Lynchburg,set out,Lynchburg
NS,12R-##,1298,Lynchburg,pick up,Hagerstown
NS,12R-##,1297,Hagerstown Vardo Yard,set out,Hagerstown
NS,376-##,3526,Sharonville,set out,Bellevue
NS,116-##,3022,Marion NS,set out,Marion
NS,117-##,3022,Marion NS,pick up,Bellevue
NS,181-##,1381,Roanoke GM Yard,set out,Roanoke GM
NS,181-##,1887,Decatur Brush/East Yard,pick up,Voltz Parts
NS,181-##,1887,Decatur Brush/East Yard,pick up,Voltz Auto
NS,17A-##,1435,Memphis Harris Yard,set out,CN
NS,308-##,1276,Wentzville,pick up,Decatur
NS,308-##,1276,Wentzville,pick up,St Louis
NS,308-##,1276,Wentzville,pick up,St Louis Madison TRRA
NS,308-##,1277,St. Louis Luther Yard,set out,St Louis
NS,308-##,1277,St. Louis Luther Yard,set out,St Louis TRRA
NS,308-##,1277,St. Louis Luther Yard,pick up,Decatur IM
NS,308-##,1277,St. Louis Luther Yard,pick up,Decatur Manifest
NS,308-##,1342,Granite City Smith Yard,pick up,Decatur
NS,308-##,1342,Granite City Smith Yard,pick up,Conway
NS,311-##,1342,Granite City Smith Yard,set out,Granite City
NS,355-##,1806,Birmingham Norris Yard,set out,Birmingham
NS,355-##,1806,Birmingham Norris Yard,pick up,Livonia
NS,355-##,1806,Birmingham Norris Yard,pick up,New Orleans CN
NS,171-##,3869,Canton Yard,set out,Canton
NS,171-##,3869,Canton Yard,pick up,Columbus
NS,171-##,1453,Columbus Watkins Yard,set out,Columbus
NS,171-##,3526,Sharonville,pick up,Chattanooga
NS,171-##,1132,Georgetown Delaplain Yard,set out,Georgetown
NS,371-##,1042,Rome Forrestville Yard,set out,Rome Forrestville
NS,303-##,1091,Fostoria Blair Yard,set out,Fostoria
NS,303-##,1091,Fostoria Blair Yard,pick up,Fort Wayne
NS,303-##,1091,Fostoria Blair Yard,pick up,Elkhart
NS,303-##,1379,Fort Wayne East Yard,set out,Fort Wayne
NS,303-##,1379,Fort Wayne East Yard,pick up,Elkhart
NS,11K-##,1347,Newark Oak Island Yard,pick up,Conway
NS,11K-##,1347,Newark Oak Island Yard,pick up,Enola
NS,11K-##,1347,Newark Oak Island Yard,pick up,Allentown
NS,11K-##,1064,Allentown,set out,Enola
NS,11K-##,1064,Allentown,set out,Allentown
NS,11K-##,1064,Allentown,pick up,Conway
NS,11K-##,1064,Allentown,pick up,Elkhart
NS,11K-##,1913,Conway,set out,Conway
NS,11K-##,1913,Conway,pick up,Elkhart
NS,18M-##,1386,Portsmouth,pick up,Roanoke
NS,18M-##,1386,Portsmouth,pick up,Williamson
NS,18M-##,1386,Portsmouth,pick up,Bluefield
NS,18M-##,2088,Williamson,set out,Williamson
NS,18M-##,2088,Williamson,pick up,Roanoke
NS,18M-##,2500,Bluefield,set out,Bluefield
NS,18M-##,1173,Roanoke North Yard,set out,Roanoke
NS,18M-##,1298,Lynchburg,set out,Lynchburg
NS,18M-##,1298,Lynchburg,pick up,Crewe
NS,152-##,1912,Macon Brosnan Yard,set out,Macon
NS,152-##,1912,Macon Brosnan Yard,pick up,Chattanooga
NS,173-##,1043,Chattanooga Debutts Yard NS,set out,Chattanooga
NS,172-##,1132,Georgetown Delaplain Yard,set out,Georgetown
NS,172-##,1132,Georgetown Delaplain Yard,pick up,Detroit Autos
NS,172-##,1132,Georgetown Delaplain Yard,pick up,Frames
NS,172-##,1132,Georgetown Delaplain Yard,pick up,Detroit CP Auto
NS,172-##,1380,Fort Wayne Piqua Yard,pick up,Detroit
NS,11K-##,1347,Newark Oak Island Yard,pick up,Conway
NS,11K-##,1347,Newark Oak Island Yard,pick up,Allentown
NS,11K-##,1347,Newark Oak Island Yard,pick up,Elkhart
NS,11K-##,1064,Allentown,set out,Allentown
NS,11K-##,1064,Allentown,pick up,Conway
NS,11K-##,1064,Allentown,pick up,Elkhart
NS,11K-##,1913,Conway,set out,Conway
NS,11K-##,1913,Conway,pick up,Elkhart
NS,303-##,1091,Fostoria Blair Yard,set out,Fostoria
NS,303-##,1091,Fostoria Blair Yard,set out,Lima
NS,303-##,1091,Fostoria Blair Yard,pick up,Fort Wayne
NS,303-##,1091,Fostoria Blair Yard,pick up,Elkhart
NS,303-##,1379,Fort Wayne East Yard,set out,Fort Wayne
NS,303-##,1379,Fort Wayne East Yard,pick up,Elkhart
NS,18M-##,1386,Portsmouth,pick up,Bluefield
NS,18M-##,1386,Portsmouth,pick up,Williamson
NS,18M-##,1386,Portsmouth,pick up,Portlock
NS,18M-##,2088,Williamson,set out,Williamson
NS,18M-##,2088,Williamson,pick up,Roanoke
NS,18M-##,2500,Bluefield,set out,Bluefield
NS,18M-##,1173,Roanoke North Yard,set out,Roanoke
NS,18M-##,1298,Lynchburg,set out,Lynchburg
NS,18M-##,1298,Lynchburg,pick up,Crewe
NS,19K-##,1535,Lafayette East Yard,set out,Lafayette
NS,19K-##,1535,Lafayette East Yard,pick up,Decatur
NS,30N-##,1887,Decatur Brush/East Yard,set out,Detroit
NS,30N-##,1887,Decatur Brush/East Yard,set out,Decatur
NS,30N-##,1887,Decatur Brush/East Yard,pick up,Elkhart
NS,30N-##,1535,Lafayette East Yard,pick up,Elkhart
NS,170-##,1056,Danville,set out,Georgetown
NS,170-##,1056,Danville,set out,Detroit CN
NS,170-##,1056,Danville,set out,and Detroit
NS,170-##,1453,Columbus Watkins Yard,set out,Columbus
NS,170-##,1453,Columbus Watkins Yard,pick up,Mansfield
NS,170-##,1453,Columbus Watkins Yard,pick up,Conway
NS,170-##,1966,Mansfield Oak Street Yard,set out,Mansfield
NS,170-##,1966,Mansfield Oak Street Yard,pick up,Conway
NS,173-##,1043,Chattanooga Debutts Yard NS,set out,Chattanooga
NS,196-##,1455,Cincinnati Queensgate Yard,set out,Cincinnati
NS,196-##,1455,Cincinnati Queensgate Yard,set out,Decatur
NS,196-##,1455,Cincinnati Queensgate Yard,pick up,Fort Wayne
NS,345-##,1806,Birmingham Norris Yard,set out,Birmingham
NS,345-##,1806,Birmingham Norris Yard,pick up,Avondale UP
NS,345-##,1806,Birmingham Norris Yard,pick up,Houston Englewood
NS,345-##,1806,Birmingham Norris Yard,pick up,Meridian
NS,345-##,1680,Meridian NS Yard,set out,Meridian
NS,345-##,1680,Meridian NS Yard,pick up,Picayune
NS,345-##,3839,Picayune,set out,Picayune
NS,355-##,3839,Picayune,pick up,Livonia
NS,170-##,1056,Danville,set out,Danville
NS,170-##,1056,Danville,set out,Detroit CN
NS,170-##,1056,Danville,set out,and Detroit
NS,170-##,1453,Columbus Watkins Yard,set out,Columbus
NS,170-##,1453,Columbus Watkins Yard,pick up,Canton
NS,170-##,1453,Columbus Watkins Yard,pick up,Conway
NS,170-##,3869,Canton Yard,set out,Canton
NS,170-##,3869,Canton Yard,pick up,Conway
NS,15Q-##,1535,Lafayette East Yard,set out,Lafayette
NS,339-##,2348,McCalla,set out,McCalla
NS,116-##,3022,Marion NS,set out,Marion
NS,116-##,3022,Marion NS,pick up,Columbus
NS,18M-##,1386,Portsmouth,pick up,Bluefield
NS,18M-##,1386,Portsmouth,pick up,Williamson
NS,18M-##,1386,Portsmouth,pick up,Portlock
NS,18M-##,2088,Williamson,set out,Williamson
NS,18M-##,2088,Williamson,pick up,Roanoke
NS,18M-##,2500,Bluefield,set out,Bluefield
NS,18M-##,1173,Roanoke North Yard,set out,Roanoke
NS,18M-##,1298,Lynchburg,set out,Lynchburg
NS,18M-##,1298,Lynchburg,pick up,Crewe
NS,365-##,3785,Greenbrier,set out,Huntsville Auto
NS,364-##,3785,Greenbrier,pick up,Chattanooga Auto
NS,375-##,1132,Georgetown Delaplain Yard,set out,Georgetown
NS,375-##,1132,Georgetown Delaplain Yard,pick up,Louisville
NS,375-##,1268,Shelbyville,pick up,Louisville
NS,375-##,1462,Louisville Appliance Park,pick up,Louisville
NS,376-##,1462,Louisville Appliance Park,set out,Appliance Park
NS,376-##,1132,Georgetown Delaplain Yard,set out,Georgetown
NS,376-##,1132,Georgetown Delaplain Yard,set out,Detroit
NS,376-##,1132,Georgetown Delaplain Yard,pick up,Bellevue
NS,376-##,1132,Georgetown Delaplain Yard,pick up,Cincinnati
NS,376-##,2048,Cincinnati Gest St. Yard,set out,Elkhart
NS,376-##,2048,Cincinnati Gest St. Yard,set out,Cincinnati
NS,376-##,3526,Sharonville,set out,Bellevue
NS,376-##,3526,Sharonville,pick up,Louisville
NS,15Q-##,1535,Lafayette East Yard,set out,Lafayette
NS,18M-##,1386,Portsmouth,pick up,Bluefield
NS,18M-##,1386,Portsmouth,pick up,Williamson
NS,18M-##,1386,Portsmouth,pick up,Portlock
NS,18M-##,2088,Williamson,set out,Williamson
NS,18M-##,2500,Bluefield,set out,Bluefield
NS,18M-##,1173,Roanoke North Yard,set out,Roanoke
NS,18M-##,1298,Lynchburg,set out,Lynchburg
NS,18M-##,1298,Lynchburg,pick up,Crewe
NS,31A-##,1475,Reading Spring St. Yard,set out,Reading
NS,31A-##,1475,Reading Spring St. Yard,set out,Topton
NS,31A-##,1475,Reading Spring St. Yard,set out,Reading RBMN
NS,31A-##,1475,Reading Spring St. Yard,pick up,Enola
NS,30A-##,3371,Palmyra,set out,Hershey
NS,30A-##,3371,Palmyra,pick up,Allentown
NS,337-##,1454,Toledo Airline/Detroit Yard,set out,Toledo Airline
NS,337-##,1454,Toledo Airline/Detroit Yard,set out,Detroit Yard
NS,337-##,1454,Toledo Airline/Detroit Yard,pick up,Elkhart
NS,338-##,1454,Toledo Airline/Detroit Yard,set out,Toledo Airline
NS,338-##,1454,Toledo Airline/Detroit Yard,set out,Detroit
NS,338-##,1454,Toledo Airline/Detroit Yard,pick up,Bellevue
NS,350-##,1137,East Durham NS,set out,Durham
NS,350-##,1137,East Durham NS,pick up,Selma
NS,351-##,1137,East Durham NS,pick up,Greensboro
NS,351-##,1137,East Durham NS,pick up,Bellevue
NS,351-##,1137,East Durham NS,pick up,Roanoke
NS,11K-##,1347,Newark Oak Island Yard,pick up,Allentown
NS,11K-##,1347,Newark Oak Island Yard,pick up,Conway
NS,11K-##,1347,Newark Oak Island Yard,pick up,Elkhart
NS,11K-##,1064,Allentown,set out,Allentown
NS,11K-##,1064,Allentown,pick up,Conway
NS,11K-##,1064,Allentown,pick up,Elkhart
NS,304-##,1091,Fostoria Blair Yard,set out,Fostoria
NS,303-##,1091,Fostoria Blair Yard,pick up,Fort Wayne
NS,303-##,1091,Fostoria Blair Yard,pick up,Elkhart
NS,303-##,1379,Fort Wayne East Yard,set out,Fort Wayne
NS,303-##,1379,Fort Wayne East Yard,pick up,Elkhart
NS,308-##,1552,Mexico NS,pick up,St Louis
NS,308-##,1276,Wentzville,pick up,Decatur
NS,308-##,1276,Wentzville,pick up,St Louis
NS,308-##,1276,Wentzville,pick up,St Louis Madison TRRA
NS,308-##,1277,St. Louis Luther Yard,set out,St Louis
NS,308-##,1277,St. Louis Luther Yard,set out,St Louis TRRA
NS,308-##,1277,St. Louis Luther Yard,pick up,Decatur IM
NS,308-##,1277,St. Louis Luther Yard,pick up,Decatur Manifest
NS,308-##,1342,Granite City Smith Yard,pick up,Decatur
NS,308-##,1342,Granite City Smith Yard,pick up,Conway
NS,316-##,3107,Conneaut NS,set out,Conneaut
NS,316-##,1367,Buffalo Bison Yard,set out,Buffalo Manifest
NS,316-##,1367,Buffalo Bison Yard,set out,Auto
NS,316-##,1367,Buffalo Bison Yard,pick up,Binghamton
NS,131-##,3839,Picayune,pick up,Livonia UP
NS,171-##,3869,Canton Yard,set out,Canton
NS,171-##,3869,Canton Yard,pick up,Columbus
NS,171-##,1453,Columbus Watkins Yard,set out,Columbus
NS,171-##,3526,Sharonville,pick up,Chattanooga
NS,171-##,2048,Cincinnati Gest St. Yard,set out,Georgetown
NS,181-##,1381,Roanoke GM Yard,set out,Roanoke GM
NS,181-##,1535,Lafayette East Yard,pick up,UP KC Auto
NS,181-##,1887,Decatur Brush/East Yard,pick up,Voltz Parts
NS,181-##,1887,Decatur Brush/East Yard,pick up,Voltz Auto
NS,191-##,1932,Augusta NS Yard,set out,Augusta
NS,191-##,1932,Augusta NS Yard,set out,Savannah
NS,191-##,1932,Augusta NS Yard,pick up,Macon
NS,191-##,1932,Augusta NS Yard,pick up,Birmingham
NS,191-##,1912,Macon Brosnan Yard,set out,Chattanooga
NS,191-##,1912,Macon Brosnan Yard,set out,Macon
NS,191-##,1912,Macon Brosnan Yard,pick up,Birmingham Hazardous
NS,191-##,1912,Macon Brosnan Yard,pick up,Birmingham
NS,191-##,1912,Macon Brosnan Yard,pick up,Doraville
NS,191-##,1912,Macon Brosnan Yard,pick up,Atlanta
NS,191-##,1082,Atlanta Inman Yard,set out,Doraville
NS,191-##,1082,Atlanta Inman Yard,set out,Alanta
NS,191-##,1082,Atlanta Inman Yard,pick up,Birmingham
NS,337-##,1454,Toledo Airline/Detroit Yard,set out,Toledo Airline
NS,337-##,1454,Toledo Airline/Detroit Yard,set out,Detroit Yard
NS,337-##,1454,Toledo Airline/Detroit Yard,set out,Toledo AA
NS,337-##,1454,Toledo Airline/Detroit Yard,pick up,Elkhart
NS,339-##,2348,McCalla,set out,McCalla
NS,339-##,2348,McCalla,pick up,Laredo IM
NS,339-##,2348,McCalla,pick up,Shreveport IM
NS,344-##,1680,Meridian NS Yard,pick up,Birmingham
NS,379-##,1447,Columbus,set out,Columbus
NS,379-##,1447,Columbus,set out,CCH
NS,379-##,1447,Columbus,pick up,Birmingham
NS,318-##,1963,Burns Harbor,set out,Burns Harbor
NS,318-##,1963,Burns Harbor,pick up,Elkhart
NS,317-##,1963,Burns Harbor,set out,Burns Harbor
NS,317-##,1963,Burns Harbor,pick up,Kankakee
NS,122-##,2048,Cincinnati Gest St. Yard,set out,Cincinnati
NS,122-##,2048,Cincinnati Gest St. Yard,pick up,Decatur
NS,122-##,2048,Cincinnati Gest St. Yard,pick up,Frankfort
NS,122-##,3676,Frankfort NS,set out,Frankfort
NS,122-##,3676,Frankfort NS,pick up,Decatur
NS,122-##,1532,Lafayette South Yard,pick up,Decatur Manifest
NS,197-##,1056,Danville,pick up,Chattanooga
NS,170-##,1056,Danville,set out,Fort Wayne
NS,170-##,1056,Danville,set out,Detroit CN
NS,170-##,1056,Danville,set out,Detroit Oakwood
NS,170-##,1056,Danville,set out,Danvile
NS,170-##,1453,Columbus Watkins Yard,set out,Columbus
NS,170-##,1453,Columbus Watkins Yard,pick up,Canton
NS,170-##,1453,Columbus Watkins Yard,pick up,Conway
NS,170-##,3869,Canton Yard,set out,Canton
NS,170-##,3869,Canton Yard,pick up,Conway
NS,309-##,1342,Granite City Smith Yard,set out,Granite City
NS,308-##,1552,Mexico NS,pick up,St Louis
NS,308-##,1276,Wentzville,pick up,Decatur
NS,308-##,1276,Wentzville,pick up,St Louis
NS,308-##,1276,Wentzville,pick up,St Louis Madison TRRA
NS,308-##,1277,St. Louis Luther Yard,set out,St Louis
NS,308-##,1277,St. Louis Luther Yard,set out,St Louis TRRA
NS,308-##,1277,St. Louis Luther Yard,pick up,Decatur
NS,308-##,1277,St. Louis Luther Yard,pick up,Elizabeth Marine
NS,308-##,1277,St. Louis Luther Yard,pick up,Croxton
NS,308-##,1277,St. Louis Luther Yard,pick up,Rutherford
NS,308-##,1277,St. Louis Luther Yard,pick up,GCT Bayonne IM
NS,308-##,1277,St. Louis Luther Yard,pick up,Decatur Manifest
NS,308-##,1342,Granite City Smith Yard,pick up,Decatur
NS,308-##,1342,Granite City Smith Yard,pick up,Conway
NS,394-##,1912,Macon Brosnan Yard,pick up,Brunswick
NS,394-##,1912,Macon Brosnan Yard,pick up,Rosser
NS,11N-##,1064,Allentown,pick up,Conway Auto
NS,11N-##,1913,Conway,set out,Conway Auto
NS,11N-##,1913,Conway,pick up,Detroit Sterling
NS,11N-##,1913,Conway,pick up,Warren Auto
NS,11N-##,1048,Cleveland Rockport Yard,pick up,Toledo AA
NS,11N-##,1454,Toledo Airline Yard,set out,Toledo AA Auto
NS,188-##,1082,Atlanta Inman Yard,pick up,Georgetown Empty Autos
NS,188-##,1082,Atlanta Inman Yard,pick up,Detroit Oakwood Empty Autos
NS,188-##,1082,Atlanta Inman Yard,pick up,Elkhart
NS,394-##,1912,Macon Brosnan Yard,pick up,Brunswick
NS,394-##,1912,Macon Brosnan Yard,pick up,Rosser
NS,11N-##,1064,Allentown,pick up,Conway Auto
NS,11N-##,1913,Conway,set out,Conway Auto
NS,11N-##,1913,Conway,pick up,Detroit Sterling
NS,11N-##,1913,Conway,pick up,Warren Auto
NS,11N-##,1454,Toledo Airline Yard,set out,Toledo AA Auto
NS,19E-##,1205,Voltz,pick up,East Point
NS,19E-##,1205,Voltz,pick up,Jacksonville Westlake
NS,19E-##,1205,Voltz,pick up,Shelbyville Auto
NS,19E-##,3393,Moberly,set out,Moberly
NS,19E-##,1276,Wentzville,set out,Wentzville Auto
NS,19E-##,1276,Wentzville,pick up,East Point Auto
NS,19E-##,1277,St. Louis Luther Yard,set out,St Louis
NS,19E-##,1277,St. Louis Luther Yard,pick up,Jacksonville Westlake Auto
NS,19E-##,1268,Shelbyville,set out,Shelbyville
NS,19E-##,1268,Shelbyville,pick up,East Point
NS,19E-##,1268,Shelbyville,pick up,FEC
NS,19E-##,1268,Shelbyville,pick up,Commerce Jacksonville Westlake
NS,19E-##,1268,Shelbyville,pick up,Jacksonville Auto
NS,18E-##,1268,Shelbyville,set out,Shelbyville Autos
NS,18E-##,1268,Shelbyville,set out,Pick Up St Louis
NS,18E-##,1268,Shelbyville,set out,UP KC Auto
NS,18E-##,1277,St. Louis Luther Yard,set out,St Louis Auto
NS,18E-##,1277,St. Louis Luther Yard,pick up,UP KC
NS,18E-##,1277,St. Louis Luther Yard,pick up,UP KC Auto
NS,18E-##,3393,Moberly,pick up,UP KC
NS,18E-##,1205,Voltz,pick up,UP KC Auto
NS,11N-##,1064,Allentown,pick up,Conway Auto
NS,11N-##,1913,Conway,set out,Conway Auto
NS,11N-##,1913,Conway,pick up,Sterling Heights
NS,11N-##,1913,Conway,pick up,Warren Auto
NS,18E-##,1268,Shelbyville,set out,Shelbyville Autos
NS,18E-##,1268,Shelbyville,set out,Pick Up St Louis
NS,18E-##,1268,Shelbyville,set out,UP KC Auto
NS,18E-##,1277,St. Louis Luther Yard,set out,St Louis Auto
NS,18E-##,1277,St. Louis Luther Yard,pick up,UP KC
NS,18E-##,1277,St. Louis Luther Yard,pick up,UP KC Auto
NS,18E-##,1276,Wentzville,pick up,UP KC
NS,18E-##,1276,Wentzville,pick up,UP KC Auto
NS,18E-##,3393,Moberly,pick up,UP KC
NS,18E-##,1205,Voltz,pick up,UP KC Auto
NS,K99-##,1177,Manassas,set out,Manassas
NS,K38-##,2331,Conshohocken,set out,Conshohocken
NS,K95-##,1177,Manassas,pick up,Lynchburg
NS,C35-##,2220,Port Perry,set out,URR
NS,G11-##,1291,Sterling,pick up,Macon
NS,G02-##,3700,Barnesville,set out,Barnsville (CPR Thomaston GA)
NS,G09-##,3700,Barnesville,pick up,Macon
NS,G09-##,3701,Forsyth,pick up,Macon
NS,C07-##,2220,Port Perry,pick up,Conway
NS,P21-##,1130,North Charleston Port PR,set out,North Charleston PR
NS,C56-##,1436,Pittsburgh Pitcairn Intermodal Terminal,pick up,Conway
NS,C56-##,1436,Pittsburgh Pitcairn Intermodal Terminal,set out,Pitcairn
NS,V11-##,2254,Petersburg Broadway Yard,set out,Petersburg Broadway
NS,V11-##,2254,Petersburg Broadway Yard,pick up,Crewe
NS,A85-##,3785,Greenbrier,set out,IM
NS,A85-##,3785,Greenbrier,pick up,Huntsville IM
NS,P12-##,1929,Doraville Yard,pick up,Gainesville
NS,P12-##,1295,Gainesville NS,set out,Gainesville
NS,P11-##,1295,Gainesville NS,pick up,Birmingham
NS,P11-##,1295,Gainesville NS,pick up,Chattanooga
NS,P11-##,1295,Gainesville NS,pick up,Macon
NS,P11-##,1295,Gainesville NS,pick up,Doraville
NS,P11-##,1929,Doraville Yard,set out,Doraville
NS,P11-##,1929,Doraville Yard,set out,Macon
NS,P11-##,1929,Doraville Yard,set out,Birmingham
NS,P11-##,1929,Doraville Yard,set out,Chattanooga
NS,P24-##,2431,Maysville,pick up,Gainesville
NS,B68-##,2943,Toledo Sumner Street Yard,set out,Toledo Sumner
NS,L96-##,1594,Butler Steel Dynamics NS,set out,SDI
NS,L96-##,1594,Butler Steel Dynamics NS,pick up,Outbound NS
NS,L26-##,1647,Bellevue Moorman Yard,set out,Bellevue
NS,L26-##,1647,Bellevue Moorman Yard,pick up,Fremont
NS,B21-##,3077,Sandusky,set out,Sandusky
NS,B21-##,3078,Parkertown NS,pick up,Bellevue
NS,B21-##,3077,Sandusky,pick up,Bellevue
NS,L87-##,3567,Montpelier,set out,Train
NS,L87-##,3567,Montpelier,set out,Pick Up Holiday City
NS,B76-##,1113,Detroit Warren,set out,Detroit Warren
NS,H74-##,3371,Palmyra,set out,Hershey
NS,H74-##,3371,Palmyra,pick up,Allentown
NS,H73-##,1475,Reading Spring St. Yard,set out,Annville
NS,H73-##,1475,Reading Spring St. Yard,set out,Reading
NS,H73-##,1475,Reading Spring St. Yard,set out,Reading RBMN
NS,H73-##,1475,Reading Spring St. Yard,pick up,Enola
NS,E50-##,1137,East Durham NS,set out,Durham
NS,E50-##,1137,East Durham NS,pick up,Selma
NS,E51-##,1137,East Durham NS,pick up,Linwood
NS,E51-##,1137,East Durham NS,pick up,Greensboro
NS,E51-##,1137,East Durham NS,pick up,Bellevue
NS,E51-##,1137,East Durham NS,pick up,Roanoke
NS,A23-##,2113,Decatur Old Yard,pick up,Birmingham
NS,A23-##,2113,Decatur Old Yard,pick up,Sheffield
NS,H44-##,1475,Reading Spring St. Yard,pick up,Allentown
NS,T41-##,1837,Calhoun NS,pick up,Chattanooga
NS,T38-##,1837,Calhoun NS,set out,Calhoun
NS,B10-##,1963,Burns Harbor,set out,Gary
NS,B10-##,1963,Burns Harbor,pick up,Kankakee
NS,B16-##,1963,Burns Harbor,set out,Gary
NS,B16-##,1963,Burns Harbor,pick up,Elkhart
NS,D76-##,1324,E. St. Louis Coapman Yard,set out,Coapman
NS,D76-##,1324,E. St. Louis Coapman Yard,pick up,Granite City
NS,A23-##,2113,Decatur Old Yard,pick up,Birmingham
NS,A23-##,2113,Decatur Old Yard,pick up,Sheffield
NS,B76-##,1113,Detroit Warren,set out,Detroit Warren
NS,B76-##,1697,Detroit Livernois Yard,set out,River Rouge
NS,B37-##,1454,Toledo Airline/Detroit Yard,set out,Toledo Airline
NS,B37-##,1454,Toledo Airline/Detroit Yard,set out,Detroit Yard
NS,B37-##,1454,Toledo Airline/Detroit Yard,pick up,Elkhart
NS,B38-##,1454,Toledo Airline/Detroit Yard,set out,Toledo Airline
NS,B38-##,1454,Toledo Airline/Detroit Yard,set out,Detroit
NS,B38-##,1454,Toledo Airline/Detroit Yard,pick up,Bellevue
NS,H73-##,1475,Reading Spring St. Yard,set out,Reading
NS,H73-##,1475,Reading Spring St. Yard,set out,Topton
NS,H73-##,1475,Reading Spring St. Yard,set out,Reading RBMN
NS,H73-##,1475,Reading Spring St. Yard,pick up,Enola
NS,H74-##,3371,Palmyra,set out,Hershey
NS,H74-##,3371,Palmyra,pick up,Allentown
NS,H44-##,1475,Reading Spring St. Yard,pick up,Allentown
NS,B76-##,1697,Detroit Livernois Yard,set out,Livernois
NS,B76-##,1697,Detroit Livernois Yard,set out,River Rouge
NS,B76-##,1113,Warren Mound Road Yard,set out,Mound Road
NS,E51-##,1137,East Durham NS,pick up,Greensboro
NS,E51-##,1137,East Durham NS,pick up,Bellevue
NS,E51-##,1137,East Durham NS,pick up,Roanoke
NS,A42-##,3785,Greenbrier,pick up,Chattanooga Auto
NS,A43-##,3785,Greenbrier,set out,Huntsville Auto
NS,C07-##,1693,Clairton,pick up,Conway
NS,C07-##,2220,Port Perry,pick up,Conway
NS,C35-##,2220,Port Perry,set out,URR
NS,A04-##,3785,Greenbrier,pick up,Sheffield
NS,A04-##,3785,Greenbrier,pick up,Memphis UP
NS,A04-##,3785,Greenbrier,pick up,Memphis BNSF Auto
NS,A68-##,3839,Picayune,create,UP
NS,C35-##,3954,McKees Rocks,set out,POHC
NS,C35-##,3954,McKees Rocks,pick up,Conway
NS,C35-##,2220,Port Perry,set out,URR
NS,BH14-##,1515,Chicago Commercial Ave Yard,set out,SCIH
NS,BH14-##,1515,Chicago Commercial Ave Yard,set out,Commercial Ave
NS,BH19-##,1279,Chicago Hegewisch,set out,Hegewisch
NS,BH19-##,1279,Chicago Hegewisch,pick up,Calumet
NS,BH40-##,1279,Chicago Hegewisch,pick up,Westbound Autos except CN
NS,BH40-##,1279,Chicago Hegewisch,pick up,Set Off Hegewisch
NS,BH15-##,1515,Chicago Commercial Ave Yard,set out,Commercial Ave Classification
NS,BC36-##,1472,Chicago 47th Street Yard,set out,Croxton
NS,BC36-##,1472,Chicago 47th Street Yard,set out,Harrisburg
NS,BC36-##,1472,Chicago 47th Street Yard,set out,Morrisville IM
NS,NV03-##,1101,Chesapeake South Branch,set out,South Branch
NS,NV03-##,1101,Chesapeake South Branch,pick up,South Branch
NS,BC05-##,1472,Chicago 47th Street Yard,set out,Bethlehem
NS,BC05-##,1472,Chicago 47th Street Yard,set out,Croxton IM
NS,BC05-##,1998,Chicago 63rd Street Yard,set out,Pittsburg
NS,BC05-##,1472,Chicago 47th Street Yard,pick up,Ashland Ave
NS,BC27-##,1998,Chicago 63rd Street Yard,set out,Chicago 63rd IM
NS,BC27-##,3001,Hammond Colehour Yard,set out,IM
NS,BC27-##,3001,Hammond Colehour Yard,set out,Pick Up Chicago 47th IM
NS,BC36-##,1472,Chicago 47th Street Yard,pick up,Morrisville IM
NS,BC44-##,3001,Hammond Colehour Yard,pick up,Barstow IM
NS,BC44-##,3001,Hammond Colehour Yard,pick up,Corwith BNSF IM
NS,BC44-##,1614,Chicago Ashland Ave. Yard,set out,Barstow IM
NS,BH23-##,3001,Hammond Colehour Yard,set out,Cicero BNSF IM
NS,BH23-##,3001,Hammond Colehour Yard,pick up,CN IM
NS,BH08-##,1055,Chicago Calumet Yard,set out,East Point
NS,BH08-##,1055,Chicago Calumet Yard,set out,Georgetown
NS,BH08-##,1055,Chicago Calumet Yard,set out,Elkhart Autos
NS,BH08-##,2214,Chicago NS Burnham Yard,set out,IHB Auto
NS,BH24-##,1515,Chicago Commercial Ave Yard,set out,SCIH
NS,BH24-##,1515,Chicago Commercial Ave Yard,set out,Commercial Ave
NS,BH24-##,1515,Chicago Commercial Ave Yard,pick up,Calumet
NS,BH24-##,2922,Chicago Calumet River Industrial Track NS,pick up,Calumet
NS,DX26-##,1647,Bellevue Moorman Yard,pick up,Parkertown
NS,DX26-##,1647,Bellevue Moorman Yard,pick up,Sandusky
NS,DX26-##,1647,Bellevue Moorman Yard,pick up,Gypsum
NS,12R-##,2947,East Chester NS,pick up,Charlotte
NS,12R-##,2946,Rock Hill,set out,Rock Hill
NS,12R-##,2946,Rock Hill,pick up,Charlotte
NS,12R-##,1274,Charlotte NS,set out,Charlotte
NS,12R-##,1274,Charlotte NS,set out,Charlotte Intermodal
NS,12R-##,1274,Charlotte NS,pick up,Bellevue
NS,12R-##,1147,Linwood Spencer Yard,set out,Bellevue
NS,12R-##,1147,Linwood Spencer Yard,set out,Linwood
NS,12R-##,1147,Linwood Spencer Yard,pick up,Enola
NS,12R-##,1140,Greensboro Pomona Yard,set out,Greensboro
NS,12R-##,1140,Greensboro Pomona Yard,pick up,Lynchburg
NS,12R-##,1298,Lynchburg,set out,Lynchburg
NS,12R-##,1298,Lynchburg,pick up,Enola
NS,12R-##,1298,Lynchburg,pick up,Hagerstown
NS,12R-##,1297,Hagerstown Vardo Yard,set out,Hagerstown
NS,12R-##,1297,Hagerstown Vardo Yard,pick up,Enola
NS,12R-##,1297,Hagerstown Vardo Yard,pick up,Conway
NS,274-##,1525,Crewe,set out,Crewe
NS,274-##,1801,Virginia Inland Port,set out,VIP IM
NS,274-##,1476,Harrisburg,pick up,Enola
NS,275-##,1297,Hagerstown Vardo Yard,set out,Hagerstown
NS,275-##,1297,Hagerstown Vardo Yard,set out,Roanoke
NS,275-##,1297,Hagerstown Vardo Yard,pick up,Crewe
NS,275-##,1801,Virginia Inland Port,pick up,Suffolk APM
NS,275-##,1801,Virginia Inland Port,pick up,Norfolk International Terminals IM
NS,275-##,1298,Lynchburg,pick up,Crewe Manifest
NS,275-##,1525,Crewe,set out,Crewe
NS,275-##,1525,Crewe,set out,Pick Up Poe Auto
NS,275-##,2255,Petersburg Poe Auto Terminal,set out,Poe Auto
NS,243-##,2774,Columbia Andrews Yard,set out,Columbia Manifest
NS,242-##,2774,Columbia Andrews Yard,set out,Columbia
NS,242-##,2774,Columbia Andrews Yard,pick up,Charleston
NS,330-##,1057,Jacksonville Simpson Yard,set out,IM
NS,330-##,1057,Jacksonville Simpson Yard,set out,Autos
NS,330-##,1057,Jacksonville Simpson Yard,set out,Pick Up Macon
NS,15R-##,1274,Charlotte NS,pick up,Rock Hill
NS,15R-##,1274,Charlotte NS,pick up,Columbia
NS,15R-##,1274,Charlotte NS,pick up,Charleston
NS,15R-##,2946,Rock Hill,set out,Rock Hill
NS,15R-##,2947,East Chester NS,set out,Lancaster
NS,15R-##,2947,East Chester NS,set out,Chester
NS,288-##,1914,Sheffield,pick up,Knoxville
NS,288-##,2904,Knoxville Sevier Yard,set out,Knoxville
NS,288-##,1385,Rutherford Yard,set out,Intermodal Except Bethlehem
NS,288-##,1385,Rutherford Yard,set out,Pick Up Bethlehem Intermodal
NS,335-##,1132,Georgetown Delaplain Yard,pick up,Louisville Manifest
NS,335-##,1268,Shelbyville,pick up,UP Auto
NS,335-##,1462,Louisville Buechel,set out,Louisville Intermodal
NS,335-##,1462,Louisville Buechel,set out,Atlanta Intermodal
NS,336-##,1462,Louisville Buechel IM Terminal,pick up,Colehour IM
NS,336-##,1132,Georgetown Delaplain Yard,set out,Conway
NS,336-##,1132,Georgetown Delaplain Yard,set out,Detroit
NS,336-##,1132,Georgetown Delaplain Yard,set out,Georgetown
NS,336-##,1132,Georgetown Delaplain Yard,pick up,Colehour IM
NS,336-##,1132,Georgetown Delaplain Yard,pick up,Cincinnati
NS,29A-##,1056,Danville,pick up,Charleston IM
NS,29A-##,1244,Austell,set out,Austell IM
NS,29A-##,1244,Austell,pick up,Jacksonville
NS,29A-##,1244,Austell,pick up,FEC Bowden
NS,29A-##,1244,Austell,pick up,New Orleans IM
NS,346-##,2348,McCalla,set out,Atlanta IM
NS,131-##,1680,Meridian NS Yard,set out,Meridian
NS,131-##,1680,Meridian NS Yard,pick up,New Orleans
NS,131-##,1680,Meridian NS Yard,pick up,New Orleans CN
NS,286-##,1914,Sheffield,pick up,GA
NS,286-##,1914,Sheffield,pick up,FL autos
NS,286-##,1914,Sheffield,pick up,Atlanta
NS,286-##,1914,Sheffield,pick up,Macon Manifest
NS,286-##,2113,Decatur Old Yard,set out,Huntsville
NS,286-##,2113,Decatur Old Yard,pick up,Savannah
NS,286-##,2113,Decatur Old Yard,pick up,Charleston IM
NS,245-##,1806,Birmingham Norris Yard,set out,Birmingham
NS,177-##,2048,Cincinnati Gest St. Yard,set out,Louisville IM
NS,177-##,2048,Cincinnati Gest St. Yard,set out,Pick Up Chattanooga Manifest
NS,177-##,2048,Cincinnati Gest St. Yard,set out,Georgetown
NS,177-##,2048,Cincinnati Gest St. Yard,set out,Charleston IM
NS,177-##,1132,Georgetown Delaplain Yard,set out,Georgetown
NS,177-##,1056,Danville,set out,Charleston IM
NS,224-##,1244,Austell,pick up,Voltz
NS,224-##,1244,Austell,pick up,St Louis
NS,224-##,1244,Austell,pick up,Louisville IM
NS,224-##,1026,Louisville Youngtown Yard,pick up,St Louis
NS,224-##,1026,Louisville Youngtown Yard,pick up,Voltz Intermodal
NS,224-##,1026,Louisville Youngtown Yard,pick up,Pick Up St Louis Freight
NS,224-##,1277,St. Louis Luther Yard,set out,St Louis Freight
NS,224-##,1277,St. Louis Luther Yard,set out,Intermodal
NS,224-##,1277,St. Louis Luther Yard,pick up,Kansas City Freight
NS,196-##,1455,Cincinnati Queensgate Yard,set out,Cincinnati Manifest
NS,196-##,1455,Cincinnati Queensgate Yard,set out,IM
NS,196-##,1455,Cincinnati Queensgate Yard,set out,Decatur
NS,196-##,1455,Cincinnati Queensgate Yard,pick up,Elkhart
NS,196-##,1455,Cincinnati Queensgate Yard,pick up,Fort Wayne
NS,245-##,1806,Birmingham Norris Yard,set out,Birmingham
NS,288-##,1914,Sheffield,pick up,Knoxville
NS,288-##,2904,Knoxville Sevier Yard,set out,Knoxville
NS,288-##,1385,Rutherford Yard,set out,Intermodal Except Bethlehem
NS,288-##,1385,Rutherford Yard,set out,Pick Up Bethlehem
NS,288-##,1385,Rutherford Yard,set out,Croxton
NS,308-##,1277,St. Louis Luther Yard,set out,St Louis
NS,308-##,1277,St. Louis Luther Yard,set out,St Louis TRRA
NS,29A-##,2048,Cincinnati Gest St. Yard,pick up,Atlanta
NS,29A-##,2048,Cincinnati Gest St. Yard,pick up,Charleston IM
NS,29A-##,1244,Austell,set out,Austell IM
NS,29A-##,1244,Austell,pick up,Jacksonville
NS,29A-##,1244,Austell,pick up,FEC Bowden
NS,29A-##,1244,Austell,pick up,New Orleans IM
NS,288-##,1914,Sheffield,pick up,Knoxville
NS,288-##,2904,Knoxville Sevier Yard,set out,Knoxville
NS,288-##,1385,Rutherford Yard,set out,Intermodal Except Croxton
NS,288-##,1385,Rutherford Yard,set out,Pick Up  Croxton
NS,288-##,1914,Sheffield,pick up,Knoxville
NS,288-##,2904,Knoxville Sevier Yard,set out,Knoxville
NS,339-##,2348,McCalla,pick up,CPKC Shreveport IM
NS,370-##,1042,Rome Forrestville Yard,pick up,Chattanooga
NS,224-##,1244,Austell,pick up,Voltz
NS,224-##,1244,Austell,pick up,St Louis
NS,224-##,1244,Austell,pick up,Louisville IM
NS,224-##,1026,Louisville Youngtown Yard,pick up,St Louis
NS,224-##,1026,Louisville Youngtown Yard,pick up,Voltz Intermodal
NS,224-##,1026,Louisville Youngtown Yard,pick up,Pick Up St Louis Freight
NS,224-##,1277,St. Louis Luther Yard,set out,St Louis Freight
NS,224-##,1277,St. Louis Luther Yard,set out,Intermodal
NS,224-##,1277,St. Louis Luther Yard,pick up,Kansas City Freight
NS,243-##,2774,Columbia Andrews Yard,set out,Columbia Manifest
NS,12R-##,2947,East Chester NS,pick up,Charlotte
NS,12R-##,2946,Rock Hill,set out,Rock Hill
NS,12R-##,2946,Rock Hill,pick up,Charlotte
NS,12R-##,1274,Charlotte NS,set out,Charlotte
NS,12R-##,1274,Charlotte NS,set out,Charlotte Intermodal
NS,12R-##,1274,Charlotte NS,pick up,Bellevue
NS,12R-##,1147,Linwood Spencer Yard,set out,Bellevue
NS,12R-##,1147,Linwood Spencer Yard,set out,Linwood
NS,12R-##,1147,Linwood Spencer Yard,pick up,Enola
NS,12R-##,1140,Greensboro Pomona Yard,set out,Greensboro
NS,12R-##,1140,Greensboro Pomona Yard,pick up,Lynchburg
NS,12R-##,1298,Lynchburg,set out,Lynchburg
NS,12R-##,1298,Lynchburg,pick up,Enola
NS,12R-##,1298,Lynchburg,pick up,Hagerstown
NS,12R-##,1297,Hagerstown Vardo Yard,set out,Hagerstown
NS,12R-##,1297,Hagerstown Vardo Yard,pick up,Enola
NS,12R-##,1297,Hagerstown Vardo Yard,pick up,Conway
NS,275-##,1297,Hagerstown Vardo Yard,set out,Hagerstown
NS,275-##,1297,Hagerstown Vardo Yard,set out,Roanoke
NS,275-##,1297,Hagerstown Vardo Yard,pick up,Crewe
NS,275-##,1801,Virginia Inland Port,pick up,Suffolk APM
NS,275-##,1801,Virginia Inland Port,pick up,Norfolk International Terminals IM
NS,275-##,1298,Lynchburg,pick up,Crewe Manifest
NS,275-##,1525,Crewe,set out,Crewe
NS,275-##,1525,Crewe,set out,Pick Up Poe Auto
NS,275-##,2255,Petersburg Poe Auto Terminal,set out,Poe Auto
NS,231-##,3498,King of Prussia Abrams Yard,set out,Conway
NS,231-##,3498,King of Prussia Abrams Yard,set out,Enola
NS,231-##,1385,Rutherford Yard,set out,Rossville
NS,231-##,1385,Rutherford Yard,set out,Voltz IM
NS,32C-##,1462,Louisville Buechel IM Terminal,set out,Louisville Buechel
NS,32C-##,1462,Louisville Buechel IM Terminal,set out,Pick Up Colehour IM
NS,32C-##,1132,Georgetown Delaplain Yard,set out,Detroit
NS,32C-##,1132,Georgetown Delaplain Yard,set out,Georgetown
NS,32C-##,1132,Georgetown Delaplain Yard,pick up,Colehour IM
NS,32C-##,1132,Georgetown Delaplain Yard,pick up,Cincinnati
NS,239-##,1453,Columbus Watkins Yard,pick up,Cincinnati
NS,339-##,2348,McCalla,pick up,CPKC Shreveport IM
NS,321-##,1912,Macon Brosnan Yard,set out,Macon
NS,270-##,1453,Columbus Watkins Yard,set out,Columbus
NS,270-##,1453,Columbus Watkins Yard,set out,Bellevue
NS,270-##,2433,Columbus Rickenbacker Intermodal Terminal,set out,Elizabeth Marine
NS,270-##,2433,Columbus Rickenbacker Intermodal Terminal,set out,Pick Up Suffolk
NS,270-##,2433,Columbus Rickenbacker Intermodal Terminal,set out,Norfolk
NS,270-##,2433,Columbus Rickenbacker Intermodal Terminal,set out,Norfolk International IM
NS,274-##,1525,Crewe,set out,Crewe
NS,274-##,1525,Crewe,pick up,Enola Manifest
NS,274-##,1525,Crewe,pick up,Virginia Inland Port IM
NS,274-##,1801,Virginia Inland Port,set out,VIP IM
NS,274-##,1476,Harrisburg,pick up,Enola
NS,275-##,1297,Hagerstown Vardo Yard,set out,Hagerstown
NS,275-##,1297,Hagerstown Vardo Yard,set out,Roanoke
NS,275-##,1297,Hagerstown Vardo Yard,pick up,Crewe
NS,275-##,1801,Virginia Inland Port,pick up,Suffolk APM
NS,275-##,1801,Virginia Inland Port,pick up,Norfolk International Terminals IM
NS,275-##,1298,Lynchburg,pick up,Crewe Manifest
NS,275-##,1525,Crewe,set out,Crewe Manifest
NS,275-##,1525,Crewe,set out,Suffolk APM IM
NS,275-##,1525,Crewe,pick up,Poe Auto
NS,275-##,2255,Petersburg Poe Auto Terminal,set out,Poe Auto
NS,270-##,1453,Columbus Watkins Yard,set out,Columbus
NS,270-##,1453,Columbus Watkins Yard,set out,Bellevue
NS,270-##,1453,Columbus Watkins Yard,pick up,Portsmouth
NS,270-##,2433,Columbus Rickenbacker Intermodal Terminal,set out,Elizabeth Marine
NS,270-##,2433,Columbus Rickenbacker Intermodal Terminal,set out,Pick Up Suffolk
NS,270-##,2433,Columbus Rickenbacker Intermodal Terminal,set out,Norfolk
NS,270-##,2433,Columbus Rickenbacker Intermodal Terminal,set out,Norfolk International IM
NS,270-##,1386,Portsmouth,set out,Portsmouth
NS,231-##,3498,King of Prussia Abrams Yard,set out,Conway
NS,231-##,3498,King of Prussia Abrams Yard,set out,Pick Up Enola
NS,231-##,1385,Rutherford Yard,set out,Rossville
NS,231-##,1385,Rutherford Yard,set out,Voltz IM
NS,270-##,1453,Columbus Watkins Yard,set out,Columbus
NS,270-##,1453,Columbus Watkins Yard,set out,Bellevue
NS,270-##,1453,Columbus Watkins Yard,pick up,Portsmouth
NS,270-##,1386,Portsmouth,set out,Portsmouth
NS,138-##,1453,Columbus Watkins Yard,set out,Columbus
NS,138-##,1453,Columbus Watkins Yard,set out,Bellevue
NS,138-##,1453,Columbus Watkins Yard,pick up,Portsmouth
NS,138-##,2433,Columbus Rickenbacker Intermodal Terminal,set out,Intermodal
NS,139-##,2433,Columbus Rickenbacker Intermodal Terminal,pick up,Jacksonville
NS,139-##,2433,Columbus Rickenbacker Intermodal Terminal,pick up,Sharonville IM
NS,139-##,1453,Columbus Watkins Yard,set out,Columbus
NS,139-##,1453,Columbus Watkins Yard,pick up,Sharonville
NS,139-##,1453,Columbus Watkins Yard,pick up,Chattanooga
NS,274-##,1525,Crewe,set out,Crewe
NS,274-##,1525,Crewe,pick up,Enola Manifest
NS,274-##,1525,Crewe,pick up,Virginia Inland Port IM
NS,274-##,1525,Crewe,pick up,Cleveland IM
NS,274-##,1801,Virginia Inland Port,set out,VIP IM
NS,274-##,1476,Harrisburg,pick up,Enola
NS,274-##,1476,Harrisburg,set out,Harrisburg
NS,274-##,1476,Harrisburg,set out,Cleveland IM
NS,32C-##,1462,Louisville Buechel IM Terminal,set out,Louisville Buechel
NS,32C-##,1462,Louisville Buechel IM Terminal,set out,Pick Up Georgetown IM
NS,32C-##,1462,Louisville Buechel IM Terminal,set out,Cincinnati IM
NS,32C-##,1462,Louisville Buechel IM Terminal,set out,Colehour IM
NS,32C-##,1132,Georgetown Delaplain Yard,set out,Detroit
NS,32C-##,1132,Georgetown Delaplain Yard,set out,Georgetown Autos
NS,32C-##,1132,Georgetown Delaplain Yard,set out,IM
NS,32C-##,1132,Georgetown Delaplain Yard,pick up,Cincinnati Manifest
NS,32C-##,1132,Georgetown Delaplain Yard,pick up,Colehour IM
NS,242-##,1965,Greer,set out,Greer IM
NS,242-##,1965,Greer,set out,Autos
NS,242-##,2774,Columbia Andrews Yard,set out,Columbia
NS,242-##,2774,Columbia Andrews Yard,pick up,Charleston
NS,286-##,1914,Sheffield,pick up,Atlanta IM
NS,286-##,1914,Sheffield,pick up,Huntsville Autos
NS,286-##,1914,Sheffield,pick up,Macon
NS,286-##,2113,Decatur Old Yard,set out,Huntsville
NS,286-##,2113,Decatur Old Yard,pick up,Savannah
NS,286-##,2113,Decatur Old Yard,pick up,Charleston IM
NS,274-##,1525,Crewe,set out,Crewe
NS,274-##,1525,Crewe,set out,CWRY
NS,274-##,1525,Crewe,pick up,Corwith BNSF IM
NS,274-##,1525,Crewe,pick up,Harrisburg IM
NS,274-##,1525,Crewe,pick up,Virginia Inland Port IM
NS,274-##,1525,Crewe,pick up,Enola Manifest
NS,274-##,1525,Crewe,pick up,Elizabeth Marine IM
NS,274-##,1801,Virginia Inland Port,set out,VIP IM
NS,274-##,1476,Harrisburg,set out,Intermodal
NS,274-##,1476,Harrisburg,pick up,Enola
NS,275-##,1476,Harrisburg,pick up,Suffolk APM
NS,275-##,1476,Harrisburg,pick up,Portlock
NS,275-##,1476,Harrisburg,pick up,Norfolk Inland IM
NS,275-##,1297,Hagerstown Vardo Yard,pick up,Crewe
NS,275-##,1801,Virginia Inland Port,pick up,Suffolk APM
NS,275-##,1801,Virginia Inland Port,pick up,Norfolk International Terminals IM
NS,275-##,1298,Lynchburg,pick up,Crewe Manifest
NS,275-##,1525,Crewe,set out,Crewe Manifest
NS,275-##,1525,Crewe,set out,Suffolk APM IM
NS,275-##,1525,Crewe,pick up,Portlock
NS,243-##,1965,Greer,pick up,Atlanta Manifest
NS,340-##,2348,McCalla,pick up,Birmingham
NS,138-##,1453,Columbus Watkins Yard,set out,Columbus
NS,138-##,1453,Columbus Watkins Yard,set out,Bellevue
NS,138-##,1453,Columbus Watkins Yard,pick up,Portsmouth
NS,138-##,2433,Columbus Rickenbacker Intermodal Terminal,set out,Intermodal
NS,139-##,2433,Columbus Rickenbacker Intermodal Terminal,pick up,Jacksonville
NS,139-##,2433,Columbus Rickenbacker Intermodal Terminal,pick up,Appliance Park
NS,139-##,2433,Columbus Rickenbacker Intermodal Terminal,pick up,Sharonville IM
NS,139-##,1453,Columbus Watkins Yard,set out,Columbus
NS,139-##,1453,Columbus Watkins Yard,pick up,Sharonville
NS,340-##,2348,McCalla,pick up,Birmingham Manifest
NS,340-##,2348,McCalla,pick up,Birmingham Autos
NS,340-##,2348,McCalla,pick up,Croxton Auto
NS,219-##,1276,Wentzville,pick up,St Louis
NS,219-##,1277,St. Louis Luther Yard,pick up,Jacksonville IM
NS,219-##,1277,St. Louis Luther Yard,pick up,Atlanta IM
NS,219-##,1277,St. Louis Luther Yard,pick up,Austell IM
NS,219-##,1277,St. Louis Luther Yard,pick up,Suffolk IM
NS,219-##,1277,St. Louis Luther Yard,pick up,Norfolk IM
NS,219-##,1277,St. Louis Luther Yard,pick up,Set Off St Louis
NS,219-##,1026,Louisville Youngtown Yard,set out,Suffolk
NS,219-##,1026,Louisville Youngtown Yard,set out,Norfolk IM
NS,219-##,1462,Louisville Buechel,pick up,Atlanta IM
NS,219-##,1268,Shelbyville,pick up,East Point
NS,219-##,1268,Shelbyville,pick up,FEC
NS,219-##,1268,Shelbyville,pick up,Jacksonville
NS,219-##,1268,Shelbyville,pick up,and Westlake Auto
NS,278-##,1462,Louisville Buechel IM Terminal,pick up,Suffolk APM
NS,278-##,1462,Louisville Buechel IM Terminal,pick up,Norfolk International Terminals IM
NS,278-##,1268,Shelbyville,pick up,Poe Auto
NS,278-##,2904,Knoxville Sevier Yard,pick up,Norfolk International Terminals
NS,278-##,2904,Knoxville Sevier Yard,pick up,Suffolk APM IM
NS,278-##,2255,Petersburg Poe Auto Terminal,set out,Poe Auto
NS,265-##,1099,Binghamton NS,pick up,Chicago 63rd IM
NS,29P-##,1454,Toledo Airline Yard,set out,Detroit Oakwood
NS,29P-##,1454,Toledo Airline Yard,set out,Toledo Empty Autos
NS,29P-##,1454,Toledo Airline Yard,set out,Pick Up 63rd Street IM
NS,219-##,1026,Louisville Youngtown Yard,set out,Suffolk
NS,219-##,1026,Louisville Youngtown Yard,set out,Norfolk IM
NS,219-##,1462,Louisville Buechel,pick up,Atlanta IM
NS,29A-##,2048,Cincinnati Gest St. Yard,pick up,Atlanta
NS,29A-##,2048,Cincinnati Gest St. Yard,pick up,Charleston IM
NS,29A-##,1244,Austell,set out,Austell IM
NS,29A-##,1244,Austell,pick up,Jacksonville
NS,29A-##,1244,Austell,pick up,FEC Bowden
NS,29A-##,1244,Austell,pick up,New Orleans IM
NS,219-##,1026,Louisville Youngtown Yard,set out,Suffolk
NS,219-##,1026,Louisville Youngtown Yard,set out,Norfolk IM
NS,219-##,1462,Louisville Buechel,pick up,Atlanta IM
NS,230-##,3498,King of Prussia Abrams Yard,pick up,Morrisville
NS,29A-##,2048,Cincinnati Gest St. Yard,pick up,Atlanta
NS,29A-##,2048,Cincinnati Gest St. Yard,pick up,FEC IM
NS,29A-##,1244,Austell,set out,Austell IM
NS,29A-##,1244,Austell,pick up,Jacksonville
NS,29A-##,1244,Austell,pick up,FEC Bowden
NS,29A-##,1244,Austell,pick up,New Orleans IM
NS,278-##,1462,Louisville Buechel IM Terminal,pick up,Suffolk APM
NS,278-##,1462,Louisville Buechel IM Terminal,pick up,Norfolk International Terminals IM
NS,278-##,1268,Shelbyville,pick up,Poe Auto
NS,278-##,2904,Knoxville Sevier Yard,pick up,Norfolk International Terminals
NS,278-##,2904,Knoxville Sevier Yard,pick up,Suffolk APM IM
NS,278-##,1525,Crewe,set out,Suffolk APM IM
NS,278-##,2255,Petersburg Poe Auto Terminal,set out,Poe Auto
NS,219-##,1205,Voltz,pick up,Jacksonville
NS,219-##,1205,Voltz,pick up,Atlanta
NS,219-##,1205,Voltz,pick up,Austell IM
NS,219-##,1277,St. Louis Luther Yard,pick up,Jacksonville
NS,219-##,1277,St. Louis Luther Yard,pick up,Atlanta
NS,219-##,1277,St. Louis Luther Yard,pick up,Austell IM
NS,219-##,1462,Louisville Buechel,pick up,Atlanta IM
NS,219-##,1268,Shelbyville,set out,APM Suffolk
NS,219-##,1268,Shelbyville,set out,Norfolk Inland IM
NS,219-##,1244,Austell,set out,Atlanta
NS,219-##,1244,Austell,set out,Austell
NS,219-##,1244,Austell,set out,FEC IM
NS,224-##,1244,Austell,pick up,Voltz
NS,224-##,1244,Austell,pick up,St Louis IM
NS,224-##,1462,Louisville Buechel,pick up,BN KC IM
NS,224-##,1462,Louisville Buechel,pick up,Louisville Manifest
NS,224-##,1026,Louisville Youngtown Yard,set out,Louisville
NS,224-##,1026,Louisville Youngtown Yard,pick up,St Louis
NS,224-##,1026,Louisville Youngtown Yard,pick up,Voltz
NS,224-##,1026,Louisville Youngtown Yard,pick up,Decatur IM
NS,224-##,1277,St. Louis Luther Yard,set out,St Louis IM
NS,224-##,1277,St. Louis Luther Yard,set out,BNSF IM
NS,224-##,1277,St. Louis Luther Yard,set out,BNSF Autos
NS,224-##,1277,St. Louis Luther Yard,set out,Decatur IM
NS,224-##,1205,Voltz,set out,Voltz
NS,224-##,1205,Voltz,pick up,Kansas City
NS,278-##,1462,Louisville Buechel IM Terminal,pick up,Suffolk APM
NS,278-##,1462,Louisville Buechel IM Terminal,pick up,Norfolk International Terminals IM
NS,278-##,1268,Shelbyville,set out,Shelbyville
NS,278-##,1268,Shelbyville,pick up,Suffolk APM
NS,278-##,1268,Shelbyville,pick up,Norfolk International Terminals IM
NS,278-##,2904,Knoxville Sevier Yard,pick up,Norfolk International Terminals
NS,278-##,2904,Knoxville Sevier Yard,pick up,Suffolk APM IM
NS,278-##,1525,Crewe,set out,Suffolk APM IM
NS,278-##,2255,Petersburg Poe Auto Terminal,set out,Poe Auto
NS,29A-##,2048,Cincinnati Gest St. Yard,pick up,Atlanta
NS,29A-##,2048,Cincinnati Gest St. Yard,pick up,FEC IM
NS,29A-##,1244,Austell,set out,Austell IM
NS,291-##,1082,Atlanta Inman Yard,set out,Charlotte
NS,291-##,1082,Atlanta Inman Yard,set out,Atlanta Classification
NS,291-##,1082,Atlanta Inman Yard,set out,Atlanta
NS,291-##,1082,Atlanta Inman Yard,set out,Rossville
NS,291-##,1082,Atlanta Inman Yard,set out,Huntsville IM
NS,278-##,1462,Louisville Buechel IM Terminal,pick up,Suffolk APM
NS,278-##,1462,Louisville Buechel IM Terminal,pick up,Norfolk International Terminals IM
NS,278-##,1268,Shelbyville,set out,Shelbyville
NS,278-##,1268,Shelbyville,pick up,Suffolk APM
NS,278-##,1268,Shelbyville,pick up,Norfolk International Terminals IM
NS,278-##,2904,Knoxville Sevier Yard,pick up,Norfolk International Terminals
NS,278-##,2904,Knoxville Sevier Yard,pick up,Suffolk APM IM
NS,278-##,1525,Crewe,set out,Suffolk APM IM
NS,278-##,2255,Petersburg Poe Auto Terminal,set out,Poe Auto
NS,278-##,1462,Louisville Buechel IM Terminal,pick up,Suffolk APM
NS,278-##,1462,Louisville Buechel IM Terminal,pick up,Norfolk International Terminals IM
NS,278-##,1268,Shelbyville,set out,Shelbyville
NS,278-##,1268,Shelbyville,pick up,Suffolk APM
NS,278-##,1268,Shelbyville,pick up,Norfolk International Terminals IM
NS,278-##,1525,Crewe,set out,Suffolk APM IM
NS,278-##,2255,Petersburg Poe Auto Terminal,set out,Poe Auto
NS,224-##,1244,Austell,pick up,Appliance Park
NS,224-##,1244,Austell,pick up,Voltz
NS,224-##,1244,Austell,pick up,St Louis IM
NS,224-##,1462,Louisville Appliance Park,set out,Appliance Park IM
NS,224-##,1462,Louisville Appliance Park,pick up,BNSF KC
NS,224-##,1462,Louisville Appliance Park,pick up,Voltz IM
NS,224-##,1026,Louisville Youngtown Yard,pick up,Voltz Auto Parts
NS,29A-##,1244,Austell,set out,Austell IM
NS,29A-##,1244,Austell,set out,East Point Auto
NS,24X-##,1140,Greensboro Pomona Yard,set out,Greensboro
NS,24X-##,1140,Greensboro Pomona Yard,pick up,Croxton IM
NS,20X-##,1476,Harrisburg,set out,Harrisburg
NS,22X-##,1454,Toledo Airline Yard,pick up,Croxton IM
NS,22X-##,1476,Harrisburg,set out,Harrisburg
NS,28M-##,1436,Pittsburgh Pitcairn Yard,set out,Pittsburgh IM
NS,25A-##,1140,Greensboro Pomona Yard,set out,Greensboro IM
NS,25A-##,1140,Greensboro Pomona Yard,pick up,Atlanta IM
NS,26X-##,1998,Chicago 63rd Street Yard,pick up,Croxton Hot IM
NS,26X-##,1385,Rutherford Yard,set out,Rutherford IM
NS,26X-##,1385,Rutherford Yard,pick up,Croxton IM
NS,28J-##,2348,McCalla,set out,McCalla IM
NS,28J-##,1244,Austell,set out,Austell IM
NS,28J-##,1244,Austell,set out,FEC IM
NS,28J-##,1082,Atlanta Inman Yard,set out,Charlotte
NS,28J-##,1082,Atlanta Inman Yard,set out,FEC
NS,28J-##,1082,Atlanta Inman Yard,pick up,Jacksonville
NS,28J-##,1082,Atlanta Inman Yard,pick up,Talleyrand IM
NS,29C-##,1140,Greensboro Pomona Yard,set out,Croxton IM
NS,29C-##,1140,Greensboro Pomona Yard,pick up,Calumet IM
NS,28N-##,1140,Greensboro Pomona Yard,set out,Greensboro
NS,28N-##,1140,Greensboro Pomona Yard,pick up,Charlotte IM
NS,29F-##,1082,Atlanta Inman Yard,set out,FEC Bowden
NS,29F-##,1082,Atlanta Inman Yard,set out,Austell IM
NS,29F-##,1082,Atlanta Inman Yard,pick up,Jacksonville
NS,29F-##,1082,Atlanta Inman Yard,pick up,FEC UPS
NS,29F-##,1082,Atlanta Inman Yard,pick up,Jacksonville UPS
NS,29F-##,1057,Jacksonville Simpson Yard,set out,IM except FEC UPS
NS,28B-##,1454,Toledo Airline Yard,set out,Toledo IM
NS,28B-##,1454,Toledo Airline Yard,pick up,Buffalo IM
NS,25G-##,1436,Pittsburgh Pitcairn Yard,pick up,47th IM
NS,28C-##,1244,Austell,set out,Austell
NS,28C-##,1244,Austell,set out,Pick Up CP
NS,28C-##,1244,Austell,set out,Calumet IM
NS,26C-##,1244,Austell,set out,Austell
NS,26C-##,1244,Austell,set out,Pick Up Cincinnati
NS,26C-##,1244,Austell,set out,Landers
NS,26C-##,1244,Austell,set out,Colehour IM
NS,26C-##,2048,Cincinnati Gest St. Yard,set out,Cincinnati IM
NS,26C-##,2048,Cincinnati Gest St. Yard,set out,Colehour IM
NS,26C-##,2048,Cincinnati Gest St. Yard,pick up,Calumet IM
NS,23G-##,1476,Harrisburg,set out,Intermodal Except 47th St
NS,23G-##,1476,Harrisburg,set out,Pick Up Pittsburgh
NS,23G-##,1476,Harrisburg,set out,Chicago 47th IM
NS,23G-##,1436,Pittsburgh Pitcairn Yard,set out,Pittsburgh IM
NS,27P-##,1436,Pittsburgh Pitcairn Yard,set out,Pittsburgh IM
NS,27P-##,1436,Pittsburgh Pitcairn Yard,pick up,63rd IM
NS,253-##,1385,Rutherford Yard,set out,St Louis
NS,253-##,1385,Rutherford Yard,set out,Voltz
NS,253-##,1385,Rutherford Yard,set out,Rutherford IM
NS,258-##,1205,Voltz,pick up,GCT Bayonne
NS,258-##,1205,Voltz,pick up,Rutherford
NS,258-##,1205,Voltz,pick up,Morrisville
NS,258-##,1205,Voltz,pick up,Elizabeth Marine
NS,258-##,1205,Voltz,pick up,Bethlehem Intermodal
NS,22M-##,1436,Pittsburgh Pitcairn Yard,set out,Pitcairn IM
NS,22M-##,1436,Pittsburgh Pitcairn Yard,pick up,Elizabeth Marine
NS,22M-##,1436,Pittsburgh Pitcairn Yard,pick up,GCT Bayonne
NS,22M-##,1385,Rutherford Yard,pick up,Morrisville IM
NS,22M-##,1385,Rutherford Yard,set out,Elizabeth Marine
NS,22M-##,1385,Rutherford Yard,set out,GCT Bayonne
NS,22M-##,3498,King of Prussia Abrams Yard,set out,Philadelphia Auto
NS,25P-##,1385,Rutherford Yard,set out,Rossville
NS,25P-##,1385,Rutherford Yard,set out,Voltz IM
NS,27P-##,1385,Rutherford Yard,set out,Rossville
NS,27P-##,1385,Rutherford Yard,set out,Voltz IM
NS,25P-##,1436,Pittsburgh Pitcairn Yard,set out,Pittsburgh IM
NS,25P-##,1436,Pittsburgh Pitcairn Yard,pick up,63rd IM
NS,21W-##,1476,Harrisburg,set out,Harrisburg
NS,21W-##,1476,Harrisburg,set out,Sandusky
NS,21W-##,1476,Harrisburg,pick up,Toledo
NS,21W-##,1476,Harrisburg,pick up,Los Angeles BNSF
NS,21W-##,1476,Harrisburg,pick up,Barstow
NS,21W-##,1476,Harrisburg,pick up,Corwith BNSF
NS,21W-##,1476,Harrisburg,pick up,and Cicero BNSF IM
NS,21W-##,3001,Hammond Colehour Yard,set out,Barstow
NS,21W-##,3001,Hammond Colehour Yard,set out,Corwith
NS,21W-##,3001,Hammond Colehour Yard,set out,Cicero IM
NS,23G-##,1476,Harrisburg,set out,Intermodal Except 47th St
NS,23G-##,1476,Harrisburg,set out,Pick Up Chicago 47th IM
NS,258-##,1205,Voltz,pick up,GCT Bayonne
NS,258-##,1205,Voltz,pick up,Rutherford
NS,258-##,1205,Voltz,pick up,Morrisville
NS,258-##,1205,Voltz,pick up,Elizabeth Marine
NS,258-##,1205,Voltz,pick up,Bethlehem Intermodal
NS,258-##,1277,St. Louis Luther Yard,pick up,Elizabeth Marine
NS,258-##,1277,St. Louis Luther Yard,pick up,Croxton
NS,258-##,1277,St. Louis Luther Yard,pick up,GCT Bayonne
NS,258-##,1277,St. Louis Luther Yard,pick up,Bethlehem
NS,258-##,1277,St. Louis Luther Yard,pick up,Rutherford IM
NS,25P-##,1436,Pittsburgh Pitcairn Yard,pick up,63rd IM
NS,22X-##,1454,Toledo Airline Yard,pick up,Croxton IM
NS,22X-##,1476,Harrisburg,set out,Harrisburg
NS,22X-##,1385,Rutherford Yard,pick up,Croxton IM
NS,29C-##,1140,Greensboro Pomona Yard,set out,Croxton IM
NS,29C-##,1140,Greensboro Pomona Yard,pick up,Calumet IM
NS,25A-##,1140,Greensboro Pomona Yard,set out,Greensboro
NS,25A-##,1140,Greensboro Pomona Yard,set out,Charlotte IM
NS,25A-##,1140,Greensboro Pomona Yard,pick up,Atlanta IM
NS,26C-##,1244,Austell,set out,Austell
NS,26C-##,1244,Austell,set out,Pick Up Cincinnati
NS,26C-##,1244,Austell,set out,Landers
NS,26C-##,1244,Austell,set out,Colehour IM
NS,26C-##,2048,Cincinnati Gest St. Yard,set out,Cincinnati IM
NS,26C-##,2048,Cincinnati Gest St. Yard,set out,Colehour IM
NS,26C-##,2048,Cincinnati Gest St. Yard,pick up,Calumet IM
NS,258-##,1205,Voltz,pick up,Rutherford
NS,258-##,1205,Voltz,pick up,Morrisville
NS,258-##,1205,Voltz,pick up,Elizabeth Marine
NS,258-##,1205,Voltz,pick up,Bethlehem Intermodal
NS,258-##,1277,St. Louis Luther Yard,pick up,Elizabeth Marine
NS,258-##,1277,St. Louis Luther Yard,pick up,Croxton
NS,258-##,1277,St. Louis Luther Yard,pick up,Bethlehem
NS,258-##,1277,St. Louis Luther Yard,pick up,Rutherford IM
NS,28J-##,1244,Austell,set out,Austell IM
NS,28J-##,1244,Austell,set out,FEC IM
NS,28J-##,1082,Atlanta Inman Yard,set out,Charlotte
NS,28J-##,1082,Atlanta Inman Yard,set out,FEC
NS,28J-##,1082,Atlanta Inman Yard,pick up,Jacksonville
NS,28J-##,1082,Atlanta Inman Yard,pick up,Talleyrand IM
NS,28V-##,1436,Pittsburgh Pitcairn Yard,set out,Pittsburgh IM
NS,22H-##,1436,Pittsburgh Pitcairn Yard,set out,Pittsburgh IM
NS,22H-##,1436,Pittsburgh Pitcairn Yard,set out,Pittsburgh IM
NS,22M-##,1436,Pittsburgh Pitcairn Yard,set out,Pitcairn IM
NS,22M-##,1385,Rutherford Yard,pick up,Morrisville IM
NS,22M-##,1385,Rutherford Yard,set out,Elizabeth Marine
NS,22M-##,1385,Rutherford Yard,set out,GCT Bayonne
NS,22M-##,1436,Pittsburgh Pitcairn Yard,set out,Pitcairn IM
NS,22M-##,1436,Pittsburgh Pitcairn Yard,pick up,Elizabeth Marine
NS,22M-##,1436,Pittsburgh Pitcairn Yard,pick up,GCT Bayonne
NS,22M-##,1385,Rutherford Yard,set out,Elizabeth Marine
NS,22M-##,1385,Rutherford Yard,set out,GCT Bayonne
NS,26A-##,2348,McCalla,pick up,Austell
NS,26A-##,2348,McCalla,pick up,Atlanta IM
NS,26A-##,1244,Austell,set out,Austell
NS,29P-##,1454,Toledo Airline Yard,set out,Toledo IM
NS,29P-##,1454,Toledo Airline Yard,pick up,63rd Street IM
NS,22X-##,1454,Toledo Airline Yard,pick up,Croxton IM
NS,22X-##,1476,Harrisburg,set out,Harrisburg
NS,22X-##,1476,Harrisburg,pick up,Croxton
NS,22X-##,1385,Rutherford Yard,pick up,Croxton IM
NS,29C-##,1140,Greensboro Pomona Yard,set out,Croxton
NS,29C-##,1140,Greensboro Pomona Yard,set out,Grrensboro IM
NS,29C-##,1140,Greensboro Pomona Yard,pick up,Calumet IM
NS,22X-##,1476,Harrisburg,set out,Harrisburg
NS,22X-##,1385,Rutherford Yard,pick up,Croxton IM
NS,26X-##,1385,Rutherford Yard,set out,Rutherford IM
NS,26X-##,1385,Rutherford Yard,pick up,Croxton IM
NS,28X-##,1454,Toledo Airline/Detroit Yard,pick up,Croxton IM
NS,23G-##,1476,Harrisburg,set out,Intermodal Except 47th St
NS,23G-##,1476,Harrisburg,set out,Pick Up Chicago 47th IM
NS,25A-##,1140,Greensboro Pomona Yard,set out,Greensboro
NS,25A-##,1140,Greensboro Pomona Yard,pick up,Atlanta IM
NS,21W-##,1476,Harrisburg,set out,Harrisburg
NS,21W-##,1476,Harrisburg,set out,Sandusky
NS,21W-##,1476,Harrisburg,pick up,Pittsburg
NS,21W-##,1476,Harrisburg,pick up,Toledo
NS,21W-##,1476,Harrisburg,pick up,Los Angeles BNSF
NS,21W-##,1476,Harrisburg,pick up,BNSF Corwith
NS,21W-##,1476,Harrisburg,pick up,Barstow
NS,21W-##,1476,Harrisburg,pick up,BNSF Cicero
NS,21W-##,1436,Pittsburgh Pitcairn Intermodal Terminal,set out,Pittsburg IM
NS,21W-##,3001,Hammond Colehour Yard,set out,Barstow
NS,21W-##,3001,Hammond Colehour Yard,set out,Corwith
NS,21W-##,3001,Hammond Colehour Yard,set out,Cicero IM
NS,21W-##,1436,Pittsburgh Pitcairn Intermodal Terminal,set out,Pittsburg IM
NS,21W-##,3001,Hammond Colehour Yard,set out,Barstow
NS,21W-##,3001,Hammond Colehour Yard,set out,Corwith
NS,21W-##,3001,Hammond Colehour Yard,set out,Cicero IM
NS,25P-##,1385,Rutherford Yard,set out,Rossville
NS,25P-##,1385,Rutherford Yard,set out,Voltz IM
NS,25P-##,1476,Harrisburg,set out,IM
NS,22M-##,1436,Pittsburgh Pitcairn Yard,set out,Pitcairn IM
NS,22M-##,1436,Pittsburgh Pitcairn Yard,pick up,Elizabeth Marine
NS,22M-##,1436,Pittsburgh Pitcairn Yard,pick up,GCT Bayonne
NS,22M-##,1385,Rutherford Yard,set out,Elizabeth Marine
NS,22M-##,1385,Rutherford Yard,set out,GCT Bayonne
NS,26C-##,1082,Atlanta Inman Yard,set out,LATC IM
NS,26C-##,1244,Austell,pick up,Cincinnati
NS,26C-##,1244,Austell,pick up,Colehour IM
NS,26C-##,2048,Cincinnati Gest St. Yard,set out,Cincinnati
NS,26C-##,2048,Cincinnati Gest St. Yard,set out,Chicago 47th
NS,26C-##,2048,Cincinnati Gest St. Yard,set out,Colehour IM
NS,26C-##,2048,Cincinnati Gest St. Yard,pick up,Calumet IM
NS,28C-##,1244,Austell,set out,Austell IM
NS,28C-##,1244,Austell,pick up,CP
NS,28C-##,1244,Austell,pick up,CN
NS,28C-##,1244,Austell,pick up,Calumet IM
NS,29F-##,1082,Atlanta Inman Yard,set out,FEC
NS,29F-##,1082,Atlanta Inman Yard,set out,Atlanta UPS
NS,29F-##,1082,Atlanta Inman Yard,set out,Austell IM
NS,29F-##,1082,Atlanta Inman Yard,pick up,FEC UPS
NS,29F-##,1082,Atlanta Inman Yard,pick up,Jacksonville UPS
NS,29F-##,1082,Atlanta Inman Yard,pick up,Jacksonville Simpson IM
NS,25A-##,1140,Greensboro Pomona Yard,set out,Greensboro an Charlotte IM
NS,25A-##,1140,Greensboro Pomona Yard,pick up,Atlanta IM
NS,26A-##,2348,McCalla,pick up,Charlotte
NS,26A-##,2348,McCalla,pick up,Jacksonville
NS,26A-##,2348,McCalla,pick up,Atlanta
NS,26A-##,2348,McCalla,pick up,Austell IM
NS,26A-##,1244,Austell,set out,Austell
NS,28J-##,1244,Austell,set out,Austell IM
NS,28J-##,1082,Atlanta Inman Yard,set out,Charlotte
NS,28J-##,1082,Atlanta Inman Yard,set out,FEC Bowden IM
NS,28J-##,1082,Atlanta Inman Yard,pick up,Tallyrand
NS,28J-##,1082,Atlanta Inman Yard,pick up,Jacksonville
NS,28J-##,1082,Atlanta Inman Yard,pick up,Jacksonville FEC IM
NS,29K-##,2348,McCalla,set out,Shreveport
NS,29K-##,2348,McCalla,set out,Laredo IM
NS,23G-##,1476,Harrisburg,set out,Lathrop
NS,23G-##,1476,Harrisburg,set out,East LA UP
NS,23G-##,1476,Harrisburg,set out,Harrisburg
NS,23G-##,1476,Harrisburg,set out,Los Angeles BNSF IM
NS,25P-##,1385,Rutherford Yard,set out,Rossville
NS,25P-##,1385,Rutherford Yard,set out,St Louis
NS,25P-##,1385,Rutherford Yard,set out,Voltz
NS,25P-##,1385,Rutherford Yard,set out,Rutherford IM
NS,25P-##,1476,Harrisburg,set out,Lathrop
NS,25P-##,1476,Harrisburg,set out,East LA UP
NS,25P-##,1476,Harrisburg,set out,Los Angeles BNSF
NS,25P-##,1476,Harrisburg,set out,Harrisburg IM
NS,25P-##,1436,Pittsburgh Pitcairn Intermodal Terminal,pick up,Chicago 63rd St IM
NS,23G-##,1385,Rutherford Yard,set out,Rutherford
NS,23G-##,1385,Rutherford Yard,set out,Voltz
NS,26C-##,1244,Austell,set out,Austell
NS,26C-##,1244,Austell,set out,St Louis
NS,26C-##,1244,Austell,set out,Voltz IM
NS,26C-##,1244,Austell,pick up,Cincinnati IM
NS,26C-##,2048,Cincinnati Gest St. Yard,set out,Cincinnati IM
NS,26C-##,2048,Cincinnati Gest St. Yard,pick up,Calumet IM
NS,20H-##,1346,Bethlehem,set out,Behtlehem IM
NS,20H-##,1346,Bethlehem,set out,Pick Up East LA UP
NS,20H-##,1346,Bethlehem,set out,Los Angeles BNSF
NS,20H-##,1346,Bethlehem,set out,Harrisburg
NS,20H-##,1346,Bethlehem,set out,Chicaog 47th St
NS,20H-##,1346,Bethlehem,set out,Lathrop IM
NS,256-##,1476,Harrisburg,set out,Harrisburg IM
NS,256-##,1476,Harrisburg,set out,Baltimore Auto
NS,256-##,1385,Rutherford Yard,pick up,Croxton IM
NS,29F-##,2048,Cincinnati Gest St. Yard,set out,Cincinnati IM
NS,29F-##,2048,Cincinnati Gest St. Yard,pick up,Jacksonville IM
NS,29F-##,1082,Atlanta Inman Yard,set out,FEC
NS,29F-##,1082,Atlanta Inman Yard,set out,Atlanta UPS
NS,29F-##,1082,Atlanta Inman Yard,set out,Austell IM
NS,29F-##,1082,Atlanta Inman Yard,pick up,FEC UPS
NS,29F-##,1082,Atlanta Inman Yard,pick up,Jacksonville UPS
NS,29F-##,1082,Atlanta Inman Yard,pick up,Jacksonville Simpson IM
NS,22X-##,1436,Pittsburgh Pitcairn Intermodal Terminal,set out,Pittsburgh IM
NS,22X-##,1476,Harrisburg,set out,Harrisburg
NS,23G-##,1476,Harrisburg,set out,IM Except Chicago 47th St
NS,23G-##,1476,Harrisburg,set out,Pick Up Chicago 47th St. IM
NS,25P-##,1476,Harrisburg,set out,IM Except Chicago 63rd IM
NS,25P-##,1476,Harrisburg,set out,Pick Up Pittsburgh IM
NS,25P-##,1436,Pittsburgh Pitcairn Intermodal Terminal,set out,Pittsburgh IM
NS,25P-##,1436,Pittsburgh Pitcairn Intermodal Terminal,pick up,Chicago 63rd St IM
NS,22M-##,1436,Pittsburgh Pitcairn Yard,set out,Pitcairn IM
NS,22M-##,1436,Pittsburgh Pitcairn Yard,pick up,Elizabeth Marine
NS,22M-##,1436,Pittsburgh Pitcairn Yard,pick up,GCT Bayonne
NS,22M-##,1385,Rutherford Yard,set out,Elizabeth Marine
NS,22M-##,1385,Rutherford Yard,set out,GCT Bayonne
NS,22M-##,3498,King of Prussia Abrams Yard,set out,Philadelphia Auto
NS,32N-##,1887,Decatur NS Yard,set out,Bellevue
NS,32N-##,1887,Decatur NS Yard,pick up,Conway
NS,32N-##,1535,Lafayette East Yard,pick up,Conway
NS,39G-##,1475,Reading Spring St. Yard,set out,Enola
NS,39G-##,1475,Reading Spring St. Yard,pick up,Conway
NS,154-##,1929,Doraville Yard,set out,Doraville
NS,154-##,1929,Doraville Yard,set out,Atlanta
NS,154-##,1929,Doraville Yard,set out,Macon Hazardous
NS,154-##,1929,Doraville Yard,pick up,Linwood
NS,154-##,1274,Charlotte NS,set out,Charlotte
NS,154-##,1274,Charlotte NS,pick up,Linwood
NS,310-##,1367,Buffalo Bison Yard,set out,Buffalo BPRR
NS,310-##,1367,Buffalo Bison Yard,set out,Buffalo
NS,310-##,1367,Buffalo Bison Yard,pick up,Binghamton
NS,10K-##,1475,Reading,set out,Reading
NS,178-##,1043,Chattanooga Debutts Yard,pick up,Bellevue
NS,178-##,1043,Chattanooga Debutts Yard,set out,Elkhart (142)
NS,178-##,2048,Cincinnati Gest St. Yard,pick up,Bellevue
NS,179-##,1056,Danville,set out,Macon (143)
NS,179-##,1056,Danville,set out,Chattanooga
NS,179-##,1056,Danville,pick up,Birmingham
NS,126-##,2904,Knoxville Sevier Yard,set out,Knoxville
NS,126-##,2904,Knoxville Sevier Yard,set out,Enola
NS,126-##,2904,Knoxville Sevier Yard,pick up,Greensboro
NS,126-##,2904,Knoxville Sevier Yard,pick up,Roanoke
NS,127-##,2904,Knoxville Sevier Yard,set out,Birmingham
NS,127-##,2904,Knoxville Sevier Yard,set out,Knoxville
NS,127-##,2904,Knoxville Sevier Yard,pick up,Chattanooga
NS,378-##,1447,Columbus,set out,Columbus
NS,378-##,1447,Columbus,pick up,Macon
NS,13R-##,1298,Lynchburg,pick up,Greensboro IM
NS,13R-##,1298,Lynchburg,pick up,Linwood
NS,13R-##,1140,Greensboro Pomona Yard,set out,Greensboro IM
NS,167-##,1026,Louisville Youngtown Yard,set out,Shelbyville
NS,167-##,1026,Louisville Youngtown Yard,pick up,Danville
NS,167-##,1026,Louisville Youngtown Yard,pick up,Birmingham
NS,167-##,1026,Louisville Youngtown Yard,pick up,Chattanooga
NS,167-##,1056,Danville,set out,Danville
NS,167-##,1056,Danville,set out,Birmingham
NS,167-##,1056,Danville,pick up,Chattanooga
NS,143-##,1056,Danville,set out,Birmingham (143)
NS,143-##,1056,Danville,set out,Louisville (168)
NS,143-##,1056,Danville,set out,Chattanooga(167)
NS,143-##,1056,Danville,pick up,Macon
NS,134-##,1140,Greensboro Pomona Yard,set out,Greensboro
NS,16G-##,1055,Chicago Calumet Yard,pick up,Conway
NS,16G-##,1279,Chicago Hegewisch,pick up,Conway Auto
NS,168-##,1056,Danville,set out,Detroit (188)
NS,168-##,1056,Danville,pick up,Louisville
NS,168-##,1026,Louisville Youngtown Yard,set out,Louisville
NS,168-##,1026,Louisville Youngtown Yard,set out,Pick Up St Louis
NS,168-##,1026,Louisville Youngtown Yard,set out,Gateway Manifest
NS,168-##,1364,E. St. Louis Madison Yard,set out,Gateway
NS,309-##,1367,Buffalo Bison Yard,pick up,Elkhart
NS,118-##,1386,Portsmouth,set out,Portsmouth
NS,118-##,1386,Portsmouth,pick up,Greensboro
NS,118-##,1386,Portsmouth,pick up,Williamson
NS,118-##,2088,Williamson,set out,Williamson
NS,118-##,1140,Greensboro Pomona Yard,set out,Greensboro
NS,118-##,1140,Greensboro Pomona Yard,set out,Selma (350)
NS,119-##,1140,Greensboro Pomona Yard,pick up,Bellevue
NS,119-##,2088,Williamson,pick up,Bellevue
NS,119-##,1386,Portsmouth,set out,Portsmouth
NS,11Z-##,1476,Harrisburg,set out,Enola
NS,11Z-##,1297,Hagerstown Vardo Yard,set out,Hagerstown
NS,11Z-##,1297,Hagerstown Vardo Yard,pick up,Roanoke
NS,11Z-##,1297,Hagerstown Vardo Yard,pick up,Shenandoah
NS,11Z-##,1178,Shenandoah,set out,Shenandoah
NS,11Z-##,1178,Shenandoah,pick up,Roanoke
NS,174-##,1082,Atlanta Inman Yard,pick up,Elkhart
NS,174-##,2048,Cincinnati Gest St. Yard,set out,Cincinnati
NS,130-##,1680,Meridian NS Yard,set out,Meridian
NS,130-##,1680,Meridian NS Yard,pick up,Chattanooga
NS,36A-##,1564,Enola Yard,set out,Hagerstown
NS,36A-##,1564,Enola Yard,set out,Baltimore
NS,36A-##,1564,Enola Yard,pick up,Edgemoor
NS,123-##,1532,Lafayette South Yard,set out,Lafayette
NS,123-##,1532,Lafayette South Yard,pick up,Chattanooga
NS,H79-##,3498,King of Prussia Abrams Yard,pick up,Enola
NS,H79-##,3498,King of Prussia Abrams Yard,pick up,Conway
NS,35N-##,1535,Lafayette East Yard,pick up,ALS Gateway
NS,35N-##,1887,Decatur NS Yard,set out,Decatur
NS,35N-##,1887,Decatur NS Yard,pick up,ALS Gateway
NS,15Q-##,1380,Fort Wayne Piqua Yard,pick up,Lafayette
NS,15Q-##,1535,Lafayette East Yard,set out,ALS Gateway
NS,323-##,1057,Jacksonville Simpson Yard,set out,Jacksonville
NS,323-##,1057,Jacksonville Simpson Yard,pick up,FEC
NS,133-##,1680,Meridian NS Yard,set out,Meridian
NS,168-##,1056,Danville,pick up,Louisville
NS,168-##,1026,Louisville Youngtown Yard,set out,Louisville
NS,168-##,1026,Louisville Youngtown Yard,set out,Pick Up St Louis
NS,168-##,1026,Louisville Youngtown Yard,set out,Gateway Manifest
NS,168-##,1364,E. St. Louis Madison Yard,set out,Gateway
NS,167-##,1026,Louisville Youngtown Yard,set out,Shelbyville
NS,167-##,1026,Louisville Youngtown Yard,pick up,Danville
NS,167-##,1026,Louisville Youngtown Yard,pick up,Birmingham
NS,167-##,1026,Louisville Youngtown Yard,pick up,Chattanooga
NS,167-##,1056,Danville,set out,Danville
NS,167-##,1056,Danville,set out,Birmingham
NS,143-##,1056,Danville,set out,Birmingham (143)
NS,143-##,1056,Danville,set out,Louisville (168)
NS,143-##,1056,Danville,set out,Chattanooga(173)
NS,143-##,1056,Danville,pick up,Macon
NS,179-##,1056,Danville,set out,Macon (143)
NS,179-##,1056,Danville,set out,Chattanooga
NS,179-##,1056,Danville,pick up,Birmingham
NS,16G-##,1279,Chicago Hegewisch,pick up,Conway Auto
NS,168-##,1056,Danville,pick up,Louisville
NS,168-##,1026,Louisville Youngtown Yard,set out,Louisville
NS,168-##,1026,Louisville Youngtown Yard,set out,Pick Up St Louis
NS,168-##,1026,Louisville Youngtown Yard,set out,Gateway Manifest
NS,168-##,1364,E. St. Louis Madison Yard,set out,Gateway
NS,167-##,1026,Louisville Youngtown Yard,pick up,Danville
NS,167-##,1026,Louisville Youngtown Yard,pick up,Chattanooga
NS,167-##,1056,Danville,set out,Danville
NS,167-##,1056,Danville,set out,Birmingham
NS,17N-##,1647,Bellevue Moorman Yard,pick up,Clearing
NS,15Q-##,1380,Fort Wayne Piqua Yard,pick up,Lafayette
NS,15Q-##,1535,Lafayette East Yard,set out,Lafayette
NS,32N-##,1887,Decatur NS Yard,set out,Bellevue
NS,32N-##,1535,Lafayette East Yard,pick up,Conway
NS,32N-##,1535,Lafayette East Yard,set out,Bellevue
NS,32N-##,1535,Lafayette East Yard,pick up,Conway
NS,32N-##,1887,Decatur Brush/East Yard,set out,Bellevue
NS,32N-##,1535,Lafayette East Yard,pick up,Conway
NS,14Q-##,1535,Lafayette East Yard,pick up,Fort Wayne
NS,14Q-##,1535,Lafayette East Yard,pick up,Elkhart
NS,14Q-##,1535,Lafayette East Yard,pick up,IHB Auto
NS,14Q-##,1379,Fort Wayne East Yard,set out,Fort Wayne
NS,14Q-##,1379,Fort Wayne East Yard,set out,Elkhart
NS,14Q-##,1379,Fort Wayne East Yard,set out,IHB Auto
NS,333-##,1181,Detroit River Rouge Yard,set out,River Rouge
NS,333-##,1181,Detroit River Rouge Yard,pick up,Bellevue
NS,334-##,1454,Toledo Airline/Detroit Yard,pick up,Detroit
NS,334-##,1181,Detroit River Rouge Yard,set out,River Rouge
NS,334-##,1181,Detroit River Rouge Yard,pick up,Elkhart
NS,178-##,1043,Chattanooga Debutts Yard,set out,Chattanooga
NS,178-##,1043,Chattanooga Debutts Yard,pick up,Bellevue
NS,178-##,2048,Cincinnati Gest St. Yard,pick up,Bellevue
NS,179-##,1056,Danville,set out,Macon (173)
NS,179-##,1056,Danville,set out,Chattanooga
NS,179-##,1056,Danville,pick up,Birmingham
NS,143-##,1056,Danville,set out,Birmingham
NS,367-##,1912,Macon Brosnan Yard,set out,Macon
NS,367-##,1912,Macon Brosnan Yard,pick up,Savannah
NS,369-##,1912,Macon Brosnan Yard,set out,Macon
NS,369-##,1912,Macon Brosnan Yard,pick up,Valdosta
NS,179-##,1056,Danville,set out,Chattanooga
NS,179-##,1056,Danville,pick up,Birmingham
NS,333-##,1181,Detroit River Rouge Yard,set out,River Rouge
NS,333-##,1181,Detroit River Rouge Yard,pick up,Bellevue
NS,167-##,1026,Louisville Youngtown Yard,pick up,Chattanooga
NS,167-##,1026,Louisville Youngtown Yard,pick up,Danville
NS,167-##,1056,Danville,set out,Birmingham
NS,174-##,1056,Danville,pick up,Elkhart
NS,174-##,2048,Cincinnati Gest St. Yard,set out,Cincinnati
NS,39N-##,1379,Fort Wayne East Yard,set out,Fort Wayne
NS,32N-##,1887,Decatur Brush/East Yard,set out,Bellevue
NS,38N-##,1535,Lafayette East Yard,set out,Lafayette
NS,38N-##,1535,Lafayette East Yard,pick up,Conway
NS,10K-##,1475,Reading Spring St. Yard,set out,Reading
NS,10K-##,1064,Allentown,set out,Allentown
NS,10K-##,1064,Allentown,pick up,Oak Island
NS,10K-##,1064,Allentown,pick up,Croxton
NS,10K-##,1347,Newark Oak Island Yard,set out,Oak Island
NS,15T-##,1475,Reading,pick up,Knoxville
NS,15T-##,1178,Shenandoah,pick up,Knoxville
NS,15T-##,2904,Knoxville Sevier Yard,set out,Knoxville
NS,15T-##,2904,Knoxville Sevier Yard,set out,Chattanooga
NS,15T-##,2904,Knoxville Sevier Yard,pick up,Birmingham
NS,15T-##,2904,Knoxville Sevier Yard,pick up,Birmingham Coal
NS,16T-##,2904,Knoxville Sevier Yard,set out,Roanoke
NS,16T-##,2904,Knoxville Sevier Yard,set out,Knoxville
NS,16T-##,2904,Knoxville Sevier Yard,pick up,Enola
NS,16T-##,2904,Knoxville Sevier Yard,pick up,East Binghamton
NS,16T-##,2904,Knoxville Sevier Yard,pick up,Allentown
NS,16T-##,1178,Shenandoah,set out,Enola
NS,16T-##,1178,Shenandoah,set out,East Binghamton
NS,178-##,1043,Chattanooga Debutts Yard,set out,Chattanooga
NS,178-##,1043,Chattanooga Debutts Yard,pick up,Bellevue
NS,178-##,1132,Georgetown Delaplain Yard,pick up,Bellevue
NS,178-##,2048,Cincinnati Gest St. Yard,pick up,Bellevue
NS,16G-##,1279,Chicago Hegewisch,pick up,Conway Auto
NS,178-##,1043,Chattanooga Debutts Yard,set out,Chattanooga
NS,178-##,1043,Chattanooga Debutts Yard,pick up,Bellevue
NS,178-##,1132,Georgetown Delaplain Yard,pick up,Bellevue
NS,178-##,3526,Sharonville,pick up,Bellevue
NS,32N-##,1887,Decatur Brush/East Yard,set out,Bellevue
NS,38N-##,1535,Lafayette East Yard,pick up,Fort Wayne
NS,38N-##,1535,Lafayette East Yard,pick up,Conway
NS,38N-##,1379,Fort Wayne East Yard,set out,Fort Wayne
NS,38N-##,1647,Bellevue Moorman Yard,set out,Bellevue
NS,118-##,1386,Portsmouth,set out,Portsmouth
NS,118-##,1386,Portsmouth,pick up,Williamson
NS,118-##,2088,Williamson,set out,Williamson
NS,118-##,1140,Greensboro Pomona Yard,set out,Selma (350)
NS,119-##,1140,Greensboro Pomona Yard,pick up,Bellevue
NS,36N-##,1887,Decatur Brush/East Yard,set out,Bellevue
NS,16N-##,1279,Chicago Hegewisch,pick up,Conway Auto
NS,178-##,1043,Chattanooga Debutts Yard,set out,Chattanooga
NS,178-##,1043,Chattanooga Debutts Yard,pick up,Bellevue
NS,178-##,1132,Georgetown Delaplain Yard,pick up,Bellevue
NS,15Q-##,1535,Lafayette East Yard,set out,Lafayette
NS,168-##,1808,Emory Gap,set out,Emory Gap
NS,168-##,1056,Danville,pick up,Louisville
NS,168-##,1026,Louisville Youngtown Yard,set out,Louisville
NS,168-##,1026,Louisville Youngtown Yard,set out,Pick Up St Louis
NS,168-##,1026,Louisville Youngtown Yard,set out,Gateway Manifest
NS,168-##,1364,E. St. Louis Madison Yard,set out,Gateway
NS,123-##,1532,Lafayette South Yard,set out,Lafayette
NS,123-##,3676,Frankfort NS,pick up,Chattanooga
NS,123-##,1808,Emory Gap,pick up,Chattanooga
NS,126-##,2904,Knoxville Sevier Yard,set out,Enola
NS,126-##,2904,Knoxville Sevier Yard,pick up,Greensboro
NS,126-##,2904,Knoxville Sevier Yard,pick up,Roanoke
NS,127-##,2904,Knoxville Sevier Yard,set out,Birmingham
NS,127-##,2904,Knoxville Sevier Yard,set out,Knoxville
NS,126-##,2904,Knoxville Sevier Yard,set out,Enola
NS,126-##,2904,Knoxville Sevier Yard,pick up,Greensboro
NS,126-##,2904,Knoxville Sevier Yard,pick up,Roanoke
NS,35N-##,1535,Lafayette East Yard,set out,Lafayette
NS,35N-##,1887,Decatur NS Yard,set out,ALS Gateway for 121
NS,35N-##,1887,Decatur NS Yard,set out,Pick Up Granite City
NS,35N-##,1887,Decatur NS Yard,set out,Madison
NS,35N-##,1342,Granite City Smith Yard,set out,Granite City
NS,178-##,1043,Chattanooga Debutts Yard,set out,Elkhart
NS,178-##,1043,Chattanooga Debutts Yard,pick up,Bellevue
NS,178-##,1132,Georgetown Delaplain Yard,pick up,Bellevue
NS,39G-##,1475,Reading Spring St. Yard,pick up,Conway
NS,168-##,1056,Danville,pick up,Louisville
NS,168-##,1026,Louisville Youngtown Yard,set out,Louisville
NS,168-##,1026,Louisville Youngtown Yard,set out,Pick Up St Louis
NS,168-##,1026,Louisville Youngtown Yard,set out,Gateway Manifest
NS,168-##,1364,E. St. Louis Madison Yard,set out,Gateway
NS,123-##,1532,Lafayette South Yard,set out,Lafayette
NS,123-##,3676,Frankfort NS,pick up,Chattanooga
NS,153-##,1274,Charlotte NS,set out,Charlotte
NS,153-##,1274,Charlotte NS,pick up,Birmingham
NS,153-##,1929,Doraville Yard,set out,Doraville
NS,153-##,1929,Doraville Yard,pick up,Birmingham
NS,36N-##,1887,Decatur Brush/East Yard,set out,Bellevue
NS,118-##,1386,Portsmouth,set out,Portsmouth
NS,118-##,1386,Portsmouth,pick up,Charlotte
NS,118-##,1386,Portsmouth,pick up,Greensboro
NS,118-##,1386,Portsmouth,pick up,Williamson
NS,118-##,2088,Williamson,set out,Williamson
NS,118-##,1140,Greensboro Pomona Yard,set out,Selma (350)
NS,118-##,1140,Greensboro Pomona Yard,set out,Greensboro
NS,38N-##,1535,Lafayette East Yard,pick up,Conway
NS,38N-##,1647,Bellevue Moorman Yard,set out,Bellevue
NS,39N-##,1380,Fort Wayne Piqua Yard,set out,Fort Wayne
NS,123-##,1532,Lafayette South Yard,set out,Lafayette
NS,123-##,3676,Frankfort NS,pick up,Chattanooga
NS,123-##,2048,Cincinnati Gest St. Yard,pick up,Chattanooga
NS,333-##,1181,Detroit River Rouge Yard,pick up,Bellevue
NS,309-##,1367,Buffalo Bison Yard,pick up,Elkhart Manifest
NS,309-##,1367,Buffalo Bison Yard,pick up,Toledo AA Auto
NS,309-##,1048,Cleveland Rockport Yard,set out,Toledo AA Auto
NS,334-##,1181,Detroit River Rouge Yard,set out,River Rouge
NS,334-##,1181,Detroit River Rouge Yard,pick up,Oakwood
NS,153-##,1274,Charlotte NS,pick up,Birmingham
NS,153-##,1929,Doraville Yard,set out,Doraville
NS,153-##,1929,Doraville Yard,pick up,Birmingham
NS,154-##,1929,Doraville Yard,set out,Doraville
NS,154-##,1929,Doraville Yard,set out,Pick up Linwood
NS,154-##,1274,Charlotte NS,set out,Charlotte
NS,154-##,1274,Charlotte NS,pick up,Linwood
NS,11Z-##,1476,Harrisburg,set out,Enola
NS,11Z-##,1297,Hagerstown Vardo Yard,set out,Hagerstown
NS,11Z-##,1297,Hagerstown Vardo Yard,pick up,Roanoke
NS,11Z-##,1297,Hagerstown Vardo Yard,pick up,Birmingham
NS,11Z-##,1178,Shenandoah,set out,Knoxville
NS,11Z-##,1178,Shenandoah,set out,Birmingham
NS,11Z-##,1178,Shenandoah,pick up,Roanoke
NS,13R-##,1297,Hagerstown Vardo Yard,set out,Birmingham
NS,13R-##,1297,Hagerstown Vardo Yard,set out,Hagerstown
NS,13R-##,1297,Hagerstown Vardo Yard,pick up,Linwood
NS,13R-##,1298,Lynchburg,pick up,Linwood
NS,15T-##,1475,Reading,set out,RBMN
NS,15T-##,1475,Reading,pick up,Chattanooga
NS,15T-##,1178,Shenandoah,pick up,Birmingham
NS,15T-##,1178,Shenandoah,pick up,Knoxville
NS,15T-##,2904,Knoxville Sevier Yard,set out,Knoxville
NS,15T-##,2904,Knoxville Sevier Yard,set out,Chattanooga
NS,15T-##,2904,Knoxville Sevier Yard,pick up,Birmingham
NS,15T-##,2904,Knoxville Sevier Yard,pick up,Birmingham Coal
NS,16T-##,2904,Knoxville Sevier Yard,set out,Roanoke
NS,16T-##,2904,Knoxville Sevier Yard,set out,Knoxville
NS,16T-##,2904,Knoxville Sevier Yard,pick up,Enola
NS,16T-##,2904,Knoxville Sevier Yard,pick up,Allentown
NS,16T-##,1178,Shenandoah,set out,Enola
NS,16T-##,1297,Hagerstown Vardo Yard,pick up,Allentown
NS,15R-##,1274,Charlotte NS,pick up,Columbia
NS,15R-##,2947,East Chester NS,set out,Lancaster
NS,15R-##,2947,East Chester NS,set out,Chester
NS,167-##,1026,Louisville Youngtown Yard,pick up,Chattanooga
NS,167-##,1056,Danville,set out,Birmingham
NS,168-##,1026,Louisville Youngtown Yard,set out,Louisville
NS,168-##,1026,Louisville Youngtown Yard,set out,Pick Up St Louis
NS,168-##,1026,Louisville Youngtown Yard,set out,Gateway Manifest
NS,168-##,1364,E. St. Louis Madison Yard,set out,Gateway
NS,36N-##,1887,Decatur Brush/East Yard,set out,Bellevue
NS,36N-##,1887,Decatur Brush/East Yard,pick up,Fort Wayne
NS,36N-##,1535,Lafayette East Yard,pick up,Fort Wayne
NS,36N-##,1379,Fort Wayne East Yard,set out,Fort Wayne
NS,36N-##,1379,Fort Wayne East Yard,pick up,Conway
NS,10K-##,1475,Reading Spring St. Yard,set out,Reading
NS,10K-##,1064,Allentown,set out,Allentown
NS,10K-##,1064,Allentown,pick up,Oak Island
NS,10K-##,1347,Newark Oak Island Yard,set out,Oak Island
NS,118-##,1386,Portsmouth,pick up,Linwood
NS,118-##,1140,Greensboro Pomona Yard,set out,Selma (350)
NS,118-##,1140,Greensboro Pomona Yard,set out,Greensboro
NS,11Z-##,1297,Hagerstown Vardo Yard,pick up,Roanoke
NS,11Z-##,1178,Shenandoah,set out,Shenandoah
NS,11Z-##,1178,Shenandoah,pick up,Roanoke
NS,11Z-##,1173,Roanoke North Yard,set out,Roanoke
NS,11Z-##,1173,Roanoke North Yard,pick up,Birmingham Coal
NS,11Z-##,1173,Roanoke North Yard,pick up,Chattanooga
NS,11Z-##,1173,Roanoke North Yard,pick up,Knoxville
NS,11Z-##,2904,Knoxville Sevier Yard,set out,Knoxville
NS,11Z-##,2904,Knoxville Sevier Yard,set out,Birmingham Coal
NS,11Z-##,2904,Knoxville Sevier Yard,pick up,Chattanooga
NS,12Z-##,2904,Knoxville Sevier Yard,set out,Knoxville
NS,12Z-##,2904,Knoxville Sevier Yard,set out,Kingsport
NS,12Z-##,2904,Knoxville Sevier Yard,pick up,Greensboro
NS,12Z-##,2904,Knoxville Sevier Yard,pick up,Roanoke
NS,12Z-##,1173,Roanoke North Yard,set out,Crewe
NS,12Z-##,1173,Roanoke North Yard,set out,Winston Salem
NS,12Z-##,1173,Roanoke North Yard,set out,Greensboro
NS,12Z-##,1173,Roanoke North Yard,set out,Walkertown Autos
NS,12Z-##,1173,Roanoke North Yard,set out,Roanoke
NS,12Z-##,1173,Roanoke North Yard,pick up,Shenandoah
NS,12Z-##,1173,Roanoke North Yard,pick up,Enola
NS,12Z-##,1178,Shenandoah,set out,Shenandoah
NS,12Z-##,1178,Shenandoah,pick up,Hagerstown
NS,12Z-##,1178,Shenandoah,pick up,Conway
NS,12Z-##,1297,Hagerstown Vardo Yard,set out,Hagerstown
NS,12Z-##,1297,Hagerstown Vardo Yard,pick up,Enola
NS,12Z-##,1297,Hagerstown Vardo Yard,pick up,Conway
NS,13R-##,1297,Hagerstown Vardo Yard,set out,Hagerstown
NS,13R-##,1297,Hagerstown Vardo Yard,pick up,Linwood
NS,13R-##,1298,Lynchburg,pick up,Linwood
NS,15T-##,1475,Reading,set out,RBMN
NS,15T-##,1475,Reading,pick up,Birmingham
NS,15T-##,1297,Hagerstown Vardo Yard,set out,Hagerstown
NS,15T-##,1178,Shenandoah,pick up,Birmingham
NS,15T-##,2904,Knoxville Sevier Yard,set out,Chattanooga
NS,15T-##,2904,Knoxville Sevier Yard,pick up,Birmingham
NS,15T-##,2904,Knoxville Sevier Yard,pick up,Birmingham Coal
NS,16T-##,2904,Knoxville Sevier Yard,set out,Knoxville
NS,16T-##,2904,Knoxville Sevier Yard,pick up,Shenandoah
NS,16T-##,2904,Knoxville Sevier Yard,pick up,Allentown
NS,16T-##,1178,Shenandoah,set out,Shenandoah
NS,39G-##,1475,Reading Spring St. Yard,set out,Enola
NS,39G-##,1475,Reading Spring St. Yard,set out,Reading RBMN
NS,39G-##,1475,Reading Spring St. Yard,pick up,Conway
NS,142-##,1043,Chattanooga Debutts Yard NS,set out,Chattanooga
NS,142-##,1043,Chattanooga Debutts Yard NS,pick up,Elkhart
NS,178-##,1043,Chattanooga Debutts Yard,set out,Chattanooga
NS,178-##,1043,Chattanooga Debutts Yard,pick up,Bellevue
NS,178-##,1132,Georgetown Delaplain Yard,pick up,Bellevue
NS,38N-##,1535,Lafayette East Yard,pick up,Conway
NS,38N-##,1647,Bellevue Moorman Yard,set out,Bellevue
NS,15T-##,1475,Reading,set out,RBMN
NS,15T-##,1475,Reading,pick up,Birmingham
NS,15T-##,1297,Hagerstown Vardo Yard,set out,Hagerstown
NS,15T-##,1178,Shenandoah,pick up,Birmingham
NS,15T-##,1173,Roanoke North Yard,pick up,Birmingham Coal
NS,15T-##,2904,Knoxville Sevier Yard,set out,Chattanooga
NS,15T-##,2904,Knoxville Sevier Yard,pick up,Birmingham
NS,15T-##,2904,Knoxville Sevier Yard,pick up,Birmingham Coal
NS,11Z-##,1297,Hagerstown Vardo Yard,pick up,Roanoke
NS,11Z-##,1178,Shenandoah,set out,Shenandoah
NS,11Z-##,1178,Shenandoah,pick up,Roanoke
NS,11Z-##,1173,Roanoke North Yard,set out,Roanoke
NS,11Z-##,1173,Roanoke North Yard,pick up,Knoxville
NS,11Z-##,1173,Roanoke North Yard,pick up,Chattanooga
NS,11Z-##,2904,Knoxville Sevier Yard,set out,Knoxville
NS,11Z-##,2904,Knoxville Sevier Yard,pick up,Chattanooga
NS,16T-##,2904,Knoxville Sevier Yard,set out,Knoxville
NS,16T-##,2904,Knoxville Sevier Yard,set out,Roanoke
NS,16T-##,2904,Knoxville Sevier Yard,pick up,Enola (12Z)
NS,16T-##,2904,Knoxville Sevier Yard,pick up,Allentown
NS,16T-##,1178,Shenandoah,set out,Enola
NS,16T-##,1297,Hagerstown Vardo Yard,pick up,Allentown
NS,143-##,2048,Cincinnati Gest St. Yard,pick up,Chattanooga
NS,143-##,1056,Danville,set out,Birmingham
NS,178-##,1043,Chattanooga Debutts Yard,set out,Chattanooga
NS,178-##,1043,Chattanooga Debutts Yard,pick up,Bellevue Manifest
NS,178-##,1043,Chattanooga Debutts Yard,pick up,Auto
NS,178-##,1132,Georgetown Delaplain Yard,pick up,Bellevue
NS,178-##,3526,Sharonville,pick up,Bellevue
NS,10K-##,1475,Reading Spring St. Yard,set out,Reading
NS,10K-##,1475,Reading Spring St. Yard,pick up,Fairless Hills Coal
NS,10K-##,1064,Allentown,set out,Croxton
NS,10K-##,1064,Allentown,set out,Allentown
NS,10K-##,1064,Allentown,set out,Fairless Hills Coal
NS,10K-##,1064,Allentown,pick up,Oak Island
NS,10K-##,1347,Newark Oak Island Yard,set out,Oak Island
NS,36N-##,1887,Decatur Brush/East Yard,set out,Bellevue
NS,36N-##,1887,Decatur Brush/East Yard,pick up,Fort Wayne
NS,36N-##,1535,Lafayette East Yard,pick up,Fort Wayne
NS,36N-##,1379,Fort Wayne East Yard,set out,Fort Wayne
NS,36N-##,1379,Fort Wayne East Yard,pick up,Conway
NS,179-##,3526,Sharonville,set out,Middletown
NS,179-##,1056,Danville,set out,Chattanooga
NS,179-##,1056,Danville,pick up,Birmingham
NS,11Z-##,1297,Hagerstown Vardo Yard,pick up,Roanoke
NS,11Z-##,1178,Shenandoah,set out,Shenandoah
NS,11Z-##,1178,Shenandoah,pick up,Roanoke
NS,11Z-##,1173,Roanoke North Yard,set out,Roanoke
NS,11Z-##,1173,Roanoke North Yard,pick up,Radford
NS,11Z-##,1173,Roanoke North Yard,pick up,Knoxville
NS,11Z-##,1173,Roanoke North Yard,pick up,Chattanooga
NS,11Z-##,1320,Radford,set out,Radford
NS,11Z-##,1320,Radford,pick up,Chattanooga
NS,11Z-##,2904,Knoxville Sevier Yard,set out,Knoxville
NS,11Z-##,2904,Knoxville Sevier Yard,pick up,Chattanooga
NS,12Z-##,2904,Knoxville Sevier Yard,set out,Knoxville
NS,12Z-##,2904,Knoxville Sevier Yard,set out,Kingsport
NS,12Z-##,2904,Knoxville Sevier Yard,pick up,Greensboro
NS,12Z-##,2904,Knoxville Sevier Yard,pick up,Roanoke
NS,12Z-##,2904,Knoxville Sevier Yard,pick up,Radford
NS,12Z-##,1320,Radford,set out,Radford
NS,12Z-##,1320,Radford,pick up,Roanoke
NS,12Z-##,1173,Roanoke North Yard,set out,Crewe
NS,12Z-##,1173,Roanoke North Yard,set out,Winston Salem
NS,12Z-##,1173,Roanoke North Yard,set out,Greensboro
NS,12Z-##,1173,Roanoke North Yard,set out,Walkertown Autos
NS,12Z-##,1173,Roanoke North Yard,set out,Roanoke
NS,12Z-##,1173,Roanoke North Yard,pick up,Shenandoah
NS,12Z-##,1173,Roanoke North Yard,pick up,Enola
NS,12Z-##,1178,Shenandoah,set out,Shenandoah
NS,12Z-##,1178,Shenandoah,pick up,Hagerstown
NS,12Z-##,1178,Shenandoah,pick up,Conway
NS,12Z-##,1297,Hagerstown Vardo Yard,set out,Hagerstown
NS,12Z-##,1297,Hagerstown Vardo Yard,pick up,Enola
NS,12Z-##,1297,Hagerstown Vardo Yard,pick up,Conway
NS,15T-##,1475,Reading,set out,RBMN
NS,15T-##,1475,Reading,pick up,Birmingham
NS,15T-##,1297,Hagerstown Vardo Yard,set out,Hagerstown
NS,15T-##,1178,Shenandoah,pick up,Birmingham
NS,15T-##,1173,Roanoke North Yard,pick up,Birmingham Coal
NS,15T-##,2904,Knoxville Sevier Yard,set out,Chattanooga
NS,15T-##,2904,Knoxville Sevier Yard,pick up,Birmingham
NS,15T-##,2904,Knoxville Sevier Yard,pick up,Birmingham Coal
NS,16T-##,2904,Knoxville Sevier Yard,set out,Knoxville
NS,16T-##,2904,Knoxville Sevier Yard,set out,Roanoke
NS,16T-##,2904,Knoxville Sevier Yard,pick up,Enola (12Z)
NS,16T-##,2904,Knoxville Sevier Yard,pick up,Allentown
NS,16T-##,1178,Shenandoah,set out,Enola
NS,16T-##,1297,Hagerstown Vardo Yard,pick up,Allentown
NS,118-##,1386,Portsmouth,pick up,Linwood
NS,118-##,1140,Greensboro Pomona Yard,set out,Selma (350)
NS,118-##,1140,Greensboro Pomona Yard,set out,Greensboro
NS,174-##,1056,Danville,pick up,Elkhart
NS,174-##,2048,Cincinnati Gest St. Yard,set out,Cincinnati
NS,11Z-##,1297,Hagerstown Vardo Yard,pick up,Roanoke
NS,11Z-##,1178,Shenandoah,set out,Shenandoah
NS,11Z-##,1178,Shenandoah,pick up,Roanoke
NS,11Z-##,1173,Roanoke North Yard,set out,Roanoke
NS,11Z-##,1173,Roanoke North Yard,pick up,Radford
NS,11Z-##,1173,Roanoke North Yard,pick up,Knoxville
NS,11Z-##,1173,Roanoke North Yard,pick up,Chattanooga
NS,11Z-##,1320,Radford,set out,Radford
NS,11Z-##,1320,Radford,pick up,Chattanooga
NS,11Z-##,2904,Knoxville Sevier Yard,set out,Knoxville
NS,11Z-##,2904,Knoxville Sevier Yard,pick up,Chattanooga
NS,167-##,1026,Louisville Youngtown Yard,pick up,Chattanooga
NS,143-##,1056,Danville,set out,Birmingham (179)
NS,143-##,1056,Danville,set out,Chattanooga(173)
NS,143-##,1082,Atlanta Inman Yard,set out,Atlanta
NS,18K-##,1535,Lafayette East Yard,pick up,Elkhart
NS,11Z-##,1297,Hagerstown Vardo Yard,pick up,Roanoke
NS,11Z-##,1178,Shenandoah,set out,Shenandoah
NS,11Z-##,1178,Shenandoah,set out,Birmingham
NS,11Z-##,1178,Shenandoah,pick up,Roanoke
NS,12Z-##,1178,Shenandoah,set out,Shenandoah
NS,12Z-##,1178,Shenandoah,pick up,Hagerstown
NS,12Z-##,1178,Shenandoah,pick up,Conway
NS,12Z-##,1297,Hagerstown Vardo Yard,set out,Hagerstown
NS,12Z-##,1297,Hagerstown Vardo Yard,pick up,Enola
NS,12Z-##,1297,Hagerstown Vardo Yard,pick up,Conway
NS,126-##,2904,Knoxville Sevier Yard,set out,Knoxville
NS,126-##,2904,Knoxville Sevier Yard,set out,Kingsport
NS,126-##,2904,Knoxville Sevier Yard,pick up,Roanoke
NS,126-##,2904,Knoxville Sevier Yard,pick up,Radford
NS,126-##,2904,Knoxville Sevier Yard,pick up,Greensboro
NS,126-##,1320,Radford,set out,Radford
NS,126-##,1320,Radford,pick up,Roanoke
NS,127-##,1320,Radford,set out,Radford
NS,127-##,1320,Radford,pick up,Chattanooga
NS,127-##,2904,Knoxville Sevier Yard,set out,Knoxville
NS,127-##,2904,Knoxville Sevier Yard,pick up,Chattanooga
NS,35N-##,1887,Decatur NS Yard,set out,ALS Gateway (121)
NS,35N-##,1887,Decatur NS Yard,set out,UP KC (115)
NS,35N-##,1887,Decatur NS Yard,pick up,Granite City
NS,35N-##,1887,Decatur NS Yard,pick up,Madison
NS,35N-##,1342,Granite City Smith Yard,set out,Granite City
NS,143-##,1056,Danville,set out,Birmingham (179)
NS,143-##,1056,Danville,set out,Chattanooga(173)
NS,32A-##,1475,Reading Spring St. Yard,set out,Reading
NS,32A-##,1475,Reading Spring St. Yard,pick up,Fairless Hills Coal
NS,33A-##,1475,Reading Spring St. Yard,set out,Reading RBMN
NS,33A-##,1475,Reading Spring St. Yard,set out,Enola
NS,33A-##,1475,Reading Spring St. Yard,pick up,Conway
NS,10K-##,1475,Reading Spring St. Yard,set out,Reading
NS,10K-##,1064,Allentown,set out,Croxton
NS,10K-##,1064,Allentown,set out,Allentown
NS,10K-##,1064,Allentown,pick up,Oak Island
NS,10K-##,1347,Newark Oak Island Yard,set out,Oak Island
NS,10K-##,1064,Allentown,set out,Allentown
NS,10K-##,1064,Allentown,pick up,Oak Island
NS,10K-##,1347,Newark Oak Island Yard,set out,Oak Island
NS,167-##,1026,Louisville Youngtown Yard,set out,Louisville
NS,167-##,1026,Louisville Youngtown Yard,pick up,Chattanooga
NS,35N-##,1887,Decatur NS Yard,set out,ALS Gateway (121)
NS,35N-##,1887,Decatur NS Yard,set out,UP KC (115)
NS,35N-##,1887,Decatur NS Yard,pick up,Granite City
NS,35N-##,1887,Decatur NS Yard,pick up,Madison
NS,35N-##,1342,Granite City Smith Yard,set out,Granite City
NS,38N-##,1535,Lafayette East Yard,pick up,Bellevue
NS,38N-##,1647,Bellevue Moorman Yard,set out,Bellevue
NS,32A-##,1475,Reading Spring St. Yard,set out,Reading
NS,32A-##,1475,Reading Spring St. Yard,pick up,Fairless Hills Coal
NS,178-##,1043,Chattanooga Debutts Yard,set out,Chattanooga
NS,178-##,1043,Chattanooga Debutts Yard,pick up,Bellevue Manifest
NS,178-##,1043,Chattanooga Debutts Yard,pick up,Auto
NS,178-##,3526,Sharonville,pick up,Bellevue
NS,37M-##,1500,Elkhart,set out,Elkhart
NS,37M-##,1500,Elkhart,pick up,Clearing
NS,10K-##,1064,Allentown,set out,Allentown
NS,10K-##,1064,Allentown,set out,Croxton
NS,10K-##,1064,Allentown,pick up,Oak Island
NS,10K-##,1347,Newark Oak Island Yard,set out,Oak Island
NS,15T-##,1475,Reading,set out,RBMN
NS,15T-##,1475,Reading,pick up,Birmingham
NS,15T-##,1297,Hagerstown Vardo Yard,set out,Hagerstown
NS,15T-##,1178,Shenandoah,pick up,Birmingham
NS,15T-##,1173,Roanoke North Yard,pick up,Birmingham Coal
NS,15T-##,2904,Knoxville Sevier Yard,set out,Chattanooga
NS,15T-##,2904,Knoxville Sevier Yard,pick up,Birmingham
NS,16T-##,2904,Knoxville Sevier Yard,set out,Knoxville
NS,16T-##,2904,Knoxville Sevier Yard,pick up,Shenandoah
NS,16T-##,2904,Knoxville Sevier Yard,pick up,Allentown
NS,16T-##,1178,Shenandoah,set out,Shenandoah
NS,36N-##,1887,Decatur Brush/East Yard,set out,Bellevue
NS,36N-##,1887,Decatur Brush/East Yard,pick up,Fort Wayne
NS,36N-##,1535,Lafayette East Yard,pick up,Fort Wayne
NS,36N-##,1379,Fort Wayne East Yard,set out,Fort Wayne
NS,36N-##,1379,Fort Wayne East Yard,pick up,Conway
NS,38N-##,1647,Bellevue Moorman Yard,set out,Bellevue
NS,126-##,2904,Knoxville Sevier Yard,set out,Knoxville
NS,126-##,2904,Knoxville Sevier Yard,set out,Kingsport
NS,126-##,2904,Knoxville Sevier Yard,pick up,Radford
NS,126-##,2904,Knoxville Sevier Yard,pick up,Roanoke
NS,126-##,2904,Knoxville Sevier Yard,pick up,Greensboro
NS,126-##,1320,Radford,set out,Radford
NS,126-##,1320,Radford,pick up,Roanoke
NS,154-##,1929,Doraville Yard,set out,Doraville
NS,154-##,1929,Doraville Yard,set out,Pick up Linwood
NS,154-##,1274,Charlotte NS,set out,Charlotte
NS,179-##,3526,Sharonville,set out,Middletown
NS,179-##,1056,Danville,set out,Chattanooga
NS,179-##,1056,Danville,pick up,Birmingham
NS,143-##,1056,Danville,set out,Birmingham (179)
NS,143-##,1056,Danville,set out,Chattanooga (197)
NS,38N-##,1535,Lafayette East Yard,pick up,Bellevue
NS,38N-##,1647,Bellevue Moorman Yard,set out,Bellevue
NS,121-##,1697,Detroit Livernois Yard,set out,CSX
NS,121-##,1384,Detroit Oakwood Yard,set out,Oakwood
NS,121-##,1384,Detroit Oakwood Yard,set out,Pick Up Decatur
NS,121-##,1379,Fort Wayne East Yard,pick up,Decatur
NS,121-##,1381,Roanoke GM Yard,pick up,ALS Gateway Auto
NS,121-##,1887,Decatur NS Yard,set out,Decatur
NS,18W-##,1386,Portsmouth,set out,Crewe (18M)
NS,18W-##,1386,Portsmouth,pick up,Roanoke
NS,18W-##,1386,Portsmouth,pick up,Shenandoah
NS,18W-##,1173,Roanoke,set out,Roanoke
NS,18W-##,1173,Roanoke,set out,Shenandoah (12Z)
NS,19W-##,1145,Walkertown,pick up,Bellevue
NS,19W-##,1145,Walkertown,pick up,Roanoke IN Auto
NS,19W-##,1173,Roanoke,set out,Raonoke
NS,19W-##,1173,Roanoke,pick up,Portsmouth
NS,19W-##,1386,Portsmouth,set out,Portsmouth
NS,19W-##,1386,Portsmouth,pick up,Bellevue
NS,19W-##,1386,Portsmouth,pick up,Columbus
NS,19W-##,1453,Columbus Watkins Yard,set out,Columbus
NS,18N-##,1064,Allentown,set out,Oak Island
NS,31M-##,1500,Elkhart Yard,set out,Elkhart
NS,181-##,1379,Fort Wayne East Yard,set out,Roanoke
NS,181-##,1379,Fort Wayne East Yard,set out,Fort Wayne
NS,181-##,1205,Voltz,set out,Voltz Auto
NS,112-##,1276,Wentzville,pick up,BNSF Manifest
NS,112-##,1276,Wentzville,pick up,BNSF Autos
NS,112-##,1276,Wentzville,pick up,Set Out Wentzville
NS,148-##,1205,Voltz,pick up,Decatur
NS,148-##,1205,Voltz,pick up,Conway
NS,148-##,1205,Voltz,pick up,Elkhart
NS,148-##,1205,Voltz,pick up,Bellevue
NS,148-##,1887,Decatur NS Yard,set out,Decatur
NS,148-##,1887,Decatur NS Yard,set out,Elkhart
NS,148-##,1887,Decatur NS Yard,pick up,Conway
NS,148-##,1887,Decatur NS Yard,pick up,Bellevue
NS,110-##,1277,St. Louis Luther Yard,pick up,UP Manifest
NS,19M-##,1298,Lynchburg,set out,Roanoke
NS,19M-##,1298,Lynchburg,set out,Linwood
NS,19M-##,1298,Lynchburg,set out,Lynchburg
NS,19M-##,1298,Lynchburg,set out,Chattanooga
NS,19M-##,1298,Lynchburg,set out,Chattanooga Tyner Autos
NS,19M-##,1298,Lynchburg,set out,Pick Up Portsmouth
NS,19M-##,1386,Portsmouth,set out,Portsmouth
NS,19M-##,1386,Portsmouth,set out,Bellevue
NS,19M-##,1386,Portsmouth,pick up,Elkhart
NS,125-##,1205,Voltz,pick up,Louisville
NS,125-##,1276,Wentzville,set out,Wentzville Autos
NS,125-##,1276,Wentzville,set out,Pick Up St Louis
NS,125-##,1277,St. Louis Luther Yard,set out,St Louis
NS,125-##,1277,St. Louis Luther Yard,set out,Chattanooga
NS,125-##,1277,St. Louis Luther Yard,pick up,Louisville
NS,125-##,1277,St. Louis Luther Yard,pick up,Shelbyville
NS,176-##,1113,Detroit Warren,set out,Detroit Warren
NS,120-##,1205,Voltz,pick up,Eastbound CN Auto
NS,120-##,1887,Decatur NS Yard,set out,Decatur Manifest
NS,120-##,1887,Decatur NS Yard,set out,Lafayette Auto
NS,120-##,1887,Decatur NS Yard,pick up,Detroit
NS,120-##,1381,Roanoke GM Yard,pick up,Eastbound CN Auto
NS,189-##,1132,Georgetown Delaplain Yard,set out,Louisville
NS,189-##,1056,Danville,set out,Chattanooga (167)
NS,188-##,1056,Danville,pick up,Detroit
NS,188-##,1056,Danville,pick up,Detroit CN
NS,188-##,1132,Georgetown Delaplain Yard,pick up,Detroit Manifest
NS,188-##,1380,Fort Wayne Piqua Yard,pick up,Detroit
NS,395-##,1912,Macon Brosnan Yard,set out,Augusta
NS,395-##,1912,Macon Brosnan Yard,set out,Macon
NS,395-##,1912,Macon Brosnan Yard,set out,and Greer Empty Auto
NS,19W-##,1145,Walkertown,pick up,Bellevue
NS,19W-##,1145,Walkertown,pick up,Roanoke IN Auto
NS,19W-##,1173,Roanoke,set out,Raonoke
NS,19W-##,1173,Roanoke,pick up,Portsmouth
NS,19W-##,1386,Portsmouth,set out,Portsmouth
NS,189-##,1132,Georgetown Delaplain Yard,set out,Louisville
NS,189-##,1808,Emory Gap,set out,Chattanooga
NS,110-##,1277,St. Louis Luther Yard,set out,St Louis Auto
NS,110-##,1277,St. Louis Luther Yard,pick up,UP KC
NS,112-##,1276,Wentzville,set out,Wentzville
NS,125-##,1277,St. Louis Luther Yard,set out,St Louis
NS,125-##,1277,St. Louis Luther Yard,set out,Chattanooga
NS,125-##,1277,St. Louis Luther Yard,pick up,Louisville
NS,121-##,1697,Detroit Livernois Yard,set out,CSX
NS,121-##,1384,Detroit Oakwood Yard,set out,Oakwood
NS,121-##,1384,Detroit Oakwood Yard,set out,Pick Up Decatur
NS,121-##,1379,Fort Wayne East Yard,pick up,Decatur
NS,121-##,1381,Roanoke GM Yard,pick up,ALS Gateway Auto
NS,120-##,1205,Voltz,pick up,Eastbound CN Auto
NS,120-##,1887,Decatur NS Yard,set out,Decatur
NS,120-##,1887,Decatur NS Yard,set out,Elkhart
NS,120-##,1887,Decatur NS Yard,set out,Empty Roanoke Auto
NS,120-##,1887,Decatur NS Yard,pick up,Detroit
NS,120-##,1381,Roanoke GM Yard,pick up,Eastbound CN Auto
NS,148-##,1205,Voltz,pick up,Bellevue
NS,148-##,1887,Decatur NS Yard,pick up,Bellevue
NS,110-##,1277,St. Louis Luther Yard,set out,St Louis Auto
NS,110-##,1277,St. Louis Luther Yard,pick up,UP KC
NS,112-##,1276,Wentzville,set out,Wentzville
NS,112-##,1552,Mexico NS,set out,Mexico
NS,112-##,3393,Moberly,set out,Moberly
NS,125-##,3393,Moberly,set out,Moberly
NS,125-##,1552,Mexico NS,pick up,St Louis
NS,125-##,1277,St. Louis Luther Yard,set out,St Louis
NS,125-##,1277,St. Louis Luther Yard,set out,Chattanooga
NS,125-##,1277,St. Louis Luther Yard,pick up,Louisville
NS,19W-##,1145,Walkertown,pick up,Bellevue
NS,19W-##,1145,Walkertown,pick up,Roanoke IN Auto
NS,19W-##,1173,Roanoke,pick up,Portsmouth
NS,19W-##,1386,Portsmouth,set out,Portsmouth
NS,19M-##,1298,Lynchburg,set out,Roanoke
NS,19M-##,1298,Lynchburg,set out,Linwood
NS,19M-##,1298,Lynchburg,set out,Lynchburg
NS,19M-##,1298,Lynchburg,set out,Chattanooga
NS,19M-##,1298,Lynchburg,set out,Chattanooga Tyner Autos
NS,19M-##,1298,Lynchburg,set out,Pick Up Portsmouth
NS,19M-##,1386,Portsmouth,set out,Portsmouth
NS,19M-##,1386,Portsmouth,set out,Bellevue
NS,19M-##,1386,Portsmouth,pick up,Elkhart
NS,359-##,1384,Detroit Oakwood Yard,pick up,Elkhart
NS,121-##,1697,Detroit Livernois Yard,set out,CSX
NS,121-##,1384,Detroit Oakwood Yard,set out,Oakwood
NS,121-##,1384,Detroit Oakwood Yard,set out,Bellevue
NS,121-##,1384,Detroit Oakwood Yard,pick up,Decatur
NS,121-##,1379,Fort Wayne East Yard,pick up,Decatur
NS,121-##,1381,Roanoke GM Yard,pick up,ALS Gateway Auto
NS,30L-##,3393,Moberly,set out,Moberly
NS,30L-##,1552,Mexico NS,pick up,St Louis
NS,30L-##,1277,St. Louis Luther Yard,set out,St Louis
NS,30L-##,1277,St. Louis Luther Yard,set out,Chattanooga
NS,30L-##,1277,St. Louis Luther Yard,pick up,Louisville
NS,33K-##,1132,Georgetown Delaplain Yard,pick up,Louisville Manifest
NS,33K-##,1268,Shelbyville,pick up,UP Auto
NS,33K-##,1462,Louisville Buechel,set out,Louisville Intermodal
NS,33K-##,1462,Louisville Buechel,set out,Pick Up Louisville
NS,33K-##,1026,Louisville Youngtown Yard,set out,Louisville
NS,33K-##,1277,St. Louis Luther Yard,set out,St Louis Auto
NS,33K-##,1277,St. Louis Luther Yard,pick up,UP KC
NS,33K-##,3393,Moberly,pick up,UP KC
NS,33K-##,2590,Kansas City Avondale Yard,pick up,UP KC
NS,111-##,1276,Wentzville,set out,Wentzville
NS,111-##,1552,Mexico NS,set out,Mexico
NS,18N-##,1064,Allentown,set out,Allentown
NS,121-##,1697,Detroit Livernois Yard,set out,CSX
NS,121-##,1384,Detroit Oakwood Yard,set out,Oakwood
NS,121-##,1384,Detroit Oakwood Yard,set out,Bellevue
NS,121-##,1384,Detroit Oakwood Yard,pick up,Decatur
NS,121-##,1379,Fort Wayne East Yard,pick up,Decatur
NS,121-##,1381,Roanoke GM Yard,pick up,ALS Gateway Auto
NS,121-##,1887,Decatur Brush/East Yard,set out,Decatur
NS,121-##,1887,Decatur Brush/East Yard,pick up,ALS Gateway
NS,33K-##,1132,Georgetown Delaplain Yard,pick up,Louisville Manifest
NS,33K-##,1268,Shelbyville,pick up,UP Auto
NS,33K-##,1462,Louisville Buechel,set out,Louisville Intermodal
NS,33K-##,1462,Louisville Buechel,set out,Pick Up Louisville
NS,33K-##,1026,Louisville Youngtown Yard,set out,Louisville
NS,33K-##,1277,St. Louis Luther Yard,set out,St Louis Auto
NS,33K-##,1277,St. Louis Luther Yard,pick up,UP KC
NS,33K-##,3393,Moberly,pick up,UP KC
NS,33K-##,2590,Kansas City Avondale Yard,pick up,UP KC
NS,19W-##,1173,Roanoke,pick up,Portsmouth
NS,19W-##,2088,Williamson,pick up,Bellevue
NS,19W-##,2088,Williamson,pick up,Portsmouth
NS,19W-##,1386,Portsmouth,set out,Portsmouth
NS,18W-##,1386,Portsmouth,set out,Crewe (18M)
NS,18W-##,1386,Portsmouth,pick up,Roanoke
NS,18W-##,1386,Portsmouth,pick up,Shenandoah
NS,18W-##,1386,Portsmouth,pick up,and Bluefield
NS,18W-##,2500,Bluefield,set out,Bluefield
NS,18W-##,1173,Roanoke,set out,Roanoke
NS,18W-##,1173,Roanoke,set out,Shenandoah (12Z)
NS,19M-##,1298,Lynchburg,set out,Roanoke
NS,19M-##,1298,Lynchburg,set out,Linwood
NS,19M-##,1298,Lynchburg,set out,Lynchburg
NS,19M-##,1298,Lynchburg,set out,and Chattanooga
NS,19M-##,1386,Portsmouth,set out,Bellevue
NS,19M-##,1386,Portsmouth,pick up,Elkhart
NS,35J-##,1863,Hammond Gibson Yard,set out,Gibson Auto
NS,346-##,1912,Macon Brosnan Yard,set out,Macon Manifest
NS,33K-##,1277,St. Louis Luther Yard,set out,St Louis Auto
NS,33K-##,1277,St. Louis Luther Yard,pick up,UP KC
NS,33K-##,3393,Moberly,pick up,UP KC
NS,33K-##,2590,Kansas City Avondale Yard,pick up,UP KC
NS,11E-##,1173,Roanoke,pick up,Portsmouth
NS,11E-##,1386,Portsmouth,set out,Portsmouth
NS,19M-##,1298,Lynchburg,set out,Roanoke
NS,19M-##,1298,Lynchburg,set out,Linwood
NS,19M-##,1298,Lynchburg,set out,Lynchburg
NS,19M-##,1298,Lynchburg,set out,and Chattanooga
NS,19M-##,2088,Williamson,set out,Roanoke IN Autos for 11E
NS,19M-##,2088,Williamson,set out,Pick Up Bellevue
NS,19M-##,1386,Portsmouth,set out,Bellevue
NS,19M-##,1386,Portsmouth,pick up,Elkhart
NS,11E-##,1173,Roanoke,set out,Roanoke
NS,11E-##,1173,Roanoke,pick up,Portsmouth
NS,11E-##,2088,Williamson,set out,Bellevue
NS,11E-##,2088,Williamson,set out,Portsmouth
NS,19M-##,1298,Lynchburg,set out,Roanoke
NS,19M-##,1298,Lynchburg,set out,Linwood
NS,19M-##,1298,Lynchburg,set out,Lynchburg
NS,19M-##,1298,Lynchburg,set out,and Chattanooga
NS,19M-##,2088,Williamson,set out,Roanoke IN Autos for 11E
NS,19M-##,2088,Williamson,set out,Pick Up Portsmouth
NS,19M-##,2088,Williamson,set out,Bellevue
NS,19M-##,1386,Portsmouth,set out,Portsmouth
NS,120-##,1205,Voltz,pick up,Decatur
NS,120-##,1205,Voltz,pick up,Elkhart Autos
NS,120-##,1205,Voltz,pick up,Detroit Autos
NS,120-##,1205,Voltz,pick up,Detroit CN
NS,120-##,1887,Decatur NS Yard,set out,Decatur
NS,120-##,1887,Decatur NS Yard,set out,Elkhart
NS,120-##,1887,Decatur NS Yard,pick up,Detroit
NS,121-##,1113,Detroit Warren Mound Road Yard,pick up,Detroit CSX
NS,121-##,1113,Detroit Warren Mound Road Yard,pick up,Oakwood
NS,121-##,1113,Detroit Warren Mound Road Yard,pick up,Voltz Autos
NS,121-##,1113,Detroit Warren Mound Road Yard,pick up,Bellevue
NS,121-##,1113,Detroit Warren Mound Road Yard,pick up,Decatur
NS,121-##,1697,Detroit Livernois Yard,set out,CSX
NS,121-##,1384,Detroit Oakwood Yard,set out,Oakwood
NS,121-##,1384,Detroit Oakwood Yard,set out,Bellevue
NS,121-##,1384,Detroit Oakwood Yard,pick up,Decatur
NS,121-##,1381,Roanoke GM Yard,pick up,ALS Gateway Auto
NS,121-##,1887,Decatur Brush/East Yard,set out,Decatur
NS,121-##,1887,Decatur Brush/East Yard,pick up,ALS Gateway
NS,18W-##,1386,Portsmouth,set out,Crewe (18M)
NS,18W-##,1386,Portsmouth,pick up,Shenandoah
NS,18W-##,1386,Portsmouth,pick up,Bluefield
NS,18W-##,1386,Portsmouth,pick up,Roanoke
NS,18W-##,2500,Bluefield,set out,Bluefield
NS,18W-##,2500,Bluefield,pick up,Roanoke
NS,18W-##,1173,Roanoke,set out,Roanoke
NS,18W-##,1173,Roanoke,set out,Shenandoah (12Z)
NS,19M-##,1298,Lynchburg,set out,Chattanooga
NS,19M-##,1298,Lynchburg,set out,Roanoke
NS,19M-##,1298,Lynchburg,set out,Linwood
NS,19M-##,1298,Lynchburg,set out,Lynchburg
NS,19M-##,1298,Lynchburg,pick up,Bellevue
NS,19M-##,2088,Williamson,set out,Roanoke IN Autos for 11E
NS,19M-##,2088,Williamson,set out,Pick Up Portsmouth
NS,19M-##,2088,Williamson,set out,Bellevue
NS,19M-##,1386,Portsmouth,set out,Portsmouth
NS,19M-##,1386,Portsmouth,pick up,Bellevue
NS,148-##,1887,Decatur NS Yard,set out,Conway
NS,148-##,1887,Decatur NS Yard,set out,Conway Autos
NS,148-##,1887,Decatur NS Yard,set out,Lafayette Empties
NS,148-##,1887,Decatur NS Yard,set out,Pick Up Bellevue
NS,33K-##,1132,Georgetown Delaplain Yard,set out,Georgetown
NS,33K-##,1268,Shelbyville,pick up,Louisville
NS,33K-##,1462,Louisville Buechel,set out,Louisville IM
NS,33K-##,1026,Louisville Youngtown Yard,set out,Louisville
NS,33K-##,1026,Louisville Youngtown Yard,pick up,Voltz
NS,33K-##,1277,St. Louis Luther Yard,set out,Voltz
NS,33K-##,1277,St. Louis Luther Yard,set out,St Louis
NS,33K-##,1277,St. Louis Luther Yard,pick up,UP KC
NS,33K-##,1276,Wentzville,pick up,UP KC
NS,33K-##,1276,Wentzville,pick up,UP KC Auto
NS,33K-##,3393,Moberly,pick up,UP KC
NS,33K-##,2590,Kansas City Avondale Yard,pick up,UP KC
NS,111-##,1276,Wentzville,set out,Wentzville
NS,111-##,1552,Mexico NS,set out,Mexico
NS,30L-##,3393,Moberly,set out,Moberly
NS,30L-##,3393,Moberly,pick up,St Louis
NS,30L-##,1552,Mexico NS,pick up,St Louis
NS,30L-##,1277,St. Louis Luther Yard,set out,St Louis
NS,30L-##,1277,St. Louis Luther Yard,pick up,Loisville
NS,33K-##,1132,Georgetown Delaplain Yard,set out,Georgetown
NS,33K-##,1268,Shelbyville,pick up,Louisville
NS,33K-##,1462,Louisville Buechel,set out,Louisville IM
NS,33K-##,1026,Louisville Youngtown Yard,set out,Louisville
NS,33K-##,1026,Louisville Youngtown Yard,pick up,Voltz Auto Frame
NS,33K-##,1277,St. Louis Luther Yard,set out,Voltz Auto Frame
NS,33K-##,1277,St. Louis Luther Yard,pick up,UP KC
NS,33K-##,1276,Wentzville,pick up,UP KC
NS,33K-##,1276,Wentzville,pick up,UP KC Auto
NS,33K-##,3393,Moberly,pick up,UP KC
NS,33K-##,2590,Kansas City Avondale Yard,pick up,UP KC
NS,189-##,1379,Fort Wayne East Yard,set out,Fort Wayne
NS,189-##,1132,Georgetown Delaplain Yard,set out,Louisville
NS,189-##,1808,Emory Gap,set out,Chattanooga
NS,18W-##,1386,Portsmouth,set out,Portsmouth
NS,18W-##,1386,Portsmouth,set out,Pick Up Roanoke
NS,18W-##,1386,Portsmouth,set out,Bluefield
NS,18W-##,2500,Bluefield,set out,Bluefield
NS,18W-##,1173,Roanoke,set out,Roanoke
NS,18W-##,1173,Roanoke,pick up,Winston Salem
NS,18W-##,1173,Roanoke,pick up,Walkertown Auto
NS,395-##,1912,Macon Brosnan Yard,set out,Macon
NS,148-##,1887,Decatur NS Yard,set out,Conway
NS,148-##,1887,Decatur NS Yard,set out,Conway Autos
NS,148-##,1887,Decatur NS Yard,set out,Lafayette Empties
NS,148-##,1887,Decatur NS Yard,set out,Pick Up Bellevue
NS,10N-##,1181,Detroit River Rouge Yard,pick up,Bellevue
NS,121-##,1113,Detroit Warren Mound Road Yard,pick up,Bellevue
NS,121-##,1113,Detroit Warren Mound Road Yard,pick up,Decatur
NS,121-##,1697,Detroit Livernois Yard,set out,CSX
NS,121-##,1384,Detroit Oakwood Yard,set out,Oakwood
NS,121-##,1384,Detroit Oakwood Yard,set out,Bellevue
NS,121-##,1384,Detroit Oakwood Yard,set out,Voltz
NS,121-##,1384,Detroit Oakwood Yard,pick up,Decatur
NS,121-##,1381,Roanoke GM Yard,pick up,ALS Gateway
NS,121-##,1381,Roanoke GM Yard,pick up,Decatur
NS,121-##,1887,Decatur Brush/East Yard,set out,Decatur
NS,121-##,1887,Decatur Brush/East Yard,pick up,ALS Gateway
NS,189-##,1379,Fort Wayne East Yard,set out,Fort Wayne
NS,189-##,1132,Georgetown Delaplain Yard,set out,Louisville
NS,189-##,1808,Emory Gap,set out,Chattanooga
NS,359-##,1384,Detroit Oakwood Yard,pick up,Elkhart Manifest
NS,359-##,1384,Detroit Oakwood Yard,pick up,Hammond Auto
NS,148-##,1887,Decatur NS Yard,set out,Lafayette Empties
NS,148-##,1887,Decatur NS Yard,set out,Pick Up Bellevue
NS,17E-##,1367,Buffalo Bison Yard,pick up,Detroit
NS,17E-##,1367,Buffalo Bison Yard,pick up,Toledo Auto
NS,17E-##,1454,Toledo Airline/Detroit Yard,set out,Toledo Auto
NS,18W-##,1386,Portsmouth,set out,Portsmouth
NS,18W-##,1386,Portsmouth,set out,Pick Up Roanoke
NS,18W-##,2500,Bluefield,set out,Bluefield
NS,18W-##,2500,Bluefield,pick up,Roanoke
NS,18W-##,1173,Roanoke,set out,Roanoke
NS,18W-##,1173,Roanoke,pick up,Winston Salem
NS,18W-##,1173,Roanoke,pick up,Walkertown Auto
NS,11E-##,1173,Roanoke,set out,Roanoke
NS,11E-##,1173,Roanoke,pick up,Portsmouth
NS,11E-##,1386,Portsmouth,set out,Bellevue
NS,11E-##,1386,Portsmouth,set out,Portsmouth
NS,19M-##,1298,Lynchburg,set out,Chattanooga
NS,19M-##,1298,Lynchburg,set out,Roanoke
NS,19M-##,1298,Lynchburg,set out,Linwood
NS,19M-##,1298,Lynchburg,set out,Lynchburg
NS,19M-##,1298,Lynchburg,pick up,Bellevue
NS,19M-##,1386,Portsmouth,set out,Portsmouth
NS,19M-##,1386,Portsmouth,set out,Roanoke Auto
NS,19M-##,1386,Portsmouth,pick up,Bellevue
NS,10N-##,1181,Detroit River Rouge Yard,pick up,Bellevue
NS,10N-##,1454,Toledo Airline/Detroit Yard,pick up,Bellevue
NS,17E-##,1367,Buffalo Bison Yard,pick up,Detroit
NS,17E-##,1367,Buffalo Bison Yard,pick up,Toledo Auto
NS,17E-##,1454,Toledo Airline/Detroit Yard,set out,Toledo Auto
NS,359-##,1384,Detroit Oakwood Yard,pick up,Elkhart Manifest
NS,359-##,1384,Detroit Oakwood Yard,pick up,Hammond Auto
NS,189-##,1379,Fort Wayne East Yard,set out,Fort Wayne
NS,189-##,1132,Georgetown Delaplain Yard,set out,Georgetown
NS,189-##,1132,Georgetown Delaplain Yard,set out,Louisville
NS,189-##,1808,Emory Gap,set out,Chattanooga
SHORTLINE,772-##,1996,Spencer,set out,Medina
SHORTLINE,237-##,1996,Spencer,pick up,CSX
SHORTLINE,261-##,3373,Canton Gambrinus Yard,set out,Canton
SHORTLINE,262-##,3373,Canton Gambrinus Yard,pick up,Brewster
SHORTLINE,712-##,1996,Spencer,set out,Medina
SHORTLINE,712-##,2764,Copley,set out,Copley
SHORTLINE,CBBI-##,2719,Des Moines IAIS,set out,Des Moines
SHORTLINE,CBBI-##,2719,Des Moines IAIS,pick up,traffic for other
SHORTLINE,CBBI-##,1339,Newton,set out,Newton
SHORTLINE,CBBI-##,1339,Newton,pick up,traffic for South Amana
SHORTLINE,CBBI-##,1339,Newton,pick up,Silvis
SHORTLINE,CBBI-##,1339,Newton,pick up,Chicago
SHORTLINE,CBBI-##,2402,South Amana,set out,South Amana
SHORTLINE,CBBI-##,2402,South Amana,pick up,traffic for Silvis
SHORTLINE,CBBI-##,2402,South Amana,pick up,Chicago
SHORTLINE,CBBI-##,2129,Silvis,set out,Silvis
SHORTLINE,BICB-##,2129,Silvis,set out,Silvis
SHORTLINE,BICB-##,2129,Silvis,pick up,traffic for other
SHORTLINE,BICB-##,2402,South Amana,set out,South Amana
SHORTLINE,BICB-##,2402,South Amana,pick up,traffic for Newton
SHORTLINE,BICB-##,2402,South Amana,pick up,Des Moines
SHORTLINE,BICB-##,2402,South Amana,pick up,Council Bluffs
SHORTLINE,BICB-##,1339,Newton,set out,Newton
SHORTLINE,BICB-##,1339,Newton,pick up,traffic for Des Moines
SHORTLINE,BICB-##,1339,Newton,pick up,Council Bluffs
SHORTLINE,BICB-##,2719,Des Moines IAIS,set out,Des Moines
SHORTLINE,BICB-##,2719,Des Moines IAIS,pick up,traffic Council Bluffs
SHORTLINE,HWNT-##,1195,Palestine,set out,Palestine
SHORTLINE,NTHW-##,1195,Palestine,pick up,Hiawatha
SHORTLINE,T-301-##,1863,Hammond Gibson Yard,set out,auto
SHORTLINE,J11A-##,1939,Louisville Oak St Yard,set out,PAL
SHORTLINE,WPSP18-##,3592,Philadelphia West Falls Yard,set out,NS
SHORTLINE,WPSP18-##,3592,Philadelphia West Falls Yard,pick up,by NS
SHORTLINE,WPSP18-##,3592,Philadelphia West Falls Yard,pick up,send Port Richmond
SHORTLINE,WPCA11-##,1886,Paulsboro,set out,Gibbstown
SHORTLINE,WPCA11-##,1886,Paulsboro,set out,Paulsboro
SHORTLINE,WPCA11-##,2005,Bridgeport,set out,Pureland
SHORTLINE,WPCA11-##,2005,Bridgeport,pick up,outbounds. Set out Bridgeport
SHORTLINE,YPMV06-##,3592,Philadelphia West Falls Yard,set out,NS
SHORTLINE,YPMV06-##,3592,Philadelphia West Falls Yard,pick up,by NS
SHORTLINE,YPMV06-##,3592,Philadelphia West Falls Yard,pick up,send CSX
SHORTLINE,Garland Turn-##,1795,Dallas CPKC Yard,set out,CPKC
SHORTLINE,Garland Turn-##,1795,Dallas CPKC Yard,set out,CPKC
SHORTLINE,OWY1-##,1725,Durand,set out,CN
SHORTLINE,OWY1-##,1725,Durand,set out,HESR
SHORTLINE,AF7-##,2918,Portage,set out,Cleveland-Cliffs
SHORTLINE,AF7-##,2918,Portage,set out,Kensington
SHORTLINE,AF7-##,2918,Portage,set out,CRL
SHORTLINE,AF7-##,2918,Portage,set out,Burnham CSS
SHORTLINE,AF7-##,2918,Portage,set out,IHB
SHORTLINE,AF4-##,1520,Chicago CSS Burnham Yard,set out,Kensington
SHORTLINE,AF4-##,1520,Chicago CSS Burnham Yard,set out,Burnham
SHORTLINE,AF4-##,2918,Portage,set out,Cleveland-Cliffs
SHORTLINE,AF1-##,1520,Chicago CSS Burnham Yard,set out,Burnham
SHORTLINE,AF1-##,1520,Chicago CSS Burnham Yard,set out,IHB
SHORTLINE,AF1-##,1520,Chicago CSS Burnham Yard,set out,AF4
SHORTLINE,AF1-##,1520,Chicago CSS Burnham Yard,pick up,CSS
SHORTLINE,AF1-##,1520,Chicago CSS Burnham Yard,pick up,CSX
SHORTLINE,AF1-##,1520,Chicago CSS Burnham Yard,pick up,CN east end traffic for
SHORTLINE,664-##,1665,Salem Bush Yard,set out,Bush
SHORTLINE,664-##,1665,Salem Bush Yard,pick up,Vancouver
SHORTLINE,664-##,1665,Salem Bush Yard,set out,Bush
SHORTLINE,664-##,1665,Salem Bush Yard,pick up,Vancouver
SHORTLINE,664-##,1665,Salem Bush Yard,set out,Bush
SHORTLINE,664-##,1665,Salem Bush Yard,pick up,Vancouver
SHORTLINE,BP4-##,1098,Chicago Argo,set out,Norpaul
SHORTLINE,GP12-##,1396,Chicago Blue Island Yard,set out,Block 2 and
SHORTLINE,BA10-##,1396,Chicago Blue Island Yard,set out,manifest
SHORTLINE,LCL1-##,1946,Cecilia,set out,Cecilia
SHORTLINE,LCL1-##,1945,Louisville Kosmosdale,set out,Kosmosdale
SHORTLINE,EDRJ-##,3176,Eagle Bridge/Hoosick Jct,set out,BKRR
SHORTLINE,EDRJ-##,3176,Eagle Bridge/Hoosick Jct,set out,VTR
SHORTLINE,EDRJ-##,2057,Mechanicville,set out,Mechanicville
SHORTLINE,EDRJ-##,2057,Mechanicville,pick up,CSX
SHORTLINE,RJED-##,2057,Mechanicville,set out,Mechanicville
SHORTLINE,RJED-##,2057,Mechanicville,pick up,East Deerfield
SHORTLINE,EDSA-##,1615,East Deerfield,add,BERX
SHORTLINE,EDSA-##,1615,East Deerfield,add,NS SD60E ACSES-II Leader.Pick Up Gardner PW IC
SHORTLINE,EDSA-##,1615,East Deerfield,add,Fitchburg
SHORTLINE,EDSA-##,1615,East Deerfield,add,Portland
SHORTLINE,EDSA-##,1097,Gardner,set out,Gardner PW IC
SHORTLINE,EDSA-##,1735,Fitchburg,set out,Fitchburg
SHORTLINE,EDMO-##,2057,Mechanicville,pick up,IM
SHORTLINE,MOED-##,2057,Mechanicville,set out,Mechanicville
SHORTLINE,SAED-##,1735,Fitchburg,pick up,East Deerfield
SHORTLINE,SAED-##,1097,Gardner,pick up,East Deerfield
SHORTLINE,SAED-##,1615,East Deerfield,pick up,BKRR
SHORTLINE,SAED-##,1615,East Deerfield,pick up,VTR
SHORTLINE,SAED-##,1615,East Deerfield,pick up,CPKC
SHORTLINE,SAED-##,1615,East Deerfield,pick up,Binghamton
SHORTLINE,SAED-##,1615,East Deerfield,pick up,Binghamton Auto
SHORTLINE,263-##,3478,Rutland,set out,Rutland
SHORTLINE,263-##,3478,Rutland,pick up,Whitehall
SHORTLINE,264-##,3478,Rutland,set out,Rutland
SHORTLINE,264-##,3478,Rutland,pick up,Bellows Falls
SHORTLINE,HL1-##,3687,Watseka,set out,UP interchange
SHORTLINE,HL1-##,3683,Gilman TPW,set out,CN interchange
SHORTLINE,BANL-##,2870,Aurora MNA,set out,Aurora
SHORTLINE,CASL-##,2870,Aurora MNA,set out,Aurora
SHORTLINE,CASL-##,2870,Aurora MNA,set out,BNSF interchange
SHORTLINE,MNAKC-##,2871,Nevada,set out,Nevada
SHORTLINE,Road Train-##,2618,Centralia PSAP,pick up,UP interchange
SHORTLINE,Road Train-##,2618,Centralia PSAP,set out,UP interchange
SHORTLINE,Clinton Job-##,3836,Massillon Energy & Tech Park,set out,Massillon Energy
SHORTLINE,Clinton Job-##,3836,Massillon Energy & Tech Park,set out,NS
UP,MICH-##,1683,North Platte,pick up,NS Empty Autoracks
UP,MICH-##,2028,West Chicago UP,set out,West Chicago
UP,MICH-##,2028,West Chicago UP,set out,NS Empty autoracks
UP,SPLD%-##,3118,San Antonio Intermodal Terminal,set out,San Antonio Autos
UP,MICX-##,2028,West Chicago UP,set out,West Chicago
UP,MICX-##,2028,West Chicago UP,set out,NS Empty autoracks
UP,MICX-##,1857,Lathrop,set out,Mesquite autos
UP,NYNS-##,1917,Rolla,pick up,NS Empty Autos
UP,SEBA-##,1502,Tacoma Fife Yard,pick up,Portland Barnes IM
UP,BASE-##,1502,Tacoma Fife Yard,set out,Tacoma IM
UP,G4SIB-##,1301,Kansas City Neff Yard,add,Houston
UP,G4SI%-##,1301,Kansas City Neff Yard,pick up,Houston IM (->ILBHO)
UP,G4SI%-##,1301,Kansas City Neff Yard,pick up,add to existing
UP,TUAS%-##,1403,Santa Teresa,pick up,KC Neff IM
UP,TUAS%-##,1403,Santa Teresa,pick up,Global 4 IM
UP,TUAS%-##,3170,Herrington,set out,Council Bluffs
UP,TUAS%-##,3170,Herrington,set out,NS Autos
UP,TUAS%-##,3170,Herrington,pick up,KS ALS
UP,TUAS%-##,1301,Kansas City Neff Yard,set out,Neff
UP,TUAS%-##,1301,Kansas City Neff Yard,pick up,Global 4 IM
UP,TUAS%-##,1301,Kansas City Neff Yard,pick up,KC ALS
UP,G4SE-##,1767,Council Bluffs UP,set out,Council Bluffs
UP,G4SE-##,1683,North Platte,set out,North Platte
UP,G4SE-##,1683,North Platte,set out,LA Harbors
UP,G4SE-##,1502,Tacoma Fife Yard,set out,Tacoma IM
UP,G4SE-##,1502,Tacoma Fife Yard,pick up,Seattle IM
UP,G4SE-##,1502,Tacoma Fife Yard,pick up,Brooklyn IM
UP,MQMQ-##,1846,Dallas Miller Yard,set out,Dallas
UP,MQMQ-##,1846,Dallas Miller Yard,pick up,Mesquite Autos
UP,MQMQ-##,1846,Dallas Miller Yard,pick up,Mesquite IM
UP,DIMX%-##,2033,Hearne,pick up,KCSM
UP,DIMX%-##,3118,San Antonio Intermodal Terminal,set out,SAIT
UP,DIMX%-##,3118,San Antonio Intermodal Terminal,pick up,KCSM IM
UP,DIMX%-##,3118,San Antonio Intermodal Terminal,pick up,KCSM
UP,LTLB%-##,1588,East Los Angeles Yard,set out,Los Angeles
UP,LTLB%-##,1588,East Los Angeles Yard,set out,NS Southeast
UP,SIEP%-##,1779,El Paso Dallas St. Yard,pick up,Global 4 IM
UP,SIEP%-##,1779,El Paso Dallas St. Yard,pick up,Dallas Alfalfa
UP,DIMX-##,2033,Hearne,pick up,KCSM
UP,DIMX-##,3118,San Antonio Intermodal Terminal,set out,SAIT
UP,DIMX-##,3118,San Antonio Intermodal Terminal,set out,Houston IM
UP,DIMX-##,3118,San Antonio Intermodal Terminal,pick up,KCSM IM
UP,DIMX-##,3118,San Antonio Intermodal Terminal,pick up,KCSM
UP,LBDI%-##,1403,Santa Teresa,pick up,Marion
UP,LBDI%-##,1403,Santa Teresa,pick up,NS Southeast IM
UP,G4G2-##,1595,Chicago Proviso Yard,set out,Global 2 IM
UP,MNMX%-##,1081,Pine Bluff UP,set out,Westfield Autos
UP,MNMX%-##,1081,Pine Bluff UP,set out,NLR
UP,MNMX%-##,1081,Pine Bluff UP,pick up,KCSM
UP,MNMX%-##,1081,Pine Bluff UP,add,Reisor Autos
UP,MNMX%-##,1081,Pine Bluff UP,add,Reisor
UP,MNMX%-##,1081,Pine Bluff UP,add,Longview
UP,MNMX%-##,1081,Pine Bluff UP,add,and Dallas
UP,MNMX%-##,2398,Shreveport Reisor Yard,set out,Reisor Autos
UP,MNMX%-##,2398,Shreveport Reisor Yard,set out,Reisor
UP,MNMX%-##,2398,Shreveport Reisor Yard,pick up,Longview
UP,MNMX%-##,2398,Shreveport Reisor Yard,add,Fort Worth
UP,MNMX%-##,2398,Shreveport Reisor Yard,add,Arlington Empty Autos
UP,MNMX%-##,1044,Longview UP,set out,Longview
UP,MNMX%-##,1044,Longview UP,pick up,Ft Worth
UP,MNMX%-##,1845,Mesquite,set out,Arlington Empty Autos
UP,MNMX%-##,1846,Dallas Miller Yard,set out,Dallas
UP,MNMX%-##,1846,Dallas Miller Yard,set out,Ft Worth
UP,MNMX%-##,1938,Dallas Intermodal Terminal,set out,LATC
UP,MNMX%-##,1938,Dallas Intermodal Terminal,pick up,SAIT
UP,MNMX%-##,1938,Dallas Intermodal Terminal,pick up,Eagle Pass IM
UP,MNMX%-##,1938,Dallas Intermodal Terminal,pick up,and KCSM
UP,MNMX%-##,1938,Dallas Intermodal Terminal,add,KCSM Autos
UP,MNMX%-##,3545,Brazos Yard,pick up,KCSM
UP,MNMX%-##,3118,San Antonio Intermodal Terminal,set out,but KCSM
UP,MNMX%-##,3118,San Antonio Intermodal Terminal,set out,KCSM Autos
UP,MNMX%-##,3118,San Antonio Intermodal Terminal,pick up,KCSM
UP,MNMX%-##,3118,San Antonio Intermodal Terminal,add,KCSM IM
UP,HOSA%-##,2241,South San Antonio Yard,set out,San Antonio Manifest
UP,CBOA%-##,2261,Grand Island,set out,Columbus
UP,CBOA%-##,2261,Grand Island,pick up,North Platte
UP,CBOA%-##,1683,North Platte,set out,but Oakland IM
UP,CBOA%-##,1683,North Platte,pick up,Oakland IM
UP,DILB%-##,1403,Santa Teresa,set out,Mira Loma Autos
UP,DILB%-##,1403,Santa Teresa,set out,LATC
UP,DILB%-##,1403,Santa Teresa,set out,Tucson
UP,DILB%-##,1403,Santa Teresa,set out,and SI Baretables
UP,MNLB%-##,1081,Pine Bluff UP,pick up,Mira Loma Autos
UP,MNLB%-##,1403,Santa Teresa,set out,Mira Loma Autos
UP,MNLB%-##,1403,Santa Teresa,pick up,IM
UP,LBG4%-##,1301,Kansas City Neff Yard,set out,Neff
UP,NPDU%-##,1301,Kansas City Neff Yard,set out,Neff
UP,NPDU%-##,1301,Kansas City Neff Yard,add,Houston
UP,NPDU%-##,1301,Kansas City Neff Yard,add,Marion Autos
UP,NPOA%-##,1325,Salt Lake City Centennial Park,set out,Salt Lake IM
UP,NPOA%-##,1325,Salt Lake City Centennial Park,set out,CA IM
UP,NPOA%-##,1325,Salt Lake City Centennial Park,pick up,Oakland IM
UP,NPOA%-##,1141,Sparks UP,add,Roseville
UP,NPOA%-##,1484,Roseville Davis Yard,set out,Roseville
UP,KCLB%-##,1403,Santa Teresa,set out,Mira Loma Autos
UP,KCLB%-##,1403,Santa Teresa,set out,pick up ICTF
UP,KCLB%-##,1403,Santa Teresa,set out,City of Industry
UP,KCLB%-##,1095,City of Industry,set out,City of Industry
UP,NPMN-##,1229,Kansas City IM Terminal,set out,KCIT
UP,NPMN-##,1578,Dupo,set out,Dupo
UP,LBG4-##,1760,Rochelle Global 3,set out,but Global 4
UP,LBG4-##,1760,Rochelle Global 3,set out,pick up Houston
UP,LBG4-##,1760,Rochelle Global 3,set out,Global 4
UP,G4SE-##,1760,Rochelle Global 3,set out,NS Ashland
UP,G4SE-##,1760,Rochelle Global 3,set out,NS Calumet
UP,G4SE-##,1760,Rochelle Global 3,set out,and CSX Northeast
UP,G4SE-##,1683,North Platte,set out,North Platte
UP,G4SE-##,1502,Tacoma Fife Yard,set out,Tacoma IM
UP,TAG4%-##,1895,Hinkle,pick up,Global 4
UP,TAG4%-##,1895,Hinkle,pick up,Global 2
UP,TAG4%-##,1683,North Platte,set out,North Platte IM
UP,TAG4%-##,1683,North Platte,add,Houston IM
UP,TAG4%-##,1760,Rochelle Global 3,set out,but Global 4
UP,TAG4%-##,1760,Rochelle Global 3,set out,Houston IM
UP,TAG4%-##,1760,Rochelle Global 3,set out,pick up both remaining
UP,HOSA-##,2241,South San Antonio Yard,set out,San Antonio Manifest
UP,MNSI-##,1081,Pine Bluff UP,pick up,Mira Loma Autos
UP,LBMN%-##,1403,Santa Teresa,pick up,Marion
UP,LBMN%-##,1403,Santa Teresa,pick up,NS Southeast
UP,LTLB-##,1588,East Los Angeles Yard,set out,Los Angeles
UP,LTLB-##,1588,East Los Angeles Yard,set out,Mesquite IM
UP,LTLB-##,1588,East Los Angeles Yard,set out,Marion
UP,LTLB-##,1588,East Los Angeles Yard,set out,and NS Southeast
UP,OANP-##,1857,Lathrop,set out,Lathrop
UP,OANP-##,1857,Lathrop,set out,Houston IM
UP,OANP-##,1857,Lathrop,pick up,Dupo
UP,OANP-##,1857,Lathrop,pick up,NS Northeast
UP,OANP-##,1141,Sparks UP,set out,Sparks
UP,OANP-##,1141,Sparks UP,pick up,Global 2 IM
UP,OANP-##,1141,Sparks UP,add,North Platte manifest
UP,OANP-##,1325,Salt Lake City Centennial Park,set out,SCIT
UP,OANP-##,1325,Salt Lake City Centennial Park,set out,Global 2 IM
UP,OANP-##,1325,Salt Lake City Centennial Park,add,CSX SE
UP,OANP-##,1325,Salt Lake City Centennial Park,add,and North Platte IM
UP,MEME-##,1448,Marion,pick up,CSX Southeast
UP,TUG4%-##,1403,Santa Teresa,set out,Santa Teresa
UP,TUG4%-##,1403,Santa Teresa,pick up,Global 4
UP,TUG4%-##,1403,Santa Teresa,pick up,KCIT IM
UP,TUG4%-##,3170,Herngton,set out,Council Bluffs
UP,TUG4%-##,3170,Herngton,pick up,KS ALS
UP,TUG4%-##,1229,Kansas City IM Terminal,set out,KCIT IM
UP,TUG4%-##,1300,E. St. Louis Gateway Yard,set out,ALS
UP,TUG4%-##,1300,E. St. Louis Gateway Yard,set out,NS Autoracks
UP,SIEP-##,1779,El Paso Dallas St. Yard,pick up,Global 4 IM
UP,SIEP-##,1779,El Paso Dallas St. Yard,pick up,Dallas Alfalfa
UP,SIEP-##,1779,El Paso Dallas St. Yard,add,Tuscon
UP,SIEP-##,1779,El Paso Dallas St. Yard,add,West Colton
UP,CBOA-##,2261,Grand Island,pick up,North Platte manifest
UP,CBOA-##,1683,North Platte,set out,but Oakland IM
UP,CBOA-##,1683,North Platte,pick up,Oakland IM
UP,MQMQ-##,1846,Dallas Miller Yard,set out,Dallas
UP,SEG4-##,1502,Tacoma Fife Yard,pick up,IM
UP,SEG4-##,1683,North Platte,set out,North Platte IM
UP,SEG4-##,1683,North Platte,add,Houston IM
UP,SEG4-##,1760,Rochelle Global 3,set out,but Global 4
UP,SEG4-##,1760,Rochelle Global 3,set out,Houston IM
UP,SEG4-##,1760,Rochelle Global 3,set out,pick up both remaining
UP,KCLB-##,1403,Santa Teresa,set out,Mira Loma Autos
UP,KCLB-##,1403,Santa Teresa,set out,pick up ICTF
UP,KCLB-##,1403,Santa Teresa,set out,ICTF Barestables
UP,KCLB-##,1403,Santa Teresa,set out,and City of Industry
UP,KCLB-##,1095,City of Industry,set out,City of Industry
UP,NPOA-##,1325,Salt Lake City Centennial Park,set out,Salt Lake IM
UP,NPOA-##,1325,Salt Lake City Centennial Park,set out,Denver IM
UP,NPOA-##,1325,Salt Lake City Centennial Park,set out,and CA IM
UP,NPOA-##,1325,Salt Lake City Centennial Park,pick up,Oakland IM
UP,NPOA-##,3791,Elko UP,add,Milpitas Autos
UP,NPOA-##,1141,Sparks UP,add,Roseville
UP,NPOA-##,1484,Roseville Davis Yard,set out,Roseville
UP,NPOA-##,1857,Lathrop,set out,Lathrop
UP,NPOA-##,1857,Lathrop,set out,Lathrop Baretables
UP,NPOA-##,1857,Lathrop,add,Oakland baretables
UP,TUG4-##,1403,Santa Teresa,set out,Santa Teresa IM
UP,TUG4-##,1403,Santa Teresa,pick up,Global 4
UP,TUG4-##,1403,Santa Teresa,pick up,KCIT IM
UP,TUG4-##,3170,Herngton,set out,Council Bluffs
UP,TUG4-##,3170,Herngton,pick up,KS ALS
UP,TUG4-##,1229,Kansas City IM Terminal,set out,KCIT IM
UP,TUG4-##,1300,E. St. Louis Gateway Yard,set out,ALS
UP,TUG4-##,1300,E. St. Louis Gateway Yard,set out,NS Autoracks
UP,LBMN-##,1403,Santa Teresa,pick up,Marion
UP,LBMN-##,1403,Santa Teresa,pick up,NS Southeast
UP,LBMN-##,1403,Santa Teresa,pick up,and CSX Southeast
UP,UM49-##,1492,Las Vegas Valley Yard,set out,Valley
UP,UM49-##,1492,Las Vegas Valley Yard,pick up,Apex
UP,IA42-##,1821,Salem Labish Siding,set out,PNWR
UP,IA42-##,1821,Salem Labish Siding,set out,Labish
UP,OQ35%-##,1588,East Los Angeles Yard,set out,East LA
UP,OQ35%-##,1203,Los Angeles LATC,pick up,Gemco
UP,OG44-##,1001,Los Angeles Dolores Yard/ICTF,set out,ICTF
UP,OG44-##,1001,Los Angeles Dolores Yard/ICTF,pick up,Los Angeles
UP,UM49-##,1492,Las Vegas Valley Yard,pick up,Arden
UP,SG54-##,3002,Mt. Vernon UP,set out,but COER
UP,SG54-##,3002,Mt. Vernon UP,pick up,COER
UP,RJ90-##,1833,Davis,pick up,Roseville
UP,RJ90-##,1833,Davis,set out,CF North
UP,RJ90-##,1833,Davis,pick up,CFN
UP,RJ92-##,1713,Suisun,set out,CFNR Suisun
UP,RJ92-##,1833,Davis,set out,CNFR Davis
UP,VA51-##,1231,Muskogee UP,set out,Muskogee
UP,VA51-##,1231,Muskogee UP,pick up,North Little Rock
UP,VR52-##,1231,Muskogee UP,set out,Muskogee
UP,VR52-##,1231,Muskogee UP,pick up,Coffeyville
UP,VR52-##,1231,Muskogee UP,add,18th Street
UP,VR52-##,1231,Muskogee UP,add,Council Bluffs
UP,RE21-##,1282,Shreveport Hollywood Yard,set out,Shreveport
UP,RE21-##,1282,Shreveport Hollywood Yard,pick up,CPKC
UP,RE51-##,1282,Shreveport Hollywood Yard,set out,Shreveport
UP,RE51-##,1282,Shreveport Hollywood Yard,pick up,Reisor
UP,BE48-##,2210,Valliant KRR,set out,KRR
UP,BE48-##,2210,Valliant KRR,pick up,Denison
UP,SG54-##,3002,Mt. Vernon UP,set out,Mt Vernon
UP,SG54-##,3002,Mt. Vernon UP,pick up,Salem
UP,OG16-##,2513,Los Angeles Phillips 66 Carson Refinery,set out,Phillps 66
UP,OA44-##,1016,Los Nietos,set out,Los Nietos
UP,OA44-##,1016,Los Nietos,pick up,West Colton
UP,CF50-##,3467,Rupert,set out,EIRR
UP,CF50-##,3467,Rupert,pick up,Pocatello
UP,WG55-##,3490,Newport,set out,Newport
UP,WG55-##,3490,Newport,set out,MNA
UP,SH64-##,2396,Mansfield Paper Mill UP,set out,Mansfield Paper Mill
UP,PD01-##,3663,Bartonville,set out,Bartonville
UP,PD01-##,3658,East Peoria TZPR,set out,East Peoria
UP,PD01-##,2093,Pekin TZPR,set out,Pekin
UP,PD01-##,2093,Pekin TZPR,pick up,UP
UP,OY30-##,1255,West Colton,set out,Yermo
UP,OY30-##,1255,West Colton,pick up,Mojave
UP,PG04-##,1760,Rochelle Global 3,set out,Sterling
UP,OH45-##,1255,West Colton,set out,West Colton
UP,OH45-##,1255,West Colton,pick up,Kaiser
UP,OA35%-##,1203,Los Angeles LATC,set out,4th Street
UP,OA35%-##,1203,Los Angeles LATC,pick up,Gemco
UP,CF33-##,3465,Don,pick up,Pocatello
UP,CF39-##,3465,Don,set out,Don
UP,HU25-##,1982,Houston La Porte Strang Yard UP,set out,Strang
UP,HU25-##,1982,Houston La Porte Strang Yard UP,set out,BNSF
UP,HU09-##,3780,Houston Barbours Cut PTRA,set out,Barbour's Cut
UP,HU09-##,3780,Houston Barbours Cut PTRA,pick up,Strang
UP,HU20W-##,2530,Houston Bayport UP,set out,West Bayport
UP,HU20W-##,2530,Houston Bayport UP,set out,Bayport
UP,IA43-##,1823,Albany,pick up,PNWR Millersburg
UP,IA43-##,1822,Millersburg,set out,both Millersburg
UP,IA43-##,1822,Millersburg,pick up,Salem
UP,IL50-##,1702,Vancouver BNSF,set out,BNSF
UP,YROG-##,1400,Las Vegas Arden Yard,set out,Arden
UP,YROG-##,1400,Las Vegas Arden Yard,create,Global 2 IM
UP,YROG-##,1400,Las Vegas Arden Yard,create,I-5 Corridor
UP,YROG-##,3786,Milford,pick up,manifest
UP,YROG-##,1325,Salt Lake City Centennial Park,set out,Global 2 IM
UP,CHAL-##,1595,Chicago Proviso Yard,set out,Proviso
UP,CHAL-##,1595,Chicago Proviso Yard,pick up,Butler
UP,CHAL-##,1595,Chicago Proviso Yard,pick up,Butler WSOR
UP,CHAL-##,1595,Chicago Proviso Yard,pick up,and Altoona
UP,OARV-##,1772,Martinez,pick up,Ozol Roseville
UP,RONP%-##,1393,Green River,set out,Green River
UP,RONP%-##,1393,Green River,set out,Cheyenne
UP,NPML%-##,1009,Salt Lake City Roper Yard,pick up,Valley
UP,NPML%-##,1009,Salt Lake City Roper Yard,pick up,Arden
UP,NPML%-##,1400,Las Vegas Arden Yard,set out,Valley
UP,NPML%-##,1400,Las Vegas Arden Yard,set out,Arden
UP,NPTGS%-##,1393,Green River,pick up,Westvaco
UP,NLTT-##,1728,Poplar Bluff,set out,Poplar Bluff
UP,HKSK%-##,1495,Wallula,set out,Wallula
UP,HKSK%-##,1495,Wallula,set out,Richland UP
UP,HKSK%-##,1495,Wallula,set out,and BNSF
UP,SKHK-##,1495,Wallula UP,pick up,outgoing traffic in Hinkle
UP,SKHK-##,1495,Wallula UP,add,Seattle Harbor Island IM
UP,LIFW%-##,2398,Shreveport Reisor Yard,set out,Reisor
UP,LIFW%-##,2398,Shreveport Reisor Yard,pick up,Ft Worth
UP,NVNL%-##,1448,Marion,set out,Marion
UP,NVNL%-##,1448,Marion,pick up,NLR
UP,NOEWB%-##,1423,New Orleans Avondale Yard,pick up,Englewood
UP,NOEWB%-##,1423,New Orleans Avondale Yard,pick up,Eagle Pass
UP,TTPB%-##,1892,Salem,pick up,UP Pine Bluff
UP,LICN-##,1678,Port Allen,set out,Port Allen CN
UP,LICN-##,1678,Port Allen,add,Port Allen CN Outbounds
UP,NLNP%-##,2831,Coffeyville UP,pick up,North Platte
UP,BFNPS%-##,1393,Green River,set out,Green River
UP,BFNPS%-##,1393,Green River,pick up,North Platte
UP,BFNPS%-##,1393,Green River,pick up,North Platte Empties
UP,RENL-##,1729,Texarkana UP Yard,set out,Texarkana
UP,RENL-##,1729,Texarkana UP Yard,pick up,Little Rock
UP,PDOG%-##,1843,Pocatello,pick up,Ogden
UP,PDOG%-##,1895,Hinkle,set out,Hinkle
UP,PDOG%-##,1895,Hinkle,set out,CPKC Interchange
UP,PDOG%-##,1895,Hinkle,set out,and Green River
UP,PDOG%-##,1895,Hinkle,pick up,Ogden
UP,FRRV-##,1354,Stockton UP,set out,Stockton
UP,FRRV-##,1354,Stockton UP,pick up,Stockton Roseville
UP,SPFW%-##,1847,Ft. Worth Tower 55,pick up,Tower Ft Worth
UP,SPFW%-##,2556,Valley Jct.,set out,Hearne
UP,SPFW%-##,2556,Valley Jct.,pick up,Ft Worth
UP,NOEW-##,1423,New Orleans Avondale Yard,pick up,Englewood
UP,NOEW-##,1423,New Orleans Avondale Yard,pick up,Eagle Pass
UP,NOLIB%-##,1423,New Orleans Avondale Yard,pick up,Livonia
UP,NOLIB%-##,1423,New Orleans Avondale Yard,pick up,NLR
UP,NOLIB%-##,1423,New Orleans Avondale Yard,pick up,Houston IM
UP,NOLIB%-##,1423,New Orleans Avondale Yard,pick up,LA Basin IM
UP,NOLIB%-##,1423,New Orleans Avondale Yard,pick up,and Houston
UP,OAOA-##,1789,Warm Springs,set out,Warm Springs
UP,OAOA-##,1789,Warm Springs,set out,North San Jose
UP,LILI-##,1678,Port Allen,add,Port Allen CPKC Outbounds
UP,CBNP-##,2261,Grand Island,pick up,North Platte
UP,EPST%-##,1779,El Paso Dallas St. Yard,set out,Dallas St
UP,EPST%-##,1779,El Paso Dallas St. Yard,set out,Mexico
UP,BEBE%-##,2028,West Chicago UP,set out,North Platte
UP,BEBE%-##,2028,West Chicago UP,set out,North Platte Autos
UP,BEBE%-##,2028,West Chicago UP,set out,West Chicago
UP,BEBE%-##,2028,West Chicago UP,pick up,Belvidere
UP,NOLI-OLD-##,1423,New Orleans Avondale Yard,pick up,Livonia
UP,NOLI-OLD-##,1423,New Orleans Avondale Yard,pick up,NLR
UP,NOLI-OLD-##,1423,New Orleans Avondale Yard,pick up,Houston IM
UP,NOLI-OLD-##,1423,New Orleans Avondale Yard,pick up,LA Basin IM
UP,NOLI-OLD-##,1423,New Orleans Avondale Yard,pick up,and Houston
UP,LFRS%-##,1608,Eagle Pass,set out,Eagle Pass
UP,LFRS%-##,1608,Eagle Pass,pick up,FXE
UP,HKGR-##,1843,Pocatello,set out,Pocatello
UP,HKGR-##,1843,Pocatello,pick up,Green River
UP,GRHK-##,1843,Pocatello,set out,Pocatello
UP,GRHK-##,1843,Pocatello,set out,I-5 Corridor
UP,GRHK-##,1843,Pocatello,pick up,Pocatello CPKC
UP,SPNL%-##,1044,Longview UP,pick up,LV Little Rock
UP,FWDAB%-##,1918,Arlington Garrett Yard,set out,Arlington
UP,EABOB-##,1287,Marshalltown,pick up,overflow MBOBO
UP,VPNP-##,2613,Sioux City UP,set out,Sioux City
UP,VPNP-##,2613,Sioux City UP,pick up,North Platte
UP,RVPT%-##,1548,Eugene UP,set out,Eugene
UP,RVPT%-##,1548,Eugene UP,set out,PNWR
UP,RVPT%-##,1548,Eugene UP,pick up,Lake Yard
UP,RVPT%-##,1548,Eugene UP,pick up,I-5 Corridor
UP,FRSP-##,1484,Roseville Davis Yard,set out,Roseville
UP,FRSP-##,1484,Roseville Davis Yard,pick up,both North Platte
UP,FRSP-##,1354,Stockton UP,set out,Stockton
UP,FRSP-##,1354,Stockton UP,pick up,both North Platte
UP,WCTU%-##,1477,Tucson,set out,Tuscon
UP,WCOG%-##,1400,Las Vegas Arden Yard,set out,Arden
UP,WCOG%-##,1400,Las Vegas Arden Yard,add,Global 2 IM
UP,WCOG%-##,1400,Las Vegas Arden Yard,add,Pocatello
UP,WCOG%-##,1400,Las Vegas Arden Yard,add,and I-5 Corridor
UP,WCOG%-##,1325,Salt Lake City Centennial Park,set out,Global 2 IM
UP,HOAS%-##,1578,Dupo,set out,Dupo
UP,HOAS%-##,1578,Dupo,set out,North Platte IM
UP,EGAS%-##,2241,South San Antonio Yard,pick up,ALS
UP,OGPD%-##,1843,Pocatello,set out,Pocatello
UP,OGPD%-##,1843,Pocatello,pick up,Albina
UP,OGPD%-##,1843,Pocatello,create,Pocatello Hinkle
UP,OGPD%-##,1843,Pocatello,create,Pocatello I-5 Corridor
UP,OGPD%-##,1843,Pocatello,create,and CPKC
UP,OGPD%-##,1895,Hinkle,set out,Hinkle
UP,OGPD%-##,1895,Hinkle,set out,Pocatello Hinkle
UP,OGPD%-##,1895,Hinkle,set out,and CPKC
UP,OGPD%-##,1895,Hinkle,pick up,Albina
UP,OGPD%-##,1895,Hinkle,pick up,Dalles
UP,OGPD%-##,1895,Hinkle,pick up,and Tacoma IM
UP,OGPD%-##,1777,The Dalles,set out,Dalles
UP,NLNPB%-##,1229,Kansas City 18th St. Yard,set out,but North Platte
UP,NLNPB%-##,1229,Kansas City 18th St. Yard,pick up,North Platte
UP,NLNPB%-##,2831,Coffeyville UP,set out,Van Buren
UP,NLNPB%-##,2831,Coffeyville UP,pick up,18th street
UP,NLNPB%-##,2831,Coffeyville UP,pick up,Herington
UP,NLNPB%-##,2831,Coffeyville UP,pick up,and North Platte
UP,PBEW%-##,2398,Shreveport Reisor Yard,set out,Reisor
UP,PBEW%-##,2398,Shreveport Reisor Yard,set out,Reisor Autos
UP,PBEW%-##,2398,Shreveport Reisor Yard,pick up,Englewood
UP,PBEW%-##,2398,Shreveport Reisor Yard,create,Settegast
UP,PBEW%-##,2531,Spring,set out,Westfield Autos
UP,CLPR%-##,1760,Rochelle Global 3,set out,Sterling
UP,CLPR%-##,1760,Rochelle Global 3,pick up,Proviso
UP,CLPR%-##,1760,Rochelle Global 3,add,IHB
UP,CLPR%-##,1760,Rochelle Global 3,add,CN Gary
UP,HOAS-##,1578,Dupo,set out,Dupo
UP,HOAS-##,1578,Dupo,set out,North Platte IM
UP,ASHN%-##,1229,Kansas City 18th St. Yard,set out,Council Bluffs
UP,ASHN%-##,1229,Kansas City 18th St. Yard,set out,18th Street
UP,ASHN%-##,1229,Kansas City 18th St. Yard,pick up,KC Herington
UP,ASHN%-##,1229,Kansas City 18th St. Yard,pick up,Wichita
UP,NPFR%-##,1141,Sparks UP,pick up,Sparks Roseville
UP,NPFR%-##,1141,Sparks UP,pick up,I-5 Corridor
UP,NPFR%-##,1484,Roseville Davis Yard,set out,Roseville
UP,NPFR%-##,1484,Roseville Davis Yard,set out,Sparks Roseville
UP,NPFR%-##,1484,Roseville Davis Yard,set out,and I-5 Corridor
UP,NPFR%-##,1484,Roseville Davis Yard,pick up,Fresno
UP,NPFR%-##,1484,Roseville Davis Yard,pick up,Stokton
UP,NPFR%-##,1484,Roseville Davis Yard,pick up,and CCT
UP,NPFR%-##,1484,Roseville Davis Yard,add,BNSF
UP,NPFR%-##,1484,Roseville Davis Yard,add,MET
UP,NPFR%-##,1354,Stockton UP,set out,Stockton
UP,NPFR%-##,1354,Stockton UP,set out,CCT
UP,NPTGS-##,1393,Green River,set out,Green River
UP,NPTGS-##,1393,Green River,pick up,Westvaco
UP,WCFW%-##,1799,El Paso Alfalfa Yard,set out,Alfalfa
UP,WCFW%-##,1799,El Paso Alfalfa Yard,set out,San Antonio
UP,WCFW%-##,1799,El Paso Alfalfa Yard,pick up,Ft Worth Loaded Autos
UP,WCFW%-##,1799,El Paso Alfalfa Yard,pick up,El Paso Ft Worth
UP,PDRV-##,1548,Eugene UP,set out,Eugene
UP,PDRV-##,1548,Eugene UP,pick up,Roseville
UP,PDRV-##,1548,Eugene UP,pick up,Klamath Falls
UP,PDRV-##,4011,Klamath Falls Yard UP,set out,Klamath Falls
UP,PDRV-##,4011,Klamath Falls Yard UP,pick up,Roseville
UP,EPST-##,1779,El Paso Dallas St. Yard,set out,Dallas St
UP,EPST-##,1779,El Paso Dallas St. Yard,set out,Mexico
UP,CBIT%-##,2839,Boone UP,pick up,Mason City
UP,CBIT%-##,2839,Boone UP,pick up,South St Paul
UP,CBIT%-##,2124,Mason City UP,set out,Mason City
UP,CBIT%-##,2124,Mason City UP,set out,Shell Rock IM
UP,CBIT%-##,1658,South St. Paul,set out,but CN interchange
UP,CBIT%-##,1658,South St. Paul,add,Itasca
UP,CBIT%-##,1658,South St. Paul,pick up,CN interchange
UP,CHCB%-##,1753,Cedar Rapids Beverly Yard,set out,Peoria
UP,CHCB%-##,1287,Marshalltown,add,IA Council Bluffs
UP,CHCB%-##,2839,Boone UP,set out,Boone
UP,CHCB%-##,2839,Boone UP,add,IA Council Bluffs
UP,PDNP%-##,1895,Hinkle,pick up,North Platte
UP,LIFW-##,2398,Shreveport Reisor Yard,set out,Reisor
UP,LIFW-##,2398,Shreveport Reisor Yard,pick up,Ft Worth
UP,EWEG-##,2730,Spofford,set out,Eagle Pass
UP,EWEG-##,2730,Spofford,pick up,Mexico Eagle Pass Interchange UP
UP,SAMX-##,1285,Port Laredo Yard,set out,Port Laredo
UP,SAMX-##,1285,Port Laredo Yard,pick up,KCSM
UP,SAMX-##,1285,Port Laredo Yard,pick up,Mexico Laredo IM
UP,OARV%-##,1772,Martinez,pick up,Ozol Roseville
UP,OAOA%-##,1789,Warm Springs,set out,Warm Springs
UP,OAOA%-##,1789,Warm Springs,set out,North San Jose
UP,RVOA%-##,1833,Davis,set out,Davis
UP,RVOA%-##,1772,Martinez Ozol Yard,set out,Ozol
UP,ALNP%-##,1658,South St. Paul,pick up,North Platte
UP,ALNP%-##,1658,South St. Paul,add,Boone
UP,ALNP%-##,2124,Mason City UP,pick up,North Platte
UP,ALNP%-##,2839,Boone UP,set out,Boone
UP,ALNP%-##,2839,Boone UP,pick up,North Platte
UP,ALNP%-##,2261,Grand Island,pick up,North Platte
UP,ALNP%-##,2261,Grand Island,add,Seattle IM
UP,ALNP%-##,2261,Grand Island,add,LA Basin IM
UP,EWMX-##,2239,San Antonio Kirby Yard,set out,East Yard
UP,FWHO-##,3545,Brazos Yard,pick up,Settegast
UP,NLBO%-##,1767,Council Bluffs UP,set out,Council Bluffs
UP,NLBO%-##,2831,Coffeyville UP,set out,CB North Yard
UP,NLBO%-##,2831,Coffeyville UP,pick up,Council Bluffs
UP,NLBO%-##,2831,Coffeyville UP,pick up,Boone
UP,LINSB%-##,1423,New Orleans Avondale Yard,set out,Avondale
UP,LINSB%-##,1423,New Orleans Avondale Yard,set out,NOGC
UP,LINSB%-##,1423,New Orleans Avondale Yard,pick up,Birmingham
UP,LINSL%-##,1423,New Orleans Avondale Yard,set out,Avondale
UP,LINSL%-##,1423,New Orleans Avondale Yard,set out,NOGC
UP,LINSL%-##,1423,New Orleans Avondale Yard,pick up,Chattanooga
UP,LINSL%-##,1423,New Orleans Avondale Yard,pick up,Austell IM
UP,PBDI%-##,2398,Shreveport Reisor Yard,set out,Reisor Autos
UP,PBDI%-##,2398,Shreveport Reisor Yard,set out,Reisor
UP,PBDI%-##,2398,Shreveport Reisor Yard,pick up,Longview
UP,PBDI%-##,2398,Shreveport Reisor Yard,pick up,LA Ft Worth
UP,PBDI%-##,2398,Shreveport Reisor Yard,pick up,and Arlington Empty Autos
UP,PBDI%-##,1044,Longview UP,set out,Longview
UP,PBDI%-##,1044,Longview UP,pick up,TX Ft Worth
UP,PBDI%-##,1845,Mesquite,set out,Arlington Empty Autos
UP,PBDI%-##,1846,Dallas Miller Yard,set out,Ft Worth
UP,PBDI%-##,1846,Dallas Miller Yard,set out,Dallas
UP,EGLI%-##,2241,South San Antonio Yard,set out,Kirby Autos
UP,RONP-##,1874,Cheyenne UP,set out,Cheyenne
UP,RONP-##,1874,Cheyenne UP,pick up,WY North Platte
UP,RONP-##,1393,Green River,set out,Green River
UP,RONP-##,1393,Green River,add,Cheyenne
UP,RONP-##,1393,Green River,add,WY North Platte
UP,FWWT%-##,1847,Ft. Worth Tower 55,set out,FWWR
UP,OGPD-##,1843,Pocatello,set out,Pocatello
UP,OGPD-##,1843,Pocatello,create,Pocatello Hinkle
UP,OGPD-##,1843,Pocatello,create,Pocatello I-5 Corridor
UP,OGPD-##,1843,Pocatello,create,and CPKC
UP,OGPD-##,1895,Hinkle,set out,Hinkle
UP,OGPD-##,1895,Hinkle,set out,Pocatello Hinkle
UP,OGPD-##,1895,Hinkle,set out,and CPKC
UP,OGPD-##,1895,Hinkle,pick up,Albina
UP,OGPD-##,1895,Hinkle,pick up,Dalles
UP,OGPD-##,1895,Hinkle,pick up,Tacoma IM
UP,OGPD-##,1895,Hinkle,pick up,and Seattle Harbor Island IM
UP,OGPD-##,1777,The Dalles,set out,Dalles
UP,EWWC-##,1477,Tucson,set out,Phoenix
UP,EWWC-##,1477,Tucson,pick up,West Colton
UP,FXAS%-##,1301,Kansas City Neff Yard,pick up,ALS
UP,NPDV%-##,1874,Cheyenne UP,set out,Cheyenne
UP,NPDV%-##,1874,Cheyenne UP,pick up,Denver IM
UP,NPDV%-##,1874,Cheyenne UP,pick up,Rolla Autos
UP,NPDV%-##,1917,Rolla,set out,Rolla Autos
UP,PBDI-OLD-##,2398,Shreveport Reisor Yard,set out,Reisor Autos
UP,PBDI-OLD-##,2398,Shreveport Reisor Yard,set out,Reisor
UP,PBDI-OLD-##,2398,Shreveport Reisor Yard,pick up,Longview
UP,PBDI-OLD-##,2398,Shreveport Reisor Yard,pick up,LA Ft Worth
UP,PBDI-OLD-##,2398,Shreveport Reisor Yard,pick up,and Arlington Empty Autos
UP,PBDI-OLD-##,1044,Longview UP,set out,Longview
UP,PBDI-OLD-##,1044,Longview UP,pick up,TX Ft Worth
UP,PBDI-OLD-##,1845,Mesquite,set out,Arlington Empty Autos
UP,PBDI-OLD-##,1846,Dallas Miller Yard,set out,Ft Worth
UP,PBDI-OLD-##,1846,Dallas Miller Yard,set out,Dallas
UP,KBSAR-##,2241,South San Antonio Yard,set out,but Mira Loma
UP,KBSAR-##,2241,South San Antonio Yard,set out,SAIT auto
UP,KBSAR-##,2241,South San Antonio Yard,add,SAIT
UP,KBSAR-##,2241,South San Antonio Yard,pick up,Mira Loma autos
UP,KBSAR-##,2241,South San Antonio Yard,pick up,SAIT Auto
UP,KBEG-##,2730,Spofford,pick up,FXE
UP,EABOB-##,1287,Marshalltown,pick up,overflow MBOBO
UP,NYPU-##,1129,Colorado Springs,set out,Colorado Springs
UP,CHAL%-##,1595,Chicago Proviso Yard,set out,Proviso
UP,CHAL%-##,1595,Chicago Proviso Yard,pick up,Butler
UP,CHAL%-##,1595,Chicago Proviso Yard,pick up,Butler WSOR
UP,CHAL%-##,1595,Chicago Proviso Yard,pick up,and Altoona
UP,NLNPB-##,1229,Kansas City 18th St. Yard,set out,but North Platte
UP,NLNPB-##,1229,Kansas City 18th St. Yard,pick up,MKSNPB North Platte
UP,NLNPB-##,2831,Coffeyville UP,pick up,18th street
UP,NLNPB-##,2831,Coffeyville UP,pick up,Herington
UP,NLNPB-##,2831,Coffeyville UP,add,MNLNP North Platte
UP,EWWC%-##,1477,Tucson,set out,Phoenix
UP,CBPR%-##,1753,Cedar Rapids Beverly Yard,set out,Cedar Rapids
UP,CBPR%-##,1753,Cedar Rapids Beverly Yard,pick up,BRC
UP,CBPR%-##,1753,Cedar Rapids Beverly Yard,add,Elkhart (NS interchange)
UP,CBPR%-##,1760,Rochelle Global 3,set out,Elkhart
UP,CBPR%-##,1760,Rochelle Global 3,pick up,BRC
UP,ASPR%-##,2811,Villa Grove,set out,Villa Grove
UP,ASPR%-##,2811,Villa Grove,add,Northbound traffic to Proviso
UP,PDOG-##,1843,Pocatello,set out,Pocatello
UP,PDOG-##,1843,Pocatello,set out,Green River
UP,PDOG-##,1843,Pocatello,pick up,Ogden
UP,PDOG-##,1895,Hinkle,set out,Hinkle
UP,PDOG-##,1895,Hinkle,set out,CPKC Interchange
UP,PDOG-##,1895,Hinkle,pick up,Ogden
UP,FRRV-##,1354,Stockton UP,add,Stockton Roseville
UP,TUMC%-##,1255,West Colton,set out,West Colton
UP,TUMC%-##,1255,West Colton,set out,I-5 Corridor
UP,ALSS-##,1658,South St. Paul,pick up,North Platte
UP,ALSS-##,1658,South St. Paul,add,Boone
UP,ALSS-##,2124,Mason City UP,pick up,North Platte
UP,ALSS-##,2839,Boone UP,set out,Boone
UP,ALSS-##,2839,Boone UP,pick up,North Platte
UP,ALSS-##,2261,Grand Island,pick up,North Platte
UP,ALSS-##,2261,Grand Island,add,Seattle IM
UP,ALSS-##,2261,Grand Island,add,LA Basin IM
UP,NOEW-##,1959,Livonia,pick up,Englewood
UP,BFNPS-##,1393,Green River,set out,Green River
UP,BFNPS-##,1393,Green River,pick up,North Platte
UP,BFNPS-##,1874,Cheyenne UP,pick up,North Platte
UP,HNCB-##,1229,Kansas City 18th St. Yard,pick up,Council Bluffs
UP,PCGR-##,1843,Pocatello,set out,Pocatello
UP,PCGR-##,1843,Pocatello,pick up,Green River
UP,NLBW-##,2033,Hearne,pick up,Settegast
UP,SFNL%-##,1081,Pine Bluff UP,set out,Marion
UP,SFNL%-##,1081,Pine Bluff UP,add,PB NLR
UP,SFNL%-##,1081,Pine Bluff UP,add,Settegast
UP,SFNL%-##,1081,Pine Bluff UP,add,Englewood
UP,SFNL%-##,1081,Pine Bluff UP,add,and Lufkin
UP,SFNL%-##,1446,Memphis Sargent Yard,add,Marion
UP,SFNL%-##,1446,Memphis Sargent Yard,pick up,North Little Rock
UP,WCSA-##,1799,El Paso Alfalfa Yard,set out,Alfalfa
UP,WCSA-##,1799,El Paso Alfalfa Yard,set out,Ft Worth
UP,WCSA-##,1799,El Paso Alfalfa Yard,pick up,San Antonio
UP,WCSA-##,1799,El Paso Alfalfa Yard,pick up,Englewood
UP,EGBZB%-##,2241,South San Antonio Yard,add,SA Brazos
UP,EGBZB%-##,2241,South San Antonio Yard,add,Boone
UP,NVNL-##,1448,Marion,set out,Marion
UP,FWBZ%-##,2033,Hearne,set out,Hearne
UP,FWBZ%-##,2037,Ennis,set out,Ennis
UP,BZNP-##,2831,Coffeyville UP,set out,Boone
UP,BZNP-##,2831,Coffeyville UP,set out,Council Bluffs
UP,BZNP-##,2831,Coffeyville UP,set out,and Coffeyville
UP,BZNP-##,2831,Coffeyville UP,pick up,North Platte
UP,BZAS%-##,1729,Texarkana UP Yard,pick up,ALS
UP,ARAS%-##,1729,Texarkana UP Yard,set out,NLR
UP,PSFW-##,1231,Muskogee UP,set out,Muskogee
UP,FWDA%-##,1918,Arlington Garrett Yard,set out,Arlington
UP,BZLI-##,2398,Shreveport Reisor Yard,set out,NLR
UP,BZLI-##,2398,Shreveport Reisor Yard,set out,Reisor
UP,BZLI-##,2398,Shreveport Reisor Yard,pick up,LA Livonia
UP,HKSK-##,1495,Wallula,set out,Wallula
UP,HKSK-##,1495,Wallula,set out,Richland UP
UP,HKSK-##,1495,Wallula,set out,and BNSF
UP,HOBO%-##,1231,Muskogee UP,pick up,both
UP,HOBO%-##,1231,Muskogee UP,add,Cofffeyville
UP,HOBO%-##,2831,Coffeyville UP,set out,North Platte
UP,HOBO%-##,2831,Coffeyville UP,set out,Coffeville
UP,HOBO%-##,2831,Coffeyville UP,pick up,CB North Yard
UP,HOBO%-##,2831,Coffeyville UP,add,Mason City
UP,HOBO%-##,2831,Coffeyville UP,add,Boone
UP,HOBO%-##,1767,Council Bluffs UP,set out,CB North Yard
UP,SSNP%-##,2124,Mason City UP,pick up,North Platte
UP,SSNP%-##,2839,Boone UP,set out,Boone
UP,SSNP%-##,2839,Boone UP,set out,Sioux City
UP,SSNP%-##,2839,Boone UP,pick up,North Platte
UP,SSNP%-##,2261,Grand Island,pick up,North Platte
UP,SSNP%-##,2261,Grand Island,add,Seattle IM
UP,SSNP%-##,2261,Grand Island,add,LA Basin IM
UP,EGBZB-##,2241,South San Antonio Yard,set out,San Antonio Boxcars
UP,EGBZB-##,2241,South San Antonio Yard,set out,Livonia Boxcars
UP,EGBZB-##,2241,South San Antonio Yard,add,ALS
UP,EWFW-##,2531,Spring,set out,Spring
UP,EWFW-##,2531,Spring,pick up,Ft Worth
UP,EWFW-##,3545,Brazos Yard,pick up,Ft Worth
UP,ASLI%-##,1081,Pine Bluff,set out,KCSM
UP,ASLI%-##,1081,Pine Bluff,add,AR Livonia
UP,ASLI%-##,1081,Pine Bluff,add,Livonia Autos
UP,HKET-##,1876,Spokane Velox,set out,Trentwood
UP,HOSS%-##,1231,Muskogee UP,pick up,both
UP,HOSS%-##,1231,Muskogee UP,add,Cofffeyville
UP,HOSS%-##,2831,Coffeyville UP,set out,North Platte
UP,HOSS%-##,2831,Coffeyville UP,set out,Coffeville
UP,HOSS%-##,2831,Coffeyville UP,pick up,South St Paul
UP,HOSS%-##,2831,Coffeyville UP,add,Mason City
UP,HOSS%-##,2831,Coffeyville UP,add,Boone
UP,HOSS%-##,2839,Boone UP,set out,Boone
UP,HOSS%-##,2839,Boone UP,set out,Mason City
UP,HOSS%-##,2839,Boone UP,pick up,South St Paul
UP,NLCB%-##,2831,Coffeyville UP,set out,Boone
UP,NLCB%-##,2831,Coffeyville UP,set out,Mason City
UP,NLCB%-##,2831,Coffeyville UP,pick up,Council Bluffs
UP,NLCB%-##,1301,Kansas City Neff Yard,add,KC Council Bluffs
UP,NLCB%-##,1301,Kansas City Neff Yard,add,Council Bluffs IM
UP,NPVP-##,1767,Council Bluffs UP,set out,Council Bluffs
UP,NPVP-##,1767,Council Bluffs UP,set out,Council Bluffs IM
UP,NPVP-##,1767,Council Bluffs UP,set out,and Sioux City
UP,NPVP-##,1767,Council Bluffs UP,pick up,Mankato
UP,NPVP-##,1767,Council Bluffs UP,add,Valley Park
UP,NPVP-##,2613,Sioux City UP,pick up,South St Paul
UP,NYNPB%-##,1874,Cheyenne,set out,but North Platte
UP,NYNPB%-##,1874,Cheyenne,add,WY North Platte
UP,PBMX%-##,1729,Texarkana UP Yard,set out,Texarkana
UP,PBMX%-##,2239,San Antonio Kirby Yard,set out,Kirby Autos
UP,RVFR%-##,1354,Stockton UP,set out,Stockton
UP,RVFR%-##,1354,Stockton UP,set out,CCT
UP,RVFR%-##,1354,Stockton UP,set out,BNSF
UP,RVFR%-##,1354,Stockton UP,set out,and MET
UP,CBDM%-##,2839,Boone UP,set out,Boone
UP,CBDM%-##,2839,Boone UP,set out,Shell Rock IM
UP,CBDM%-##,2839,Boone UP,pick up,Des Moines
UP,CBDM%-##,2839,Boone UP,pick up,Hull Avenue
UP,YCAS%-##,2811,Villa Grove,set out,Villa Grove
UP,FWEW%-##,2037,Ennis,set out,Ennis
UP,FWEW%-##,2033,Hearne,set out,Hearne
UP,FWEW%-##,3545,Brazos Yard,add,BZ Englewood
UP,NLCN%-##,1448,Marion,set out,but CN
UP,NLCN%-##,1448,Marion,pick up,CN Memphis interchange
UP,NLCN%-##,1448,Marion,pick up,add Canton MS Autos
UP,MTPR%-##,1753,Cedar Rapids Beverly Yard,set out,Beverley
UP,MTPR%-##,1753,Cedar Rapids Beverly Yard,set out,Clinton
UP,MTPR%-##,1753,Cedar Rapids Beverly Yard,set out,and BRC
UP,MTPR%-##,1753,Cedar Rapids Beverly Yard,pick up,Proviso
UP,MTPR%-##,1753,Cedar Rapids Beverly Yard,add,ALS
UP,MTPR%-##,1760,Rochelle Global 3,set out,Sterling
UP,MTPR%-##,1760,Rochelle Global 3,set out,Elkhart
UP,MTPR%-##,1760,Rochelle Global 3,pick up,Proviso
UP,MTPR%-##,1760,Rochelle Global 3,add,IHB
UP,MTPR%-##,1760,Rochelle Global 3,add,CN Gary
UP,ALG3%-##,1595,Chicago Proviso Yard,set out,Proviso
UP,ALG3%-##,1595,Chicago Proviso Yard,set out,IHB
UP,ALG3%-##,1595,Chicago Proviso Yard,set out,BRC
UP,ALG3%-##,1595,Chicago Proviso Yard,set out,and ALS
UP,EGBZA%-##,2241,South San Antonio Yard,pick up,ALS
UP,SALI%-##,2239,San Antonio Kirby Yard,set out,Settegast
UP,SALI%-##,2239,San Antonio Kirby Yard,set out,Eagle Pass
UP,SALI%-##,2239,San Antonio Kirby Yard,pick up,Livonia
UP,CNNL%-##,1448,Marion,set out,Marion Autos
UP,CNNL%-##,1448,Marion,pick up,Marion NLR
UP,PRMT%-##,1753,Cedar Rapids Beverly Yard,set out,Clinton
UP,PRMT%-##,1753,Cedar Rapids Beverly Yard,add,North Platte
UP,PRMT%-##,1753,Cedar Rapids Beverly Yard,add,Des Moines
UP,PRMT%-##,1753,Cedar Rapids Beverly Yard,add,and BV Marshalltown
UP,CICI%-##,1255,West Colton,set out,West Colton
UP,CICI%-##,3806,Montclair,pick up,City of Industry
UP,SSNP-##,2124,Mason City UP,pick up,North Platte
UP,SSNP-##,2839,Boone UP,set out,Boone
UP,SSNP-##,2839,Boone UP,pick up,North Platte
UP,SSNP-##,2261,Grand Island,pick up,North Platte
UP,SSNP-##,2261,Grand Island,add,Seattle IM
UP,SSNP-##,2261,Grand Island,add,LA Basin IM
UP,NYNP%-##,1874,Cheyenne,set out,Cheyenne
UP,NYNP%-##,1874,Cheyenne,set out,NS Empty Autos
UP,NYNP%-##,1874,Cheyenne,set out,Laredo Autos
UP,NYNP%-##,1874,Cheyenne,add,WY North Platte
UP,CBSS%-##,2356,Shakopee Valley Park Yard,set out,Valley Park
UP,CBSS%-##,2356,Shakopee Valley Park Yard,set out,Mankato
UP,CBSS%-##,2356,Shakopee Valley Park Yard,add,MN SSTP
UP,CBSS%-##,2356,Shakopee Valley Park Yard,add,Altoona
UP,KBSAR-##,2241,South San Antonio Yard,set out,but Mira Loma
UP,KBSAR-##,2241,South San Antonio Yard,set out,SAIT auto
UP,KBSAR-##,2241,South San Antonio Yard,add,SAIT
UP,KBSAR-##,2241,South San Antonio Yard,pick up,Mira Loma autos
UP,KBSAR-##,2241,South San Antonio Yard,pick up,SAIT Auto
UP,SSDM%-##,2356,Shakopee Valley Park Yard,set out,Valley Park
UP,SSDM%-##,2356,Shakopee Valley Park Yard,set out,Mankato
UP,SSDM%-##,2356,Shakopee Valley Park Yard,pick up,Mason City
UP,SSDM%-##,2356,Shakopee Valley Park Yard,pick up,Des Moines
UP,SSDM%-##,2356,Shakopee Valley Park Yard,create,Englewood
UP,SSDM%-##,2124,Mason City UP,set out,Mason City
UP,SSDM%-##,2124,Mason City UP,pick up,Des Moines
UP,SSDM%-##,2124,Mason City UP,create,Settegast
UP,SSDM%-##,2124,Mason City UP,create,ICTF IM
UP,DMHN%-##,1229,Kansas City 18th St. Yard,set out,18th Street
UP,DMHN%-##,1229,Kansas City 18th St. Yard,set out,18th Street IM
UP,DMHN%-##,1229,Kansas City 18th St. Yard,pick up,Herington
UP,DMHN%-##,1229,Kansas City 18th St. Yard,pick up,Wichita
UP,SICB-##,3715,Dalhart UP,add,Topeka
UP,SICB-##,3715,Dalhart UP,add,Herington
UP,SICB-##,3715,Dalhart UP,add,and ALS
UP,SICB-##,3715,Dalhart UP,pick up,Council Bluffs
UP,SICB-##,3170,Herington,set out,Topeka
UP,SICB-##,3170,Herington,set out,Herington
UP,SICB-##,3170,Herington,set out,and ALS
UP,SICB-##,3170,Herington,pick up,both Council Bluffs
UP,SICB-##,1229,Kansas City 18th St. Yard,pick up,Council Bluffs
UP,NLCB-##,2831,Coffeyville UP,set out,Boone
UP,NLCB-##,2831,Coffeyville UP,pick up,Council Bluffs
UP,NLCB-##,1301,Kansas City Neff Yard,add,KC Council Bluffs
UP,NLCB-##,1301,Kansas City Neff Yard,add,Council Bluffs IM
UP,CBCH%-##,1753,Cedar Rapids Beverly Yard,set out,Cedar Rapids
UP,CBCH%-##,1753,Cedar Rapids Beverly Yard,pick up,BRC
UP,CBCH%-##,1753,Cedar Rapids Beverly Yard,add,Elkhart (NS interchange)
UP,CBCH%-##,1760,Rochelle Global 3,set out,Proviso
UP,CBCH%-##,1760,Rochelle Global 3,pick up,BRC
UP,CBCH%-##,1595,Chicago Proviso Yard,set out,Elkhart
UP,CBCH%-##,1595,Chicago Proviso Yard,pick up,BRC
UP,WGWG%-##,1760,Rochelle Global 3,set out,North Platte
UP,WGWG%-##,1760,Rochelle Global 3,set out,North Platte Autos
UP,WGWG%-##,1760,Rochelle Global 3,pick up,West Chicago
UP,WGWG%-##,1760,Rochelle Global 3,pick up,West Chicago Autos
UP,WGWG%-##,1760,Rochelle Global 3,pick up,IHB
UP,WGWG%-##,1760,Rochelle Global 3,pick up,Proviso
UP,WGWG%-##,1760,Rochelle Global 3,pick up,and CN Gary
UP,CHCH-##,1300,E. St. Louis Gateway Yard,pick up,Dupo
UP,NLCH%-##,1892,Salem,pick up,BRC
UP,NLCH%-##,1892,Salem,pick up,Yard Center
UP,NLCH%-##,1892,Salem,add,SM Proviso
UP,NLCH%-##,1161,Chicago Yard Center,set out,Yard Center
UP,NLCH%-##,1161,Chicago Yard Center,set out,Proviso
UP,NLCH%-##,1161,Chicago Yard Center,pick up,overflow YYCCH BRC
UP,PRAS%-##,1161,Chicago Yard Center,set out,Yard Center
UP,ARAS-##,1729,Texarkana UP Yard,pick up,ALS
UP,LDYC-##,1729,Texarkana UP Yard,set out,ALS Racks
UP,SANP-##,3545,Brazos Yard,set out,ALS
UP,SANP-##,3545,Brazos Yard,add,Coffeyville
UP,SANP-##,2831,Coffeyville UP,set out,Boone
UP,SANP-##,2831,Coffeyville UP,set out,Council Bluffs
UP,SANP-##,2831,Coffeyville UP,set out,and Coffeyville
UP,SANP-##,2831,Coffeyville UP,pick up,North Platte
UP,SMAS-##,1892,Salem,pick up,UP ALS
UP,NYCY-##,1917,Rolla,add,NS Empty Autos
UP,CHCB-##,1753,Cedar Rapids Beverly Yard,set out,Peoria
UP,CHCB-##,2839,Boone UP,set out,Boone
UP,CHCB-##,2839,Boone UP,add,IA Council Bluffs
UP,NPNL%-##,1229,Kansas City 18th St. Yard,set out,18th Street
UP,NPNL%-##,1229,Kansas City 18th St. Yard,set out,18th Street Loaded Autos
UP,NPNL%-##,1229,Kansas City 18th St. Yard,add,KC NLR
UP,NPNL%-##,1229,Kansas City 18th St. Yard,add,KC Parsons
UP,NPNL%-##,1229,Kansas City 18th St. Yard,add,and Englewood
UP,NPNL%-##,2833,Parsons,set out,Parsons
UP,NPNL%-##,2833,Parsons,set out,Englewood
UP,NPNL%-##,2833,Parsons,pick up,KC NLR
UP,CYDV%-##,1917,Rolla,set out,Rolla Autos
UP,NPNY%-##,1874,Cheyenne,set out,Cheyenne
UP,NPNY%-##,1874,Cheyenne,set out,Rolla Autos
UP,NPNY%-##,1874,Cheyenne,set out,and Denver IM
UP,NPNY%-##,1874,Cheyenne,pick up,Pueblo
UP,NPNY%-##,1874,Cheyenne,add,CY North Yard
UP,NPNY%-##,1874,Cheyenne,add,BNSF
UP,BOBO-##,1287,Marshalltown,set out,manifest
UP,BOBO-##,1287,Marshalltown,set out,pick up Boone
UP,BEBE-##,2028,West Chicago UP,set out,North Platte
UP,BEBE-##,2028,West Chicago UP,set out,North Platte Autos
UP,BEBE-##,1595,Chicago Proviso Yard,pick up,West Chicago
UP,PBEY-##,1729,Texarkana UP Yard,set out,Texarkana
UP,PSHO%-##,1231,Muskogee UP,set out,Muskogee
UP,PSHO%-##,1231,Muskogee UP,set out,Ft Worth
UP,PSHO%-##,3545,Brazos Yard,set out,Brazos
UP,PSHO%-##,3545,Brazos Yard,pick up,Settegast
UP,ASBN-##,1509,Pekin IMRR,set out,IMRR
UP,ASBN-##,1509,Pekin IMRR,pick up,ALS
UP,ASAR%-##,1081,Pine Bluff,set out,KCSM
UP,ASAR%-##,1081,Pine Bluff,set out,Kirby Autos
UP,ASAR%-##,1081,Pine Bluff,set out,and Pine Bluff
UP,ASAR%-##,1081,Pine Bluff,pick up,Mesquite Autos
UP,ASAR%-##,1081,Pine Bluff,pick up,Reisor
UP,ASAR%-##,1081,Pine Bluff,pick up,and Arlington
UP,ASAR%-##,2398,Shreveport Reisor Yard,set out,both Reisor
UP,ASAR%-##,2398,Shreveport Reisor Yard,add,Arlington Autos
UP,ASAR%-##,1845,Mesquite,set out,Mesquite autoracks
UP,NLEG%-##,2394,Tenaha UP,set out,Lufkin
UP,NLEG%-##,2730,Spofford,set out,Eagle Pass
UP,NLCN-##,1448,Marion,set out,Marion
UP,NLCN-##,1448,Marion,pick up,CN Memphis interchange
UP,NLCN-##,1448,Marion,pick up,add Canton MS Autos
UP,NLCN-##,1448,Marion,pick up,CN Empty Autos
UP,NLNV%-##,1448,Marion,pick up,CSX southeast IM
UP,NLNV%-##,1448,Marion,pick up,CSX Autos
UP,NLNV%-##,1448,Marion,pick up,CSX Nashville.
UP,NLNV%-##,1448,Marion,pick up,BNSF
UP,NLNV%-##,1446,Memphis Sargent Yard,set out,remaining non-CSX
UP,TTNL%-##,1892,Salem,pick up,UP Little Rock
UP,NPSS%-##,2261,Grand Island,set out,Grand Island
UP,NPSS%-##,2839,Boone UP,set out,Boone
UP,NPSS%-##,2839,Boone UP,set out,Mason City
UP,NPSS%-##,2839,Boone UP,set out,and Shell Rock IM
UP,NPSS%-##,2839,Boone UP,pick up,IA South St Paul
UP,NPSS%-##,2839,Boone UP,pick up,TCIT IM
UP,NPSS%-##,2124,Mason City UP,pick up,IA South St Paul
UP,NYNP-##,1874,Cheyenne,set out,Cheyenne
UP,NYNP-##,1874,Cheyenne,set out,NS Empty Autos
UP,NYNP-##,1874,Cheyenne,set out,Laredo Autos
UP,NYNP-##,1874,Cheyenne,add,WY North Platte
UP,DMNL%-##,2833,Parsons,set out,Ft Worth
UP,DMNL%-##,2833,Parsons,set out,Englewood
UP,DMNL%-##,2833,Parsons,set out,and Parsons
UP,DMNL%-##,2833,Parsons,pick up,North Little Rock
UP,MTYC%-##,1753,Cedar Rapids Beverly Yard,set out,Beverley
UP,MTYC%-##,1753,Cedar Rapids Beverly Yard,set out,Clinton
UP,MTYC%-##,1753,Cedar Rapids Beverly Yard,set out,Sterling
UP,MTYC%-##,1753,Cedar Rapids Beverly Yard,set out,and BRC
UP,MTYC%-##,1753,Cedar Rapids Beverly Yard,pick up,Yard Center
UP,MTYC%-##,1753,Cedar Rapids Beverly Yard,pick up,ALS
UP,MTYC%-##,1753,Cedar Rapids Beverly Yard,pick up,Global 3
UP,MTYC%-##,1760,Rochelle Global 3,set out,Global 3
UP,MTYC%-##,1760,Rochelle Global 3,pick up,Yard Center
UP,MTYC%-##,1760,Rochelle Global 3,pick up,Proviso
UP,MTYC%-##,1760,Rochelle Global 3,pick up,and IHB
UP,ASHN-##,1229,Kansas City 18th St. Yard,set out,Council Bluffs
UP,ASHN-##,1229,Kansas City 18th St. Yard,set out,18th Street
UP,ASHN-##,1229,Kansas City 18th St. Yard,pick up,KC Herington
UP,ASHN-##,1229,Kansas City 18th St. Yard,pick up,Wichita
UP,HNPX%-##,3715,Dalhart UP,set out,Dalhart
UP,HNPX%-##,3715,Dalhart UP,add,Santa Rosa
UP,HNPX%-##,3717,Santa Rosa,set out,Santa Rosa
UP,HNPX%-##,3717,Santa Rosa,add,Alfalfa Autos
UP,HNPX%-##,1403,Santa Teresa,set out,both Alfalfa
UP,HNPX%-##,1403,Santa Teresa,pick up,Mexico Nogales
UP,HNPX%-##,1403,Santa Teresa,pick up,Phoenix
UP,HNPX%-##,1403,Santa Teresa,add,Phoenix Autos
UP,HNPX%-##,1403,Santa Teresa,add,Tuscon IM
UP,HNPX%-##,1403,Santa Teresa,add,Nogales IM
UP,HNPX%-##,1477,Tucson,set out,but Phoenix
UP,HNPX%-##,1477,Tucson,set out,Phoenix Autos
UP,HNPX%-##,1477,Tucson,set out,pick up Phoenix
UP,NLEW%-##,2398,Shreveport Reisor Yard,set out,Reisor
UP,NLEW%-##,2398,Shreveport Reisor Yard,pick up,Englewood
UP,NLEW%-##,2398,Shreveport Reisor Yard,add,Settegast
UP,NLEW%-##,2398,Shreveport Reisor Yard,add,Longview
UP,NLEW%-##,1044,Longview UP,set out,Longview
UP,NLEW%-##,1044,Longview UP,pick up,LV Englewood
UP,YCAS-##,2811,Villa Grove,set out,Villa Grove
UP,PRAS-##,1161,Chicago Yard Center,set out,Yard Center
UP,PRAS-##,1161,Chicago Yard Center,pick up,ALS Autos
UP,PRAS-##,1161,Chicago Yard Center,add,YC ALS
UP,YCMT%-##,1760,Rochelle Global 3,set out,Global 3
UP,YCMT%-##,1760,Rochelle Global 3,pick up,Clinton
UP,YCMT%-##,1760,Rochelle Global 3,add,G3 Marshalltown
UP,YCMT%-##,1760,Rochelle Global 3,add,North Platte
UP,YCMT%-##,1753,Cedar Rapids Beverly Yard,set out,Clinton
UP,YCMT%-##,1753,Cedar Rapids Beverly Yard,pick up,North Platte
UP,YCMT%-##,1753,Cedar Rapids Beverly Yard,add,BV Marshalltown
UP,YCMT%-##,1753,Cedar Rapids Beverly Yard,add,add Des Moines
UP,NSNP%-##,1760,Rochelle Global 3,add,North Platte IM
UP,NSNP%-##,1760,Rochelle Global 3,pick up,North Platte
UP,NSNP%-##,1760,Rochelle Global 3,pick up,North Platte Autos
UP,LDDI%-##,3118,San Antonio Intermodal Terminal,set out,SAIT IM
UP,LDDI%-##,3118,San Antonio Intermodal Terminal,pick up,Dallas Intermodal IM
UP,LDDI%-##,2241,South San Antonio Yard,set out,Ft Worth
UP,LDDI%-##,2241,South San Antonio Yard,set out,Peach Yard
UP,LDDI%-##,1918,Arlington Garrett Yard,set out,Arlington GM
UP,LDDI%-##,1846,Dallas Miller Yard,set out,Reisor
UP,NPCH%-##,2261,Grand Island,set out,Columbus
UP,NPCH%-##,1753,Cedar Rapids Beverly Yard,set out,Beverly
UP,NPCH%-##,1753,Cedar Rapids Beverly Yard,set out,Clinton
UP,NPCH%-##,1595,Chicago Proviso Yard,pick up,BRC
UP,GMGM%-##,1095,City of Industry,set out,West Colton
UP,GMGM%-##,1095,City of Industry,set out,Montclair
UP,GMGM%-##,1095,City of Industry,pick up,Gemco
UP,YROG%-##,1400,Las Vegas Arden Yard,set out,Arden
UP,YROG%-##,1400,Las Vegas Arden Yard,create,Global 2 IM
UP,YROG%-##,1400,Las Vegas Arden Yard,create,North Platte
UP,YROG%-##,1400,Las Vegas Arden Yard,create,and I-5 Corridor
UP,YROG%-##,3786,Milford,pick up,manifest
UP,YROG%-##,1325,Salt Lake City Centennial Park,set out,Global 2 IM
UP,ROMI-##,3791,Elko UP,set out,Elko
UP,ROMI-##,3791,Elko UP,add,Roseville
UP,ROMI-##,1141,Sparks UP,set out,Sparks
UP,ROMI-##,1141,Sparks UP,set out,Roseville
UP,ROMI-##,1484,Roseville Davis Yard,add,RV Milpitas Autos
UP,RVGR-##,1141,Sparks UP,set out,Spark
UP,RVGR-##,1141,Sparks UP,add,Sparks Ogden
UP,RVGR-##,1141,Sparks UP,pick up,both North Platte
UP,RVGR-##,3791,Elko UP,pick up,Sparks Ogden
UP,RVGR-##,3791,Elko UP,pick up,North Platte
UP,RVGR-##,1842,Ogden UP,set out,Ogden
UP,RVGR-##,1842,Ogden UP,add,Ogden Green River
UP,RVGR-##,1842,Ogden UP,add,North Yard
UP,RVGR-##,1842,Ogden UP,pick up,North Platte
UP,FWLA%-##,1477,Tucson,add,AZ MTCL
UP,FWLA%-##,1255,West Colton,set out,Roseville
UP,FWLA%-##,1255,West Colton,set out,West Colton
UP,FWLA%-##,3806,Montclair,set out,both Montclair
UP,FWLA%-##,3806,Montclair,pick up,City of Industry
UP,FWLA%-##,1095,City of Industry,create,Los Angeles
UP,MLWC%-##,3806,Montclair,add,Kaiser
UP,FWWC-##,1477,Tucson,set out,Tucson
UP,FWWC-##,1477,Tucson,set out,Tucson FXE
UP,WCML%-##,3806,Montclair,set out,but Mira Loma
UP,WCML%-##,3806,Montclair,pick up,Mira Loma
UP,DYNL-##,2531,Spring,set out,Westfield Autos
UP,DYNL-##,2531,Spring,pick up,NLRK
UP,EUPD-##,1822,Millersburg,pick up,Albina
UP,EUPD-##,1822,Millersburg,pick up,I-5 Corridor
UP,EUPD-##,1820,Salem Yard,pick up,Albina
UP,EUPD-##,1820,Salem Yard,pick up,I-5 Corridor
UP,CCFW%-##,3545,Brazos Yard,pick up,Ft Worth
UP,LALA%-##,1095,City of Industry,set out,Yermo
UP,LALA%-##,1095,City of Industry,pick up,West Colton
UP,LALA%-##,1255,West Colton,set out,West Colton
UP,LALA-##,3806,Montclair,pick up,Los Angeles
UP,LALA-##,3806,Montclair,pick up,4th Street
UP,LBCI-##,1588,East Los Angeles Yard,pick up,Yermo
UP,LBCI-##,1588,East Los Angeles Yard,pick up,West Colton
UP,BOCH-##,1753,Cedar Rapids Beverly Yard,set out,Cedar Rapids
UP,BOCH-##,1753,Cedar Rapids Beverly Yard,pick up,BRC
UP,BOCH-##,1753,Cedar Rapids Beverly Yard,add,Elkhart (NS interchange)
UP,BOCH-##,1760,Rochelle Global 3,set out,Proviso
UP,BOCH-##,1760,Rochelle Global 3,pick up,BRC
UP,BOCH-##,1595,Chicago Proviso Yard,set out,Elkhart
UP,BOCH-##,1595,Chicago Proviso Yard,pick up,BRC
UP,G3G3%-##,2028,West Chicago UP,set out,West Chicago
UP,G3G3%-##,2028,West Chicago UP,pick up,North Platte
UP,G3G3%-##,2028,West Chicago UP,pick up,North Platte Autos
UP,MNMX%-##,1081,Pine Bluff UP,set out,Westfield Autos
UP,MNMX%-##,1081,Pine Bluff UP,set out,NLR
UP,MNMX%-##,1081,Pine Bluff UP,pick up,KCSM
UP,MNMX%-##,1081,Pine Bluff UP,add,Dallas
UP,MNMX%-##,1846,Dallas Miller Yard,set out,Dallas
UP,MNMX%-##,1938,Dallas Intermodal Terminal,set out,DIT
UP,MNMX%-##,1938,Dallas Intermodal Terminal,pick up,SAIT
UP,MNMX%-##,1938,Dallas Intermodal Terminal,pick up,Eagle Pass IM
UP,MNMX%-##,1938,Dallas Intermodal Terminal,pick up,and KCSM
UP,MNMX%-##,1938,Dallas Intermodal Terminal,add,KCSM Autos
UP,MNMX%-##,3545,Brazos Yard,pick up,KCSM
UP,MNMX%-##,3118,San Antonio Intermodal Terminal,set out,but KCSM
UP,MNMX%-##,3118,San Antonio Intermodal Terminal,set out,KCSM Autos
UP,MNMX%-##,3118,San Antonio Intermodal Terminal,pick up,KCSM
UP,MNMX%-##,3118,San Antonio Intermodal Terminal,add,KCSM IM
UP,PRNP%-##,1760,Rochelle Global 3,pick up,North Platte IM
UP,PRNP%-##,1760,Rochelle Global 3,pick up,North Platte
UP,PRNP%-##,1760,Rochelle Global 3,pick up,and North Platte Autos
UP,PRNP%-##,1287,Marshalltown,set out,both Marshalltown
UP,PRNP%-##,1287,Marshalltown,pick up,North Platte
UP,CNNL-##,1448,Marion,set out,Marion Autos
UP,CNNL-##,1448,Marion,pick up,Marion NLR
UP,NLSF%-##,1448,Marion,set out,Marion IM
UP,NLSF%-##,1448,Marion,set out,CSX SE IM
UP,NLSF%-##,1448,Marion,pick up,NS
UP,LDHO%-##,2241,South San Antonio Yard,set out,San Antonio
UP,LDHO%-##,2241,South San Antonio Yard,set out,North Platte
UP,LDHO%-##,2241,South San Antonio Yard,set out,and Englewood
UP,LDHO%-##,2239,San Antonio Kirby Yard,set out,Kirby
UP,LDHO%-##,2239,San Antonio Kirby Yard,set out,Livonia
UP,LDHO%-##,2239,San Antonio Kirby Yard,pick up,Settegast
UP,LDBZ%-##,3118,San Antonio Intermodal Terminal,pick up,CSX SE IM
UP,LDBZ%-##,3118,San Antonio Intermodal Terminal,pick up,Jersey City IM
UP,LDNL%-##,2241,South San Antonio Yard,set out,North Platte
UP,LDNL%-##,1729,Texarkana UP Yard,set out,ALS Autos
UP,LDNL%-##,1729,Texarkana UP Yard,pick up,MRENL Little Rock
UP,BZAS-##,1920,North Little Rock UP,set out,Marion
UP,BZAS-##,1920,North Little Rock UP,set out,CSX SE IM
UP,PDSE-##,1502,Tacoma Fife Yard,set out,Tacoma IM
UP,PDSE-##,1502,Tacoma Fife Yard,set out,and Fife
UP,PDSE-##,1502,Tacoma Fife Yard,pick up,Fife Seattle
UP,PDSE-##,1502,Tacoma Fife Yard,pick up,Seattle IM
UP,PDSE-##,1502,Tacoma Fife Yard,pick up,Roseville
UP,PDSE-##,1502,Tacoma Fife Yard,pick up,North Platte
UP,PDSE-##,1502,Tacoma Fife Yard,pick up,and Albina
UP,NPPD%-##,1895,Hinkle,set out,Eugene
UP,NPPD%-##,1895,Hinkle,set out,Barnes
UP,NPPD%-##,1895,Hinkle,set out,and Hinkle
UP,NPPD%-##,1895,Hinkle,pick up,Albina
UP,NPPD%-##,1895,Hinkle,pick up,Lake Yard
UP,NPPD%-##,1895,Hinkle,add,Tacoma IM
UP,EPLA%-##,1779,El Paso Dallas St. Yard,pick up,West Colton
UP,EPLA%-##,1779,El Paso Dallas St. Yard,pick up,Tucson
UP,EPLA%-##,1477,Tucson,set out,Tucson
UP,EPLA%-##,1255,West Colton,set out,West Colton
UP,EPLA%-##,3806,Montclair,set out,both Montclair
UP,EPLA%-##,3806,Montclair,pick up,City of Industry
UP,EPLA%-##,3806,Montclair,pick up,Los Angeles
UP,EPLA%-##,3806,Montclair,pick up,and 4th street
UP,EPLA%-##,1095,City of Industry,set out,City of Industry
UP,EPLA%-##,1588,East Los Angeles Yard,set out,Los Angeles
UP,EPLA%-##,1203,Los Angeles LATC,set out,4th Street
UP,PXEP-##,1477,Tucson,set out,FXE
UP,PXEP-##,1477,Tucson,pick up,Alfalfa
UP,RVEP%-##,1010,Mojave,set out,Yermo
UP,RVEP%-##,1799,El Paso Alfalfa Yard,set out,but Ft Worth
UP,RVEP%-##,1799,El Paso Alfalfa Yard,pick up,Ft Worth
UP,CBDM-##,2839,Boone UP,set out,Boone
UP,CBDM-##,2839,Boone UP,set out,Shell Rock IM
UP,CBDM-##,2839,Boone UP,set out,Beverly
UP,CBDM-##,2839,Boone UP,set out,BRC
UP,CBDM-##,2839,Boone UP,set out,and Proviso
UP,CBDM-##,2839,Boone UP,pick up,Englewood
UP,CBDM-##,2839,Boone UP,pick up,Des Moines
UP,CBDM-##,2839,Boone UP,pick up,Des Moines IM
UP,CBDM-##,2839,Boone UP,pick up,and Hull Avenue
UP,PDNP-##,1895,Hinkle,pick up,North Platte
UP,PDNP-##,1843,Pocatello,pick up,North Platte
UP,HOSS-##,2124,Mason City UP,set out,Mason City
UP,HOSS-##,2124,Mason City UP,pick up,IA South St Paul
UP,HOSS-##,1231,Muskogee UP,pick up,both
UP,HOSS-##,1231,Muskogee UP,add,Cofffeyville
UP,HOSS-##,2831,Coffeyville UP,set out,North Platte
UP,HOSS-##,2831,Coffeyville UP,set out,Coffeville
UP,HOSS-##,2831,Coffeyville UP,pick up,South St Paul
UP,HOSS-##,2831,Coffeyville UP,add,Mason City
UP,HOSS-##,2831,Coffeyville UP,add,Boone
UP,HOSS-##,2839,Boone UP,set out,Boon
UP,HOSS-##,2839,Boone UP,pick up,Mason City
UP,HOSS-##,2839,Boone UP,pick up,IA South St Paul
UP,NPSS-##,2261,Grand Island,set out,Grand Island
UP,NPSS-##,2839,Boone UP,set out,Boone
UP,NPSS-##,2839,Boone UP,set out,Eagle Grove
UP,NPSS-##,2839,Boone UP,pick up,Mason City
UP,NPSS-##,2839,Boone UP,pick up,Mason City IM
UP,NPSS-##,2839,Boone UP,pick up,IA South St Paul
UP,NPSS-##,2839,Boone UP,pick up,TCIT IM
UP,NPSS-##,2124,Mason City UP,set out,both Mason City
UP,NPSS-##,2124,Mason City UP,pick up,IA South St Paul
UP,RVNP%-##,1141,Sparks UP,set out,Sparks
UP,RVNP%-##,1141,Sparks UP,pick up,both North Platte
UP,RVNP%-##,1874,Cheyenne UP,pick up,WY North Platte
UP,ITPS%-##,1658,South St. Paul,set out,South St Paul
UP,ITPS%-##,1658,South St. Paul,set out,North Platte
UP,ITPS%-##,1658,South St. Paul,pick up,Parsons
UP,ITPS%-##,2124,Mason City UP,create,Settegast
UP,ITPS%-##,1046,Des Moines Shortline Yard,pick up,Parsons
UP,ITPS%-##,1046,Des Moines Shortline Yard,pick up,Englewood
UP,ITPS%-##,1046,Des Moines Shortline Yard,pick up,Fort Worth
UP,ITPS%-##,1046,Des Moines Shortline Yard,pick up,and NLR
UP,SSDM-##,2356,Shakopee Valley Park Yard,set out,Valley Park
UP,SSDM-##,2356,Shakopee Valley Park Yard,set out,Mankato
UP,SSDM-##,2356,Shakopee Valley Park Yard,pick up,Mason City
UP,SSDM-##,2356,Shakopee Valley Park Yard,pick up,Des Moines
UP,SSDM-##,2356,Shakopee Valley Park Yard,create,Englewood
UP,SSDM-##,2124,Mason City UP,set out,Mason City
UP,DMHN-##,1229,Kansas City 18th St. Yard,set out,18th Street
UP,DMHN-##,1229,Kansas City 18th St. Yard,set out,ALS
UP,DMHN-##,1229,Kansas City 18th St. Yard,set out,18th Street IM
UP,DMHN-##,1229,Kansas City 18th St. Yard,pick up,Herington
UP,DMHN-##,1229,Kansas City 18th St. Yard,pick up,Wichita
UP,NLNP-##,2831,Coffeyville UP,pick up,North Platte
UP,NLNP-##,1229,Kansas City 18th St. Yard UP,pick up,North Platte
UP,NPNL-##,1229,Kansas City 18th St. Yard,set out,18th Street
UP,NPNL-##,1229,Kansas City 18th St. Yard,set out,Neff
UP,NPNL-##,1229,Kansas City 18th St. Yard,set out,and KCS
UP,NPNL-##,1229,Kansas City 18th St. Yard,add,KC Parsons
UP,NPNL-##,1229,Kansas City 18th St. Yard,add,and Englewood
UP,NPNL-##,2833,Parsons,set out,Parsons
UP,NPNL-##,2833,Parsons,set out,Englewood
UP,NPNL-##,2833,Parsons,pick up,KC NLR
UP,TPNS%-##,2590,Kansas City Avondale Yard,set out,NS manifest
UP,TPNS%-##,2590,Kansas City Avondale Yard,set out,autoracks
UP,RVPT-##,4011,Klamath Falls Yard UP,set out,Klamath Falls
UP,RVPT-##,1548,Eugene UP,set out,Eugene
UP,RVPT-##,1548,Eugene UP,pick up,Lake Yard
UP,RVPT-##,1548,Eugene UP,pick up,I-5 Corridor
UP,RVFR-##,1354,Stockton UP,set out,Stockton
UP,RVFR-##,1354,Stockton UP,set out,CCT
UP,RVFR-##,1354,Stockton UP,set out,BNSF
UP,RVFR-##,1354,Stockton UP,set out,and MET
UP,WCRV%-##,1021,Fresno UP Yard,set out,Fresno
UP,WCRV%-##,1021,Fresno UP Yard,set out,SJVR Bakersfield
UP,WCRV%-##,1021,Fresno UP Yard,pick up,Roseville
UP,WCRV%-##,1021,Fresno UP Yard,pick up,North Platte
UP,WCRV%-##,1354,Stockton UP,set out,Stockton
UP,WCRV%-##,1354,Stockton UP,pick up,Roseville
UP,WCRV%-##,1354,Stockton UP,pick up,North Platte
UP,WCRVB-##,1021,Fresno UP Yard,set out,Fresno
UP,WCRVB-##,1021,Fresno UP Yard,set out,SJVR Bakersfield
UP,WCRVB-##,1354,Stockton UP,set out,Stockton
UP,WCRVB-##,1354,Stockton UP,pick up,Roseville
UP,WCRVB-##,1354,Stockton UP,add,North Platte
UP,RVWC%-##,1021,Fresno UP Yard,set out,Fresno
UP,RVWC%-##,1021,Fresno UP Yard,add,FR West Colton
UP,RVWC%-##,1010,Mojave,set out,Yermo
UP,RVWCB%-##,1021,Fresno UP Yard,set out,Fresno
UP,RVWCB%-##,1021,Fresno UP Yard,set out,SJVR Bakersfield
UP,RVWCB%-##,1010,Mojave,set out,Yermo
UP,WCNP-##,1400,Las Vegas Arden Yard,set out,Arden
UP,WCNP-##,1400,Las Vegas Arden Yard,pick up,North Platte
UP,WCNP-##,1393,Green River,set out,Green River
UP,WCNP-##,1393,Green River,pick up,North Platte
UP,ENEN%-##,1938,Dallas Intermodal Terminal,set out,DIT
UP,ENEN%-##,1846,Dallas Miller Yard,set out,manifest
UP,ENEN%-##,1846,Dallas Miller Yard,set out,pick up Ennis
UP,FWDA-##,1918,Arlington Garrett Yard,set out,Arlington
UP,FWDA-##,1918,Arlington Garrett Yard,set out,ALS
UP,YROG%-##,1400,Las Vegas Arden Yard,set out,Arden
UP,YROG%-##,1400,Las Vegas Arden Yard,create,Global 2 IM
UP,YROG%-##,1400,Las Vegas Arden Yard,create,I-5 Corridor
UP,YROG%-##,3786,Milford,pick up,manifest
UP,YROG%-##,1325,Salt Lake City Centennial Park,set out,Global 2 IM
UP,DARE%-##,1044,Longview UP,set out,Longview
UP,DARE%-##,1044,Longview UP,pick up,Reisor
UP,DARE%-##,1044,Longview UP,pick up,Livonia
UP,DARE%-##,1044,Longview UP,pick up,Little Rock
UP,DARE%-##,1044,Longview UP,pick up,Englewood
UP,ASAR-##,1081,Pine Bluff,set out,KCSM
UP,ASAR-##,1081,Pine Bluff,set out,Kirby Autos
UP,ASAR-##,1081,Pine Bluff,set out,and Pine Bluff
UP,ASAR-##,1081,Pine Bluff,pick up,Mesquite Autos
UP,ASAR-##,1081,Pine Bluff,pick up,Reisor
UP,ASAR-##,1081,Pine Bluff,pick up,and Arlington
UP,ASAR-##,2398,Shreveport Reisor Yard,set out,both Reisor
UP,ASAR-##,2398,Shreveport Reisor Yard,add,Arlington Autos
UP,ASAR-##,2398,Shreveport Reisor Yard,add,Longview
UP,ASAR-##,1044,Longview UP,set out,Longview
UP,ASAR-##,1044,Longview UP,add,Ft Worth
UP,ASAR-##,1845,Mesquite,set out,Mesquite autoracks
UP,NLEW-##,2398,Shreveport Reisor Yard,set out,Reisor
UP,NLEW-##,2398,Shreveport Reisor Yard,pick up,RE Englewood
UP,GRRV%-##,1842,Ogden UP,set out,but Roseville
UP,GRRV%-##,1842,Ogden UP,set out,pick up Roseville
UP,GRRV%-##,1842,Ogden UP,add,Elko
UP,GRRV%-##,3791,Elko UP,set out,Elko
UP,GRRV%-##,3791,Elko UP,pick up,Roseville
UP,SALI-##,2239,San Antonio Kirby Yard,set out,but Livonia
UP,SALI-##,2239,San Antonio Kirby Yard,set out,pick up Livonia
UP,SPAS-##,1729,Texarkana,pick up,Texa ALS
UP,NPIN%-##,1229,Kansas City 18th St. Yard UP,set out,Topeka
UP,NPIN%-##,1229,Kansas City 18th St. Yard UP,set out,NS Autos
UP,NPIN%-##,1229,Kansas City 18th St. Yard UP,set out,and NS KC
UP,NPIN%-##,1300,E. St. Louis Gateway Yard,set out,ALS
UP,NPIN%-##,1300,E. St. Louis Gateway Yard,set out,Livonia
UP,NPIN%-##,1300,E. St. Louis Gateway Yard,pick up,CSX
UP,PRNL%-##,1161,Chicago Yard Center,set out,Yard Center
UP,PRNL%-##,1161,Chicago Yard Center,pick up,North Little Rock
UP,PRNL%-##,1161,Chicago Yard Center,add,Salem
UP,PRNL%-##,1892,Salem,set out,Salem
UP,PRNL%-##,1081,Pine Bluff,set out,Livonia
UP,PRNL%-##,1081,Pine Bluff,add,PB NRL
UP,PRNL%-##,1081,Pine Bluff,add,Settegast
UP,PRNL%-##,1081,Pine Bluff,add,Englewood
UP,PRNL%-##,1081,Pine Bluff,add,and Lufkin
UP,ASNP%-##,1301,Kansas City Neff Yard,set out,Neff
UP,ASNP%-##,1301,Kansas City Neff Yard,set out,both Fairfax
UP,ASNP%-##,1229,Kansas City 18th St. Yard,set out,Topeka
UP,ASNP%-##,1229,Kansas City 18th St. Yard,pick up,North Platte
UP,FWEWB%-##,2037,Ennis,set out,Ennis
UP,FWEWB%-##,2531,Spring,set out,Westfield Autos
UP,FWEW-##,2033,Hearne,set out,Hearne
UP,FWEW-##,3545,Brazos Yard,add,BZ Englewood
UP,NLEG-##,2394,Tenaha UP,set out,Lufkin power
UP,NLEG-##,2394,Tenaha UP,set out,Lufkin
UP,NLEG-##,2730,Spofford,set out,Eagle Pass
UP,TPKC%-##,2312,Kansas City Muncie,set out,Muncie
UP,TPKC%-##,2312,Kansas City Muncie,add,North Platte
UP,NLCH-##,1892,Salem,pick up,BRC
UP,NLCH-##,1892,Salem,pick up,Yard Center
UP,NLCH-##,1892,Salem,add,SM Proviso
UP,NLCH-##,1161,Chicago Yard Center,set out,Yard Center
UP,NLCH-##,1161,Chicago Yard Center,set out,Proviso
UP,NLCH-##,1161,Chicago Yard Center,pick up,overflow YYCCH BRC
UP,NPEW%-##,1229,Kansas City 18th St. Yard UP,pick up,Englewood
UP,NPEW%-##,1229,Kansas City 18th St. Yard UP,add,KC Parsons
UP,NPEW%-##,2833,Parsons,set out,but Englewood
UP,NPEW%-##,2833,Parsons,pick up,Englewood
UP,NPEW%-##,3545,Brazos Yard,add,BZ Englewood
UP,NPRV%-##,1842,Ogden UP,pick up,UT ROSV
UP,NPRV%-##,3791,Elko UP,set out,Elko
UP,NPRV%-##,3791,Elko UP,pick up,Sparks
UP,NPRV%-##,3791,Elko UP,pick up,NV Roseville
UP,NPRV%-##,1141,Sparks UP,set out,Sparks
UP,NPRV%-##,1141,Sparks UP,pick up,NV Roseville
UP,NPRV%-##,1141,Sparks UP,pick up,I-5 Corridor
UP,NLLI-##,1081,Pine Bluff UP,pick up,Livonia
UP,ASEW-##,1081,Pine Bluff UP,pick up,Englewood
UP,ASEW-##,1081,Pine Bluff UP,pick up,Westfield Autos
UP,NPCH-##,2261,Grand Island,set out,Columbus
UP,NPCH-##,1753,Cedar Rapids Beverly Yard,set out,Beverly
UP,NPCH-##,1753,Cedar Rapids Beverly Yard,set out,Clinton
UP,JAJA%-##,1595,Chicago Proviso Yard,set out,Proviso
UP,JAJA%-##,1595,Chicago Proviso Yard,pick up,Janesville
UP,RVLB%-##,1010,Mojave,set out,Yermo
UP,RVLB%-##,3806,Montclair,set out,Montclair
UP,RVLB%-##,3806,Montclair,set out,City of Industry
UP,RVLB%-##,3806,Montclair,pick up,Long Beach
UP,NPWC%-##,1874,Cheyenne UP,add,CY Ogden
UP,NPWC%-##,1842,Ogden UP,set out,Ogden
UP,NPWC%-##,1842,Ogden UP,set out,CY Ogden
UP,NPWC%-##,1842,Ogden UP,pick up,UT West Colton
UP,NPWC%-##,1842,Ogden UP,pick up,Valley
UP,NPWC%-##,1842,Ogden UP,add,Arden
UP,NPWC%-##,1842,Ogden UP,add,Milford
UP,NPWC%-##,3786,Milford,set out,Milford
UP,NPWC%-##,3786,Milford,pick up,UT West Colton
UP,NPWC%-##,1492,Las Vegas Valley Yard,set out,Valley
UP,NPWC%-##,1400,Las Vegas Arden Yard,set out,Arden
UP,NPWC%-##,1400,Las Vegas Arden Yard,pick up,West Colton Yermo
UP,NPWC%-##,1400,Las Vegas Arden Yard,pick up,and West Colton Empty Autos
UP,NPWC%-##,1400,Las Vegas Arden Yard,add,Vegas West Colton
UP,NPWC%-##,1400,Las Vegas Arden Yard,add,Los Angeles
UP,NPWC%-##,1400,Las Vegas Arden Yard,add,BNSF
UP,NPWC%-##,1400,Las Vegas Arden Yard,add,I-5 Corridor
UP,WCML-##,3806,Montclair,set out,but Mira Loma
UP,WCML-##,3806,Montclair,pick up,Mira Loma
UP,NLNV-##,1448,Marion,pick up,CSX Nashville
UP,NLNV-##,1448,Marion,pick up,BNSF
UP,NLNV-##,1446,Memphis Sargent Yard,set out,remaining non-CSX
UP,TPKC-##,2312,Kansas City Muncie,set out,Muncie
UP,TPKC-##,2312,Kansas City Muncie,add,North Platte
UP,TPKC-##,2312,Kansas City Muncie,add,Mira Loma Autos
UP,TPNS-##,2590,Kansas City Avondale Yard,set out,NS manifest
UP,TPNS-##,2590,Kansas City Avondale Yard,set out,autoracks
UP,NPIN-##,4002,North Topeka,set out,Topeka
UP,NPIN-##,4002,North Topeka,set out,both NS
UP,NPIN-##,1300,E. St. Louis Gateway Yard,set out,ALS
UP,NPIN-##,1300,E. St. Louis Gateway Yard,set out,Livonia
UP,NPIN-##,1300,E. St. Louis Gateway Yard,pick up,CSX
UP,ASNP-##,1301,Kansas City Neff Yard,set out,Neff
UP,ASNP-##,1301,Kansas City Neff Yard,set out,both Fairfax
UP,ASNP-##,4002,Topeka,set out,Topeka
UP,ASNP-##,4002,Topeka,pick up,North Platte
UP,ALAH-##,1595,Chicago Proviso Yard,set out,but Elkhart
UP,ALAH-##,1595,Chicago Proviso Yard,pick up,Elkhart
UP,YRCI-##,3806,Montclair,pick up,City of Industry
UP,CICI-##,1255,West Colton,set out,West Colton
UP,CICI-##,3806,Montclair,pick up,City of Industry
UP,LALA-##,1095,City of Industry,set out,Yermo
UP,LALA-##,3806,Montclair,add,Alfalfa
UP,LALA-##,3806,Montclair,add,Englewood
UP,LALA-##,3806,Montclair,add,Ft Worth
UP,LALA-##,3806,Montclair,add,and San Antonio
UP,LALA-##,1255,West Colton,set out,West Colton
UP,MNMX-##,1081,Pine Bluff UP,set out,Westfield Autos
UP,MNMX-##,1081,Pine Bluff UP,set out,NLR
UP,MNMX-##,1081,Pine Bluff UP,pick up,KCSM
UP,MNMX-##,1081,Pine Bluff UP,add,Dallas
UP,MNMX-##,1846,Dallas Miller Yard,set out,Dallas
UP,MNMX-##,1938,Dallas Intermodal Terminal,set out,DIT
UP,MNMX-##,1938,Dallas Intermodal Terminal,pick up,SAIT
UP,MNMX-##,1938,Dallas Intermodal Terminal,pick up,Eagle Pass IM
UP,MNMX-##,1938,Dallas Intermodal Terminal,pick up,and KCSM
UP,MNMX-##,1938,Dallas Intermodal Terminal,add,KCSM Autos
UP,MNMX-##,1938,Dallas Intermodal Terminal,add,NS Southeast IM
UP,MNMX-##,3545,Brazos Yard,pick up,KCSM
UP,MNMX-##,3118,San Antonio Intermodal Terminal,set out,but KCSM
UP,MNMX-##,3118,San Antonio Intermodal Terminal,set out,KCSM Autos
UP,MNMX-##,3118,San Antonio Intermodal Terminal,pick up,KCSM
UP,MNMX-##,3118,San Antonio Intermodal Terminal,add,KCSM IM
UP,CHNP-##,1760,Rochelle Global 3,pick up,North Platte
UP,NPPR-##,1760,Rochelle Global 3,set out,West Chicago
UP,YCMT-##,1760,Rochelle Global 3,set out,Global 3
UP,YCMT-##,1760,Rochelle Global 3,set out,West Chicago
UP,YCMT-##,1760,Rochelle Global 3,set out,and North Platte
UP,YCMT-##,1760,Rochelle Global 3,pick up,Clinton
UP,YCMT-##,1760,Rochelle Global 3,add,G3 Marshalltown
UP,YCMT-##,1760,Rochelle Global 3,add,fill G3 North Platte
UP,YCMT-##,1753,Cedar Rapids Beverly Yard,set out,Clinton
UP,YCMT-##,1753,Cedar Rapids Beverly Yard,pick up,North Platte
UP,YCMT-##,1753,Cedar Rapids Beverly Yard,add,BV Marshalltown
UP,YCMT-##,1753,Cedar Rapids Beverly Yard,add,add Des Moines
UP,NSNP-##,1760,Rochelle Global 3,pick up,North Platte
UP,NSNP-##,1760,Rochelle Global 3,pick up,North Platte Autos
UP,PRNP-##,1760,Rochelle Global 3,pick up,North Platte
UP,PRNP-##,1760,Rochelle Global 3,pick up,and North Platte Autos
UP,PRNP-##,1287,Marshalltown,set out,both Marshalltown
UP,PRNP-##,1287,Marshalltown,pick up,North Platte
UP,G3G3-##,2028,West Chicago UP,set out,West Chicago
UP,G3G3-##,2028,West Chicago UP,pick up,North Platte
UP,G3G3-##,2028,West Chicago UP,pick up,North Platte Autos
UP,MTYC-##,1753,Cedar Rapids Beverly Yard,set out,Beverley
UP,MTYC-##,1753,Cedar Rapids Beverly Yard,set out,Clinton
UP,MTYC-##,1753,Cedar Rapids Beverly Yard,set out,Sterling
UP,MTYC-##,1753,Cedar Rapids Beverly Yard,set out,and BRC
UP,MTYC-##,1753,Cedar Rapids Beverly Yard,pick up,Yard Center
UP,MTYC-##,1753,Cedar Rapids Beverly Yard,pick up,ALS
UP,MTYC-##,1753,Cedar Rapids Beverly Yard,pick up,Global 3
UP,MTYC-##,1760,Rochelle Global 3,set out,Global 3
UP,MTYC-##,1760,Rochelle Global 3,pick up,Yard Center
UP,MTYC-##,1760,Rochelle Global 3,pick up,IHB
UP,NLSF-##,1448,Marion,set out,Marion IM
UP,NLSF-##,1448,Marion,set out,NS SE
UP,NLSF-##,1448,Marion,set out,and CSX SE IM
UP,NLSF-##,1448,Marion,pick up,NS
UP,LDBZ-##,2241,South San Antonio Yard,set out,San Antonio
UP,LDBZ-##,2241,South San Antonio Yard,set out,North Platte
UP,LDBZ-##,2241,South San Antonio Yard,set out,and Englewood
UP,LDNL-##,1729,Texarkana UP Yard,set out,ALS Autos
UP,LDNL-##,1729,Texarkana UP Yard,pick up,MRENL Little Rock
UP,LDDI-##,3118,San Antonio Intermodal Terminal,set out,SAIT IM
UP,LDDI-##,3118,San Antonio Intermodal Terminal,set out,Marion IM
UP,LDDI-##,3118,San Antonio Intermodal Terminal,set out,and CSX SE IM
UP,LDDI-##,3118,San Antonio Intermodal Terminal,pick up,Dallas Intermodal IM
UP,LDDI-##,2241,South San Antonio Yard,set out,Ft Worth
UP,LDDI-##,2241,South San Antonio Yard,set out,Peach Yard
UP,LDDI-##,1918,Arlington Garrett Yard,set out,Arlington GM
UP,LDDI-##,1846,Dallas Miller Yard,set out,Reisor
UP,RVEP-##,1010,Mojave,set out,Yermo
UP,RVEP-##,1799,El Paso Alfalfa Yard,set out,but Ft Worth
UP,RVEP-##,1799,El Paso Alfalfa Yard,pick up,Ft Worth
UP,NPNY-##,1874,Cheyenne,set out,Cheyenne
UP,NPNY-##,1874,Cheyenne,pick up,Pueblo
UP,NPNY-##,1874,Cheyenne,add,CY North Yard
UP,NPNY-##,1874,Cheyenne,add,BNSF
UP,ITPS-##,1658,South St. Paul,set out,South St Paul
UP,ITPS-##,1658,South St. Paul,set out,North Platte
UP,ITPS-##,1658,South St. Paul,pick up,Parsons
UP,NPSA-##,1229,Kansas City 18th St. Yard UP,pick up,Englewood
UP,NPSA-##,1229,Kansas City 18th St. Yard UP,add,KC Parsons
UP,NPSA-##,2833,Parsons,set out,but San Antonio
UP,NPSA-##,2833,Parsons,set out,Eagle Pass
UP,NPSA-##,2833,Parsons,set out,and KCSM
UP,NPSA-##,2239,San Antonio Kirby Yard,set out,Eagle Pass
UP,WCRV-##,1021,Fresno UP Yard,set out,Fresno
UP,WCRV-##,1021,Fresno UP Yard,set out,SJVR Bakersfield
UP,WCRV-##,1021,Fresno UP Yard,pick up,Roseville
UP,WCRV-##,1021,Fresno UP Yard,pick up,North Platte
UP,WCRV-##,1354,Stockton UP,set out,Stockton
UP,WCRV-##,1354,Stockton UP,pick up,Roseville
UP,WCRV-##,1354,Stockton UP,pick up,North Platte
UP,RVNP-##,1141,Sparks UP,set out,Spark
UP,RVNP-##,1141,Sparks UP,add,NV Ogden
UP,RVNP-##,1141,Sparks UP,pick up,both North Platte
UP,RVNP-##,3791,Elko UP,pick up,NV Ogden
UP,RVNP-##,3791,Elko UP,pick up,North Platte
UP,RVNP-##,1842,Ogden UP,set out,Ogden
UP,RVNP-##,1842,Ogden UP,add,Ogden Green River
UP,RVNP-##,1842,Ogden UP,add,North Yard
UP,RVNP-##,1842,Ogden UP,pick up,North Platte
UP,RVNP-##,1874,Cheyenne UP,set out,Green River
UP,RVNP-##,1874,Cheyenne UP,set out,North Yard
UP,RVNP-##,1874,Cheyenne UP,pick up,WY North Platte
UP,GRRV-##,1842,Ogden UP,set out,but Roseville
UP,GRRV-##,1842,Ogden UP,set out,Elko
UP,GRRV-##,1842,Ogden UP,set out,pick up both
UP,GRRV-##,3791,Elko UP,set out,Elko
UP,GRRV-##,3791,Elko UP,pick up,Roseville
UP,FWHN-##,2825,Wichita UP Yard,set out,Wichita
UP,FWHN-##,2825,Wichita UP Yard,pick up,Herington
UP,FWHN-##,2825,Wichita UP Yard,pick up,WT Topeka
UP,FWHN-##,2825,Wichita UP Yard,pick up,North Platte
UP,FWHN-##,2825,Wichita UP Yard,pick up,and ALS
UP,ENEN-##,1938,Dallas Intermodal Terminal,set out,DIT
UP,ENEN-##,1846,Dallas Miller Yard,set out,manifest
UP,ENEN-##,1846,Dallas Miller Yard,set out,pick up Ennis
UP,DARE-##,1044,Longview UP,set out,Longview
UP,DARE-##,1044,Longview UP,pick up,Reisor
UP,DARE-##,1044,Longview UP,pick up,Livonia
UP,DARE-##,1044,Longview UP,pick up,Little Rock
UP,DARE-##,1044,Longview UP,pick up,Englewood
UP,NPRV-##,3791,Elko UP,set out,Elko
UP,NPRV-##,3791,Elko UP,pick up,Sparks
UP,NPRV-##,3791,Elko UP,pick up,NV Roseville
UP,NPRV-##,1141,Sparks UP,set out,Sparks
UP,NPRV-##,1141,Sparks UP,pick up,NV Roseville
UP,FWLI-##,2398,Shreveport Reisor Yard,pick up,LA Livonia
UP,PRNL-##,1161,Chicago Yard Center,set out,Yard Center
UP,PRNL-##,1161,Chicago Yard Center,pick up,North Little Rock
UP,PRNL-##,1161,Chicago Yard Center,add,Salem
UP,PRNL-##,1892,Salem,set out,Salem
UP,PRNL-##,1892,Salem,pick up,North Little Rock
UP,PRNL-##,1081,Pine Bluff,set out,Livonia
UP,PRNL-##,1081,Pine Bluff,add,PB NRL
UP,PRNL-##,1081,Pine Bluff,add,Settegast
UP,PRNL-##,1081,Pine Bluff,add,and Lufkin
UP,TTNL-##,1892,Salem,pick up,Englewood
UP,HNPX-##,3715,Dalhart UP,set out,Dalhart
UP,HNPX-##,3715,Dalhart UP,add,Santa Rosa
UP,HNPX-##,3717,Santa Rosa,set out,Santa Rosa
UP,HNPX-##,3717,Santa Rosa,add,Alfalfa Autos
UP,HNPX-##,1403,Santa Teresa,set out,both Alfalfa
UP,HNPX-##,1403,Santa Teresa,pick up,Mexico Nogales
UP,HNPX-##,1403,Santa Teresa,pick up,Phoenix
UP,HNPX-##,1403,Santa Teresa,add,Phoenix Autos
UP,HNPX-##,1403,Santa Teresa,add,Tuscon IM
UP,HNPX-##,1403,Santa Teresa,add,Nogales IM
UP,ASPR-##,1161,Chicago Yard Center,pick up,YC Proviso
UP,ASPR-##,1161,Chicago Yard Center,pick up,West Chicago
UP,ASPR-##,1161,Chicago Yard Center,pick up,Global 2
UP,ASPR-##,1161,Chicago Yard Center,pick up,and Altoona
UP,ASPR-##,2811,Villa Grove,set out,Villa Grove
UP,ASPR-##,2811,Villa Grove,add,Northbound traffic to Proviso
UP,ASLI-##,1081,Pine Bluff,set out,KCSM
UP,ASLI-##,1081,Pine Bluff,add,AR Livonia
UP,ASLI-##,1081,Pine Bluff,add,Livonia Autos
UP,CCBZ-##,3545,Brazos Yard,pick up,Ft Worth
UP,PSEW-##,3545,Brazos Yard,set out,Settegast
UP,PSEW-##,3545,Brazos Yard,set out,pick up Englewood
UP,DMNL-##,2833,Parsons,set out,but North Little Rock
UP,DMNL-##,2833,Parsons,pick up,PS NLR
UP,JAJA-##,1595,Chicago Proviso Yard,set out,Proviso
UP,JAJA-##,1595,Chicago Proviso Yard,pick up,Janesville
UP,MLWC-##,3806,Montclair,add,Kaiser
UP,MLWC-##,3806,Montclair,add,Alfalfa
UP,MLWC-##,3806,Montclair,add,Englewood
UP,MLWC-##,3806,Montclair,add,Ft Worth
UP,MLWC-##,3806,Montclair,add,and San Antonio
UP,EPLA-##,1779,El Paso Dallas St. Yard,pick up,West Colton
UP,EPLA-##,1779,El Paso Dallas St. Yard,pick up,Tucson
UP,EPLA-##,1477,Tucson,set out,Tucson
UP,EPLA-##,1255,West Colton,set out,West Colton
UP,EPLA-##,1255,West Colton,pick up,City of Industry
UP,EPLA-##,1255,West Colton,pick up,Montclair
UP,EPLA-##,3806,Montclair,set out,both Montclair
UP,EPLA-##,3806,Montclair,pick up,City of Industry
UP,EPLA-##,3806,Montclair,pick up,Los Angeles
UP,EPLA-##,3806,Montclair,pick up,and 4th street
UP,EPLA-##,1095,City of Industry,set out,City of Industry
UP,EPLA-##,1588,East Los Angeles Yard,set out,Los Angeles
UP,EPLA-##,1203,Los Angeles LATC,set out,4th Street
UP,NPWC-##,1874,Cheyenne UP,add,CY Ogden
UP,NPWC-##,1842,Ogden UP,set out,Ogden
UP,NPWC-##,1842,Ogden UP,set out,CY Ogden
UP,NPWC-##,1842,Ogden UP,pick up,UT West Colton
UP,NPWC-##,1842,Ogden UP,pick up,Valley
UP,NPWC-##,1842,Ogden UP,add,Arden
UP,NPWC-##,1842,Ogden UP,add,Milford
UP,NPWC-##,3786,Milford,set out,Milford
UP,NPWC-##,1492,Las Vegas Valley Yard,set out,Valley
UP,NPWC-##,1400,Las Vegas Arden Yard,set out,Arden
UP,NPWC-##,1400,Las Vegas Arden Yard,pick up,West Colton
UP,NPWC-##,1400,Las Vegas Arden Yard,pick up,Yermo
UP,NPWC-##,1400,Las Vegas Arden Yard,pick up,and West Colton Empty Autos
UP,NPWC-##,1400,Las Vegas Arden Yard,add,Vegas West Colton
UP,NPWC-##,1400,Las Vegas Arden Yard,add,Los Angeles
UP,NPWC-##,1400,Las Vegas Arden Yard,add,BNSF
UP,NPWC-##,1400,Las Vegas Arden Yard,add,I-5 Corridor
UP,RVLB-##,1010,Mojave,set out,Yermo
UP,RVLB-##,1255,West Colton,pick up,Long Beach
UP,RVLB-##,3806,Montclair,set out,Montclair
UP,RVLB-##,3806,Montclair,set out,City of Industry
UP,RVLB-##,3806,Montclair,pick up,Long Beach
UP,NPPD-##,1895,Hinkle,set out,Eugene
UP,NPPD-##,1895,Hinkle,set out,Barnes Autos
UP,NPPD-##,1895,Hinkle,set out,and Hinkle
UP,NPPD-##,1895,Hinkle,pick up,Albina
UP,NPPD-##,1895,Hinkle,pick up,Lake Yard
UP,NPPD-##,1895,Hinkle,add,Tacoma IM
UP,SFNL-##,1081,Pine Bluff UP,set out,Marion
UP,BZFW-##,3545,Brazos Yard,pick up,Ft Worth
UP,FW82-##,1847,Ft. Worth Tower 55,set out,FWWR
UP,FW82-##,1847,Ft. Worth Tower 55,pick up,Ft Worth
UP,LB91-##,1103,Los Angeles Harbor,pick up,UP
UP,OI17-##,1103,Los Angeles Harbor,set out,LA Harbor
UP,OI17-##,1103,Los Angeles Harbor,add,ICTF
UP,OI17-##,1103,Los Angeles Harbor,add,East LA
UP,OI17-##,1389,Terminal Island,set out,Terminal Island
UP,OI17-##,1389,Terminal Island,pick up,ICTF
UP,OI17-##,1389,Terminal Island,pick up,East LA
UP,RF13-##,1282,Shreveport Hollywood Yard,set out,Hollywood
UP,RF13-##,1282,Shreveport Hollywood Yard,pick up,Reisor
UP,LP57R-##,2099,El Paso BNSF Yard,set out,BNSF
UP,LP57R-##,2099,El Paso BNSF Yard,pick up,UP
UP,LX90-##,1389,Terminal Island PHL,pick up,home shop
UP,AK64-##,1563,Westlake UP,set out,BNSF
UP,AV96-##,1426,New Orleans Oliver Yard,pick up,Avondale
UP,AV96-##,1426,New Orleans Oliver Yard,pick up,Avondale
UP,LX90-##,1389,Terminal Island PHL,pick up,home shop
UP,LX90-##,1389,Terminal Island PHL,pick up,East LA IM
UP,OI17-##,1103,Los Angeles Harbor,set out,LA Harbor
UP,OI17-##,1389,Terminal Island,set out,Terminal Island
UP,EW64A%-##,3480,Houston Settegast Yard,set out,Settegast
UP,EW64A%-##,3480,Houston Settegast Yard,pick up,Englewood
UP,EW64D-##,1372,Houston Englewood Yard,set out,Englewood
UP,EW64D-##,1372,Houston Englewood Yard,pick up,Settegast
UP,MA51A-##,2903,Granite City AA Siding,set out,ALS
UP,MA51B-##,2903,Granite City AA Siding,set out,ALS
UP,MA51B-##,2903,Granite City AA Siding,pick up,Madison
UP,YCCH-##,1473,Chicago Clearing Yard,set out,BRC
UP,YCCH-##,1473,Chicago Clearing Yard,pick up,Yard Center
UP,DV72-##,1979,Denver North Washington,set out,North Washington
UP,DV72-##,1980,Denver Stock Yards,set out,Stockyards
UP,DV72-##,1977,Denver Silver Yard,set out,Denver Silver
UP,KS99-##,1301,Kansas City Neff Yard,set out,KCIT
UP,KC44R-##,1889,Kansas City Fairfax UP,pick up,KCT
UP,EW64A-##,3480,Houston Settegast Yard,set out,Settegast
UP,EW64A-##,3480,Houston Settegast Yard,pick up,Englewood
UP,LBDV%-##,1325,Salt Lake City Centennial Park,set out,Salt Lake
UP,LBDV%-##,1325,Salt Lake City Centennial Park,set out,Sparks IM
UP,G4CI-##,1403,Santa Teresa,set out,Santa Teresa
UP,G4CI-##,1403,Santa Teresa,set out,Terminal Island
UP,G4CI-##,1403,Santa Teresa,set out,Long Beach
UP,G4CI-##,1403,Santa Teresa,set out,LA Harbor
UP,G4CI-##,1403,Santa Teresa,set out,and ICTF IM
UP,G4CI-##,1477,Tucson,set out,Tuscon IM
UP,G4CI-##,1477,Tucson,set out,Nogalez IM
UP,G2BR-##,1683,North Platte,set out,Tacoma
UP,G2BR-##,1683,North Platte,set out,Terminal 6 IM
UP,G2BR-##,1683,North Platte,set out,Pick up Portland Brooklyn IM
UP,SCLB%-##,1492,Las Vegas Valley Yard,set out,Valley IM
UP,LCTM-##,1866,Portland Brooklyn Yard,set out,Brooklyn
UP,LTG2-##,1141,Sparks UP,pick up,Global 2 IM
UP,DVLB%-##,1325,Salt Lake City Centennial Park,set out,Salt Lake
UP,DVLB%-##,1325,Salt Lake City Centennial Park,add,Valley IM
UP,DVLB%-##,1492,Las Vegas Valley Yard,set out,Valley IM
UP,DVLB%-##,1492,Las Vegas Valley Yard,pick up,LATC
UP,LTG2%-##,1760,Rochelle Global 3,set out,CSX Northeast
UP,LTG2%-##,1760,Rochelle Global 3,set out,NS Northeast
UP,YCEG%-##,1892,Salem,set out,Salem Manifest
UP,YCEG%-##,1892,Salem,pick up,Laredo IM
UP,YCEG%-##,1892,Salem,pick up,Mexico Laredo IM
UP,YCEG%-##,3118,San Antonio Intermodal Terminal,set out,SAIT
UP,YCEG%-##,3118,San Antonio Intermodal Terminal,set out,Port Laredo
UP,YCEG%-##,3118,San Antonio Intermodal Terminal,set out,and Mexico Laredo
UP,YCEG%-##,3118,San Antonio Intermodal Terminal,pick up,Mexico Eagle Pass IM
UP,BRNP%-##,1843,Pocatello,add,North Platte Reefers
UP,LCG2-##,1403,Santa Teresa,pick up,CSX Northeast
UP,LCG2-##,1760,Rochelle Global 3,set out,CSX Northeast
UP,LCG2-##,1760,Rochelle Global 3,set out,NS Northeast
UP,YCEG-##,1892,Salem,pick up,Laredo IM
UP,YCEG-##,1892,Salem,pick up,Mexico Laredo IM
UP,YCEG-##,3118,San Antonio Intermodal Terminal,set out,SAIT
UP,YCEG-##,3118,San Antonio Intermodal Terminal,set out,Port Laredo
UP,YCEG-##,3118,San Antonio Intermodal Terminal,set out,and Mexico Laredo
UP,YCEG-##,3118,San Antonio Intermodal Terminal,pick up,Mexico Eagle Pass IM
UP,LCG2%-##,1760,Rochelle Global 3,set out,CSX Northeast
UP,LCG2%-##,1760,Rochelle Global 3,set out,NS Northeast
UP,LBHO%-##,1403,Santa Teresa,set out,Santa Teresa IM
UP,LBHO%-##,3118,San Antonio Intermodal Terminal,set out,San Antonio IM
UP,LBHO%-##,3118,San Antonio Intermodal Terminal,pick up,Houston IM
UP,LBHO%-##,3118,San Antonio Intermodal Terminal,add,Westfield autos
UP,G2LC-##,1760,Rochelle Global 3,set out,CSX Northeast IM
UP,G2LC-##,1760,Rochelle Global 3,pick up,Mira Loma Autos
UP,G2LC-##,1255,West Colton,set out,Mira Loma Autos
UP,G2LC-##,1255,West Colton,set out,Inland Empire IM
UP,G2LC-##,1203,Los Angeles LATC,set out,LATC
UP,G2LC-##,1203,Los Angeles LATC,pick up,ZLCG2
UP,EGYC-##,3118,San Antonio Intermodal Terminal,set out,SAIT IM
UP,EGYC-##,3118,San Antonio Intermodal Terminal,pick up,Yard Center IM
UP,EGYC-##,3118,San Antonio Intermodal Terminal,add,CSX IM
UP,EGYC-##,1892,Salem,set out,Livernois IM
UP,MQG4%-##,1920,North Little Rock,set out,Marion IM
UP,MQG4%-##,1578,Dupo,set out,Dupo
UP,MQG4%-##,1578,Dupo,set out,Dupo Transfers
UP,MQG4%-##,1578,Dupo,pick up,Global 4
UP,MQG4%-##,1578,Dupo,pick up,NS Northeast
UP,MQG4%-##,1578,Dupo,add,NS Southeast
UP,SALB%-##,1403,Santa Teresa,set out,Santa Teresa
UP,SALB%-##,1403,Santa Teresa,set out,Mira Loma Autos
UP,SALB%-##,1403,Santa Teresa,set out,ISILB traffic as needed to fill train with ISALB-exclusive
UP,SALB%-##,1203,Los Angeles LATC,set out,LATC
UP,CIG4%-##,1229,Kansas City 18th St. Yard UP,set out,Kansas City IM
UP,CIG4%-##,1255,Inland Empire,pick up,Global 2
UP,CIG4%-##,1255,Inland Empire,pick up,Global 4 IM
UP,G2LC-##,1403,Santa Teresa,set out,Mira Loma Autos
UP,G2LC-##,1403,Santa Teresa,pick up,City of Industry
UP,G2LC-##,1255,West Colton,set out,Inland Empire IM
UP,G2LC-##,1203,Los Angeles LATC,set out,LATC
UP,G2LC-##,1203,Los Angeles LATC,pick up,ZLCG2
UP,LBHO-##,1403,Santa Teresa,set out,Santa Teresa IM
UP,LBHO-##,3118,San Antonio Intermodal Terminal,set out,San Antonio IM
UP,LBHO-##,3118,San Antonio Intermodal Terminal,pick up,Houston IM
UP,LBHO-##,3118,San Antonio Intermodal Terminal,add,Westfield autos
UP,LBHO-##,3118,San Antonio Intermodal Terminal,add,Dupo IM
UP,CIG4-##,1255,Inland Empire,pick up,Global 4 IM
UP,CIG4-##,1229,Kansas City IM Terminal,set out,KCIT IM
UP,MQG4-##,1578,Dupo,set out,Dupo
UP,MQG4-##,1578,Dupo,set out,North Platte
UP,MQG4-##,1578,Dupo,set out,and Marion IM
UP,MQG4-##,1578,Dupo,pick up,Global 4
UP,MQG4-##,1578,Dupo,pick up,NS Northeast
UP,MQG4-##,1578,Dupo,add,NS Southeast
UP,MNNP%-##,1578,Dupo,set out,Dupo
UP,MNNP%-##,1578,Dupo,add,ICTF
UP,MNNP%-##,1229,Kansas City IM Terminal,set out,KCIT
UP,MNNP%-##,1229,Kansas City IM Terminal,set out,ICTF
UP,LBDV-##,1325,Salt Lake City Centennial Park,set out,Salt Lake
UP,LBDV-##,1325,Salt Lake City Centennial Park,set out,North Platte IM
UP,SAYC%-##,1892,Salem,set out,CSX IM
UP,BRG2-##,1895,Hinkle,pick up,Global 2
UP,BRG2-##,1895,Hinkle,pick up,Global 4
UP,MNNP-##,1578,Dupo,set out,Dupo
UP,MNNP-##,1578,Dupo,add,ICTF
UP,MNNP-##,1578,Dupo,add,Long Beach IM
UP,MNNP-##,1229,Kansas City IM Terminal,set out,KCIT
UP,MNNP-##,1229,Kansas City IM Terminal,set out,ICTF
UP,MNNP-##,1229,Kansas City IM Terminal,set out,and Long Beach IM
UP,SCLB-##,1492,Las Vegas Valley Yard,set out,Valley IM
UP,SCLB-##,1492,Las Vegas Valley Yard,pick up,ICTF
UP,SCLB-##,1492,Las Vegas Valley Yard,add,Global 4 IM
UP,SAYC-##,1920,North Little Rock,set out,Marion IM
UP,SAYC-##,1920,North Little Rock,set out,NS SE IM
UP,SAYC-##,1920,North Little Rock,set out,CSX SE IM
UP,SAYC-##,1920,North Little Rock,set out,and Marion Baretables
UP,SAYC-##,1892,Salem,set out,CSX IM
UP,SALB-##,1403,Santa Teresa,set out,Santa Teresa
UP,SALB-##,1403,Santa Teresa,set out,Mira Loma Autos
UP,SALB-##,1403,Santa Teresa,set out,ISILB traffic as needed to fill train with ISALB-exclusive
UP,SALB-##,1203,Los Angeles LATC,set out,LATC
